<?xml version='1.0' encoding='UTF-8'?>
<COLLADA xmlns="http://www.collada.org/2005/11/COLLADASchema" version="1.4.1">
  <asset>
    <contributor>
      <authoring_tool>STL to COLLADA converter for ROS visual mesh</authoring_tool>
    </contributor>
    <created>2026-08-13T00:31:38Z</created>
    <modified>2026-08-13T00:31:38Z</modified>
    <unit name="meter" meter="1"/>
    <up_axis>Z_UP</up_axis>
  </asset>
  <library_effects>
    <effect id="link6-uniform-dark-effect" name="link6-uniform-dark-effect">
      <profile_COMMON>
        <technique sid="common">
          <lambert>
            <emission>
              <color sid="emission">0 0 0 1</color>
            </emission>
            <ambient>
              <color sid="ambient">0 0 0 1</color>
            </ambient>
            <diffuse>
              <color sid="diffuse">0.054902 0.054902 0.054902 1</color>
            </diffuse>
            <reflective>
              <color sid="reflective">0 0 0 1</color>
            </reflective>
            <reflectivity>
              <float sid="reflectivity">0.416667</float>
            </reflectivity>
            <transparent opaque="A_ONE">
              <color sid="transparent">1 1 1 1</color>
            </transparent>
            <transparency>
              <float sid="transparency">1</float>
            </transparency>
            <index_of_refraction>
              <float sid="index_of_refraction">1.5</float>
            </index_of_refraction>
          </lambert>
        </technique>
      </profile_COMMON>
    </effect>
  </library_effects>
  <library_materials>
    <material id="link6-uniform-dark-material" name="link6-uniform-dark-material">
      <instance_effect url="#link6-uniform-dark-effect"/>
    </material>
  </library_materials>
  <library_geometries>
    <geometry id="link6-mesh" name="link6">
      <mesh>
        <source id="link6-mesh-positions">
          <float_array id="link6-mesh-positions-array" count="10584">-0.0161878988 -0.00685035577 -0.00400000019 -0.0154018095 -0.00846119225 -0.00400000019 -0.0154018095 -0.00846119225 1.38777878e-17 -0.0154018095 -0.00846119225 1.38777878e-17 -0.0154018095 -0.00846119225 -0.00400000019 -0.0148790851 -0.00934409257 -1.38777878e-17 -0.0154018095 -0.00846119225 -0.00400000019 -0.0148790851 -0.00934409257 -0.00400000019 -0.0148790851 -0.00934409257 -1.38777878e-17 -0.0148790851 -0.00934409257 -1.38777878e-17 -0.0148790851 -0.00934409257 -0.00400000019 -0.013187197 -0.0115955863 -0.00400000019 -0.0148790851 -0.00934409257 -1.38777878e-17 -0.013187197 -0.0115955863 -0.00400000019 -0.013187197 -0.0115955863 0 -0.013187197 -0.0115955863 0 -0.013187197 -0.0115955863 -0.00400000019 -0.0111560533 -0.0135465274 -0.00400000019 -0.013187197 -0.0115955863 0 -0.0111560533 -0.0135465274 -0.00400000019 -0.0111560533 -0.0135465274 0 -0.0111560533 -0.0135465274 0 -0.0111560533 -0.0135465274 -0.00400000019 -0.00883825868 -0.0151463849 -0.00400000019 -0.0111560533 -0.0135465274 0 -0.00883825868 -0.0151463849 -0.00400000019 -0.00883825868 -0.0151463849 -1.38777878e-17 -0.00883825868 -0.0151463849 -1.38777878e-17 -0.00883825868 -0.0151463849 -0.00400000019 -0.00629384443 -0.0163537245 -0.00400000019 -0.00883825868 -0.0151463849 -1.38777878e-17 -0.00629384443 -0.0163537245 -0.00400000019 -0.00629384443 -0.0163537245 0 -0.00629384443 -0.0163537245 0 -0.00629384443 -0.0163537245 -0.00400000019 -0.00358870882 -0.017137276 -0.00400000019 -0.00629384443 -0.0163537245 0 -0.00358870882 -0.017137276 -0.00400000019 -0.00358870882 -0.017137276 -1.38777878e-17 -0.00358870882 -0.017137276 -1.38777878e-17 -0.00358870882 -0.017137276 -0.00400000019 -0.000792913022 -0.0174767468 -0.00400000019 -0.00358870882 -0.017137276 -1.38777878e-17 -0.000792913022 -0.0174767468 -0.00400000019 -0.000792913022 -0.0174767468 0 -0.000792913022 -0.0174767468 0 -0.000792913022 -0.0174767468 -0.00400000019 0.00202113274 -0.0173633453 -0.00400000019 -0.000792913022 -0.0174767468 0 0.00202113274 -0.0173633453 -0.00400000019 0.00202113274 -0.0173633453 0 0.00202113274 -0.0173633453 0 0.00202113274 -0.0173633453 -0.00400000019 0.00478054676 -0.0168000069 -0.00400000019 0.00202113274 -0.0173633453 0 0.00478054676 -0.0168000069 -0.00400000019 0.00478054676 -0.0168000069 0 0.00478054676 -0.0168000069 0 0.00478054676 -0.0168000069 -0.00400000019 0.00741386088 -0.0158013236 -0.00400000019 0.00478054676 -0.0168000069 0 0.00741386088 -0.0158013236 -0.00400000019 0.00741386088 -0.0158013236 -1.38777878e-17 0.00741386088 -0.0158013236 -1.38777878e-17 0.00741386088 -0.0158013236 -0.00400000019 0.00985287409 -0.0143931583 -0.00400000019 0.00741386088 -0.0158013236 -1.38777878e-17 0.00985287409 -0.0143931583 -0.00400000019 0.00985287409 -0.0143931583 0 0.00985287409 -0.0143931583 0 0.00985287409 -0.0143931583 -0.00400000019 0.0120344171 -0.0126119833 -0.00400000019 0.00985287409 -0.0143931583 0 0.0120344171 -0.0126119833 -0.00400000019 0.0120344171 -0.0126119833 0 0.0120344171 -0.0126119833 0 0.0120344171 -0.0126119833 -0.00400000019 0.013901989 -0.01050393 -0.00400000019 0.0120344171 -0.0126119833 0 0.013901989 -0.01050393 -0.00400000019 0.013901989 -0.01050393 0 0.013901989 -0.01050393 0 0.013901989 -0.01050393 -0.00400000019 0.0154072214 -0.00812359527 -0.00400000019 0.013901989 -0.01050393 0 0.0154072214 -0.00812359527 -0.00400000019 0.0154072214 -0.00812359527 0 0.0154072214 -0.00812359527 0 0.0154072214 -0.00812359527 -0.00400000019 0.0165111292 -0.00553263025 -0.00400000019 0.0154072214 -0.00812359527 0 0.0165111292 -0.00553263025 -0.00400000019 0.0165111292 -0.00553263025 0 0.0165111292 -0.00553263025 0 0.0165111292 -0.00553263025 -0.00400000019 0.0171851199 -0.00279813749 -0.00400000019 0.0165111292 -0.00553263025 0 0.0171851199 -0.00279813749 -0.00400000019 0.0171851199 -0.00279813749 0 0.0171851199 -0.00279813749 0 0.0171851199 -0.00279813749 -0.00400000019 0.0174117405 9.05983779e-06 -0.00400000019 0.0171851199 -0.00279813749 0 0.0174117405 9.05983779e-06 -0.00400000019 0.0174117405 9.05983779e-06 0 0.0174117405 9.05983779e-06 0 0.0174117405 9.05983779e-06 -0.00400000019 0.0171851199 0.0028162573 -0.00400000019 0.0174117405 9.05983779e-06 0 0.0171851199 0.0028162573 -0.00400000019 0.0171851199 0.0028162573 0 0.0171851199 0.0028162573 0 0.0171851199 0.0028162573 -0.00400000019 0.0165111292 0.0055507496 -0.00400000019 0.0171851199 0.0028162573 0 0.0165111292 0.0055507496 -0.00400000019 0.0165111292 0.0055507496 0 0.0165111292 0.0055507496 0 0.0165111292 0.0055507496 -0.00400000019 0.0154072214 0.00814171508 -0.00400000019 0.0165111292 0.0055507496 0 0.0154072214 0.00814171508 -0.00400000019 0.0154072214 0.00814171508 0 0.0154072214 0.00814171508 0 0.0154072214 0.00814171508 -0.00400000019 0.013901989 0.0105220499 -0.00400000019 0.0154072214 0.00814171508 0 0.013901989 0.0105220499 -0.00400000019 0.013901989 0.0105220499 0 0.013901989 0.0105220499 0 0.013901989 0.0105220499 -0.00400000019 0.0120344171 0.0126301022 -0.00400000019 0.013901989 0.0105220499 0 0.0120344171 0.0126301022 -0.00400000019 0.0120344171 0.0126301022 0 0.0120344171 0.0126301022 0 0.0120344171 0.0126301022 -0.00400000019 0.00985287409 0.0144112771 -0.00400000019 0.0120344171 0.0126301022 0 0.00985287409 0.0144112771 -0.00400000019 0.00985287409 0.0144112771 0 0.00985287409 0.0144112771 0 0.00985287409 0.0144112771 -0.00400000019 0.00741386088 0.0158194415 -0.00400000019 0.00985287409 0.0144112771 0 0.00741386088 0.0158194415 -0.00400000019 0.00741386088 0.0158194415 0 0.00741386088 0.0158194415 0 0.00741386088 0.0158194415 -0.00400000019 0.00478054676 0.0168181267 -0.00400000019 0.00741386088 0.0158194415 0 0.00478054676 0.0168181267 -0.00400000019 0.00478054676 0.0168181267 0 0.00478054676 0.0168181267 0 0.00478054676 0.0168181267 -0.00400000019 0.00202113274 0.0173814651 -0.00400000019 0.00478054676 0.0168181267 0 0.00202113274 0.0173814651 -0.00400000019 0.00202113274 0.0173814651 0 0.00202113274 0.0173814651 0 0.00202113274 0.0173814651 -0.00400000019 -0.000792913022 0.0174948666 -0.00400000019 0.00202113274 0.0173814651 0 -0.000792913022 0.0174948666 -0.00400000019 -0.000792913022 0.0174948666 0 -0.000792913022 0.0174948666 0 -0.000792913022 0.0174948666 -0.00400000019 -0.00358870882 0.0171553958 -0.00400000019 -0.000792913022 0.0174948666 0 -0.00358870882 0.0171553958 -0.00400000019 -0.00358870882 0.0171553958 0 -0.00358870882 0.0171553958 0 -0.00358870882 0.0171553958 -0.00400000019 -0.00629384443 0.0163718443 -0.00400000019 -0.00358870882 0.0171553958 0 -0.00629384443 0.0163718443 -0.00400000019 -0.00629384443 0.0163718443 1.38777878e-17 -0.00629384443 0.0163718443 1.38777878e-17 -0.00629384443 0.0163718443 -0.00400000019 -0.00883825868 0.0151645048 -0.00400000019 -0.00629384443 0.0163718443 1.38777878e-17 -0.00883825868 0.0151645048 -0.00400000019 -0.00883825868 0.0151645048 1.38777878e-17 -0.00883825868 0.0151645048 1.38777878e-17 -0.00883825868 0.0151645048 -0.00400000019 -0.0111560533 0.0135646462 -0.00400000019 -0.00883825868 0.0151645048 1.38777878e-17 -0.0111560533 0.0135646462 -0.00400000019 -0.0111560533 0.0135646462 0 -0.0111560533 0.0135646462 0 -0.0111560533 0.0135646462 -0.00400000019 -0.013187197 0.0116137061 -0.00400000019 -0.0111560533 0.0135646462 0 -0.013187197 0.0116137061 -0.00400000019 -0.013187197 0.0116137061 0 -0.013187197 0.0116137061 0 -0.013187197 0.0116137061 -0.00400000019 -0.0148790851 0.00936221145 -0.00400000019 -0.013187197 0.0116137061 0 -0.0148790851 0.00936221145 -0.00400000019 -0.0148790851 0.00936221145 0 -0.0148790851 0.00936221145 0 -0.0148790851 0.00936221145 -0.00400000019 -0.0161878988 0.00686847558 -0.00400000019 -0.0148790851 0.00936221145 0 -0.0161878988 0.00686847558 -0.00400000019 -0.0161878988 0.00686847558 0 -0.0161878988 0.00686847558 0 -0.0161878988 0.00686847558 -0.00400000019 -0.0170797408 0.00419708388 -0.00400000019 -0.0161878988 0.00686847558 0 -0.0170797408 0.00419708388 -0.00400000019 -0.0170797408 0.00419708388 0 -0.0170797408 0.00419708388 0 -0.0170797408 0.00419708388 -0.00400000019 -0.0175315123 0.00141722476 -0.00400000019 -0.0170797408 0.00419708388 0 -0.0175315123 0.00141722476 -0.00400000019 -0.0175315123 0.00141722476 0 -0.0175315123 0.00141722476 0 -0.0175315123 0.00141722476 -0.00400000019 -0.0175315123 -0.00139910507 -0.00400000019 -0.0175315123 0.00141722476 0 -0.0175315123 -0.00139910507 -0.00400000019 -0.0175315123 -0.00139910507 0 -0.0175315123 -0.00139910507 0 -0.0175315123 -0.00139910507 -0.00400000019 -0.0170797408 -0.00417896407 -0.00400000019 -0.0175315123 -0.00139910507 0 -0.0170797408 -0.00417896407 -0.00400000019 -0.0170797408 -0.00417896407 0 -0.0170797408 -0.00417896407 0 -0.0170797408 -0.00417896407 -0.00400000019 -0.0161878988 -0.00685035577 -0.00400000019 -0.0170797408 -0.00417896407 0 -0.0161878988 -0.00685035577 -0.00400000019 -0.0161878988 -0.00685035577 0 -0.0161878988 -0.00685035577 0 -0.0161878988 -0.00685035577 -0.00400000019 -0.0154018095 -0.00846119225 1.38777878e-17 -0.00493077794 -0.00637842901 -0.00400000019 -0.00467726821 -0.00561832497 -0.00400000019 -0.00337554398 -0.00569094019 -0.00400000019 0.00490394654 0.0140924212 -0.00400000019 0.00473317364 0.0150111448 -0.00400000019 0.00515919598 0.0147297317 -0.00400000019 0.0120344171 -0.0126119833 -0.00400000019 0.00985287409 -0.0143931583 -0.00400000019 0.0102978451 -0.0123052802 -0.00400000019 0.0102978451 -0.0123052802 -0.00400000019 0.00985287409 -0.0143931583 -0.00400000019 0.00817284547 -0.0123052802 -0.00400000019 0.00168265298 -0.0130703868 -0.00400000019 0.00191174087 -0.0121409399 -0.00400000019 0.00319902576 -0.0123052802 -0.00400000019 -0.00358870882 -0.017137276 -0.00400000019 -0.0053357142 -0.0123052802 -0.00400000019 -0.00337554398 -0.0123052802 -0.00400000019 -0.0111560533 -0.0135465274 -0.00400000019 -0.00834936369 -0.0123052802 -0.00400000019 -0.00883825868 -0.0151463849 -0.00400000019 -0.00629384443 0.0163718443 -0.00400000019 -0.0053357142 0.0147297317 -0.00400000019 -0.00834936369 0.0147297317 -0.00400000019 0.013901989 0.0105220499 -0.00400000019 0.0154072214 0.00814171508 -0.00400000019 0.0102978451 0.00926723145 -0.00400000019 0.0153146442 -0.00331649976 -0.00400000019 0.0140367411 -0.00107347197 -0.00400000019 0.0144942729 -0.000615940138 -0.00400000019 0.0127867414 -0.00107347197 -0.00400000019 0.0115483506 -0.0016576068 -0.00400000019 0.0123292096 -0.000615940138 -0.00400000019 0.0123292096 -0.000615940138 -0.00400000019 0.0115483506 -0.0016576068 -0.00400000019 0.0108741354 -0.00116519828 -0.00400000019 0.0123292096 -0.000615940138 -0.00400000019 0.0108741354 -0.00116519828 -0.00400000019 0.012161741 9.05983779e-06 -0.00400000019 0.012161741 9.05983779e-06 -0.00400000019 0.0108741354 -0.00116519828 -0.00400000019 0.0102978451 0.000134059839 -0.00400000019 0.012161741 9.05983779e-06 -0.00400000019 0.0102978451 0.000134059839 -0.00400000019 0.0123292096 0.000634059834 -0.00400000019 0.0153146442 -0.00331649976 -0.00400000019 0.0146043925 -0.00270924415 -0.00400000019 0.0140367411 -0.00107347197 -0.00400000019 0.0140367411 -0.00107347197 -0.00400000019 0.0146043925 -0.00270924415 -0.00400000019 0.0136957895 -0.00249094027 -0.00400000019 0.0140367411 -0.00107347197 -0.00400000019 0.0136957895 -0.00249094027 -0.00400000019 0.0134117408 -0.00124094018 -0.00400000019 0.0134117408 -0.00124094018 -0.00400000019 0.0136957895 -0.00249094027 -0.00400000019 0.0134117408 -0.00249094027 -0.00400000019 0.0134117408 -0.00124094018 -0.00400000019 0.0134117408 -0.00249094027 -0.00400000019 0.0127867414 -0.00107347197 -0.00400000019 0.0127867414 -0.00107347197 -0.00400000019 0.0134117408 -0.00249094027 -0.00400000019 0.0123911202 -0.00227311742 -0.00400000019 0.0127867414 -0.00107347197 -0.00400000019 0.0123911202 -0.00227311742 -0.00400000019 0.0115483506 -0.0016576068 -0.00400000019 0.0156714935 -0.00418014033 -0.00400000019 0.0153146442 -0.00331649976 -0.00400000019 0.0171851199 -0.00279813749 -0.00400000019 0.0171851199 -0.00279813749 -0.00400000019 0.0153146442 -0.00331649976 -0.00400000019 0.0144942729 -0.000615940138 -0.00400000019 0.0171851199 -0.00279813749 -0.00400000019 0.0144942729 -0.000615940138 -0.00400000019 0.0174117405 9.05983779e-06 -0.00400000019 0.0174117405 9.05983779e-06 -0.00400000019 0.0144942729 -0.000615940138 -0.00400000019 0.0146617405 9.05983779e-06 -0.00400000019 0.0174117405 9.05983779e-06 -0.00400000019 0.0146617405 9.05983779e-06 -0.00400000019 0.0171851199 0.0028162573 -0.00400000019 0.0171851199 0.0028162573 -0.00400000019 0.0146617405 9.05983779e-06 -0.00400000019 0.0144942729 0.000634059834 -0.00400000019 0.0171851199 0.0028162573 -0.00400000019 0.0144942729 0.000634059834 -0.00400000019 0.0165111292 0.0055507496 -0.00400000019 0.0165111292 0.0055507496 -0.00400000019 0.0144942729 0.000634059834 -0.00400000019 0.0140367411 0.00109159155 -0.00400000019 0.0140367411 0.00109159155 -0.00400000019 0.0134117408 0.00125905988 -0.00400000019 0.0122048613 0.00515461341 -0.00400000019 0.0127867414 0.00109159155 -0.00400000019 0.0106750233 0.00409864215 -0.00400000019 0.0134117408 0.00125905988 -0.00400000019 0.0134117408 0.00125905988 -0.00400000019 0.0106750233 0.00409864215 -0.00400000019 0.0115700793 0.004438092 -0.00400000019 0.0134117408 0.00125905988 -0.00400000019 0.0115700793 0.004438092 -0.00400000019 0.0122048613 0.00515461341 -0.00400000019 0.0140367411 0.00109159155 -0.00400000019 0.0122048613 0.00515461341 -0.00400000019 0.0165111292 0.0055507496 -0.00400000019 0.0165111292 0.0055507496 -0.00400000019 0.0122048613 0.00515461341 -0.00400000019 0.0124339499 0.00608405983 -0.00400000019 0.0165111292 0.0055507496 -0.00400000019 0.0124339499 0.00608405983 -0.00400000019 0.0154072214 0.00814171508 -0.00400000019 0.00985287409 0.0144112771 -0.00400000019 0.00817284547 0.0147297317 -0.00400000019 0.00741386088 0.0158194415 -0.00400000019 0.00741386088 0.0158194415 -0.00400000019 0.00817284547 0.0147297317 -0.00400000019 0.00515919598 0.0147297317 -0.00400000019 0.00741386088 0.0158194415 -0.00400000019 0.00515919598 0.0147297317 -0.00400000019 0.00478054676 0.0168181267 -0.00400000019 0.00478054676 0.0168181267 -0.00400000019 0.00515919598 0.0147297317 -0.00400000019 0.00473317364 0.0150111448 -0.00400000019 0.00473317364 0.0150111448 -0.00400000019 0.00416366337 0.0157520063 -0.00400000019 0.00478054676 0.0168181267 -0.00400000019 0.00478054676 0.0168181267 -0.00400000019 0.00416366337 0.0157520063 -0.00400000019 0.00331974193 0.0161532704 -0.00400000019 0.00478054676 0.0168181267 -0.00400000019 0.00331974193 0.0161532704 -0.00400000019 0.00202113274 0.0173814651 -0.00400000019 0.00202113274 0.0173814651 -0.00400000019 0.00331974193 0.0161532704 -0.00400000019 0.00105506065 0.0164694004 -0.00400000019 0.00202113274 0.0173814651 -0.00400000019 0.00105506065 0.0164694004 -0.00400000019 -0.000792913022 0.0174948666 -0.00400000019 -0.000792913022 0.0174948666 -0.00400000019 0.00105506065 0.0164694004 -0.00400000019 -0.00123157876 0.0164694004 -0.00400000019 -0.000792913022 0.0174948666 -0.00400000019 -0.00123157876 0.0164694004 -0.00400000019 -0.00358870882 0.0171553958 -0.00400000019 -0.00358870882 0.0171553958 -0.00400000019 -0.00123157876 0.0164694004 -0.00400000019 -0.00349626015 0.0161532704 -0.00400000019 -0.00358870882 0.0171553958 -0.00400000019 -0.00349626015 0.0161532704 -0.00400000019 -0.00629384443 0.0163718443 -0.00400000019 -0.00629384443 0.0163718443 -0.00400000019 -0.00349626015 0.0161532704 -0.00400000019 -0.00434018113 0.0157520063 -0.00400000019 -0.00629384443 0.0163718443 -0.00400000019 -0.00434018113 0.0157520063 -0.00400000019 -0.0053357142 0.0147297317 -0.00400000019 -0.0153552834 0.000134059839 -0.00400000019 -0.0170797408 0.00419708388 -0.00400000019 -0.0153552834 0.0052403044 -0.00400000019 -0.0153552834 0.0052403044 -0.00400000019 -0.0170797408 0.00419708388 -0.00400000019 -0.0161878988 0.00686847558 -0.00400000019 -0.0153552834 0.0052403044 -0.00400000019 -0.0161878988 0.00686847558 -0.00400000019 -0.0148790851 0.00936221145 -0.00400000019 -0.0170797408 -0.00417896407 -0.00400000019 -0.0158480108 -0.00418014033 -0.00400000019 -0.0157735553 -0.00511162961 -0.00400000019 -0.0158480108 -0.00418014033 -0.00400000019 -0.0170797408 -0.00417896407 -0.00400000019 -0.0154911624 -0.00331649976 -0.00400000019 -0.0154911624 -0.00331649976 -0.00400000019 -0.0170797408 -0.00417896407 -0.00400000019 -0.0175315123 -0.00139910507 -0.00400000019 -0.0154911624 -0.00331649976 -0.00400000019 -0.0175315123 -0.00139910507 -0.00400000019 -0.0153552834 0.000134059839 -0.00400000019 -0.0153552834 0.000134059839 -0.00400000019 -0.0175315123 -0.00139910507 -0.00400000019 -0.0175315123 0.00141722476 -0.00400000019 -0.0153552834 0.000134059839 -0.00400000019 -0.0175315123 0.00141722476 -0.00400000019 -0.0170797408 0.00419708388 -0.00400000019 -0.00978870504 -0.011355998 -0.00400000019 -0.00834936369 -0.0123052802 -0.00400000019 -0.0106697297 -0.0116674658 -0.00400000019 -0.0106697297 -0.0116674658 -0.00400000019 -0.00834936369 -0.0123052802 -0.00400000019 -0.0111560533 -0.0135465274 -0.00400000019 -0.0106697297 -0.0116674658 -0.00400000019 -0.0111560533 -0.0135465274 -0.00400000019 -0.0115960892 -0.0115446858 -0.00400000019 -0.0115960892 -0.0115446858 -0.00400000019 -0.0111560533 -0.0135465274 -0.00400000019 -0.0123655545 -0.0110144606 -0.00400000019 -0.0123655545 -0.0110144606 -0.00400000019 -0.0111560533 -0.0135465274 -0.00400000019 -0.013187197 -0.0115955863 -0.00400000019 -0.0123655545 -0.0110144606 -0.00400000019 -0.013187197 -0.0115955863 -0.00400000019 -0.0137716727 -0.00921125431 -0.00400000019 -0.0137716727 -0.00921125431 -0.00400000019 -0.013187197 -0.0115955863 -0.00400000019 -0.0148790851 -0.00934409257 -0.00400000019 -0.0137716727 -0.00921125431 -0.00400000019 -0.0148790851 -0.00934409257 -0.00400000019 -0.0149149923 -0.00723096682 -0.00400000019 -0.0149149923 -0.00723096682 -0.00400000019 -0.0148790851 -0.00934409257 -0.00400000019 -0.0154018095 -0.00846119225 -0.00400000019 -0.0149149923 -0.00723096682 -0.00400000019 -0.0154018095 -0.00846119225 -0.00400000019 -0.0157735553 -0.00511162961 -0.00400000019 -0.0157735553 -0.00511162961 -0.00400000019 -0.0154018095 -0.00846119225 -0.00400000019 -0.0161878988 -0.00685035577 -0.00400000019 -0.0157735553 -0.00511162961 -0.00400000019 -0.0161878988 -0.00685035577 -0.00400000019 -0.0170797408 -0.00417896407 -0.00400000019 -0.00978870504 -0.011355998 -0.00400000019 -0.0091453474 -0.0106782764 -0.00400000019 -0.00834936369 -0.0123052802 -0.00400000019 -0.00834936369 -0.0123052802 -0.00400000019 -0.0091453474 -0.0106782764 -0.00400000019 -0.00900332257 -0.0104322834 -0.00400000019 -0.00834936369 -0.0123052802 -0.00400000019 -0.00900332257 -0.0104322834 -0.00400000019 -0.00830437243 -0.00965731125 -0.00400000019 0.00104787038 -0.0137869082 -0.00400000019 0.00202113274 -0.0173633453 -0.00400000019 0.000152814289 -0.0141263576 -0.00400000019 0.000152814289 -0.0141263576 -0.00400000019 0.00202113274 -0.0173633453 -0.00400000019 -0.000792913022 -0.0174767468 -0.00400000019 0.00168265298 -0.0130703868 -0.00400000019 0.00319902576 -0.0123052802 -0.00400000019 0.00104787038 -0.0137869082 -0.00400000019 0.00104787038 -0.0137869082 -0.00400000019 0.00319902576 -0.0123052802 -0.00400000019 0.00202113274 -0.0173633453 -0.00400000019 0.00202113274 -0.0173633453 -0.00400000019 0.00319902576 -0.0123052802 -0.00400000019 0.00515919598 -0.0123052802 -0.00400000019 0.00202113274 -0.0173633453 -0.00400000019 0.00515919598 -0.0123052802 -0.00400000019 0.00478054676 -0.0168000069 -0.00400000019 0.0156714935 -0.00418014033 -0.00400000019 0.0171851199 -0.00279813749 -0.00400000019 0.015597038 -0.00511162961 -0.00400000019 0.015597038 -0.00511162961 -0.00400000019 0.0171851199 -0.00279813749 -0.00400000019 0.0165111292 -0.00553263025 -0.00400000019 0.015597038 -0.00511162961 -0.00400000019 0.0165111292 -0.00553263025 -0.00400000019 0.014738474 -0.00723096682 -0.00400000019 0.014738474 -0.00723096682 -0.00400000019 0.0165111292 -0.00553263025 -0.00400000019 0.0154072214 -0.00812359527 -0.00400000019 0.014738474 -0.00723096682 -0.00400000019 0.0154072214 -0.00812359527 -0.00400000019 0.0135951545 -0.00921125431 -0.00400000019 0.0135951545 -0.00921125431 -0.00400000019 0.0154072214 -0.00812359527 -0.00400000019 0.013901989 -0.01050393 -0.00400000019 0.0135951545 -0.00921125431 -0.00400000019 0.013901989 -0.01050393 -0.00400000019 0.0121890362 -0.0110144606 -0.00400000019 0.0121890362 -0.0110144606 -0.00400000019 0.013901989 -0.01050393 -0.00400000019 0.0120344171 -0.0126119833 -0.00400000019 0.0121890362 -0.0110144606 -0.00400000019 0.0120344171 -0.0126119833 -0.00400000019 0.011419571 -0.0115446858 -0.00400000019 -0.0125057269 -0.000615940138 -0.00400000019 -0.0117248688 -0.0016576068 -0.00400000019 -0.0129632587 -0.00107347197 -0.00400000019 -0.0129632587 -0.00107347197 -0.00400000019 -0.0117248688 -0.0016576068 -0.00400000019 -0.0125676384 -0.00227311742 -0.00400000019 -0.0129632587 -0.00107347197 -0.00400000019 -0.0125676384 -0.00227311742 -0.00400000019 -0.013588259 -0.00124094018 -0.00400000019 -0.013588259 -0.00124094018 -0.00400000019 -0.0125676384 -0.00227311742 -0.00400000019 -0.013588259 -0.00249094027 -0.00400000019 -0.013588259 -0.00124094018 -0.00400000019 -0.013588259 -0.00249094027 -0.00400000019 -0.0137319164 -0.00123265781 -0.00400000019 -0.0137319164 -0.00123265781 -0.00400000019 -0.013588259 -0.00249094027 -0.00400000019 -0.0137243634 -0.00249094027 -0.00400000019 -0.0137319164 -0.00123265781 -0.00400000019 -0.0137243634 -0.00249094027 -0.00400000019 -0.0142132593 -0.00107347197 -0.00400000019 -0.013588259 0.00125905988 -0.00400000019 -0.0153552834 0.0052403044 -0.00400000019 -0.0137243634 0.0052403044 -0.00400000019 -0.0137243634 0.0052403044 -0.00400000019 -0.0153552834 0.0052403044 -0.00400000019 -0.0148790851 0.00936221145 -0.00400000019 -0.0137243634 0.0052403044 -0.00400000019 -0.0148790851 0.00936221145 -0.00400000019 -0.0137243634 0.00926723145 -0.00400000019 -0.0137243634 0.00926723145 -0.00400000019 -0.0148790851 0.00936221145 -0.00400000019 -0.013187197 0.0116137061 -0.00400000019 -0.0137243634 0.00926723145 -0.00400000019 -0.013187197 0.0116137061 -0.00400000019 -0.00834936369 0.00926723145 -0.00400000019 -0.00834936369 0.00926723145 -0.00400000019 -0.013187197 0.0116137061 -0.00400000019 -0.0111560533 0.0135646462 -0.00400000019 -0.00834936369 0.00926723145 -0.00400000019 -0.0111560533 0.0135646462 -0.00400000019 -0.00834936369 0.0147297317 -0.00400000019 -0.00834936369 0.0147297317 -0.00400000019 -0.0111560533 0.0135646462 -0.00400000019 -0.00883825868 0.0151645048 -0.00400000019 -0.00834936369 0.0147297317 -0.00400000019 -0.00883825868 0.0151645048 -0.00400000019 -0.00629384443 0.0163718443 -0.00400000019 -0.0137243634 -0.00249094027 -0.00400000019 -0.0138723077 -0.00249094027 -0.00400000019 -0.0142132593 -0.00107347197 -0.00400000019 -0.0142132593 -0.00107347197 -0.00400000019 -0.0138723077 -0.00249094027 -0.00400000019 -0.0147809107 -0.00270924415 -0.00400000019 -0.0142132593 -0.00107347197 -0.00400000019 -0.0147809107 -0.00270924415 -0.00400000019 -0.0146707911 -0.000615940138 -0.00400000019 -0.0146707911 -0.000615940138 -0.00400000019 -0.0147809107 -0.00270924415 -0.00400000019 -0.0154911624 -0.00331649976 -0.00400000019 -0.0146707911 -0.000615940138 -0.00400000019 -0.0154911624 -0.00331649976 -0.00400000019 -0.0148382587 9.05983779e-06 -0.00400000019 -0.0148382587 9.05983779e-06 -0.00400000019 -0.0154911624 -0.00331649976 -0.00400000019 -0.0153552834 0.000134059839 -0.00400000019 -0.0148382587 9.05983779e-06 -0.00400000019 -0.0153552834 0.000134059839 -0.00400000019 -0.0146707911 0.000634059834 -0.00400000019 -0.0146707911 0.000634059834 -0.00400000019 -0.0153552834 0.000134059839 -0.00400000019 -0.0153552834 0.0052403044 -0.00400000019 -0.0146707911 0.000634059834 -0.00400000019 -0.0153552834 0.0052403044 -0.00400000019 -0.0142132593 0.00109159155 -0.00400000019 -0.0142132593 0.00109159155 -0.00400000019 -0.0153552834 0.0052403044 -0.00400000019 -0.013588259 0.00125905988 -0.00400000019 -0.010369394 0.00409864215 -0.00400000019 -0.00947433803 0.004438092 -0.00400000019 -0.0125057269 0.000634059834 -0.00400000019 -0.0125057269 0.000634059834 -0.00400000019 -0.00947433803 0.004438092 -0.00400000019 -0.00834936369 0.0052403044 -0.00400000019 -0.0125057269 0.000634059834 -0.00400000019 -0.00834936369 0.0052403044 -0.00400000019 -0.0123382593 9.05983779e-06 -0.00400000019 -0.0123382593 9.05983779e-06 -0.00400000019 -0.00834936369 0.0052403044 -0.00400000019 -0.00834936369 0.000134059839 -0.00400000019 -0.00575572718 -0.0110572828 -0.00400000019 -0.00621325895 -0.010599751 -0.00400000019 -0.00493077794 -0.00637842901 -0.00400000019 -0.00575572718 -0.0110572828 -0.00400000019 -0.00493077794 -0.00637842901 -0.00400000019 -0.00558825908 -0.0116822831 -0.00400000019 -0.00575572718 -0.0123072835 -0.00400000019 -0.0053357142 -0.0123052802 -0.00400000019 -0.00621325895 -0.0127648152 -0.00400000019 -0.00621325895 -0.0127648152 -0.00400000019 -0.0053357142 -0.0123052802 -0.00400000019 -0.00358870882 -0.017137276 -0.00400000019 -0.00621325895 -0.0127648152 -0.00400000019 -0.00358870882 -0.017137276 -0.00400000019 -0.00683825929 -0.0129322829 -0.00400000019 -0.00683825929 -0.0129322829 -0.00400000019 -0.00358870882 -0.017137276 -0.00400000019 -0.00629384443 -0.0163537245 -0.00400000019 -0.00683825929 -0.0129322829 -0.00400000019 -0.00629384443 -0.0163537245 -0.00400000019 -0.00746325916 -0.0127648152 -0.00400000019 -0.00746325916 -0.0127648152 -0.00400000019 -0.00629384443 -0.0163537245 -0.00400000019 -0.00883825868 -0.0151463849 -0.00400000019 -0.00746325916 -0.0127648152 -0.00400000019 -0.00883825868 -0.0151463849 -0.00400000019 -0.00792079046 -0.0123072835 -0.00400000019 -0.00792079046 -0.0123072835 -0.00400000019 -0.00883825868 -0.0151463849 -0.00400000019 -0.00834936369 -0.0123052802 -0.00400000019 -0.00792079046 -0.0123072835 -0.00400000019 -0.00834936369 -0.0123052802 -0.00400000019 -0.00808825903 -0.0116822831 -0.00400000019 -0.00808825903 -0.0116822831 -0.00400000019 -0.00834936369 -0.0123052802 -0.00400000019 -0.00830437243 -0.00965731125 -0.00400000019 -0.00808825903 -0.0116822831 -0.00400000019 -0.00830437243 -0.00965731125 -0.00400000019 -0.00792079046 -0.0110572828 -0.00400000019 -0.00792079046 -0.0110572828 -0.00400000019 -0.00830437243 -0.00965731125 -0.00400000019 -0.00746325916 -0.010599751 -0.00400000019 -0.00746325916 -0.010599751 -0.00400000019 -0.00830437243 -0.00965731125 -0.00400000019 -0.00734993955 -0.00923520699 -0.00400000019 -0.00746325916 -0.010599751 -0.00400000019 -0.00734993955 -0.00923520699 -0.00400000019 -0.00683825929 -0.0104322834 -0.00400000019 -0.00683825929 -0.0104322834 -0.00400000019 -0.00734993955 -0.00923520699 -0.00400000019 -0.00658639381 -0.0088975234 -0.00400000019 -0.00683825929 -0.0104322834 -0.00400000019 -0.00658639381 -0.0088975234 -0.00400000019 -0.00621325895 -0.010599751 -0.00400000019 -0.00621325895 -0.010599751 -0.00400000019 -0.00658639381 -0.0088975234 -0.00400000019 -0.00602723332 -0.00827754568 -0.00400000019 -0.00621325895 -0.010599751 -0.00400000019 -0.00602723332 -0.00827754568 -0.00400000019 -0.00493077794 -0.00637842901 -0.00400000019 0.00515919598 -0.0123052802 -0.00400000019 0.00557920896 -0.0123072835 -0.00400000019 0.00478054676 -0.0168000069 -0.00400000019 0.00478054676 -0.0168000069 -0.00400000019 0.00557920896 -0.0123072835 -0.00400000019 0.00603674073 -0.0127648152 -0.00400000019 0.00478054676 -0.0168000069 -0.00400000019 0.00603674073 -0.0127648152 -0.00400000019 0.00741386088 -0.0158013236 -0.00400000019 0.00741386088 -0.0158013236 -0.00400000019 0.00603674073 -0.0127648152 -0.00400000019 0.00666174106 -0.0129322829 -0.00400000019 0.00741386088 -0.0158013236 -0.00400000019 0.00666174106 -0.0129322829 -0.00400000019 0.00985287409 -0.0143931583 -0.00400000019 0.00985287409 -0.0143931583 -0.00400000019 0.00666174106 -0.0129322829 -0.00400000019 0.00728674093 -0.0127648152 -0.00400000019 0.00985287409 -0.0143931583 -0.00400000019 0.00728674093 -0.0127648152 -0.00400000019 0.00817284547 -0.0123052802 -0.00400000019 0.00817284547 -0.0123052802 -0.00400000019 0.00728674093 -0.0127648152 -0.00400000019 0.00774427271 -0.0123072835 -0.00400000019 0.00817284547 -0.0123052802 -0.00400000019 0.00774427271 -0.0123072835 -0.00400000019 0.0079117408 -0.0116822831 -0.00400000019 0.0079117408 -0.0116822831 -0.00400000019 0.00774427271 -0.0110572828 -0.00400000019 0.00812785421 -0.00965731125 -0.00400000019 0.00812785421 -0.00965731125 -0.00400000019 0.00774427271 -0.0110572828 -0.00400000019 0.00728674093 -0.010599751 -0.00400000019 0.00812785421 -0.00965731125 -0.00400000019 0.00728674093 -0.010599751 -0.00400000019 0.00717342179 -0.00923520699 -0.00400000019 0.00717342179 -0.00923520699 -0.00400000019 0.00728674093 -0.010599751 -0.00400000019 0.00666174106 -0.0104322834 -0.00400000019 0.00717342179 -0.00923520699 -0.00400000019 0.00666174106 -0.0104322834 -0.00400000019 0.00640987558 -0.0088975234 -0.00400000019 0.00640987558 -0.0088975234 -0.00400000019 0.00666174106 -0.0104322834 -0.00400000019 0.00585071556 -0.00827754568 -0.00400000019 0.00585071556 -0.00827754568 -0.00400000019 0.00666174106 -0.0104322834 -0.00400000019 0.00603674073 -0.010599751 -0.00400000019 0.00585071556 -0.00827754568 -0.00400000019 0.00603674073 -0.010599751 -0.00400000019 0.00475425972 -0.00637842901 -0.00400000019 0.00475425972 -0.00637842901 -0.00400000019 0.00603674073 -0.010599751 -0.00400000019 0.00557920896 -0.0110572828 -0.00400000019 0.00475425972 -0.00637842901 -0.00400000019 0.00557920896 -0.0110572828 -0.00400000019 0.00541174086 -0.0116822831 -0.00400000019 0.00191174087 -0.0121409399 -0.00400000019 0.00168265298 -0.011211494 -0.00400000019 0.00319902576 -0.00569094019 -0.00400000019 -0.00158528052 -0.0108146947 -0.00400000019 -0.00203014282 -0.0116623091 -0.00400000019 -0.00337554398 -0.0123052802 -0.00400000019 -0.00337554398 -0.0123052802 -0.00400000019 -0.00203014282 -0.0116623091 -0.00400000019 -0.00203014282 -0.0126195718 -0.00400000019 -0.00337554398 -0.0123052802 -0.00400000019 -0.00203014282 -0.0126195718 -0.00400000019 -0.00358870882 -0.017137276 -0.00400000019 -0.00358870882 -0.017137276 -0.00400000019 -0.00203014282 -0.0126195718 -0.00400000019 -0.00158528052 -0.0134671852 -0.00400000019 -0.00358870882 -0.017137276 -0.00400000019 -0.00158528052 -0.0134671852 -0.00400000019 -0.000792913022 -0.0174767468 -0.00400000019 -0.000792913022 -0.0174767468 -0.00400000019 -0.00158528052 -0.0134671852 -0.00400000019 -0.000797468878 -0.0140109723 -0.00400000019 -0.000792913022 -0.0174767468 -0.00400000019 -0.000797468878 -0.0140109723 -0.00400000019 0.000152814289 -0.0141263576 -0.00400000019 -0.000797468878 -0.0102709075 -0.00400000019 -0.00337554398 -0.00569094019 -0.00400000019 0.000152814289 -0.0101555223 -0.00400000019 0.000152814289 -0.0101555223 -0.00400000019 -0.00337554398 -0.00569094019 -0.00400000019 0.00319902576 -0.00569094019 -0.00400000019 0.000152814289 -0.0101555223 -0.00400000019 0.00319902576 -0.00569094019 -0.00400000019 0.00104787038 -0.0104949726 -0.00400000019 0.00104787038 -0.0104949726 -0.00400000019 0.00319902576 -0.00569094019 -0.00400000019 0.00168265298 -0.011211494 -0.00400000019 -0.010369394 0.00409864215 -0.00400000019 -0.0125057269 0.000634059834 -0.00400000019 -0.0113196773 0.00421402743 -0.00400000019 -0.0113196773 0.00421402743 -0.00400000019 -0.0125057269 0.000634059834 -0.00400000019 -0.0129632587 0.00109159155 -0.00400000019 -0.0113196773 0.00421402743 -0.00400000019 -0.0129632587 0.00109159155 -0.00400000019 -0.0121074896 0.00475781457 -0.00400000019 -0.0121074896 0.00475781457 -0.00400000019 -0.0129632587 0.00109159155 -0.00400000019 -0.013588259 0.00125905988 -0.00400000019 -0.0121074896 0.00475781457 -0.00400000019 -0.013588259 0.00125905988 -0.00400000019 -0.0125523517 0.00560542848 -0.00400000019 -0.0125523517 0.00560542848 -0.00400000019 -0.013588259 0.00125905988 -0.00400000019 -0.0137243634 0.0052403044 -0.00400000019 -0.0125523517 0.00560542848 -0.00400000019 -0.0137243634 0.0052403044 -0.00400000019 -0.0125523517 0.00656269118 -0.00400000019 -0.0125523517 0.00656269118 -0.00400000019 -0.0137243634 0.0052403044 -0.00400000019 -0.0137243634 0.00926723145 -0.00400000019 -0.0125523517 0.00656269118 -0.00400000019 -0.0137243634 0.00926723145 -0.00400000019 -0.0121074896 0.00741030509 -0.00400000019 -0.00883955602 0.00701350626 -0.00400000019 -0.00834936369 0.00926723145 -0.00400000019 -0.00861046743 0.00608405983 -0.00400000019 -0.00861046743 0.00608405983 -0.00400000019 -0.00834936369 0.00926723145 -0.00400000019 -0.00834936369 0.0052403044 -0.00400000019 -0.00861046743 0.00608405983 -0.00400000019 -0.00834936369 0.0052403044 -0.00400000019 -0.00883955602 0.00515461341 -0.00400000019 -0.00883955602 0.00515461341 -0.00400000019 -0.00834936369 0.0052403044 -0.00400000019 -0.00947433803 0.004438092 -0.00400000019 -0.00883955602 0.00701350626 -0.00400000019 -0.00947433803 0.00773002766 -0.00400000019 -0.00834936369 0.00926723145 -0.00400000019 -0.00834936369 0.00926723145 -0.00400000019 -0.00947433803 0.00773002766 -0.00400000019 -0.010369394 0.00806947798 -0.00400000019 -0.00834936369 0.00926723145 -0.00400000019 -0.010369394 0.00806947798 -0.00400000019 -0.0137243634 0.00926723145 -0.00400000019 -0.0137243634 0.00926723145 -0.00400000019 -0.010369394 0.00806947798 -0.00400000019 -0.0113196773 0.0079540927 -0.00400000019 -0.0137243634 0.00926723145 -0.00400000019 -0.0113196773 0.0079540927 -0.00400000019 -0.0121074896 0.00741030509 -0.00400000019 0.0127867414 0.00109159155 -0.00400000019 0.0123292096 0.000634059834 -0.00400000019 0.0106750233 0.00409864215 -0.00400000019 0.0106750233 0.00409864215 -0.00400000019 0.0123292096 0.000634059834 -0.00400000019 0.0102978451 0.000134059839 -0.00400000019 0.0106750233 0.00409864215 -0.00400000019 0.0102978451 0.000134059839 -0.00400000019 0.00972473994 0.00421402743 -0.00400000019 0.00972473994 0.00421402743 -0.00400000019 0.0102978451 0.000134059839 -0.00400000019 0.00817284547 0.000134059839 -0.00400000019 0.00972473994 0.00421402743 -0.00400000019 0.00817284547 0.000134059839 -0.00400000019 0.00893692765 0.00475781457 -0.00400000019 0.00893692765 0.00475781457 -0.00400000019 0.00817284547 0.000134059839 -0.00400000019 0.00849206559 0.00560542848 -0.00400000019 0.0124339499 0.00608405983 -0.00400000019 0.0122048613 0.00701350626 -0.00400000019 0.0154072214 0.00814171508 -0.00400000019 0.0154072214 0.00814171508 -0.00400000019 0.0122048613 0.00701350626 -0.00400000019 0.0115700793 0.00773002766 -0.00400000019 0.0154072214 0.00814171508 -0.00400000019 0.0115700793 0.00773002766 -0.00400000019 0.0102978451 0.00926723145 -0.00400000019 0.0102978451 0.00926723145 -0.00400000019 0.0115700793 0.00773002766 -0.00400000019 0.0106750233 0.00806947798 -0.00400000019 0.0102978451 0.00926723145 -0.00400000019 0.0106750233 0.00806947798 -0.00400000019 0.00817284547 0.00926723145 -0.00400000019 0.00817284547 0.00926723145 -0.00400000019 0.0106750233 0.00806947798 -0.00400000019 0.00972473994 0.0079540927 -0.00400000019 0.00817284547 0.00926723145 -0.00400000019 0.00972473994 0.0079540927 -0.00400000019 0.00893692765 0.00741030509 -0.00400000019 -0.00446318835 0.0109199928 -0.00400000019 -0.00455251895 0.0100899013 -0.00400000019 -0.0053357142 0.00926723145 -0.00400000019 -0.00434018113 0.0157520063 -0.00400000019 -0.0049096914 0.0150111448 -0.00400000019 -0.0053357142 0.0147297317 -0.00400000019 -0.0053357142 0.0147297317 -0.00400000019 -0.0049096914 0.0150111448 -0.00400000019 -0.00508046476 0.0140924212 -0.00400000019 -0.0053357142 0.0147297317 -0.00400000019 -0.00508046476 0.0140924212 -0.00400000019 -0.0053357142 0.00926723145 -0.00400000019 -0.0043515251 0.0119576082 -0.00400000019 -0.00446318835 0.0109199928 -0.00400000019 -0.00467319554 0.0129504027 -0.00400000019 -0.00467319554 0.0129504027 -0.00400000019 -0.00446318835 0.0109199928 -0.00400000019 -0.0053357142 0.00926723145 -0.00400000019 -0.00467319554 0.0129504027 -0.00400000019 -0.0053357142 0.00926723145 -0.00400000019 -0.0048152199 0.0131963966 -0.00400000019 -0.0048152199 0.0131963966 -0.00400000019 -0.0053357142 0.00926723145 -0.00400000019 -0.00508046476 0.0140924212 -0.00400000019 0.00302220904 0.00739654852 -0.00400000019 0.00411866466 0.00929566566 -0.00400000019 0.00515919598 0.00926723145 -0.00400000019 0.00515919598 0.00926723145 -0.00400000019 0.00411866466 0.00929566566 -0.00400000019 0.00437600072 0.0100899013 -0.00400000019 0.00515919598 0.00926723145 -0.00400000019 0.00437600072 0.0100899013 -0.00400000019 0.00428667013 0.0109199928 -0.00400000019 0.00428667013 0.0109199928 -0.00400000019 0.00417500688 0.0119576082 -0.00400000019 0.00515919598 0.00926723145 -0.00400000019 0.00515919598 0.00926723145 -0.00400000019 0.00417500688 0.0119576082 -0.00400000019 0.00449667731 0.0129504027 -0.00400000019 0.00515919598 0.00926723145 -0.00400000019 0.00449667731 0.0129504027 -0.00400000019 0.00463870168 0.0131963966 -0.00400000019 -0.00194300455 0.0064540985 -0.00400000019 -0.00337554398 0.0052403044 -0.00400000019 -0.00266721263 0.00679695094 -0.00400000019 -0.00266721263 0.00679695094 -0.00400000019 -0.00337554398 0.0052403044 -0.00400000019 -0.00319872703 0.00739654852 -0.00400000019 -0.00194300455 0.0064540985 -0.00400000019 -0.00114234281 0.00642302167 -0.00400000019 -0.00337554398 0.0052403044 -0.00400000019 -0.00337554398 0.0052403044 -0.00400000019 -0.00114234281 0.00642302167 -0.00400000019 -8.82590757e-05 0.00650906004 -0.00400000019 -0.00337554398 0.0052403044 -0.00400000019 -8.82590757e-05 0.00650906004 -0.00400000019 0.00319902576 0.0052403044 -0.00400000019 0.00319902576 0.0052403044 -0.00400000019 -8.82590757e-05 0.00650906004 -0.00400000019 0.0009658247 0.00642302167 -0.00400000019 0.00319902576 0.0052403044 -0.00400000019 0.0009658247 0.00642302167 -0.00400000019 0.00176648644 0.0064540985 -0.00400000019 -0.00337554398 0.0052403044 -0.00400000019 -0.0053357142 0.0052403044 -0.00400000019 -0.00319872703 0.00739654852 -0.00400000019 -0.00319872703 0.00739654852 -0.00400000019 -0.0053357142 0.0052403044 -0.00400000019 -0.0053357142 0.00926723145 -0.00400000019 -0.00319872703 0.00739654852 -0.00400000019 -0.0053357142 0.00926723145 -0.00400000019 -0.00429518288 0.00929566566 -0.00400000019 -0.00429518288 0.00929566566 -0.00400000019 -0.0053357142 0.00926723145 -0.00400000019 -0.00455251895 0.0100899013 -0.00400000019 -0.00571742421 -0.00324094016 -0.00400000019 -0.00616995478 -0.00228505791 -0.00400000019 -0.0053357142 0.000134059839 -0.00400000019 -0.0053357142 0.000134059839 -0.00400000019 -0.00616995478 -0.00228505791 -0.00400000019 -0.00659719901 -0.00160720292 -0.00400000019 -0.0053357142 0.000134059839 -0.00400000019 -0.00659719901 -0.00160720292 -0.00400000019 -0.00725622196 -0.00115144637 -0.00400000019 -0.00725622196 -0.00115144637 -0.00400000019 -0.00804124586 -0.000990940141 -0.00400000019 -0.00834936369 0.000134059839 -0.00400000019 -0.00834936369 0.000134059839 -0.00400000019 -0.00804124586 -0.000990940141 -0.00400000019 -0.00834936369 -0.000990940141 -0.00400000019 -0.00834936369 0.000134059839 -0.00400000019 -0.00834936369 -0.000990940141 -0.00400000019 -0.0123382593 9.05983779e-06 -0.00400000019 -0.0123382593 9.05983779e-06 -0.00400000019 -0.00834936369 -0.000990940141 -0.00400000019 -0.0102341576 -0.000990940141 -0.00400000019 -0.0123382593 9.05983779e-06 -0.00400000019 -0.0102341576 -0.000990940141 -0.00400000019 -0.0125057269 -0.000615940138 -0.00400000019 -0.0125057269 -0.000615940138 -0.00400000019 -0.0102341576 -0.000990940141 -0.00400000019 -0.0110506536 -0.00116519828 -0.00400000019 -0.0125057269 -0.000615940138 -0.00400000019 -0.0110506536 -0.00116519828 -0.00400000019 -0.0117248688 -0.0016576068 -0.00400000019 -0.00571742421 -0.00324094016 -0.00400000019 -0.0053357142 0.000134059839 -0.00400000019 -0.00511587132 -0.00411078427 -0.00400000019 -0.00511587132 -0.00411078427 -0.00400000019 -0.0053357142 0.000134059839 -0.00400000019 -0.00337554398 0.000134059839 -0.00400000019 -0.00511587132 -0.00411078427 -0.00400000019 -0.00337554398 0.000134059839 -0.00400000019 -0.00474245381 -0.00481971633 -0.00400000019 -0.00575572718 -0.0123072835 -0.00400000019 -0.00558825908 -0.0116822831 -0.00400000019 -0.0053357142 -0.0123052802 -0.00400000019 -0.0053357142 -0.0123052802 -0.00400000019 -0.00558825908 -0.0116822831 -0.00400000019 -0.00493077794 -0.00637842901 -0.00400000019 -0.0053357142 -0.0123052802 -0.00400000019 -0.00493077794 -0.00637842901 -0.00400000019 -0.00337554398 -0.0123052802 -0.00400000019 -0.00337554398 -0.0123052802 -0.00400000019 -0.00493077794 -0.00637842901 -0.00400000019 -0.00337554398 -0.00569094019 -0.00400000019 -0.00337554398 -0.0123052802 -0.00400000019 -0.00337554398 -0.00569094019 -0.00400000019 -0.00158528052 -0.0108146947 -0.00400000019 -0.00158528052 -0.0108146947 -0.00400000019 -0.00337554398 -0.00569094019 -0.00400000019 -0.000797468878 -0.0102709075 -0.00400000019 0.011419571 -0.0115446858 -0.00400000019 0.0120344171 -0.0126119833 -0.00400000019 0.0104932114 -0.0116674658 -0.00400000019 0.0104932114 -0.0116674658 -0.00400000019 0.0120344171 -0.0126119833 -0.00400000019 0.0102978451 -0.0123052802 -0.00400000019 0.0104932114 -0.0116674658 -0.00400000019 0.0102978451 -0.0123052802 -0.00400000019 0.00961218681 -0.011355998 -0.00400000019 0.00961218681 -0.011355998 -0.00400000019 0.0102978451 -0.0123052802 -0.00400000019 0.00817284547 -0.0123052802 -0.00400000019 0.00961218681 -0.011355998 -0.00400000019 0.00817284547 -0.0123052802 -0.00400000019 0.00896882918 -0.0106782764 -0.00400000019 0.0079117408 -0.0116822831 -0.00400000019 0.00812785421 -0.00965731125 -0.00400000019 0.00817284547 -0.0123052802 -0.00400000019 0.00817284547 -0.0123052802 -0.00400000019 0.00812785421 -0.00965731125 -0.00400000019 0.00882680435 -0.0104322834 -0.00400000019 0.00817284547 -0.0123052802 -0.00400000019 0.00882680435 -0.0104322834 -0.00400000019 0.00896882918 -0.0106782764 -0.00400000019 0.00191174087 -0.0121409399 -0.00400000019 0.00319902576 -0.00569094019 -0.00400000019 0.00319902576 -0.0123052802 -0.00400000019 0.00319902576 -0.0123052802 -0.00400000019 0.00319902576 -0.00569094019 -0.00400000019 0.00475425972 -0.00637842901 -0.00400000019 0.00319902576 -0.0123052802 -0.00400000019 0.00475425972 -0.00637842901 -0.00400000019 0.00515919598 -0.0123052802 -0.00400000019 0.00515919598 -0.0123052802 -0.00400000019 0.00475425972 -0.00637842901 -0.00400000019 0.00541174086 -0.0116822831 -0.00400000019 0.00515919598 -0.0123052802 -0.00400000019 0.00541174086 -0.0116822831 -0.00400000019 0.00557920896 -0.0123072835 -0.00400000019 0.00493935309 -0.00411078427 -0.00400000019 0.00456593558 -0.00481971633 -0.00400000019 0.00319902576 -0.00569094019 -0.00400000019 0.00319902576 -0.00569094019 -0.00400000019 0.00456593558 -0.00481971633 -0.00400000019 0.00450075045 -0.00561832497 -0.00400000019 0.00319902576 -0.00569094019 -0.00400000019 0.00450075045 -0.00561832497 -0.00400000019 0.00475425972 -0.00637842901 -0.00400000019 0.00515919598 0.000134059839 -0.00400000019 0.00642068079 -0.00160720292 -0.00400000019 0.00599343656 -0.00228505791 -0.00400000019 0.0108741354 -0.00116519828 -0.00400000019 0.0100576393 -0.000990940141 -0.00400000019 0.0102978451 0.000134059839 -0.00400000019 0.0102978451 0.000134059839 -0.00400000019 0.0100576393 -0.000990940141 -0.00400000019 0.00817284547 -0.000990940141 -0.00400000019 0.0102978451 0.000134059839 -0.00400000019 0.00817284547 -0.000990940141 -0.00400000019 0.00817284547 0.000134059839 -0.00400000019 0.00817284547 0.000134059839 -0.00400000019 0.00817284547 -0.000990940141 -0.00400000019 0.00786472764 -0.000990940141 -0.00400000019 0.00817284547 0.000134059839 -0.00400000019 0.00786472764 -0.000990940141 -0.00400000019 0.00515919598 0.000134059839 -0.00400000019 0.00515919598 0.000134059839 -0.00400000019 0.00786472764 -0.000990940141 -0.00400000019 0.00707970373 -0.00115144637 -0.00400000019 0.00515919598 0.000134059839 -0.00400000019 0.00707970373 -0.00115144637 -0.00400000019 0.00642068079 -0.00160720292 -0.00400000019 -0.00467726821 -0.00561832497 -0.00400000019 -0.00474245381 -0.00481971633 -0.00400000019 -0.00337554398 -0.00569094019 -0.00400000019 -0.00337554398 -0.00569094019 -0.00400000019 -0.00474245381 -0.00481971633 -0.00400000019 -0.00337554398 0.000134059839 -0.00400000019 -0.00337554398 -0.00569094019 -0.00400000019 -0.00337554398 0.000134059839 -0.00400000019 0.00319902576 -0.00569094019 -0.00400000019 0.00319902576 -0.00569094019 -0.00400000019 -0.00337554398 0.000134059839 -0.00400000019 0.00319902576 0.000134059839 -0.00400000019 0.00319902576 -0.00569094019 -0.00400000019 0.00319902576 0.000134059839 -0.00400000019 0.00493935309 -0.00411078427 -0.00400000019 0.00493935309 -0.00411078427 -0.00400000019 0.00319902576 0.000134059839 -0.00400000019 0.00515919598 0.000134059839 -0.00400000019 0.00493935309 -0.00411078427 -0.00400000019 0.00515919598 0.000134059839 -0.00400000019 0.00554090599 -0.00324094016 -0.00400000019 0.00554090599 -0.00324094016 -0.00400000019 0.00515919598 0.000134059839 -0.00400000019 0.00599343656 -0.00228505791 -0.00400000019 -0.0053357142 0.000134059839 -0.00400000019 -0.0053357142 0.0052403044 -0.00400000019 -0.00337554398 0.000134059839 -0.00400000019 -0.00337554398 0.000134059839 -0.00400000019 -0.0053357142 0.0052403044 -0.00400000019 -0.00337554398 0.0052403044 -0.00400000019 -0.00337554398 0.000134059839 -0.00400000019 -0.00337554398 0.0052403044 -0.00400000019 0.00319902576 0.000134059839 -0.00400000019 0.00319902576 0.000134059839 -0.00400000019 -0.00337554398 0.0052403044 -0.00400000019 0.00319902576 0.0052403044 -0.00400000019 0.00319902576 0.000134059839 -0.00400000019 0.00319902576 0.0052403044 -0.00400000019 0.00515919598 0.000134059839 -0.00400000019 0.00515919598 0.000134059839 -0.00400000019 0.00319902576 0.0052403044 -0.00400000019 0.00515919598 0.0052403044 -0.00400000019 0.00515919598 0.000134059839 -0.00400000019 0.00515919598 0.0052403044 -0.00400000019 0.00817284547 0.000134059839 -0.00400000019 0.00817284547 0.000134059839 -0.00400000019 0.00515919598 0.0052403044 -0.00400000019 0.00817284547 0.0052403044 -0.00400000019 0.00817284547 0.000134059839 -0.00400000019 0.00817284547 0.0052403044 -0.00400000019 0.00849206559 0.00560542848 -0.00400000019 0.00849206559 0.00560542848 -0.00400000019 0.00817284547 0.0052403044 -0.00400000019 0.00849206559 0.00656269118 -0.00400000019 0.00176648644 0.0064540985 -0.00400000019 0.0024906944 0.00679695094 -0.00400000019 0.00319902576 0.0052403044 -0.00400000019 0.00319902576 0.0052403044 -0.00400000019 0.0024906944 0.00679695094 -0.00400000019 0.00302220904 0.00739654852 -0.00400000019 0.00319902576 0.0052403044 -0.00400000019 0.00302220904 0.00739654852 -0.00400000019 0.00515919598 0.0052403044 -0.00400000019 0.00515919598 0.0052403044 -0.00400000019 0.00302220904 0.00739654852 -0.00400000019 0.00515919598 0.00926723145 -0.00400000019 0.00515919598 0.0052403044 -0.00400000019 0.00515919598 0.00926723145 -0.00400000019 0.00817284547 0.0052403044 -0.00400000019 0.00817284547 0.0052403044 -0.00400000019 0.00515919598 0.00926723145 -0.00400000019 0.00817284547 0.00926723145 -0.00400000019 0.00817284547 0.0052403044 -0.00400000019 0.00817284547 0.00926723145 -0.00400000019 0.00849206559 0.00656269118 -0.00400000019 0.00849206559 0.00656269118 -0.00400000019 0.00817284547 0.00926723145 -0.00400000019 0.00893692765 0.00741030509 -0.00400000019 0.00603674073 0.0127829341 -0.00400000019 0.00557920896 0.0123254023 -0.00400000019 0.00515919598 0.0147297317 -0.00400000019 0.00515919598 0.00926723145 -0.00400000019 0.00541174086 0.0117004029 -0.00400000019 0.00557920896 0.0110754026 -0.00400000019 0.00463870168 0.0131963966 -0.00400000019 0.00490394654 0.0140924212 -0.00400000019 0.00515919598 0.00926723145 -0.00400000019 0.00515919598 0.00926723145 -0.00400000019 0.00490394654 0.0140924212 -0.00400000019 0.00515919598 0.0147297317 -0.00400000019 0.00515919598 0.00926723145 -0.00400000019 0.00515919598 0.0147297317 -0.00400000019 0.00541174086 0.0117004029 -0.00400000019 0.00541174086 0.0117004029 -0.00400000019 0.00515919598 0.0147297317 -0.00400000019 0.00557920896 0.0123254023 -0.00400000019 0.00774427271 0.0110754026 -0.00400000019 0.0079117408 0.0117004029 -0.00400000019 0.00817284547 0.00926723145 -0.00400000019 0.00557920896 0.0110754026 -0.00400000019 0.00603674073 0.0106178708 -0.00400000019 0.00515919598 0.00926723145 -0.00400000019 0.00515919598 0.00926723145 -0.00400000019 0.00603674073 0.0106178708 -0.00400000019 0.00666174106 0.0104504032 -0.00400000019 0.00515919598 0.00926723145 -0.00400000019 0.00666174106 0.0104504032 -0.00400000019 0.00817284547 0.00926723145 -0.00400000019 0.00817284547 0.00926723145 -0.00400000019 0.00666174106 0.0104504032 -0.00400000019 0.00728674093 0.0106178708 -0.00400000019 0.00817284547 0.00926723145 -0.00400000019 0.00728674093 0.0106178708 -0.00400000019 0.00774427271 0.0110754026 -0.00400000019 0.0079117408 0.0117004029 -0.00400000019 0.00817284547 0.0147297317 -0.00400000019 0.00817284547 0.00926723145 -0.00400000019 0.00817284547 0.00926723145 -0.00400000019 0.00817284547 0.0147297317 -0.00400000019 0.00985287409 0.0144112771 -0.00400000019 0.00817284547 0.00926723145 -0.00400000019 0.00985287409 0.0144112771 -0.00400000019 0.0102978451 0.00926723145 -0.00400000019 0.0102978451 0.00926723145 -0.00400000019 0.00985287409 0.0144112771 -0.00400000019 0.0120344171 0.0126301022 -0.00400000019 0.0102978451 0.00926723145 -0.00400000019 0.0120344171 0.0126301022 -0.00400000019 0.013901989 0.0105220499 -0.00400000019 0.0079117408 0.0117004029 -0.00400000019 0.00774427271 0.0123254023 -0.00400000019 0.00817284547 0.0147297317 -0.00400000019 0.00817284547 0.0147297317 -0.00400000019 0.00774427271 0.0123254023 -0.00400000019 0.00728674093 0.0127829341 -0.00400000019 0.00817284547 0.0147297317 -0.00400000019 0.00728674093 0.0127829341 -0.00400000019 0.00515919598 0.0147297317 -0.00400000019 0.00515919598 0.0147297317 -0.00400000019 0.00728674093 0.0127829341 -0.00400000019 0.00666174106 0.0129504027 -0.00400000019 0.00515919598 0.0147297317 -0.00400000019 0.00666174106 0.0129504027 -0.00400000019 0.00603674073 0.0127829341 -0.00400000019 -0.00834936369 0.0147297317 -0.00400000019 -0.00792079046 0.0123254023 -0.00400000019 -0.00808825903 0.0117004029 -0.00400000019 -0.00834936369 0.0147297317 -0.00400000019 -0.00808825903 0.0117004029 -0.00400000019 -0.00834936369 0.00926723145 -0.00400000019 -0.00834936369 0.00926723145 -0.00400000019 -0.00808825903 0.0117004029 -0.00400000019 -0.00792079046 0.0110754026 -0.00400000019 -0.00834936369 0.00926723145 -0.00400000019 -0.00792079046 0.0110754026 -0.00400000019 -0.00746325916 0.0106178708 -0.00400000019 -0.00683825929 0.0104504032 -0.00400000019 -0.00621325895 0.0106178708 -0.00400000019 -0.0053357142 0.00926723145 -0.00400000019 -0.00725622196 -0.00115144637 -0.00400000019 -0.00834936369 0.000134059839 -0.00400000019 -0.0053357142 0.000134059839 -0.00400000019 -0.0053357142 0.000134059839 -0.00400000019 -0.00834936369 0.000134059839 -0.00400000019 -0.00834936369 0.0052403044 -0.00400000019 -0.0053357142 0.000134059839 -0.00400000019 -0.00834936369 0.0052403044 -0.00400000019 -0.0053357142 0.0052403044 -0.00400000019 -0.0053357142 0.0052403044 -0.00400000019 -0.00834936369 0.0052403044 -0.00400000019 -0.00834936369 0.00926723145 -0.00400000019 -0.0053357142 0.0052403044 -0.00400000019 -0.00834936369 0.00926723145 -0.00400000019 -0.0053357142 0.00926723145 -0.00400000019 -0.0053357142 0.00926723145 -0.00400000019 -0.00834936369 0.00926723145 -0.00400000019 -0.00746325916 0.0106178708 -0.00400000019 -0.0053357142 0.00926723145 -0.00400000019 -0.00746325916 0.0106178708 -0.00400000019 -0.00683825929 0.0104504032 -0.00400000019 -0.00575572718 0.0123254023 -0.00400000019 -0.0053357142 0.0147297317 -0.00400000019 -0.00558825908 0.0117004029 -0.00400000019 -0.00558825908 0.0117004029 -0.00400000019 -0.0053357142 0.0147297317 -0.00400000019 -0.0053357142 0.00926723145 -0.00400000019 -0.00558825908 0.0117004029 -0.00400000019 -0.0053357142 0.00926723145 -0.00400000019 -0.00575572718 0.0110754026 -0.00400000019 -0.00575572718 0.0110754026 -0.00400000019 -0.0053357142 0.00926723145 -0.00400000019 -0.00621325895 0.0106178708 -0.00400000019 -0.00575572718 0.0123254023 -0.00400000019 -0.00621325895 0.0127829341 -0.00400000019 -0.0053357142 0.0147297317 -0.00400000019 -0.0053357142 0.0147297317 -0.00400000019 -0.00621325895 0.0127829341 -0.00400000019 -0.00683825929 0.0129504027 -0.00400000019 -0.0053357142 0.0147297317 -0.00400000019 -0.00683825929 0.0129504027 -0.00400000019 -0.00834936369 0.0147297317 -0.00400000019 -0.00834936369 0.0147297317 -0.00400000019 -0.00683825929 0.0129504027 -0.00400000019 -0.00746325916 0.0127829341 -0.00400000019 -0.00834936369 0.0147297317 -0.00400000019 -0.00746325916 0.0127829341 -0.00400000019 -0.00792079046 0.0123254023 -0.00400000019 -0.0146707911 -0.000615940138 0 -0.0148382587 9.05983779e-06 0 -0.0153552834 0.000134059839 0 0.0120344171 0.0126301022 0 0.00985287409 0.0144112771 0 0.0102978451 0.00926723145 0 0.00105506065 0.0164694004 0 0.00331974193 0.0161532704 0 0.00202113274 0.0173814651 0 -0.0175315123 0.00141722476 0 -0.0153552834 0.000134059839 0 -0.0153552834 0.0052403044 1.38777878e-17 0.00985287409 -0.0143931583 0 0.0102978451 -0.0123052802 0 0.00817284547 -0.0123052802 0 0.0102978451 -0.0123052802 0 0.00985287409 -0.0143931583 0 0.0120344171 -0.0126119833 0 0.00817284547 0.000134059839 0 0.0100576393 -0.000990940141 0 0.0102978451 0.000134059839 0 0.0102978451 0.000134059839 0 0.0100576393 -0.000990940141 0 0.0108741354 -0.00116519828 0 0.0171851199 -0.00279813749 0 0.0144942729 -0.000615940138 0 0.0140367411 -0.00107347197 0 0.0136957895 -0.00249094027 1.38777878e-17 0.0146043925 -0.00270924415 0 0.0140367411 -0.00107347197 0 0.0140367411 -0.00107347197 0 0.0146043925 -0.00270924415 0 0.0153146442 -0.00331649976 -1.38777878e-17 0.0140367411 -0.00107347197 0 0.0153146442 -0.00331649976 -1.38777878e-17 0.0171851199 -0.00279813749 0 0.0171851199 -0.00279813749 0 0.0153146442 -0.00331649976 -1.38777878e-17 0.0156714935 -0.00418014033 0 0.0171851199 -0.00279813749 0 0.0156714935 -0.00418014033 0 0.0165111292 -0.00553263025 0 0.0165111292 -0.00553263025 0 0.0156714935 -0.00418014033 0 0.015597038 -0.00511162961 -1.38777878e-17 0.0165111292 -0.00553263025 0 0.015597038 -0.00511162961 -1.38777878e-17 0.0154072214 -0.00812359527 0 0.0154072214 -0.00812359527 0 0.015597038 -0.00511162961 -1.38777878e-17 0.014738474 -0.00723096682 0 0.0154072214 -0.00812359527 0 0.014738474 -0.00723096682 0 0.013901989 -0.01050393 0 0.013901989 -0.01050393 0 0.014738474 -0.00723096682 0 0.0135951545 -0.00921125431 0 0.013901989 -0.01050393 0 0.0135951545 -0.00921125431 0 0.0120344171 -0.0126119833 0 0.00478054676 -0.0168000069 0 0.00741386088 -0.0158013236 -1.38777878e-17 0.00666174106 -0.0129322829 0 0.00666174106 -0.0129322829 0 0.00741386088 -0.0158013236 -1.38777878e-17 0.00728674093 -0.0127648152 0 0.00728674093 -0.0127648152 0 0.00741386088 -0.0158013236 -1.38777878e-17 0.00985287409 -0.0143931583 0 0.00728674093 -0.0127648152 0 0.00985287409 -0.0143931583 0 0.00774427271 -0.0123072835 0 0.00774427271 -0.0123072835 0 0.00985287409 -0.0143931583 0 0.00817284547 -0.0123052802 0 0.00774427271 -0.0123072835 0 0.00817284547 -0.0123052802 0 0.0079117408 -0.0116822831 0 0.00319902576 -0.0123052802 0 0.00202113274 -0.0173633453 0 0.00478054676 -0.0168000069 0 0.00319902576 -0.0123052802 0 0.00168265298 -0.0130703868 0 0.00202113274 -0.0173633453 0 0.00202113274 -0.0173633453 0 0.00168265298 -0.0130703868 0 0.00104787038 -0.0137869082 0 0.00202113274 -0.0173633453 0 0.00104787038 -0.0137869082 0 -0.000792913022 -0.0174767468 0 0.00104787038 -0.0137869082 0 0.000152814289 -0.0141263576 0 -0.000792913022 -0.0174767468 0 -0.000792913022 -0.0174767468 0 0.000152814289 -0.0141263576 0 -0.000797468878 -0.0140109723 0 -0.000792913022 -0.0174767468 0 -0.000797468878 -0.0140109723 0 -0.00358870882 -0.017137276 -1.38777878e-17 -0.00358870882 -0.017137276 -1.38777878e-17 -0.000797468878 -0.0140109723 0 -0.00158528052 -0.0134671852 0 -0.00358870882 -0.017137276 -1.38777878e-17 -0.00158528052 -0.0134671852 0 -0.00337554398 -0.0123052802 0 -0.00358870882 -0.017137276 -1.38777878e-17 -0.00621325895 -0.0127648152 0 -0.00629384443 -0.0163537245 0 -0.00629384443 -0.0163537245 0 -0.00621325895 -0.0127648152 0 -0.00683825929 -0.0129322829 0 -0.00629384443 -0.0163537245 0 -0.00683825929 -0.0129322829 0 -0.00883825868 -0.0151463849 -1.38777878e-17 -0.0106697297 -0.0116674658 0 -0.0115960892 -0.0115446858 0 -0.0111560533 -0.0135465274 0 -0.0111560533 -0.0135465274 0 -0.0115960892 -0.0115446858 0 -0.013187197 -0.0115955863 0 -0.00683825929 -0.0129322829 0 -0.00746325916 -0.0127648152 0 -0.00883825868 -0.0151463849 -1.38777878e-17 -0.00883825868 -0.0151463849 -1.38777878e-17 -0.00746325916 -0.0127648152 0 -0.00834936369 -0.0123052802 0 -0.00883825868 -0.0151463849 -1.38777878e-17 -0.00834936369 -0.0123052802 0 -0.0111560533 -0.0135465274 0 -0.0111560533 -0.0135465274 0 -0.00834936369 -0.0123052802 0 -0.00978870504 -0.011355998 0 -0.0111560533 -0.0135465274 0 -0.00978870504 -0.011355998 0 -0.0106697297 -0.0116674658 0 -0.00830437243 -0.00965731125 0 -0.00900332257 -0.0104322834 0 -0.00834936369 -0.0123052802 0 -0.00834936369 -0.0123052802 0 -0.00900332257 -0.0104322834 0 -0.0091453474 -0.0106782764 0 -0.00834936369 -0.0123052802 0 -0.0091453474 -0.0106782764 0 -0.00978870504 -0.011355998 0 -0.0115960892 -0.0115446858 0 -0.0123655545 -0.0110144606 -1.38777878e-17 -0.013187197 -0.0115955863 0 -0.013187197 -0.0115955863 0 -0.0123655545 -0.0110144606 -1.38777878e-17 -0.0137716727 -0.00921125431 0 -0.013187197 -0.0115955863 0 -0.0137716727 -0.00921125431 0 -0.0148790851 -0.00934409257 -1.38777878e-17 -0.0148790851 -0.00934409257 -1.38777878e-17 -0.0137716727 -0.00921125431 0 -0.0154018095 -0.00846119225 1.38777878e-17 -0.0137716727 -0.00921125431 0 -0.0149149923 -0.00723096682 0 -0.0154018095 -0.00846119225 1.38777878e-17 -0.0154018095 -0.00846119225 1.38777878e-17 -0.0149149923 -0.00723096682 0 -0.0157735553 -0.00511162961 0 -0.0154018095 -0.00846119225 1.38777878e-17 -0.0157735553 -0.00511162961 0 -0.0161878988 -0.00685035577 0 -0.0161878988 -0.00685035577 0 -0.0157735553 -0.00511162961 0 -0.0170797408 -0.00417896407 0 -0.0157735553 -0.00511162961 0 -0.0158480108 -0.00418014033 0 -0.0170797408 -0.00417896407 0 -0.0170797408 -0.00417896407 0 -0.0158480108 -0.00418014033 0 -0.0154911624 -0.00331649976 -1.38777878e-17 -0.0170797408 -0.00417896407 0 -0.0154911624 -0.00331649976 -1.38777878e-17 -0.0175315123 -0.00139910507 0 -0.0148790851 0.00936221145 0 -0.0161878988 0.00686847558 0 -0.0153552834 0.0052403044 1.38777878e-17 -0.0153552834 0.0052403044 1.38777878e-17 -0.0161878988 0.00686847558 0 -0.0170797408 0.00419708388 0 -0.0153552834 0.0052403044 1.38777878e-17 -0.0170797408 0.00419708388 0 -0.0175315123 0.00141722476 0 -0.0137243634 0.0052403044 0 -0.0137243634 0.00926723145 0 -0.0148790851 0.00936221145 0 -0.0111560533 0.0135646462 0 -0.00834936369 0.0147297317 0 -0.00883825868 0.0151645048 1.38777878e-17 -0.00883825868 0.0151645048 1.38777878e-17 -0.00834936369 0.0147297317 0 -0.0053357142 0.0147297317 -1.38777878e-17 -0.00883825868 0.0151645048 1.38777878e-17 -0.0053357142 0.0147297317 -1.38777878e-17 -0.00629384443 0.0163718443 1.38777878e-17 0.00202113274 0.0173814651 0 0.00331974193 0.0161532704 0 0.00478054676 0.0168181267 0 0.00817284547 0.0147297317 0 0.00741386088 0.0158194415 0 0.00478054676 0.0168181267 0 0.0106750233 0.00806947798 0 0.0154072214 0.00814171508 0 0.0102978451 0.00926723145 0 0.0102978451 0.00926723145 0 0.0154072214 0.00814171508 0 0.013901989 0.0105220499 0 0.0102978451 0.00926723145 0 0.013901989 0.0105220499 0 0.0120344171 0.0126301022 0 0.0106750233 0.00806947798 0 0.0115700793 0.00773002766 -1.38777878e-17 0.0154072214 0.00814171508 0 0.0154072214 0.00814171508 0 0.0115700793 0.00773002766 -1.38777878e-17 0.0122048613 0.00701350626 0 0.0154072214 0.00814171508 0 0.0122048613 0.00701350626 0 0.0165111292 0.0055507496 0 0.0144942729 -0.000615940138 0 0.0171851199 -0.00279813749 0 0.0146617405 9.05983779e-06 0 0.0146617405 9.05983779e-06 0 0.0171851199 -0.00279813749 0 0.0174117405 9.05983779e-06 0 0.0146617405 9.05983779e-06 0 0.0174117405 9.05983779e-06 0 0.0144942729 0.000634059834 0 0.0144942729 0.000634059834 0 0.0174117405 9.05983779e-06 0 0.0171851199 0.0028162573 0 0.0144942729 0.000634059834 0 0.0171851199 0.0028162573 0 0.0140367411 0.00109159155 0 0.0140367411 0.00109159155 0 0.0171851199 0.0028162573 0 0.0165111292 0.0055507496 0 0.0140367411 0.00109159155 0 0.0165111292 0.0055507496 0 0.0134117408 0.00125905988 0 0.012161741 9.05983779e-06 0 0.0123292096 0.000634059834 0 0.0106750233 0.00409864215 0 0.0106750233 0.00409864215 0 0.0123292096 0.000634059834 0 0.0127867414 0.00109159155 0 0.0106750233 0.00409864215 0 0.0127867414 0.00109159155 0 0.0115700793 0.004438092 0 0.0115700793 0.004438092 0 0.0127867414 0.00109159155 0 0.0134117408 0.00125905988 0 0.0115700793 0.004438092 0 0.0134117408 0.00125905988 0 0.0122048613 0.00515461341 0 0.0122048613 0.00515461341 0 0.0134117408 0.00125905988 0 0.0165111292 0.0055507496 0 0.0122048613 0.00515461341 0 0.0165111292 0.0055507496 0 0.0124339499 0.00608405983 0 0.0124339499 0.00608405983 0 0.0165111292 0.0055507496 0 0.0122048613 0.00701350626 0 -0.0102341576 -0.000990940141 0 -0.00834936369 -0.000990940141 0 -0.00834936369 0.000134059839 0 -0.0129632587 -0.00107347197 0 -0.0117248688 -0.0016576068 1.38777878e-17 -0.0125057269 -0.000615940138 0 -0.0125057269 -0.000615940138 0 -0.0117248688 -0.0016576068 1.38777878e-17 -0.0110506536 -0.00116519828 0 -0.0125057269 -0.000615940138 0 -0.0110506536 -0.00116519828 0 -0.0123382593 9.05983779e-06 0 -0.0110506536 -0.00116519828 0 -0.0102341576 -0.000990940141 0 -0.0123382593 9.05983779e-06 0 -0.0123382593 9.05983779e-06 0 -0.0102341576 -0.000990940141 0 -0.00834936369 0.000134059839 0 -0.0123382593 9.05983779e-06 0 -0.00834936369 0.000134059839 0 -0.0125057269 0.000634059834 0 -0.0125057269 0.000634059834 0 -0.00834936369 0.000134059839 0 -0.00834936369 0.0052403044 0 -0.0148790851 0.00936221145 0 -0.0153552834 0.0052403044 1.38777878e-17 -0.0137243634 0.0052403044 0 -0.0137243634 0.0052403044 0 -0.0153552834 0.0052403044 1.38777878e-17 -0.0142132593 0.00109159155 0 -0.0137243634 0.0052403044 0 -0.0142132593 0.00109159155 0 -0.013588259 0.00125905988 -1.38777878e-17 -0.0153552834 0.000134059839 0 -0.0148382587 9.05983779e-06 0 -0.0153552834 0.0052403044 1.38777878e-17 -0.0153552834 0.0052403044 1.38777878e-17 -0.0148382587 9.05983779e-06 0 -0.0146707911 0.000634059834 0 -0.0153552834 0.0052403044 1.38777878e-17 -0.0146707911 0.000634059834 0 -0.0142132593 0.00109159155 0 -0.0175315123 0.00141722476 0 -0.0175315123 -0.00139910507 0 -0.0153552834 0.000134059839 0 -0.0153552834 0.000134059839 0 -0.0175315123 -0.00139910507 0 -0.0154911624 -0.00331649976 -1.38777878e-17 -0.0153552834 0.000134059839 0 -0.0154911624 -0.00331649976 -1.38777878e-17 -0.0146707911 -0.000615940138 0 -0.0146707911 -0.000615940138 0 -0.0154911624 -0.00331649976 -1.38777878e-17 -0.0147809107 -0.00270924415 0 -0.0146707911 -0.000615940138 0 -0.0147809107 -0.00270924415 0 -0.0142132593 -0.00107347197 0 -0.0142132593 -0.00107347197 0 -0.0147809107 -0.00270924415 0 -0.0138723077 -0.00249094027 0 -0.0142132593 -0.00107347197 0 -0.0138723077 -0.00249094027 0 -0.0137319164 -0.00123265781 0 -0.0137319164 -0.00123265781 0 -0.0138723077 -0.00249094027 0 -0.0137243634 -0.00249094027 0 -0.0137319164 -0.00123265781 0 -0.0137243634 -0.00249094027 0 -0.013588259 -0.00124094018 0 -0.013588259 -0.00124094018 0 -0.0137243634 -0.00249094027 0 -0.013588259 -0.00249094027 0 -0.013588259 -0.00124094018 0 -0.013588259 -0.00249094027 0 -0.0129632587 -0.00107347197 0 -0.0129632587 -0.00107347197 0 -0.013588259 -0.00249094027 0 -0.0125676384 -0.00227311742 0 -0.0129632587 -0.00107347197 0 -0.0125676384 -0.00227311742 0 -0.0117248688 -0.0016576068 1.38777878e-17 -0.00746325916 -0.0127648152 0 -0.00792079046 -0.0123072835 0 -0.00834936369 -0.0123052802 0 -0.00834936369 -0.0123052802 0 -0.00792079046 -0.0123072835 0 -0.00808825903 -0.0116822831 0 -0.00834936369 -0.0123052802 0 -0.00808825903 -0.0116822831 0 -0.00830437243 -0.00965731125 0 -0.00575572718 -0.0123072835 0 -0.0053357142 -0.0123052802 0 -0.00558825908 -0.0116822831 0 -0.00558825908 -0.0116822831 0 -0.0053357142 -0.0123052802 0 -0.00493077794 -0.00637842901 0 -0.00808825903 -0.0116822831 0 -0.00792079046 -0.0110572828 0 -0.00830437243 -0.00965731125 0 -0.00830437243 -0.00965731125 0 -0.00792079046 -0.0110572828 0 -0.00746325916 -0.010599751 -1.38777878e-17 -0.00830437243 -0.00965731125 0 -0.00746325916 -0.010599751 -1.38777878e-17 -0.00734993955 -0.00923520699 0 -0.00734993955 -0.00923520699 0 -0.00746325916 -0.010599751 -1.38777878e-17 -0.00683825929 -0.0104322834 0 -0.00734993955 -0.00923520699 0 -0.00683825929 -0.0104322834 0 -0.00658639381 -0.0088975234 1.38777878e-17 -0.00658639381 -0.0088975234 1.38777878e-17 -0.00683825929 -0.0104322834 0 -0.00602723332 -0.00827754568 0 -0.00602723332 -0.00827754568 0 -0.00683825929 -0.0104322834 0 -0.00621325895 -0.010599751 -1.38777878e-17 -0.00602723332 -0.00827754568 0 -0.00621325895 -0.010599751 -1.38777878e-17 -0.00493077794 -0.00637842901 0 -0.00493077794 -0.00637842901 0 -0.00621325895 -0.010599751 -1.38777878e-17 -0.00575572718 -0.0110572828 0 -0.00493077794 -0.00637842901 0 -0.00575572718 -0.0110572828 0 -0.00558825908 -0.0116822831 0 0.00603674073 -0.0127648152 0 0.00557920896 -0.0123072835 0 0.00515919598 -0.0123052802 0 0.00515919598 -0.0123052802 0 0.00557920896 -0.0123072835 0 0.00541174086 -0.0116822831 0 0.00515919598 -0.0123052802 0 0.00541174086 -0.0116822831 0 0.00475425972 -0.00637842901 0 0.00475425972 -0.00637842901 0 0.00541174086 -0.0116822831 0 0.00557920896 -0.0110572828 0 0.00475425972 -0.00637842901 0 0.00557920896 -0.0110572828 0 0.00603674073 -0.010599751 0 0.00774427271 -0.0110572828 0 0.00812785421 -0.00965731125 -1.38777878e-17 0.00728674093 -0.010599751 0 0.00728674093 -0.010599751 0 0.00812785421 -0.00965731125 -1.38777878e-17 0.00717342179 -0.00923520699 0 0.00728674093 -0.010599751 0 0.00717342179 -0.00923520699 0 0.00666174106 -0.0104322834 0 0.00666174106 -0.0104322834 0 0.00717342179 -0.00923520699 0 0.00640987558 -0.0088975234 0 0.00666174106 -0.0104322834 0 0.00640987558 -0.0088975234 0 0.00603674073 -0.010599751 0 0.00603674073 -0.010599751 0 0.00640987558 -0.0088975234 0 0.00585071556 -0.00827754568 0 0.00603674073 -0.010599751 0 0.00585071556 -0.00827754568 0 0.00475425972 -0.00637842901 0 -0.00158528052 -0.0108146947 0 -0.00337554398 -0.00569094019 0 -0.00203014282 -0.0116623091 0 -0.00203014282 -0.0116623091 0 -0.00337554398 -0.00569094019 0 -0.00337554398 -0.0123052802 0 -0.00203014282 -0.0116623091 0 -0.00337554398 -0.0123052802 0 -0.00203014282 -0.0126195718 0 -0.00203014282 -0.0126195718 0 -0.00337554398 -0.0123052802 0 -0.00158528052 -0.0134671852 0 0.00319902576 -0.00569094019 0 0.00168265298 -0.011211494 0 0.00319902576 -0.0123052802 0 0.00319902576 -0.0123052802 0 0.00168265298 -0.011211494 0 0.00191174087 -0.0121409399 0 0.00319902576 -0.0123052802 0 0.00191174087 -0.0121409399 0 0.00168265298 -0.0130703868 0 -0.000797468878 -0.0102709075 -1.38777878e-17 0.000152814289 -0.0101555223 0 0.00319902576 -0.00569094019 0 0.00319902576 -0.00569094019 0 0.000152814289 -0.0101555223 0 0.00104787038 -0.0104949726 0 0.00319902576 -0.00569094019 0 0.00104787038 -0.0104949726 0 0.00168265298 -0.011211494 0 -0.00834936369 0.0052403044 0 -0.00947433803 0.004438092 0 -0.0125057269 0.000634059834 0 -0.0125057269 0.000634059834 0 -0.00947433803 0.004438092 0 -0.010369394 0.00409864215 0 -0.0125057269 0.000634059834 0 -0.010369394 0.00409864215 0 -0.0129632587 0.00109159155 0 -0.0129632587 0.00109159155 0 -0.010369394 0.00409864215 0 -0.0113196773 0.00421402743 0 -0.0129632587 0.00109159155 0 -0.0113196773 0.00421402743 0 -0.013588259 0.00125905988 -1.38777878e-17 -0.013588259 0.00125905988 -1.38777878e-17 -0.0113196773 0.00421402743 0 -0.0121074896 0.00475781457 0 -0.013588259 0.00125905988 -1.38777878e-17 -0.0121074896 0.00475781457 0 -0.0137243634 0.0052403044 0 -0.0137243634 0.0052403044 0 -0.0121074896 0.00475781457 0 -0.0125523517 0.00560542848 0 -0.0137243634 0.0052403044 0 -0.0125523517 0.00560542848 0 -0.0137243634 0.00926723145 0 -0.0137243634 0.00926723145 0 -0.0125523517 0.00560542848 0 -0.0125523517 0.00656269118 0 -0.00947433803 0.00773002766 0 -0.00883955602 0.00701350626 -1.38777878e-17 -0.00834936369 0.00926723145 0 -0.00834936369 0.00926723145 0 -0.00883955602 0.00701350626 -1.38777878e-17 -0.00861046743 0.00608405983 0 -0.00834936369 0.00926723145 0 -0.00861046743 0.00608405983 0 -0.00834936369 0.0052403044 0 -0.00834936369 0.0052403044 0 -0.00861046743 0.00608405983 0 -0.00883955602 0.00515461341 0 -0.00834936369 0.0052403044 0 -0.00883955602 0.00515461341 0 -0.00947433803 0.004438092 0 -0.0125523517 0.00656269118 0 -0.0121074896 0.00741030509 -1.38777878e-17 -0.0137243634 0.00926723145 0 -0.0137243634 0.00926723145 0 -0.0121074896 0.00741030509 -1.38777878e-17 -0.0113196773 0.0079540927 -1.38777878e-17 -0.0137243634 0.00926723145 0 -0.0113196773 0.0079540927 -1.38777878e-17 -0.00834936369 0.00926723145 0 -0.00834936369 0.00926723145 0 -0.0113196773 0.0079540927 -1.38777878e-17 -0.010369394 0.00806947798 0 -0.00834936369 0.00926723145 0 -0.010369394 0.00806947798 0 -0.00947433803 0.00773002766 0 0.00741386088 0.0158194415 0 0.00817284547 0.0147297317 0 0.00985287409 0.0144112771 0 0.00985287409 0.0144112771 0 0.00817284547 0.0147297317 0 0.00817284547 0.00926723145 0 0.00985287409 0.0144112771 0 0.00817284547 0.00926723145 0 0.0102978451 0.00926723145 0 0.0102978451 0.00926723145 0 0.00817284547 0.00926723145 0 0.00972473994 0.0079540927 0 0.0102978451 0.00926723145 0 0.00972473994 0.0079540927 0 0.0106750233 0.00806947798 0 0.00817284547 0.0052403044 0 0.00849206559 0.00656269118 -1.38777878e-17 0.00817284547 0.00926723145 0 0.00817284547 0.00926723145 0 0.00849206559 0.00656269118 -1.38777878e-17 0.00893692765 0.00741030509 -1.38777878e-17 0.00817284547 0.00926723145 0 0.00893692765 0.00741030509 -1.38777878e-17 0.00972473994 0.0079540927 0 0.0136957895 -0.00249094027 1.38777878e-17 0.0140367411 -0.00107347197 0 0.0134117408 -0.00249094027 0 0.0134117408 -0.00249094027 0 0.0140367411 -0.00107347197 0 0.0134117408 -0.00124094018 0 0.0134117408 -0.00249094027 0 0.0134117408 -0.00124094018 0 0.0123911202 -0.00227311742 0 0.0123911202 -0.00227311742 0 0.0134117408 -0.00124094018 0 0.0127867414 -0.00107347197 0 0.0123911202 -0.00227311742 0 0.0127867414 -0.00107347197 0 0.0115483506 -0.0016576068 0 0.0115483506 -0.0016576068 0 0.0127867414 -0.00107347197 0 0.0123292096 -0.000615940138 0 0.0115483506 -0.0016576068 0 0.0123292096 -0.000615940138 0 0.0108741354 -0.00116519828 0 0.0108741354 -0.00116519828 0 0.0123292096 -0.000615940138 0 0.012161741 9.05983779e-06 0 0.0108741354 -0.00116519828 0 0.012161741 9.05983779e-06 0 0.0102978451 0.000134059839 0 0.0102978451 0.000134059839 0 0.012161741 9.05983779e-06 0 0.0106750233 0.00409864215 0 0.0102978451 0.000134059839 0 0.0106750233 0.00409864215 0 0.00817284547 0.000134059839 0 0.0106750233 0.00409864215 0 0.00972473994 0.00421402743 0 0.00817284547 0.000134059839 0 0.00817284547 0.000134059839 0 0.00972473994 0.00421402743 0 0.00893692765 0.00475781457 0 0.00817284547 0.000134059839 0 0.00893692765 0.00475781457 0 0.00817284547 0.0052403044 0 0.00817284547 0.0052403044 0 0.00893692765 0.00475781457 0 0.00849206559 0.00560542848 0 0.00817284547 0.0052403044 0 0.00849206559 0.00560542848 0 0.00849206559 0.00656269118 -1.38777878e-17 0.00302220904 0.00739654852 -1.38777878e-17 0.0024906944 0.00679695094 -1.38777878e-17 0.00319902576 0.0052403044 0 0.00319902576 0.0052403044 0 0.0024906944 0.00679695094 -1.38777878e-17 0.00176648644 0.0064540985 -1.38777878e-17 0.00319902576 0.0052403044 0 0.00176648644 0.0064540985 -1.38777878e-17 0.0009658247 0.00642302167 -1.38777878e-17 -8.82590757e-05 0.00650906004 0 -0.00114234281 0.00642302167 0 -0.00337554398 0.0052403044 0 -0.00337554398 0.0052403044 0 -0.00114234281 0.00642302167 0 -0.00194300455 0.0064540985 0 -0.00337554398 0.0052403044 0 -0.00194300455 0.0064540985 0 -0.00266721263 0.00679695094 -1.38777878e-17 0.00428667013 0.0109199928 0 0.00437600072 0.0100899013 0 0.00515919598 0.00926723145 0 0.00416366337 0.0157520063 1.38777878e-17 0.00473317364 0.0150111448 0 0.00515919598 0.0147297317 -1.38777878e-17 0.00515919598 0.0147297317 -1.38777878e-17 0.00473317364 0.0150111448 0 0.00490394654 0.0140924212 0 0.00515919598 0.0147297317 -1.38777878e-17 0.00490394654 0.0140924212 0 0.00515919598 0.00926723145 0 0.00417500688 0.0119576082 0 0.00428667013 0.0109199928 0 0.00449667731 0.0129504027 0 0.00449667731 0.0129504027 0 0.00428667013 0.0109199928 0 0.00515919598 0.00926723145 0 0.00449667731 0.0129504027 0 0.00515919598 0.00926723145 0 0.00463870168 0.0131963966 0 0.00463870168 0.0131963966 0 0.00515919598 0.00926723145 0 0.00490394654 0.0140924212 0 -0.0053357142 0.00926723145 0 -0.00455251895 0.0100899013 0 -0.00446318835 0.0109199928 0 0.00105506065 0.0164694004 0 0.00202113274 0.0173814651 0 -0.00123157876 0.0164694004 0 -0.00123157876 0.0164694004 0 0.00202113274 0.0173814651 0 -0.000792913022 0.0174948666 0 -0.00123157876 0.0164694004 0 -0.000792913022 0.0174948666 0 -0.00349626015 0.0161532704 0 -0.00349626015 0.0161532704 0 -0.000792913022 0.0174948666 0 -0.00358870882 0.0171553958 0 -0.00349626015 0.0161532704 0 -0.00358870882 0.0171553958 0 -0.00434018113 0.0157520063 0 -0.00434018113 0.0157520063 0 -0.00358870882 0.0171553958 0 -0.00629384443 0.0163718443 1.38777878e-17 -0.00434018113 0.0157520063 0 -0.00629384443 0.0163718443 1.38777878e-17 -0.0049096914 0.0150111448 0 -0.0049096914 0.0150111448 0 -0.00629384443 0.0163718443 1.38777878e-17 -0.0053357142 0.0147297317 -1.38777878e-17 -0.0049096914 0.0150111448 0 -0.0053357142 0.0147297317 -1.38777878e-17 -0.00508046476 0.0140924212 0 -0.00508046476 0.0140924212 0 -0.0053357142 0.0147297317 -1.38777878e-17 -0.0053357142 0.00926723145 0 -0.00508046476 0.0140924212 0 -0.0053357142 0.00926723145 0 -0.0048152199 0.0131963966 -1.38777878e-17 -0.00446318835 0.0109199928 0 -0.0043515251 0.0119576082 0 -0.0053357142 0.00926723145 0 -0.0053357142 0.00926723145 0 -0.0043515251 0.0119576082 0 -0.00467319554 0.0129504027 0 -0.0053357142 0.00926723145 0 -0.00467319554 0.0129504027 0 -0.0048152199 0.0131963966 -1.38777878e-17 -0.0053357142 0.0052403044 0 -0.00319872703 0.00739654852 0 -0.0053357142 0.00926723145 0 -0.0053357142 0.00926723145 0 -0.00319872703 0.00739654852 0 -0.00429518288 0.00929566566 0 -0.0053357142 0.00926723145 0 -0.00429518288 0.00929566566 0 -0.00455251895 0.0100899013 0 -0.00474245381 -0.00481971633 -1.38777878e-17 -0.00337554398 -0.00569094019 0 -0.00511587132 -0.00411078427 0 -0.00511587132 -0.00411078427 0 -0.00337554398 -0.00569094019 0 -0.00337554398 0.000134059839 0 -0.00804124586 -0.000990940141 0 -0.00725622196 -0.00115144637 0 -0.0053357142 0.000134059839 0 -0.00725622196 -0.00115144637 0 -0.00659719901 -0.00160720292 0 -0.0053357142 0.000134059839 0 -0.0053357142 0.000134059839 0 -0.00659719901 -0.00160720292 0 -0.00616995478 -0.00228505791 0 -0.0053357142 0.000134059839 0 -0.00616995478 -0.00228505791 0 -0.00571742421 -0.00324094016 -1.38777878e-17 -0.00474245381 -0.00481971633 -1.38777878e-17 -0.00467726821 -0.00561832497 0 -0.00337554398 -0.00569094019 0 -0.00337554398 -0.00569094019 0 -0.00467726821 -0.00561832497 0 -0.00493077794 -0.00637842901 0 -0.00337554398 -0.00569094019 0 -0.00493077794 -0.00637842901 0 -0.00337554398 -0.0123052802 0 -0.00337554398 -0.0123052802 0 -0.00493077794 -0.00637842901 0 -0.0053357142 -0.0123052802 0 -0.00337554398 -0.0123052802 0 -0.0053357142 -0.0123052802 0 -0.00358870882 -0.017137276 -1.38777878e-17 -0.00358870882 -0.017137276 -1.38777878e-17 -0.0053357142 -0.0123052802 0 -0.00575572718 -0.0123072835 0 -0.00358870882 -0.017137276 -1.38777878e-17 -0.00575572718 -0.0123072835 0 -0.00621325895 -0.0127648152 0 0.00493935309 -0.00411078427 -1.38777878e-17 0.00554090599 -0.00324094016 -1.38777878e-17 0.00515919598 0.000134059839 0 0.00515919598 0.000134059839 0 0.00554090599 -0.00324094016 -1.38777878e-17 0.00599343656 -0.00228505791 0 0.00515919598 0.000134059839 0 0.00599343656 -0.00228505791 0 0.00642068079 -0.00160720292 0 0.00707970373 -0.00115144637 0 0.00786472764 -0.000990940141 0 0.00817284547 0.000134059839 0 0.00817284547 0.000134059839 0 0.00786472764 -0.000990940141 0 0.00817284547 -0.000990940141 0 0.00817284547 0.000134059839 0 0.00817284547 -0.000990940141 0 0.0100576393 -0.000990940141 0 0.00319902576 0.000134059839 0 0.00319902576 -0.00569094019 0 0.00456593558 -0.00481971633 0 0.00666174106 -0.0129322829 0 0.00603674073 -0.0127648152 0 0.00478054676 -0.0168000069 0 0.00478054676 -0.0168000069 0 0.00603674073 -0.0127648152 0 0.00515919598 -0.0123052802 0 0.00478054676 -0.0168000069 0 0.00515919598 -0.0123052802 0 0.00319902576 -0.0123052802 0 0.00319902576 -0.0123052802 0 0.00515919598 -0.0123052802 0 0.00475425972 -0.00637842901 0 0.00319902576 -0.0123052802 0 0.00475425972 -0.00637842901 0 0.00319902576 -0.00569094019 0 0.00319902576 -0.00569094019 0 0.00475425972 -0.00637842901 0 0.00450075045 -0.00561832497 0 0.00319902576 -0.00569094019 0 0.00450075045 -0.00561832497 0 0.00456593558 -0.00481971633 0 0.0135951545 -0.00921125431 0 0.0121890362 -0.0110144606 0 0.0120344171 -0.0126119833 0 0.0120344171 -0.0126119833 0 0.0121890362 -0.0110144606 0 0.011419571 -0.0115446858 0 0.0120344171 -0.0126119833 0 0.011419571 -0.0115446858 0 0.0102978451 -0.0123052802 0 0.0102978451 -0.0123052802 0 0.011419571 -0.0115446858 0 0.0104932114 -0.0116674658 0 0.0102978451 -0.0123052802 0 0.0104932114 -0.0116674658 0 0.00817284547 -0.0123052802 0 0.00817284547 -0.0123052802 0 0.0104932114 -0.0116674658 0 0.00961218681 -0.011355998 0 0.00817284547 -0.0123052802 0 0.00961218681 -0.011355998 0 0.00896882918 -0.0106782764 0 0.00774427271 -0.0110572828 0 0.0079117408 -0.0116822831 0 0.00812785421 -0.00965731125 -1.38777878e-17 0.00812785421 -0.00965731125 -1.38777878e-17 0.0079117408 -0.0116822831 0 0.00817284547 -0.0123052802 0 0.00812785421 -0.00965731125 -1.38777878e-17 0.00817284547 -0.0123052802 0 0.00882680435 -0.0104322834 0 0.00882680435 -0.0104322834 0 0.00817284547 -0.0123052802 0 0.00896882918 -0.0106782764 0 0.00603674073 0.0127829341 0 0.00666174106 0.0129504027 0 0.00515919598 0.0147297317 -1.38777878e-17 0.00331974193 0.0161532704 0 0.00416366337 0.0157520063 1.38777878e-17 0.00478054676 0.0168181267 0 0.00478054676 0.0168181267 0 0.00416366337 0.0157520063 1.38777878e-17 0.00515919598 0.0147297317 -1.38777878e-17 0.00478054676 0.0168181267 0 0.00515919598 0.0147297317 -1.38777878e-17 0.00817284547 0.0147297317 0 0.00817284547 0.0147297317 0 0.00515919598 0.0147297317 -1.38777878e-17 0.00666174106 0.0129504027 0 0.00817284547 0.0147297317 0 0.00666174106 0.0129504027 0 0.00728674093 0.0127829341 0 0.00728674093 0.0127829341 0 0.00774427271 0.0123254023 0 0.00817284547 0.0147297317 0 0.00817284547 0.0147297317 0 0.00774427271 0.0123254023 0 0.0079117408 0.0117004029 0 0.00817284547 0.0147297317 0 0.0079117408 0.0117004029 0 0.00817284547 0.00926723145 0 0.00817284547 0.00926723145 0 0.0079117408 0.0117004029 0 0.00774427271 0.0110754026 0 0.00728674093 0.0106178708 0 0.00666174106 0.0104504032 0 0.00515919598 0.00926723145 0 0.00515919598 0.00926723145 0 0.00666174106 0.0104504032 0 0.00603674073 0.0106178708 0 0.00603674073 0.0106178708 0 0.00557920896 0.0110754026 0 0.00515919598 0.00926723145 0 0.00515919598 0.00926723145 0 0.00557920896 0.0110754026 0 0.00541174086 0.0117004029 0 0.00515919598 0.00926723145 0 0.00541174086 0.0117004029 0 0.00515919598 0.0147297317 -1.38777878e-17 0.00515919598 0.0147297317 -1.38777878e-17 0.00541174086 0.0117004029 0 0.00557920896 0.0123254023 0 0.00515919598 0.0147297317 -1.38777878e-17 0.00557920896 0.0123254023 0 0.00603674073 0.0127829341 0 -0.00683825929 0.0104504032 0 -0.00746325916 0.0106178708 0 -0.00834936369 0.00926723145 0 -0.00834936369 0.00926723145 0 -0.00746325916 0.0106178708 0 -0.00792079046 0.0110754026 0 -0.00834936369 0.00926723145 0 -0.00792079046 0.0110754026 0 -0.00808825903 0.0117004029 0 -0.00621325895 0.0127829341 -1.38777878e-17 -0.00575572718 0.0123254023 0 -0.0053357142 0.0147297317 -1.38777878e-17 -0.0053357142 0.0147297317 -1.38777878e-17 -0.00575572718 0.0123254023 0 -0.00558825908 0.0117004029 0 -0.0053357142 0.0147297317 -1.38777878e-17 -0.00558825908 0.0117004029 0 -0.0053357142 0.00926723145 0 -0.0053357142 0.00926723145 0 -0.00558825908 0.0117004029 0 -0.00575572718 0.0110754026 0 -0.0053357142 0.00926723145 0 -0.00575572718 0.0110754026 0 -0.00621325895 0.0106178708 0 -0.00808825903 0.0117004029 0 -0.00834936369 0.0147297317 0 -0.00834936369 0.00926723145 0 -0.00834936369 0.00926723145 0 -0.00834936369 0.0147297317 0 -0.0111560533 0.0135646462 0 -0.00834936369 0.00926723145 0 -0.0111560533 0.0135646462 0 -0.0137243634 0.00926723145 0 -0.0137243634 0.00926723145 0 -0.0111560533 0.0135646462 0 -0.013187197 0.0116137061 0 -0.0137243634 0.00926723145 0 -0.013187197 0.0116137061 0 -0.0148790851 0.00936221145 0 -0.00808825903 0.0117004029 0 -0.00792079046 0.0123254023 0 -0.00834936369 0.0147297317 0 -0.00834936369 0.0147297317 0 -0.00792079046 0.0123254023 0 -0.00746325916 0.0127829341 0 -0.00834936369 0.0147297317 0 -0.00746325916 0.0127829341 0 -0.0053357142 0.0147297317 -1.38777878e-17 -0.0053357142 0.0147297317 -1.38777878e-17 -0.00746325916 0.0127829341 0 -0.00683825929 0.0129504027 0 -0.0053357142 0.0147297317 -1.38777878e-17 -0.00683825929 0.0129504027 0 -0.00621325895 0.0127829341 -1.38777878e-17 0.00774427271 0.0110754026 0 0.00728674093 0.0106178708 0 0.00817284547 0.00926723145 0 0.00817284547 0.00926723145 0 0.00728674093 0.0106178708 0 0.00515919598 0.00926723145 0 0.00817284547 0.00926723145 0 0.00515919598 0.00926723145 0 0.00817284547 0.0052403044 0 0.00817284547 0.0052403044 0 0.00515919598 0.00926723145 0 0.00515919598 0.0052403044 0 0.00817284547 0.0052403044 0 0.00515919598 0.0052403044 0 0.00817284547 0.000134059839 0 0.00817284547 0.000134059839 0 0.00515919598 0.0052403044 0 0.00515919598 0.000134059839 0 0.00817284547 0.000134059839 0 0.00515919598 0.000134059839 0 0.00707970373 -0.00115144637 0 0.00707970373 -0.00115144637 0 0.00515919598 0.000134059839 0 0.00642068079 -0.00160720292 0 0.00437600072 0.0100899013 0 0.00411866466 0.00929566566 0 0.00515919598 0.00926723145 0 0.00515919598 0.00926723145 0 0.00411866466 0.00929566566 0 0.00302220904 0.00739654852 -1.38777878e-17 0.00515919598 0.00926723145 0 0.00302220904 0.00739654852 -1.38777878e-17 0.00515919598 0.0052403044 0 0.00515919598 0.0052403044 0 0.00302220904 0.00739654852 -1.38777878e-17 0.00319902576 0.0052403044 0 0.00515919598 0.0052403044 0 0.00319902576 0.0052403044 0 0.00515919598 0.000134059839 0 0.00515919598 0.000134059839 0 0.00319902576 0.0052403044 0 0.00319902576 0.000134059839 0 0.00515919598 0.000134059839 0 0.00319902576 0.000134059839 0 0.00493935309 -0.00411078427 -1.38777878e-17 0.00493935309 -0.00411078427 -1.38777878e-17 0.00319902576 0.000134059839 0 0.00456593558 -0.00481971633 0 -0.00266721263 0.00679695094 -1.38777878e-17 -0.00319872703 0.00739654852 0 -0.00337554398 0.0052403044 0 -0.00337554398 0.0052403044 0 -0.00319872703 0.00739654852 0 -0.0053357142 0.0052403044 0 -0.00337554398 0.0052403044 0 -0.0053357142 0.0052403044 0 -0.00337554398 0.000134059839 0 -0.00337554398 0.000134059839 0 -0.0053357142 0.0052403044 0 -0.0053357142 0.000134059839 0 -0.00337554398 0.000134059839 0 -0.0053357142 0.000134059839 0 -0.00511587132 -0.00411078427 0 -0.00511587132 -0.00411078427 0 -0.0053357142 0.000134059839 0 -0.00571742421 -0.00324094016 -1.38777878e-17 -0.00621325895 0.0106178708 0 -0.00683825929 0.0104504032 0 -0.0053357142 0.00926723145 0 -0.0053357142 0.00926723145 0 -0.00683825929 0.0104504032 0 -0.00834936369 0.00926723145 0 -0.0053357142 0.00926723145 0 -0.00834936369 0.00926723145 0 -0.0053357142 0.0052403044 0 -0.0053357142 0.0052403044 0 -0.00834936369 0.00926723145 0 -0.00834936369 0.0052403044 0 -0.0053357142 0.0052403044 0 -0.00834936369 0.0052403044 0 -0.0053357142 0.000134059839 0 -0.0053357142 0.000134059839 0 -0.00834936369 0.0052403044 0 -0.00834936369 0.000134059839 0 -0.0053357142 0.000134059839 0 -0.00834936369 0.000134059839 0 -0.00804124586 -0.000990940141 0 -0.00804124586 -0.000990940141 0 -0.00834936369 0.000134059839 0 -0.00834936369 -0.000990940141 0 0.0009658247 0.00642302167 -1.38777878e-17 -8.82590757e-05 0.00650906004 0 0.00319902576 0.0052403044 0 0.00319902576 0.0052403044 0 -8.82590757e-05 0.00650906004 0 -0.00337554398 0.0052403044 0 0.00319902576 0.0052403044 0 -0.00337554398 0.0052403044 0 0.00319902576 0.000134059839 0 0.00319902576 0.000134059839 0 -0.00337554398 0.0052403044 0 -0.00337554398 0.000134059839 0 0.00319902576 0.000134059839 0 -0.00337554398 0.000134059839 0 0.00319902576 -0.00569094019 0 0.00319902576 -0.00569094019 0 -0.00337554398 0.000134059839 0 -0.00337554398 -0.00569094019 0 0.00319902576 -0.00569094019 0 -0.00337554398 -0.00569094019 0 -0.000797468878 -0.0102709075 -1.38777878e-17 -0.000797468878 -0.0102709075 -1.38777878e-17 -0.00337554398 -0.00569094019 0 -0.00158528052 -0.0108146947 0 -0.0123382593 9.05983779e-06 -0.00400000019 -0.0123382593 9.05983779e-06 0 -0.0125057269 0.000634059834 -0.00400000019 -0.0125057269 0.000634059834 -0.00400000019 -0.0123382593 9.05983779e-06 0 -0.0125057269 0.000634059834 0 -0.0125057269 0.000634059834 -0.00400000019 -0.0125057269 0.000634059834 0 -0.0129632587 0.00109159155 -0.00400000019 -0.0129632587 0.00109159155 -0.00400000019 -0.0125057269 0.000634059834 0 -0.0129632587 0.00109159155 0 -0.0129632587 0.00109159155 -0.00400000019 -0.0129632587 0.00109159155 0 -0.013588259 0.00125905988 -0.00400000019 -0.013588259 0.00125905988 -0.00400000019 -0.0129632587 0.00109159155 0 -0.013588259 0.00125905988 -1.38777878e-17 -0.013588259 0.00125905988 -0.00400000019 -0.013588259 0.00125905988 -1.38777878e-17 -0.0142132593 0.00109159155 -0.00400000019 -0.0142132593 0.00109159155 -0.00400000019 -0.013588259 0.00125905988 -1.38777878e-17 -0.0142132593 0.00109159155 0 -0.0142132593 0.00109159155 -0.00400000019 -0.0142132593 0.00109159155 0 -0.0146707911 0.000634059834 -0.00400000019 -0.0146707911 0.000634059834 -0.00400000019 -0.0142132593 0.00109159155 0 -0.0146707911 0.000634059834 0 -0.0146707911 0.000634059834 -0.00400000019 -0.0146707911 0.000634059834 0 -0.0148382587 9.05983779e-06 -0.00400000019 -0.0148382587 9.05983779e-06 -0.00400000019 -0.0146707911 0.000634059834 0 -0.0148382587 9.05983779e-06 0 -0.0148382587 9.05983779e-06 -0.00400000019 -0.0148382587 9.05983779e-06 0 -0.0146707911 -0.000615940138 -0.00400000019 -0.0146707911 -0.000615940138 -0.00400000019 -0.0148382587 9.05983779e-06 0 -0.0146707911 -0.000615940138 0 -0.0146707911 -0.000615940138 -0.00400000019 -0.0146707911 -0.000615940138 0 -0.0142132593 -0.00107347197 -0.00400000019 -0.0142132593 -0.00107347197 -0.00400000019 -0.0146707911 -0.000615940138 0 -0.0142132593 -0.00107347197 0 -0.0142132593 -0.00107347197 -0.00400000019 -0.0142132593 -0.00107347197 0 -0.0137319164 -0.00123265781 -0.00400000019 -0.0137319164 -0.00123265781 -0.00400000019 -0.0142132593 -0.00107347197 0 -0.0137319164 -0.00123265781 0 -0.0137319164 -0.00123265781 -0.00400000019 -0.0137319164 -0.00123265781 0 -0.013588259 -0.00124094018 -0.00400000019 -0.013588259 -0.00124094018 -0.00400000019 -0.0137319164 -0.00123265781 0 -0.013588259 -0.00124094018 0 -0.013588259 -0.00124094018 -0.00400000019 -0.013588259 -0.00124094018 0 -0.0129632587 -0.00107347197 -0.00400000019 -0.0129632587 -0.00107347197 -0.00400000019 -0.013588259 -0.00124094018 0 -0.0129632587 -0.00107347197 0 -0.0129632587 -0.00107347197 -0.00400000019 -0.0129632587 -0.00107347197 0 -0.0125057269 -0.000615940138 -0.00400000019 -0.0125057269 -0.000615940138 -0.00400000019 -0.0129632587 -0.00107347197 0 -0.0125057269 -0.000615940138 0 -0.0125057269 -0.000615940138 -0.00400000019 -0.0125057269 -0.000615940138 0 -0.0123382593 9.05983779e-06 -0.00400000019 -0.0123382593 9.05983779e-06 -0.00400000019 -0.0125057269 -0.000615940138 0 -0.0123382593 9.05983779e-06 0 -0.00558825908 -0.0116822831 -0.00400000019 -0.00558825908 -0.0116822831 0 -0.00575572718 -0.0110572828 -0.00400000019 -0.00575572718 -0.0110572828 -0.00400000019 -0.00558825908 -0.0116822831 0 -0.00575572718 -0.0110572828 0 -0.00575572718 -0.0110572828 -0.00400000019 -0.00575572718 -0.0110572828 0 -0.00621325895 -0.010599751 -0.00400000019 -0.00621325895 -0.010599751 -0.00400000019 -0.00575572718 -0.0110572828 0 -0.00621325895 -0.010599751 -1.38777878e-17 -0.00621325895 -0.010599751 -0.00400000019 -0.00621325895 -0.010599751 -1.38777878e-17 -0.00683825929 -0.0104322834 -0.00400000019 -0.00683825929 -0.0104322834 -0.00400000019 -0.00621325895 -0.010599751 -1.38777878e-17 -0.00683825929 -0.0104322834 0 -0.00683825929 -0.0104322834 -0.00400000019 -0.00683825929 -0.0104322834 0 -0.00746325916 -0.010599751 -0.00400000019 -0.00746325916 -0.010599751 -0.00400000019 -0.00683825929 -0.0104322834 0 -0.00746325916 -0.010599751 -1.38777878e-17 -0.00746325916 -0.010599751 -0.00400000019 -0.00746325916 -0.010599751 -1.38777878e-17 -0.00792079046 -0.0110572828 -0.00400000019 -0.00792079046 -0.0110572828 -0.00400000019 -0.00746325916 -0.010599751 -1.38777878e-17 -0.00792079046 -0.0110572828 0 -0.00792079046 -0.0110572828 -0.00400000019 -0.00792079046 -0.0110572828 0 -0.00808825903 -0.0116822831 -0.00400000019 -0.00808825903 -0.0116822831 -0.00400000019 -0.00792079046 -0.0110572828 0 -0.00808825903 -0.0116822831 0 -0.00808825903 -0.0116822831 -0.00400000019 -0.00808825903 -0.0116822831 0 -0.00792079046 -0.0123072835 -0.00400000019 -0.00792079046 -0.0123072835 -0.00400000019 -0.00808825903 -0.0116822831 0 -0.00792079046 -0.0123072835 0 -0.00792079046 -0.0123072835 -0.00400000019 -0.00792079046 -0.0123072835 0 -0.00746325916 -0.0127648152 -0.00400000019 -0.00746325916 -0.0127648152 -0.00400000019 -0.00792079046 -0.0123072835 0 -0.00746325916 -0.0127648152 0 -0.00746325916 -0.0127648152 -0.00400000019 -0.00746325916 -0.0127648152 0 -0.00683825929 -0.0129322829 -0.00400000019 -0.00683825929 -0.0129322829 -0.00400000019 -0.00746325916 -0.0127648152 0 -0.00683825929 -0.0129322829 0 -0.00683825929 -0.0129322829 -0.00400000019 -0.00683825929 -0.0129322829 0 -0.00621325895 -0.0127648152 -0.00400000019 -0.00621325895 -0.0127648152 -0.00400000019 -0.00683825929 -0.0129322829 0 -0.00621325895 -0.0127648152 0 -0.00621325895 -0.0127648152 -0.00400000019 -0.00621325895 -0.0127648152 0 -0.00575572718 -0.0123072835 -0.00400000019 -0.00575572718 -0.0123072835 -0.00400000019 -0.00621325895 -0.0127648152 0 -0.00575572718 -0.0123072835 0 -0.00575572718 -0.0123072835 -0.00400000019 -0.00575572718 -0.0123072835 0 -0.00558825908 -0.0116822831 -0.00400000019 -0.00558825908 -0.0116822831 -0.00400000019 -0.00575572718 -0.0123072835 0 -0.00558825908 -0.0116822831 0 0.0079117408 -0.0116822831 -0.00400000019 0.0079117408 -0.0116822831 0 0.00774427271 -0.0110572828 -0.00400000019 0.00774427271 -0.0110572828 -0.00400000019 0.0079117408 -0.0116822831 0 0.00774427271 -0.0110572828 0 0.00774427271 -0.0110572828 -0.00400000019 0.00774427271 -0.0110572828 0 0.00728674093 -0.010599751 -0.00400000019 0.00728674093 -0.010599751 -0.00400000019 0.00774427271 -0.0110572828 0 0.00728674093 -0.010599751 0 0.00728674093 -0.010599751 -0.00400000019 0.00728674093 -0.010599751 0 0.00666174106 -0.0104322834 -0.00400000019 0.00666174106 -0.0104322834 -0.00400000019 0.00728674093 -0.010599751 0 0.00666174106 -0.0104322834 0 0.00666174106 -0.0104322834 -0.00400000019 0.00666174106 -0.0104322834 0 0.00603674073 -0.010599751 -0.00400000019 0.00603674073 -0.010599751 -0.00400000019 0.00666174106 -0.0104322834 0 0.00603674073 -0.010599751 0 0.00603674073 -0.010599751 -0.00400000019 0.00603674073 -0.010599751 0 0.00557920896 -0.0110572828 -0.00400000019 0.00557920896 -0.0110572828 -0.00400000019 0.00603674073 -0.010599751 0 0.00557920896 -0.0110572828 0 0.00557920896 -0.0110572828 -0.00400000019 0.00557920896 -0.0110572828 0 0.00541174086 -0.0116822831 -0.00400000019 0.00541174086 -0.0116822831 -0.00400000019 0.00557920896 -0.0110572828 0 0.00541174086 -0.0116822831 0 0.00541174086 -0.0116822831 -0.00400000019 0.00541174086 -0.0116822831 0 0.00557920896 -0.0123072835 -0.00400000019 0.00557920896 -0.0123072835 -0.00400000019 0.00541174086 -0.0116822831 0 0.00557920896 -0.0123072835 0 0.00557920896 -0.0123072835 -0.00400000019 0.00557920896 -0.0123072835 0 0.00603674073 -0.0127648152 -0.00400000019 0.00603674073 -0.0127648152 -0.00400000019 0.00557920896 -0.0123072835 0 0.00603674073 -0.0127648152 0 0.00603674073 -0.0127648152 -0.00400000019 0.00603674073 -0.0127648152 0 0.00666174106 -0.0129322829 -0.00400000019 0.00666174106 -0.0129322829 -0.00400000019 0.00603674073 -0.0127648152 0 0.00666174106 -0.0129322829 0 0.00666174106 -0.0129322829 -0.00400000019 0.00666174106 -0.0129322829 0 0.00728674093 -0.0127648152 -0.00400000019 0.00728674093 -0.0127648152 -0.00400000019 0.00666174106 -0.0129322829 0 0.00728674093 -0.0127648152 0 0.00728674093 -0.0127648152 -0.00400000019 0.00728674093 -0.0127648152 0 0.00774427271 -0.0123072835 -0.00400000019 0.00774427271 -0.0123072835 -0.00400000019 0.00728674093 -0.0127648152 0 0.00774427271 -0.0123072835 0 0.00774427271 -0.0123072835 -0.00400000019 0.00774427271 -0.0123072835 0 0.0079117408 -0.0116822831 -0.00400000019 0.0079117408 -0.0116822831 -0.00400000019 0.00774427271 -0.0123072835 0 0.0079117408 -0.0116822831 0 0.00191174087 -0.0121409399 -0.00400000019 0.00191174087 -0.0121409399 0 0.00168265298 -0.011211494 -0.00400000019 0.00168265298 -0.011211494 -0.00400000019 0.00191174087 -0.0121409399 0 0.00168265298 -0.011211494 0 0.00168265298 -0.011211494 -0.00400000019 0.00168265298 -0.011211494 0 0.00104787038 -0.0104949726 -0.00400000019 0.00104787038 -0.0104949726 -0.00400000019 0.00168265298 -0.011211494 0 0.00104787038 -0.0104949726 0 0.00104787038 -0.0104949726 -0.00400000019 0.00104787038 -0.0104949726 0 0.000152814289 -0.0101555223 -0.00400000019 0.000152814289 -0.0101555223 -0.00400000019 0.00104787038 -0.0104949726 0 0.000152814289 -0.0101555223 0 0.000152814289 -0.0101555223 -0.00400000019 0.000152814289 -0.0101555223 0 -0.000797468878 -0.0102709075 -0.00400000019 -0.000797468878 -0.0102709075 -0.00400000019 0.000152814289 -0.0101555223 0 -0.000797468878 -0.0102709075 -1.38777878e-17 -0.000797468878 -0.0102709075 -0.00400000019 -0.000797468878 -0.0102709075 -1.38777878e-17 -0.00158528052 -0.0108146947 -0.00400000019 -0.00158528052 -0.0108146947 -0.00400000019 -0.000797468878 -0.0102709075 -1.38777878e-17 -0.00158528052 -0.0108146947 0 -0.00158528052 -0.0108146947 -0.00400000019 -0.00158528052 -0.0108146947 0 -0.00203014282 -0.0116623091 -0.00400000019 -0.00203014282 -0.0116623091 -0.00400000019 -0.00158528052 -0.0108146947 0 -0.00203014282 -0.0116623091 0 -0.00203014282 -0.0116623091 -0.00400000019 -0.00203014282 -0.0116623091 0 -0.00203014282 -0.0126195718 -0.00400000019 -0.00203014282 -0.0126195718 -0.00400000019 -0.00203014282 -0.0116623091 0 -0.00203014282 -0.0126195718 0 -0.00203014282 -0.0126195718 -0.00400000019 -0.00203014282 -0.0126195718 0 -0.00158528052 -0.0134671852 -0.00400000019 -0.00158528052 -0.0134671852 -0.00400000019 -0.00203014282 -0.0126195718 0 -0.00158528052 -0.0134671852 0 -0.00158528052 -0.0134671852 -0.00400000019 -0.00158528052 -0.0134671852 0 -0.000797468878 -0.0140109723 -0.00400000019 -0.000797468878 -0.0140109723 -0.00400000019 -0.00158528052 -0.0134671852 0 -0.000797468878 -0.0140109723 0 -0.000797468878 -0.0140109723 -0.00400000019 -0.000797468878 -0.0140109723 0 0.000152814289 -0.0141263576 -0.00400000019 0.000152814289 -0.0141263576 -0.00400000019 -0.000797468878 -0.0140109723 0 0.000152814289 -0.0141263576 0 0.000152814289 -0.0141263576 -0.00400000019 0.000152814289 -0.0141263576 0 0.00104787038 -0.0137869082 -0.00400000019 0.00104787038 -0.0137869082 -0.00400000019 0.000152814289 -0.0141263576 0 0.00104787038 -0.0137869082 0 0.00104787038 -0.0137869082 -0.00400000019 0.00104787038 -0.0137869082 0 0.00168265298 -0.0130703868 -0.00400000019 0.00168265298 -0.0130703868 -0.00400000019 0.00104787038 -0.0137869082 0 0.00168265298 -0.0130703868 0 0.00168265298 -0.0130703868 -0.00400000019 0.00168265298 -0.0130703868 0 0.00191174087 -0.0121409399 -0.00400000019 0.00191174087 -0.0121409399 -0.00400000019 0.00168265298 -0.0130703868 0 0.00191174087 -0.0121409399 0 0.0146617405 9.05983779e-06 -0.00400000019 0.0146617405 9.05983779e-06 0 0.0144942729 0.000634059834 -0.00400000019 0.0144942729 0.000634059834 -0.00400000019 0.0146617405 9.05983779e-06 0 0.0144942729 0.000634059834 0 0.0144942729 0.000634059834 -0.00400000019 0.0144942729 0.000634059834 0 0.0140367411 0.00109159155 -0.00400000019 0.0140367411 0.00109159155 -0.00400000019 0.0144942729 0.000634059834 0 0.0140367411 0.00109159155 0 0.0140367411 0.00109159155 -0.00400000019 0.0140367411 0.00109159155 0 0.0134117408 0.00125905988 -0.00400000019 0.0134117408 0.00125905988 -0.00400000019 0.0140367411 0.00109159155 0 0.0134117408 0.00125905988 0 0.0134117408 0.00125905988 -0.00400000019 0.0134117408 0.00125905988 0 0.0127867414 0.00109159155 -0.00400000019 0.0127867414 0.00109159155 -0.00400000019 0.0134117408 0.00125905988 0 0.0127867414 0.00109159155 0 0.0127867414 0.00109159155 -0.00400000019 0.0127867414 0.00109159155 0 0.0123292096 0.000634059834 -0.00400000019 0.0123292096 0.000634059834 -0.00400000019 0.0127867414 0.00109159155 0 0.0123292096 0.000634059834 0 0.0123292096 0.000634059834 -0.00400000019 0.0123292096 0.000634059834 0 0.012161741 9.05983779e-06 -0.00400000019 0.012161741 9.05983779e-06 -0.00400000019 0.0123292096 0.000634059834 0 0.012161741 9.05983779e-06 0 0.012161741 9.05983779e-06 -0.00400000019 0.012161741 9.05983779e-06 0 0.0123292096 -0.000615940138 -0.00400000019 0.0123292096 -0.000615940138 -0.00400000019 0.012161741 9.05983779e-06 0 0.0123292096 -0.000615940138 0 0.0123292096 -0.000615940138 -0.00400000019 0.0123292096 -0.000615940138 0 0.0127867414 -0.00107347197 -0.00400000019 0.0127867414 -0.00107347197 -0.00400000019 0.0123292096 -0.000615940138 0 0.0127867414 -0.00107347197 0 0.0127867414 -0.00107347197 -0.00400000019 0.0127867414 -0.00107347197 0 0.0134117408 -0.00124094018 -0.00400000019 0.0134117408 -0.00124094018 -0.00400000019 0.0127867414 -0.00107347197 0 0.0134117408 -0.00124094018 0 0.0134117408 -0.00124094018 -0.00400000019 0.0134117408 -0.00124094018 0 0.0140367411 -0.00107347197 -0.00400000019 0.0140367411 -0.00107347197 -0.00400000019 0.0134117408 -0.00124094018 0 0.0140367411 -0.00107347197 0 0.0140367411 -0.00107347197 -0.00400000019 0.0140367411 -0.00107347197 0 0.0144942729 -0.000615940138 -0.00400000019 0.0144942729 -0.000615940138 -0.00400000019 0.0140367411 -0.00107347197 0 0.0144942729 -0.000615940138 0 0.0144942729 -0.000615940138 -0.00400000019 0.0144942729 -0.000615940138 0 0.0146617405 9.05983779e-06 -0.00400000019 0.0146617405 9.05983779e-06 -0.00400000019 0.0144942729 -0.000615940138 0 0.0146617405 9.05983779e-06 0 0.0079117408 0.0117004029 -0.00400000019 0.0079117408 0.0117004029 0 0.00774427271 0.0123254023 -0.00400000019 0.00774427271 0.0123254023 -0.00400000019 0.0079117408 0.0117004029 0 0.00774427271 0.0123254023 0 0.00774427271 0.0123254023 -0.00400000019 0.00774427271 0.0123254023 0 0.00728674093 0.0127829341 -0.00400000019 0.00728674093 0.0127829341 -0.00400000019 0.00774427271 0.0123254023 0 0.00728674093 0.0127829341 0 0.00728674093 0.0127829341 -0.00400000019 0.00728674093 0.0127829341 0 0.00666174106 0.0129504027 -0.00400000019 0.00666174106 0.0129504027 -0.00400000019 0.00728674093 0.0127829341 0 0.00666174106 0.0129504027 0 0.00666174106 0.0129504027 -0.00400000019 0.00666174106 0.0129504027 0 0.00603674073 0.0127829341 -0.00400000019 0.00603674073 0.0127829341 -0.00400000019 0.00666174106 0.0129504027 0 0.00603674073 0.0127829341 0 0.00603674073 0.0127829341 -0.00400000019 0.00603674073 0.0127829341 0 0.00557920896 0.0123254023 -0.00400000019 0.00557920896 0.0123254023 -0.00400000019 0.00603674073 0.0127829341 0 0.00557920896 0.0123254023 0 0.00557920896 0.0123254023 -0.00400000019 0.00557920896 0.0123254023 0 0.00541174086 0.0117004029 -0.00400000019 0.00541174086 0.0117004029 -0.00400000019 0.00557920896 0.0123254023 0 0.00541174086 0.0117004029 0 0.00541174086 0.0117004029 -0.00400000019 0.00541174086 0.0117004029 0 0.00557920896 0.0110754026 -0.00400000019 0.00557920896 0.0110754026 -0.00400000019 0.00541174086 0.0117004029 0 0.00557920896 0.0110754026 0 0.00557920896 0.0110754026 -0.00400000019 0.00557920896 0.0110754026 0 0.00603674073 0.0106178708 -0.00400000019 0.00603674073 0.0106178708 -0.00400000019 0.00557920896 0.0110754026 0 0.00603674073 0.0106178708 0 0.00603674073 0.0106178708 -0.00400000019 0.00603674073 0.0106178708 0 0.00666174106 0.0104504032 -0.00400000019 0.00666174106 0.0104504032 -0.00400000019 0.00603674073 0.0106178708 0 0.00666174106 0.0104504032 0 0.00666174106 0.0104504032 -0.00400000019 0.00666174106 0.0104504032 0 0.00728674093 0.0106178708 -0.00400000019 0.00728674093 0.0106178708 -0.00400000019 0.00666174106 0.0104504032 0 0.00728674093 0.0106178708 0 0.00728674093 0.0106178708 -0.00400000019 0.00728674093 0.0106178708 0 0.00774427271 0.0110754026 -0.00400000019 0.00774427271 0.0110754026 -0.00400000019 0.00728674093 0.0106178708 0 0.00774427271 0.0110754026 0 0.00774427271 0.0110754026 -0.00400000019 0.00774427271 0.0110754026 0 0.0079117408 0.0117004029 -0.00400000019 0.0079117408 0.0117004029 -0.00400000019 0.00774427271 0.0110754026 0 0.0079117408 0.0117004029 0 -0.00558825908 0.0117004029 -0.00400000019 -0.00558825908 0.0117004029 0 -0.00575572718 0.0123254023 -0.00400000019 -0.00575572718 0.0123254023 -0.00400000019 -0.00558825908 0.0117004029 0 -0.00575572718 0.0123254023 0 -0.00575572718 0.0123254023 -0.00400000019 -0.00575572718 0.0123254023 0 -0.00621325895 0.0127829341 -0.00400000019 -0.00621325895 0.0127829341 -0.00400000019 -0.00575572718 0.0123254023 0 -0.00621325895 0.0127829341 -1.38777878e-17 -0.00621325895 0.0127829341 -0.00400000019 -0.00621325895 0.0127829341 -1.38777878e-17 -0.00683825929 0.0129504027 -0.00400000019 -0.00683825929 0.0129504027 -0.00400000019 -0.00621325895 0.0127829341 -1.38777878e-17 -0.00683825929 0.0129504027 0 -0.00683825929 0.0129504027 -0.00400000019 -0.00683825929 0.0129504027 0 -0.00746325916 0.0127829341 -0.00400000019 -0.00746325916 0.0127829341 -0.00400000019 -0.00683825929 0.0129504027 0 -0.00746325916 0.0127829341 0 -0.00746325916 0.0127829341 -0.00400000019 -0.00746325916 0.0127829341 0 -0.00792079046 0.0123254023 -0.00400000019 -0.00792079046 0.0123254023 -0.00400000019 -0.00746325916 0.0127829341 0 -0.00792079046 0.0123254023 0 -0.00792079046 0.0123254023 -0.00400000019 -0.00792079046 0.0123254023 0 -0.00808825903 0.0117004029 -0.00400000019 -0.00808825903 0.0117004029 -0.00400000019 -0.00792079046 0.0123254023 0 -0.00808825903 0.0117004029 0 -0.00808825903 0.0117004029 -0.00400000019 -0.00808825903 0.0117004029 0 -0.00792079046 0.0110754026 -0.00400000019 -0.00792079046 0.0110754026 -0.00400000019 -0.00808825903 0.0117004029 0 -0.00792079046 0.0110754026 0 -0.00792079046 0.0110754026 -0.00400000019 -0.00792079046 0.0110754026 0 -0.00746325916 0.0106178708 -0.00400000019 -0.00746325916 0.0106178708 -0.00400000019 -0.00792079046 0.0110754026 0 -0.00746325916 0.0106178708 0 -0.00746325916 0.0106178708 -0.00400000019 -0.00746325916 0.0106178708 0 -0.00683825929 0.0104504032 -0.00400000019 -0.00683825929 0.0104504032 -0.00400000019 -0.00746325916 0.0106178708 0 -0.00683825929 0.0104504032 0 -0.00683825929 0.0104504032 -0.00400000019 -0.00683825929 0.0104504032 0 -0.00621325895 0.0106178708 -0.00400000019 -0.00621325895 0.0106178708 -0.00400000019 -0.00683825929 0.0104504032 0 -0.00621325895 0.0106178708 0 -0.00621325895 0.0106178708 -0.00400000019 -0.00621325895 0.0106178708 0 -0.00575572718 0.0110754026 -0.00400000019 -0.00575572718 0.0110754026 -0.00400000019 -0.00621325895 0.0106178708 0 -0.00575572718 0.0110754026 0 -0.00575572718 0.0110754026 -0.00400000019 -0.00575572718 0.0110754026 0 -0.00558825908 0.0117004029 -0.00400000019 -0.00558825908 0.0117004029 -0.00400000019 -0.00575572718 0.0110754026 0 -0.00558825908 0.0117004029 0 -0.00861046743 0.00608405983 -0.00400000019 -0.00861046743 0.00608405983 0 -0.00883955602 0.00701350626 -0.00400000019 -0.00883955602 0.00701350626 -0.00400000019 -0.00861046743 0.00608405983 0 -0.00883955602 0.00701350626 -1.38777878e-17 -0.00883955602 0.00701350626 -0.00400000019 -0.00883955602 0.00701350626 -1.38777878e-17 -0.00947433803 0.00773002766 -0.00400000019 -0.00947433803 0.00773002766 -0.00400000019 -0.00883955602 0.00701350626 -1.38777878e-17 -0.00947433803 0.00773002766 0 -0.00947433803 0.00773002766 -0.00400000019 -0.00947433803 0.00773002766 0 -0.010369394 0.00806947798 -0.00400000019 -0.010369394 0.00806947798 -0.00400000019 -0.00947433803 0.00773002766 0 -0.010369394 0.00806947798 0 -0.010369394 0.00806947798 -0.00400000019 -0.010369394 0.00806947798 0 -0.0113196773 0.0079540927 -0.00400000019 -0.0113196773 0.0079540927 -0.00400000019 -0.010369394 0.00806947798 0 -0.0113196773 0.0079540927 -1.38777878e-17 -0.0113196773 0.0079540927 -0.00400000019 -0.0113196773 0.0079540927 -1.38777878e-17 -0.0121074896 0.00741030509 -0.00400000019 -0.0121074896 0.00741030509 -0.00400000019 -0.0113196773 0.0079540927 -1.38777878e-17 -0.0121074896 0.00741030509 -1.38777878e-17 -0.0121074896 0.00741030509 -0.00400000019 -0.0121074896 0.00741030509 -1.38777878e-17 -0.0125523517 0.00656269118 -0.00400000019 -0.0125523517 0.00656269118 -0.00400000019 -0.0121074896 0.00741030509 -1.38777878e-17 -0.0125523517 0.00656269118 0 -0.0125523517 0.00656269118 -0.00400000019 -0.0125523517 0.00656269118 0 -0.0125523517 0.00560542848 -0.00400000019 -0.0125523517 0.00560542848 -0.00400000019 -0.0125523517 0.00656269118 0 -0.0125523517 0.00560542848 0 -0.0125523517 0.00560542848 -0.00400000019 -0.0125523517 0.00560542848 0 -0.0121074896 0.00475781457 -0.00400000019 -0.0121074896 0.00475781457 -0.00400000019 -0.0125523517 0.00560542848 0 -0.0121074896 0.00475781457 0 -0.0121074896 0.00475781457 -0.00400000019 -0.0121074896 0.00475781457 0 -0.0113196773 0.00421402743 -0.00400000019 -0.0113196773 0.00421402743 -0.00400000019 -0.0121074896 0.00475781457 0 -0.0113196773 0.00421402743 0 -0.0113196773 0.00421402743 -0.00400000019 -0.0113196773 0.00421402743 0 -0.010369394 0.00409864215 -0.00400000019 -0.010369394 0.00409864215 -0.00400000019 -0.0113196773 0.00421402743 0 -0.010369394 0.00409864215 0 -0.010369394 0.00409864215 -0.00400000019 -0.010369394 0.00409864215 0 -0.00947433803 0.004438092 -0.00400000019 -0.00947433803 0.004438092 -0.00400000019 -0.010369394 0.00409864215 0 -0.00947433803 0.004438092 0 -0.00947433803 0.004438092 -0.00400000019 -0.00947433803 0.004438092 0 -0.00883955602 0.00515461341 -0.00400000019 -0.00883955602 0.00515461341 -0.00400000019 -0.00947433803 0.004438092 0 -0.00883955602 0.00515461341 0 -0.00883955602 0.00515461341 -0.00400000019 -0.00883955602 0.00515461341 0 -0.00861046743 0.00608405983 -0.00400000019 -0.00861046743 0.00608405983 -0.00400000019 -0.00883955602 0.00515461341 0 -0.00861046743 0.00608405983 0 0.0124339499 0.00608405983 -0.00400000019 0.0124339499 0.00608405983 0 0.0122048613 0.00701350626 -0.00400000019 0.0122048613 0.00701350626 -0.00400000019 0.0124339499 0.00608405983 0 0.0122048613 0.00701350626 0 0.0122048613 0.00701350626 -0.00400000019 0.0122048613 0.00701350626 0 0.0115700793 0.00773002766 -0.00400000019 0.0115700793 0.00773002766 -0.00400000019 0.0122048613 0.00701350626 0 0.0115700793 0.00773002766 -1.38777878e-17 0.0115700793 0.00773002766 -0.00400000019 0.0115700793 0.00773002766 -1.38777878e-17 0.0106750233 0.00806947798 -0.00400000019 0.0106750233 0.00806947798 -0.00400000019 0.0115700793 0.00773002766 -1.38777878e-17 0.0106750233 0.00806947798 0 0.0106750233 0.00806947798 -0.00400000019 0.0106750233 0.00806947798 0 0.00972473994 0.0079540927 -0.00400000019 0.00972473994 0.0079540927 -0.00400000019 0.0106750233 0.00806947798 0 0.00972473994 0.0079540927 0 0.00972473994 0.0079540927 -0.00400000019 0.00972473994 0.0079540927 0 0.00893692765 0.00741030509 -0.00400000019 0.00893692765 0.00741030509 -0.00400000019 0.00972473994 0.0079540927 0 0.00893692765 0.00741030509 -1.38777878e-17 0.00893692765 0.00741030509 -0.00400000019 0.00893692765 0.00741030509 -1.38777878e-17 0.00849206559 0.00656269118 -0.00400000019 0.00849206559 0.00656269118 -0.00400000019 0.00893692765 0.00741030509 -1.38777878e-17 0.00849206559 0.00656269118 -1.38777878e-17 0.00849206559 0.00656269118 -0.00400000019 0.00849206559 0.00656269118 -1.38777878e-17 0.00849206559 0.00560542848 -0.00400000019 0.00849206559 0.00560542848 -0.00400000019 0.00849206559 0.00656269118 -1.38777878e-17 0.00849206559 0.00560542848 0 0.00849206559 0.00560542848 -0.00400000019 0.00849206559 0.00560542848 0 0.00893692765 0.00475781457 -0.00400000019 0.00893692765 0.00475781457 -0.00400000019 0.00849206559 0.00560542848 0 0.00893692765 0.00475781457 0 0.00893692765 0.00475781457 -0.00400000019 0.00893692765 0.00475781457 0 0.00972473994 0.00421402743 -0.00400000019 0.00972473994 0.00421402743 -0.00400000019 0.00893692765 0.00475781457 0 0.00972473994 0.00421402743 0 0.00972473994 0.00421402743 -0.00400000019 0.00972473994 0.00421402743 0 0.0106750233 0.00409864215 -0.00400000019 0.0106750233 0.00409864215 -0.00400000019 0.00972473994 0.00421402743 0 0.0106750233 0.00409864215 0 0.0106750233 0.00409864215 -0.00400000019 0.0106750233 0.00409864215 0 0.0115700793 0.004438092 -0.00400000019 0.0115700793 0.004438092 -0.00400000019 0.0106750233 0.00409864215 0 0.0115700793 0.004438092 0 0.0115700793 0.004438092 -0.00400000019 0.0115700793 0.004438092 0 0.0122048613 0.00515461341 -0.00400000019 0.0122048613 0.00515461341 -0.00400000019 0.0115700793 0.004438092 0 0.0122048613 0.00515461341 0 0.0122048613 0.00515461341 -0.00400000019 0.0122048613 0.00515461341 0 0.0124339499 0.00608405983 -0.00400000019 0.0124339499 0.00608405983 -0.00400000019 0.0122048613 0.00515461341 0 0.0124339499 0.00608405983 0 -0.00319872703 0.00739654852 -0.00400000019 -0.00319872703 0.00739654852 0 -0.00266721263 0.00679695094 -0.00400000019 -0.00266721263 0.00679695094 -0.00400000019 -0.00319872703 0.00739654852 0 -0.00266721263 0.00679695094 -1.38777878e-17 -0.00266721263 0.00679695094 -0.00400000019 -0.00266721263 0.00679695094 -1.38777878e-17 -0.00194300455 0.0064540985 -0.00400000019 -0.00194300455 0.0064540985 -0.00400000019 -0.00266721263 0.00679695094 -1.38777878e-17 -0.00194300455 0.0064540985 0 -0.00194300455 0.0064540985 -0.00400000019 -0.00194300455 0.0064540985 0 -0.00114234281 0.00642302167 -0.00400000019 -0.00114234281 0.00642302167 -0.00400000019 -0.00194300455 0.0064540985 0 -0.00114234281 0.00642302167 0 -0.00319872703 0.00739654852 -0.00400000019 -0.00429518288 0.00929566566 -0.00400000019 -0.00319872703 0.00739654852 0 -0.00319872703 0.00739654852 0 -0.00429518288 0.00929566566 -0.00400000019 -0.00429518288 0.00929566566 0 -0.00446318835 0.0109199928 -0.00400000019 -0.00446318835 0.0109199928 0 -0.00455251895 0.0100899013 -0.00400000019 -0.00455251895 0.0100899013 -0.00400000019 -0.00446318835 0.0109199928 0 -0.00455251895 0.0100899013 0 -0.00455251895 0.0100899013 -0.00400000019 -0.00455251895 0.0100899013 0 -0.00429518288 0.00929566566 -0.00400000019 -0.00429518288 0.00929566566 -0.00400000019 -0.00455251895 0.0100899013 0 -0.00429518288 0.00929566566 0 -0.00467319554 0.0129504027 -0.00400000019 -0.00467319554 0.0129504027 0 -0.0043515251 0.0119576082 0 -0.00467319554 0.0129504027 -0.00400000019 -0.0043515251 0.0119576082 0 -0.0043515251 0.0119576082 -0.00400000019 -0.0043515251 0.0119576082 -0.00400000019 -0.0043515251 0.0119576082 0 -0.00446318835 0.0109199928 0 -0.0043515251 0.0119576082 -0.00400000019 -0.00446318835 0.0109199928 0 -0.00446318835 0.0109199928 -0.00400000019 -0.00467319554 0.0129504027 -0.00400000019 -0.0048152199 0.0131963966 -0.00400000019 -0.00467319554 0.0129504027 0 -0.00467319554 0.0129504027 0 -0.0048152199 0.0131963966 -0.00400000019 -0.0048152199 0.0131963966 -1.38777878e-17 -0.00349626015 0.0161532704 -0.00400000019 -0.00349626015 0.0161532704 0 -0.00434018113 0.0157520063 -0.00400000019 -0.00434018113 0.0157520063 -0.00400000019 -0.00349626015 0.0161532704 0 -0.00434018113 0.0157520063 0 -0.00434018113 0.0157520063 -0.00400000019 -0.00434018113 0.0157520063 0 -0.0049096914 0.0150111448 -0.00400000019 -0.0049096914 0.0150111448 -0.00400000019 -0.00434018113 0.0157520063 0 -0.0049096914 0.0150111448 0 -0.0049096914 0.0150111448 -0.00400000019 -0.0049096914 0.0150111448 0 -0.00508046476 0.0140924212 -0.00400000019 -0.00508046476 0.0140924212 -0.00400000019 -0.0049096914 0.0150111448 0 -0.00508046476 0.0140924212 0 -0.00508046476 0.0140924212 -0.00400000019 -0.00508046476 0.0140924212 0 -0.0048152199 0.0131963966 -0.00400000019 -0.0048152199 0.0131963966 -0.00400000019 -0.00508046476 0.0140924212 0 -0.0048152199 0.0131963966 -1.38777878e-17 0.00331974193 0.0161532704 -0.00400000019 0.00331974193 0.0161532704 0 0.00105506065 0.0164694004 -0.00400000019 0.00105506065 0.0164694004 -0.00400000019 0.00331974193 0.0161532704 0 0.00105506065 0.0164694004 0 0.00105506065 0.0164694004 -0.00400000019 0.00105506065 0.0164694004 0 -0.00123157876 0.0164694004 -0.00400000019 -0.00123157876 0.0164694004 -0.00400000019 0.00105506065 0.0164694004 0 -0.00123157876 0.0164694004 0 -0.00123157876 0.0164694004 -0.00400000019 -0.00123157876 0.0164694004 0 -0.00349626015 0.0161532704 -0.00400000019 -0.00349626015 0.0161532704 -0.00400000019 -0.00123157876 0.0164694004 0 -0.00349626015 0.0161532704 0 0.00463870168 0.0131963966 -0.00400000019 0.00463870168 0.0131963966 0 0.00490394654 0.0140924212 -0.00400000019 0.00490394654 0.0140924212 -0.00400000019 0.00463870168 0.0131963966 0 0.00490394654 0.0140924212 0 0.00490394654 0.0140924212 -0.00400000019 0.00490394654 0.0140924212 0 0.00473317364 0.0150111448 -0.00400000019 0.00473317364 0.0150111448 -0.00400000019 0.00490394654 0.0140924212 0 0.00473317364 0.0150111448 0 0.00473317364 0.0150111448 -0.00400000019 0.00473317364 0.0150111448 0 0.00416366337 0.0157520063 -0.00400000019 0.00416366337 0.0157520063 -0.00400000019 0.00473317364 0.0150111448 0 0.00416366337 0.0157520063 1.38777878e-17 0.00416366337 0.0157520063 -0.00400000019 0.00416366337 0.0157520063 1.38777878e-17 0.00331974193 0.0161532704 -0.00400000019 0.00331974193 0.0161532704 -0.00400000019 0.00416366337 0.0157520063 1.38777878e-17 0.00331974193 0.0161532704 0 0.00463870168 0.0131963966 -0.00400000019 0.00449667731 0.0129504027 -0.00400000019 0.00463870168 0.0131963966 0 0.00463870168 0.0131963966 0 0.00449667731 0.0129504027 -0.00400000019 0.00449667731 0.0129504027 0 0.00428667013 0.0109199928 -0.00400000019 0.00428667013 0.0109199928 0 0.00417500688 0.0119576082 0 0.00428667013 0.0109199928 -0.00400000019 0.00417500688 0.0119576082 0 0.00417500688 0.0119576082 -0.00400000019 0.00417500688 0.0119576082 -0.00400000019 0.00417500688 0.0119576082 0 0.00449667731 0.0129504027 0 0.00417500688 0.0119576082 -0.00400000019 0.00449667731 0.0129504027 0 0.00449667731 0.0129504027 -0.00400000019 0.00411866466 0.00929566566 -0.00400000019 0.00411866466 0.00929566566 0 0.00437600072 0.0100899013 -0.00400000019 0.00437600072 0.0100899013 -0.00400000019 0.00411866466 0.00929566566 0 0.00437600072 0.0100899013 0 0.00437600072 0.0100899013 -0.00400000019 0.00437600072 0.0100899013 0 0.00428667013 0.0109199928 -0.00400000019 0.00428667013 0.0109199928 -0.00400000019 0.00437600072 0.0100899013 0 0.00428667013 0.0109199928 0 0.00411866466 0.00929566566 -0.00400000019 0.00302220904 0.00739654852 -0.00400000019 0.00411866466 0.00929566566 0 0.00411866466 0.00929566566 0 0.00302220904 0.00739654852 -0.00400000019 0.00302220904 0.00739654852 -1.38777878e-17 0.0009658247 0.00642302167 -0.00400000019 0.0009658247 0.00642302167 -1.38777878e-17 0.00176648644 0.0064540985 -0.00400000019 0.00176648644 0.0064540985 -0.00400000019 0.0009658247 0.00642302167 -1.38777878e-17 0.00176648644 0.0064540985 -1.38777878e-17 0.00176648644 0.0064540985 -0.00400000019 0.00176648644 0.0064540985 -1.38777878e-17 0.0024906944 0.00679695094 -0.00400000019 0.0024906944 0.00679695094 -0.00400000019 0.00176648644 0.0064540985 -1.38777878e-17 0.0024906944 0.00679695094 -1.38777878e-17 0.0024906944 0.00679695094 -0.00400000019 0.0024906944 0.00679695094 -1.38777878e-17 0.00302220904 0.00739654852 -0.00400000019 0.00302220904 0.00739654852 -0.00400000019 0.0024906944 0.00679695094 -1.38777878e-17 0.00302220904 0.00739654852 -1.38777878e-17 -0.00114234281 0.00642302167 -0.00400000019 -0.00114234281 0.00642302167 0 -8.82590757e-05 0.00650906004 0 -0.00114234281 0.00642302167 -0.00400000019 -8.82590757e-05 0.00650906004 0 -8.82590757e-05 0.00650906004 -0.00400000019 -8.82590757e-05 0.00650906004 -0.00400000019 -8.82590757e-05 0.00650906004 0 0.0009658247 0.00642302167 -1.38777878e-17 -8.82590757e-05 0.00650906004 -0.00400000019 0.0009658247 0.00642302167 -1.38777878e-17 0.0009658247 0.00642302167 -0.00400000019 -0.00493077794 -0.00637842901 -0.00400000019 -0.00493077794 -0.00637842901 0 -0.00467726821 -0.00561832497 -0.00400000019 -0.00467726821 -0.00561832497 -0.00400000019 -0.00493077794 -0.00637842901 0 -0.00467726821 -0.00561832497 0 -0.00467726821 -0.00561832497 -0.00400000019 -0.00467726821 -0.00561832497 0 -0.00474245381 -0.00481971633 -0.00400000019 -0.00474245381 -0.00481971633 -0.00400000019 -0.00467726821 -0.00561832497 0 -0.00474245381 -0.00481971633 -1.38777878e-17 -0.00474245381 -0.00481971633 -0.00400000019 -0.00474245381 -0.00481971633 -1.38777878e-17 -0.00511587132 -0.00411078427 -0.00400000019 -0.00511587132 -0.00411078427 -0.00400000019 -0.00474245381 -0.00481971633 -1.38777878e-17 -0.00511587132 -0.00411078427 0 -0.00493077794 -0.00637842901 -0.00400000019 -0.00602723332 -0.00827754568 -0.00400000019 -0.00493077794 -0.00637842901 0 -0.00493077794 -0.00637842901 0 -0.00602723332 -0.00827754568 -0.00400000019 -0.00602723332 -0.00827754568 0 -0.00734993955 -0.00923520699 -0.00400000019 -0.00734993955 -0.00923520699 0 -0.00658639381 -0.0088975234 -0.00400000019 -0.00658639381 -0.0088975234 -0.00400000019 -0.00734993955 -0.00923520699 0 -0.00658639381 -0.0088975234 1.38777878e-17 -0.00658639381 -0.0088975234 -0.00400000019 -0.00658639381 -0.0088975234 1.38777878e-17 -0.00602723332 -0.00827754568 -0.00400000019 -0.00602723332 -0.00827754568 -0.00400000019 -0.00658639381 -0.0088975234 1.38777878e-17 -0.00602723332 -0.00827754568 0 -0.00900332257 -0.0104322834 -0.00400000019 -0.00900332257 -0.0104322834 0 -0.00830437243 -0.00965731125 0 -0.00900332257 -0.0104322834 -0.00400000019 -0.00830437243 -0.00965731125 0 -0.00830437243 -0.00965731125 -0.00400000019 -0.00830437243 -0.00965731125 -0.00400000019 -0.00830437243 -0.00965731125 0 -0.00734993955 -0.00923520699 0 -0.00830437243 -0.00965731125 -0.00400000019 -0.00734993955 -0.00923520699 0 -0.00734993955 -0.00923520699 -0.00400000019 -0.00900332257 -0.0104322834 -0.00400000019 -0.0091453474 -0.0106782764 -0.00400000019 -0.00900332257 -0.0104322834 0 -0.00900332257 -0.0104322834 0 -0.0091453474 -0.0106782764 -0.00400000019 -0.0091453474 -0.0106782764 0 -0.0123655545 -0.0110144606 -0.00400000019 -0.0123655545 -0.0110144606 -1.38777878e-17 -0.0115960892 -0.0115446858 -0.00400000019 -0.0115960892 -0.0115446858 -0.00400000019 -0.0123655545 -0.0110144606 -1.38777878e-17 -0.0115960892 -0.0115446858 0 -0.0115960892 -0.0115446858 -0.00400000019 -0.0115960892 -0.0115446858 0 -0.0106697297 -0.0116674658 -0.00400000019 -0.0106697297 -0.0116674658 -0.00400000019 -0.0115960892 -0.0115446858 0 -0.0106697297 -0.0116674658 0 -0.0106697297 -0.0116674658 -0.00400000019 -0.0106697297 -0.0116674658 0 -0.00978870504 -0.011355998 -0.00400000019 -0.00978870504 -0.011355998 -0.00400000019 -0.0106697297 -0.0116674658 0 -0.00978870504 -0.011355998 0 -0.00978870504 -0.011355998 -0.00400000019 -0.00978870504 -0.011355998 0 -0.0091453474 -0.0106782764 -0.00400000019 -0.0091453474 -0.0106782764 -0.00400000019 -0.00978870504 -0.011355998 0 -0.0091453474 -0.0106782764 0 -0.0157735553 -0.00511162961 -0.00400000019 -0.0157735553 -0.00511162961 0 -0.0149149923 -0.00723096682 -0.00400000019 -0.0149149923 -0.00723096682 -0.00400000019 -0.0157735553 -0.00511162961 0 -0.0149149923 -0.00723096682 0 -0.0149149923 -0.00723096682 -0.00400000019 -0.0149149923 -0.00723096682 0 -0.0137716727 -0.00921125431 -0.00400000019 -0.0137716727 -0.00921125431 -0.00400000019 -0.0149149923 -0.00723096682 0 -0.0137716727 -0.00921125431 0 -0.0137716727 -0.00921125431 -0.00400000019 -0.0137716727 -0.00921125431 0 -0.0123655545 -0.0110144606 -0.00400000019 -0.0123655545 -0.0110144606 -0.00400000019 -0.0137716727 -0.00921125431 0 -0.0123655545 -0.0110144606 -1.38777878e-17 -0.0138723077 -0.00249094027 -0.00400000019 -0.0138723077 -0.00249094027 0 -0.0147809107 -0.00270924415 -0.00400000019 -0.0147809107 -0.00270924415 -0.00400000019 -0.0138723077 -0.00249094027 0 -0.0147809107 -0.00270924415 0 -0.0147809107 -0.00270924415 -0.00400000019 -0.0147809107 -0.00270924415 0 -0.0154911624 -0.00331649976 -0.00400000019 -0.0154911624 -0.00331649976 -0.00400000019 -0.0147809107 -0.00270924415 0 -0.0154911624 -0.00331649976 -1.38777878e-17 -0.0154911624 -0.00331649976 -0.00400000019 -0.0154911624 -0.00331649976 -1.38777878e-17 -0.0158480108 -0.00418014033 -0.00400000019 -0.0158480108 -0.00418014033 -0.00400000019 -0.0154911624 -0.00331649976 -1.38777878e-17 -0.0158480108 -0.00418014033 0 -0.0158480108 -0.00418014033 -0.00400000019 -0.0158480108 -0.00418014033 0 -0.0157735553 -0.00511162961 -0.00400000019 -0.0157735553 -0.00511162961 -0.00400000019 -0.0158480108 -0.00418014033 0 -0.0157735553 -0.00511162961 0 -0.0138723077 -0.00249094027 0 -0.0138723077 -0.00249094027 -0.00400000019 -0.0137243634 -0.00249094027 0 -0.0137243634 -0.00249094027 0 -0.0138723077 -0.00249094027 -0.00400000019 -0.0137243634 -0.00249094027 -0.00400000019 -0.0137243634 -0.00249094027 0 -0.0137243634 -0.00249094027 -0.00400000019 -0.013588259 -0.00249094027 0 -0.013588259 -0.00249094027 0 -0.0137243634 -0.00249094027 -0.00400000019 -0.013588259 -0.00249094027 -0.00400000019 -0.0117248688 -0.0016576068 -0.00400000019 -0.0117248688 -0.0016576068 1.38777878e-17 -0.0125676384 -0.00227311742 0 -0.0117248688 -0.0016576068 -0.00400000019 -0.0125676384 -0.00227311742 0 -0.0125676384 -0.00227311742 -0.00400000019 -0.0125676384 -0.00227311742 -0.00400000019 -0.0125676384 -0.00227311742 0 -0.013588259 -0.00249094027 0 -0.0125676384 -0.00227311742 -0.00400000019 -0.013588259 -0.00249094027 0 -0.013588259 -0.00249094027 -0.00400000019 -0.0102341576 -0.000990940141 -0.00400000019 -0.0102341576 -0.000990940141 0 -0.0110506536 -0.00116519828 -0.00400000019 -0.0110506536 -0.00116519828 -0.00400000019 -0.0102341576 -0.000990940141 0 -0.0110506536 -0.00116519828 0 -0.0110506536 -0.00116519828 -0.00400000019 -0.0110506536 -0.00116519828 0 -0.0117248688 -0.0016576068 -0.00400000019 -0.0117248688 -0.0016576068 -0.00400000019 -0.0110506536 -0.00116519828 0 -0.0117248688 -0.0016576068 1.38777878e-17 -0.0102341576 -0.000990940141 0 -0.0102341576 -0.000990940141 -0.00400000019 -0.00834936369 -0.000990940141 0 -0.00834936369 -0.000990940141 0 -0.0102341576 -0.000990940141 -0.00400000019 -0.00834936369 -0.000990940141 -0.00400000019 -0.00834936369 -0.000990940141 0 -0.00834936369 -0.000990940141 -0.00400000019 -0.00804124586 -0.000990940141 0 -0.00804124586 -0.000990940141 0 -0.00834936369 -0.000990940141 -0.00400000019 -0.00804124586 -0.000990940141 -0.00400000019 -0.00616995478 -0.00228505791 -0.00400000019 -0.00616995478 -0.00228505791 0 -0.00659719901 -0.00160720292 -0.00400000019 -0.00659719901 -0.00160720292 -0.00400000019 -0.00616995478 -0.00228505791 0 -0.00659719901 -0.00160720292 0 -0.00659719901 -0.00160720292 -0.00400000019 -0.00659719901 -0.00160720292 0 -0.00725622196 -0.00115144637 -0.00400000019 -0.00725622196 -0.00115144637 -0.00400000019 -0.00659719901 -0.00160720292 0 -0.00725622196 -0.00115144637 0 -0.00725622196 -0.00115144637 -0.00400000019 -0.00725622196 -0.00115144637 0 -0.00804124586 -0.000990940141 -0.00400000019 -0.00804124586 -0.000990940141 -0.00400000019 -0.00725622196 -0.00115144637 0 -0.00804124586 -0.000990940141 0 -0.00511587132 -0.00411078427 -0.00400000019 -0.00511587132 -0.00411078427 0 -0.00571742421 -0.00324094016 -1.38777878e-17 -0.00511587132 -0.00411078427 -0.00400000019 -0.00571742421 -0.00324094016 -1.38777878e-17 -0.00571742421 -0.00324094016 -0.00400000019 -0.00571742421 -0.00324094016 -0.00400000019 -0.00571742421 -0.00324094016 -1.38777878e-17 -0.00616995478 -0.00228505791 0 -0.00571742421 -0.00324094016 -0.00400000019 -0.00616995478 -0.00228505791 0 -0.00616995478 -0.00228505791 -0.00400000019 0.00896882918 -0.0106782764 -0.00400000019 0.00896882918 -0.0106782764 0 0.00961218681 -0.011355998 -0.00400000019 0.00961218681 -0.011355998 -0.00400000019 0.00896882918 -0.0106782764 0 0.00961218681 -0.011355998 0 0.00961218681 -0.011355998 -0.00400000019 0.00961218681 -0.011355998 0 0.0104932114 -0.0116674658 -0.00400000019 0.0104932114 -0.0116674658 -0.00400000019 0.00961218681 -0.011355998 0 0.0104932114 -0.0116674658 0 0.0104932114 -0.0116674658 -0.00400000019 0.0104932114 -0.0116674658 0 0.011419571 -0.0115446858 -0.00400000019 0.011419571 -0.0115446858 -0.00400000019 0.0104932114 -0.0116674658 0 0.011419571 -0.0115446858 0 0.011419571 -0.0115446858 -0.00400000019 0.011419571 -0.0115446858 0 0.0121890362 -0.0110144606 -0.00400000019 0.0121890362 -0.0110144606 -0.00400000019 0.011419571 -0.0115446858 0 0.0121890362 -0.0110144606 0 0.00896882918 -0.0106782764 -0.00400000019 0.00882680435 -0.0104322834 -0.00400000019 0.00896882918 -0.0106782764 0 0.00896882918 -0.0106782764 0 0.00882680435 -0.0104322834 -0.00400000019 0.00882680435 -0.0104322834 0 0.00717342179 -0.00923520699 -0.00400000019 0.00717342179 -0.00923520699 0 0.00812785421 -0.00965731125 -1.38777878e-17 0.00717342179 -0.00923520699 -0.00400000019 0.00812785421 -0.00965731125 -1.38777878e-17 0.00812785421 -0.00965731125 -0.00400000019 0.00812785421 -0.00965731125 -0.00400000019 0.00812785421 -0.00965731125 -1.38777878e-17 0.00882680435 -0.0104322834 0 0.00812785421 -0.00965731125 -0.00400000019 0.00882680435 -0.0104322834 0 0.00882680435 -0.0104322834 -0.00400000019 0.00585071556 -0.00827754568 -0.00400000019 0.00585071556 -0.00827754568 0 0.00640987558 -0.0088975234 -0.00400000019 0.00640987558 -0.0088975234 -0.00400000019 0.00585071556 -0.00827754568 0 0.00640987558 -0.0088975234 0 0.00640987558 -0.0088975234 -0.00400000019 0.00640987558 -0.0088975234 0 0.00717342179 -0.00923520699 -0.00400000019 0.00717342179 -0.00923520699 -0.00400000019 0.00640987558 -0.0088975234 0 0.00717342179 -0.00923520699 0 0.00585071556 -0.00827754568 -0.00400000019 0.00475425972 -0.00637842901 -0.00400000019 0.00585071556 -0.00827754568 0 0.00585071556 -0.00827754568 0 0.00475425972 -0.00637842901 -0.00400000019 0.00475425972 -0.00637842901 0 0.00493935309 -0.00411078427 -0.00400000019 0.00493935309 -0.00411078427 -1.38777878e-17 0.00456593558 -0.00481971633 -0.00400000019 0.00456593558 -0.00481971633 -0.00400000019 0.00493935309 -0.00411078427 -1.38777878e-17 0.00456593558 -0.00481971633 0 0.00456593558 -0.00481971633 -0.00400000019 0.00456593558 -0.00481971633 0 0.00450075045 -0.00561832497 -0.00400000019 0.00450075045 -0.00561832497 -0.00400000019 0.00456593558 -0.00481971633 0 0.00450075045 -0.00561832497 0 0.00450075045 -0.00561832497 -0.00400000019 0.00450075045 -0.00561832497 0 0.00475425972 -0.00637842901 -0.00400000019 0.00475425972 -0.00637842901 -0.00400000019 0.00450075045 -0.00561832497 0 0.00475425972 -0.00637842901 0 0.00599343656 -0.00228505791 -0.00400000019 0.00599343656 -0.00228505791 0 0.00554090599 -0.00324094016 -1.38777878e-17 0.00599343656 -0.00228505791 -0.00400000019 0.00554090599 -0.00324094016 -1.38777878e-17 0.00554090599 -0.00324094016 -0.00400000019 0.00554090599 -0.00324094016 -0.00400000019 0.00554090599 -0.00324094016 -1.38777878e-17 0.00493935309 -0.00411078427 -1.38777878e-17 0.00554090599 -0.00324094016 -0.00400000019 0.00493935309 -0.00411078427 -1.38777878e-17 0.00493935309 -0.00411078427 -0.00400000019 0.00786472764 -0.000990940141 -0.00400000019 0.00786472764 -0.000990940141 0 0.00707970373 -0.00115144637 -0.00400000019 0.00707970373 -0.00115144637 -0.00400000019 0.00786472764 -0.000990940141 0 0.00707970373 -0.00115144637 0 0.00707970373 -0.00115144637 -0.00400000019 0.00707970373 -0.00115144637 0 0.00642068079 -0.00160720292 -0.00400000019 0.00642068079 -0.00160720292 -0.00400000019 0.00707970373 -0.00115144637 0 0.00642068079 -0.00160720292 0 0.00642068079 -0.00160720292 -0.00400000019 0.00642068079 -0.00160720292 0 0.00599343656 -0.00228505791 -0.00400000019 0.00599343656 -0.00228505791 -0.00400000019 0.00642068079 -0.00160720292 0 0.00599343656 -0.00228505791 0 0.00786472764 -0.000990940141 0 0.00786472764 -0.000990940141 -0.00400000019 0.00817284547 -0.000990940141 0 0.00817284547 -0.000990940141 0 0.00786472764 -0.000990940141 -0.00400000019 0.00817284547 -0.000990940141 -0.00400000019 0.00817284547 -0.000990940141 0 0.00817284547 -0.000990940141 -0.00400000019 0.0100576393 -0.000990940141 0 0.0100576393 -0.000990940141 0 0.00817284547 -0.000990940141 -0.00400000019 0.0100576393 -0.000990940141 -0.00400000019 0.0115483506 -0.0016576068 -0.00400000019 0.0115483506 -0.0016576068 0 0.0108741354 -0.00116519828 -0.00400000019 0.0108741354 -0.00116519828 -0.00400000019 0.0115483506 -0.0016576068 0 0.0108741354 -0.00116519828 0 0.0108741354 -0.00116519828 -0.00400000019 0.0108741354 -0.00116519828 0 0.0100576393 -0.000990940141 -0.00400000019 0.0100576393 -0.000990940141 -0.00400000019 0.0108741354 -0.00116519828 0 0.0100576393 -0.000990940141 0 0.0134117408 -0.00249094027 -0.00400000019 0.0134117408 -0.00249094027 0 0.0123911202 -0.00227311742 0 0.0134117408 -0.00249094027 -0.00400000019 0.0123911202 -0.00227311742 0 0.0123911202 -0.00227311742 -0.00400000019 0.0123911202 -0.00227311742 -0.00400000019 0.0123911202 -0.00227311742 0 0.0115483506 -0.0016576068 0 0.0123911202 -0.00227311742 -0.00400000019 0.0115483506 -0.0016576068 0 0.0115483506 -0.0016576068 -0.00400000019 0.0134117408 -0.00249094027 -0.00400000019 0.0136957895 -0.00249094027 -0.00400000019 0.0134117408 -0.00249094027 0 0.0134117408 -0.00249094027 0 0.0136957895 -0.00249094027 -0.00400000019 0.0136957895 -0.00249094027 1.38777878e-17 0.015597038 -0.00511162961 -0.00400000019 0.015597038 -0.00511162961 -1.38777878e-17 0.0156714935 -0.00418014033 -0.00400000019 0.0156714935 -0.00418014033 -0.00400000019 0.015597038 -0.00511162961 -1.38777878e-17 0.0156714935 -0.00418014033 0 0.0156714935 -0.00418014033 -0.00400000019 0.0156714935 -0.00418014033 0 0.0153146442 -0.00331649976 -0.00400000019 0.0153146442 -0.00331649976 -0.00400000019 0.0156714935 -0.00418014033 0 0.0153146442 -0.00331649976 -1.38777878e-17 0.0153146442 -0.00331649976 -0.00400000019 0.0153146442 -0.00331649976 -1.38777878e-17 0.0146043925 -0.00270924415 -0.00400000019 0.0146043925 -0.00270924415 -0.00400000019 0.0153146442 -0.00331649976 -1.38777878e-17 0.0146043925 -0.00270924415 0 0.0146043925 -0.00270924415 -0.00400000019 0.0146043925 -0.00270924415 0 0.0136957895 -0.00249094027 -0.00400000019 0.0136957895 -0.00249094027 -0.00400000019 0.0146043925 -0.00270924415 0 0.0136957895 -0.00249094027 1.38777878e-17 0.0121890362 -0.0110144606 -0.00400000019 0.0121890362 -0.0110144606 0 0.0135951545 -0.00921125431 -0.00400000019 0.0135951545 -0.00921125431 -0.00400000019 0.0121890362 -0.0110144606 0 0.0135951545 -0.00921125431 0 0.0135951545 -0.00921125431 -0.00400000019 0.0135951545 -0.00921125431 0 0.014738474 -0.00723096682 -0.00400000019 0.014738474 -0.00723096682 -0.00400000019 0.0135951545 -0.00921125431 0 0.014738474 -0.00723096682 0 0.014738474 -0.00723096682 -0.00400000019 0.014738474 -0.00723096682 0 0.015597038 -0.00511162961 -0.00400000019 0.015597038 -0.00511162961 -0.00400000019 0.014738474 -0.00723096682 0 0.015597038 -0.00511162961 -1.38777878e-17</float_array>
          <technique_common>
            <accessor source="#link6-mesh-positions-array" count="3528" stride="3">
              <param name="X" type="float"/>
              <param name="Y" type="float"/>
              <param name="Z" type="float"/>
            </accessor>
          </technique_common>
        </source>
        <source id="link6-mesh-normals">
          <float_array id="link6-mesh-normals-array" count="3528">-0.898699087 -0.438565788 0 -0.860494861 -0.509459119 0 -0.860494861 -0.509459119 0 -0.799442713 -0.600742332 0 -0.799442713 -0.600742332 0 -0.692724536 -0.721202272 0 -0.692724536 -0.721202272 0 -0.568064623 -0.822983951 0 -0.568064623 -0.822983951 0 -0.428692562 -0.903450434 0 -0.428692562 -0.903450434 0 -0.278217267 -0.960518169 0 -0.278217267 -0.960518169 0 -0.120536587 -0.992708885 0 -0.120536587 -0.992708885 0 0.0402657255 -0.999189007 0 0.0402657255 -0.999189007 0 0.200025691 -0.979790653 0 0.200025691 -0.979790653 0 0.354604564 -0.935016365 0 0.354604564 -0.935016365 0 0.500000102 -0.866025345 0 0.500000102 -0.866025345 0 0.632445409 -0.774604935 0 0.632445409 -0.774604935 0 0.748510821 -0.663122575 0 0.748510821 -0.663122575 0 0.8451901 -0.534465803 0 0.8451901 -0.534465803 0 0.919979342 -0.391966849 0 0.919979342 -0.391966849 0 0.970941919 -0.23931525 0 0.970941919 -0.23931525 0 0.996757303 -0.0804666351 0 0.996757303 -0.0804666351 0 0.996757303 0.0804666312 0 0.996757303 0.0804666312 0 0.97094191 0.239315289 0 0.97094191 0.239315289 0 0.919979367 0.39196679 0 0.919979367 0.39196679 0 0.8451901 0.534465803 0 0.8451901 0.534465803 0 0.748510676 0.66312274 0 0.748510676 0.66312274 0 0.632445409 0.774604935 0 0.632445409 0.774604935 0 0.499999854 0.866025488 0 0.499999854 0.866025488 0 0.354605143 0.935016146 0 0.354605143 0.935016146 0 0.200025691 0.979790653 0 0.200025691 0.979790653 0 0.0402657255 0.999189007 0 0.0402657255 0.999189007 0 -0.120536587 0.992708885 0 -0.120536587 0.992708885 0 -0.278217267 0.960518169 0 -0.278217267 0.960518169 0 -0.428692562 0.903450434 0 -0.428692562 0.903450434 0 -0.568064847 0.822983797 0 -0.568064847 0.822983797 0 -0.692724364 0.721202437 0 -0.692724364 0.721202437 0 -0.799442832 0.600742173 0 -0.799442832 0.600742173 0 -0.885456005 0.464723212 0 -0.885456005 0.464723212 0 -0.948536404 0.316668107 0 -0.948536404 0.316668107 0 -0.987050237 0.160411441 0 -0.987050237 0.160411441 0 -1 0 0 -1 0 0 -0.987050235 -0.160411448 0 -0.987050235 -0.160411448 0 -0.948536404 -0.316668107 0 -0.948536404 -0.316668107 0 -0.898699087 -0.438565788 0 0 0 -1 0 0 -1 0 0 -1 0 0 -1 0 0 -1 0 0 -1 0 0 -1 0 0 -1 0 0 -1 0 0 -1 0 0 -1 0 0 -1 0 0 -1 0 0 -1 0 0 -1 0 0 -1 0 0 -1 0 0 -1 0 0 -1 0 0 -1 0 0 -1 0 0 -1 0 0 -1 0 0 -1 0 0 -1 0 0 -1 0 0 -1 0 0 -1 0 0 -1 0 0 -1 0 0 -1 0 0 -1 0 0 -1 0 0 -1 0 0 -1 0 0 -1 0 0 -1 0 0 -1 0 0 -1 0 0 -1 0 0 -1 0 0 -1 0 0 -1 0 0 -1 0 0 -1 0 0 -1 0 0 -1 0 0 -1 0 0 -1 0 0 -1 0 0 -1 0 0 -1 0 0 -1 0 0 -1 0 0 -1 0 0 -1 0 0 -1 0 0 -1 0 0 -1 0 0 -1 0 0 -1 0 0 -1 0 0 -1 0 0 -1 0 0 -1 0 0 -1 0 0 -1 0 0 -1 0 0 -1 0 0 -1 0 0 -1 0 0 -1 0 0 -1 0 0 -1 0 0 -1 0 0 -1 0 0 -1 0 0 -1 0 0 -1 0 0 -1 0 0 -1 0 0 -1 0 0 -1 0 0 -1 0 0 -1 0 0 -1 0 0 -1 0 0 -1 0 0 -1 0 0 -1 0 0 -1 0 0 -1 0 0 -1 0 0 -1 0 0 -1 0 0 -1 0 0 -1 0 0 -1 0 0 -1 0 0 -1 0 0 -1 0 0 -1 0 0 -1 0 0 -1 0 0 -1 0 0 -1 0 0 -1 0 0 -1 0 0 -1 0 0 -1 0 0 -1 0 0 -1 0 0 -1 0 0 -1 0 0 -1 0 0 -1 0 0 -1 0 0 -1 0 0 -1 0 0 -1 0 0 -1 0 0 -1 0 0 -1 0 0 -1 0 0 -1 0 0 -1 0 0 -1 0 0 -1 0 0 -1 0 0 -1 0 0 -1 0 0 -1 0 0 -1 0 0 -1 0 0 -1 0 0 -1 0 0 -1 0 0 -1 0 0 -1 0 0 -1 0 0 -1 0 0 -1 0 0 -1 0 0 -1 0 0 -1 0 0 -1 0 0 -1 0 0 -1 0 0 -1 0 0 -1 0 0 -1 0 0 -1 0 0 -1 0 0 -1 0 0 -1 0 0 -1 0 0 -1 0 0 -1 0 0 -1 0 0 -1 0 0 -1 0 0 -1 0 0 -1 0 0 -1 0 0 -1 0 0 -1 0 0 -1 0 0 -1 0 0 -1 0 0 -1 0 0 -1 0 0 -1 0 0 -1 0 0 -1 0 0 -1 0 0 -1 0 0 -1 0 0 -1 0 0 -1 0 0 -1 0 0 -1 0 0 -1 0 0 -1 0 0 -1 0 0 -1 0 0 -1 0 0 -1 0 0 -1 0 0 -1 0 0 -1 0 0 -1 0 0 -1 0 0 -1 0 0 -1 0 0 -1 0 0 -1 0 0 -1 0 0 -1 0 0 -1 0 0 -1 0 0 -1 0 0 -1 0 0 -1 0 0 -1 0 0 -1 0 0 -1 0 0 -1 0 0 -1 0 0 -1 0 0 -1 0 0 -1 0 0 -1 0 0 -1 0 0 -1 0 0 -1 0 0 -1 0 0 -1 0 0 -1 0 0 -1 0 0 -1 0 0 -1 0 0 -1 0 0 -1 0 0 -1 0 0 -1 0 0 -1 0 0 -1 0 0 -1 0 0 -1 0 0 -1 0 0 -1 0 0 -1 0 0 -1 0 0 -1 0 0 -1 0 0 -1 0 0 -1 0 0 -1 0 0 -1 0 0 -1 0 0 -1 0 0 -1 0 0 -1 0 0 -1 0 0 -1 0 0 -1 0 0 -1 0 0 -1 0 0 -1 0 0 -1 0 0 -1 0 0 -1 0 0 -1 0 0 -1 0 0 -1 0 0 -1 0 0 -1 0 0 -1 0 0 -1 0 0 -1 0 0 -1 0 0 -1 0 0 -1 0 0 -1 0 0 -1 0 0 -1 0 0 -1 0 0 -1 0 0 -1 0 0 -1 0 0 -1 0 0 -1 0 0 -1 0 0 -1 0 0 -1 0 0 -1 0 0 -1 0 0 -1 0 0 -1 0 0 -1 0 0 -1 0 0 -1 0 0 -1 0 0 -1 0 0 -1 0 0 -1 0 0 -1 0 0 -1 0 0 -1 0 0 -1 0 0 -1 0 0 -1 0 0 -1 0 0 -1 0 0 -1 0 0 -1 0 0 -1 0 0 -1 0 0 -1 0 0 -1 0 0 -1 0 0 -1 0 0 -1 0 0 -1 0 0 -1 0 0 -1 0 0 -1 0 0 -1 0 0 -1 0 0 -1 0 0 -1 0 0 -1 0 0 -1 0 0 -1 0 0 -1 0 0 -1 0 0 -1 0 0 -1 0 0 -1 0 0 -1 0 0 -1 0 0 -1 0 0 -1 0 0 -1 0 0 -1 0 0 -1 0 0 -1 0 0 -1 0 0 -1 0 0 -1 0 0 -1 0 0 -1 0 0 -1 0 0 -1 0 0 -1 0 0 -1 0 0 -1 0 0 -1 0 0 -1 0 0 -1 0 0 1 0 0 1 0 0 1 -1.60249445e-15 -2.71780712e-15 1 0 0 1 0 0 1 0 0 1 0 0 1 0 0 1 1.66630821e-14 5.78248076e-15 1 2.77822586e-14 9.64109606e-15 1 -4.92688543e-15 -8.99403478e-15 1 -1.06527359e-14 1.16673151e-14 1 0 0 1 -2.12611155e-14 -1.31990574e-14 1 -1.26915936e-14 5.40738658e-15 1 5.67285945e-15 4.25004349e-15 1 0 0 1 0 0 1 0 0 1 6.46208334e-15 -3.14304599e-15 1 1.21102248e-15 -4.51961305e-15 1 -2.97923944e-15 -4.69503356e-15 1 0 0 1 0 0 1 0 0 1 0 0 1 0 0 1 0 0 1 0 0 1 0 0 1 0 0 1 -4.96459837e-15 -6.52610045e-18 1 -1.89575029e-15 -2.7464683e-15 1 -1.81212265e-15 -2.79211893e-15 1 5.09701305e-15 -1.14448488e-16 1 0 0 1 -5.89965714e-15 -9.38744926e-16 1 0 0 1 0 0 1 -1.35219319e-15 -5.04647115e-15 1 -2.32564217e-15 -4.48445028e-15 1 2.33815092e-15 -5.28699199e-15 1 0 0 1 0 0 1 0 0 1 0 0 1 0 0 1 -8.00155258e-16 2.50121939e-14 1 1.43946269e-14 3.52858141e-15 1 -1.21737621e-14 -2.98417671e-15 1 -8.17983704e-15 -3.62797191e-14 1 1.15929534e-14 6.69319488e-15 1 1.40863667e-14 5.70651675e-15 1 -1.18617991e-14 2.82670156e-15 1 0 0 1 0 0 1 1.533924e-17 1.60626012e-14 1 8.02767745e-15 1.30462596e-15 1 -8.2256014e-15 4.31712912e-15 1 -1.00842894e-14 3.36663182e-15 1 -8.92509671e-15 1.45047088e-15 1 0 0 1 9.03347276e-15 -2.17616257e-14 1 4.60497741e-15 -2.67413944e-14 1 6.28123415e-15 -1.32374205e-14 1 0 0 1 0 0 1 0 0 1 0 0 1 0 0 1 5.99934038e-16 -3.93012253e-14 1 -5.20042056e-15 1.47611143e-14 1 0 0 1 0 0 1 0 0 1 0 0 1 0 0 1 0 0 1 0 0 1 0 0 1 0 0 1 0 0 1 0 0 1 0 0 1 0 0 1 0 0 1 0 0 1 0 0 1 0 0 1 -7.61459548e-15 7.61459451e-15 1 7.01364321e-15 1.85802701e-14 1 0 0 1 0 0 1 0 0 1 0 0 1 0 0 1 8.5091776e-15 2.38378304e-15 1 8.5091776e-15 -1.00274528e-15 1 2.29284341e-14 -2.70195079e-15 1 -6.57078706e-16 -2.71780712e-15 1 7.23280892e-15 -1.93801822e-15 1 2.62303468e-15 -2.62303502e-15 1 0 0 1 2.91429659e-15 -4.13665645e-15 1 -4.224523e-15 -3.85553802e-15 1 -2.04594593e-14 1.0762828e-15 1 0 0 1 0 0 1 0 0 1 0 0 1 0 0 1 0 0 1 0 0 1 0 0 1 -1.32706132e-14 -4.37639569e-15 1 0 0 1 0 0 1 0 0 1 0 0 1 0 0 1 0 0 1 2.38085198e-14 6.52336034e-15 1 4.66936571e-15 -1.05580459e-14 1 -1.99226764e-14 -8.51578087e-15 1 -1.52858304e-14 -6.53379995e-15 1 4.25952683e-14 -1.60325168e-14 1 2.01702121e-14 -7.59190581e-15 1 1.20185216e-14 -6.93889579e-15 1 -2.57855011e-14 4.54635483e-15 1 0 0 1 0 0 1 0 0 1 0 0 1 0 0 1 0 0 1 7.78097845e-15 7.78097845e-15 1 1.50947477e-14 1.25354975e-15 1 0 0 1 0 0 1 0 0 1 0 0 1 0 0 1 0 0 1 0 0 1 0 0 1 0 0 1 0 0 1 0 0 1 0 0 1 -1.59230185e-14 1.08643722e-14 1 0 0 1 0 0 1 0 0 1 0 0 1 0 0 1 0 0 1 -1.94597904e-14 1.02432041e-14 1 -2.11887741e-15 -3.06972622e-15 1 -1.05091273e-15 -3.5217183e-15 1 0 0 1 0 0 1 0 0 1 1.1972331e-14 -8.76173041e-15 1 -4.54521199e-14 3.72826843e-15 1 0 0 1 0 0 1 0 0 1 1.70871829e-14 7.40472563e-15 1 3.22207549e-15 -4.66798178e-15 1 0 -1.05684093e-14 1 -1.8364532e-14 3.09720752e-14 1 0 0 1 0 0 1 0 0 1 0 0 1 0 0 1 0 0 1 4.34740378e-14 0 1 7.98183086e-15 -4.18918768e-15 1 -9.70154655e-15 -1.14654879e-14 1 -4.88570671e-14 2.154241e-14 1 0 0 1 0 0 1 0 0 1 0 0 1 0 0 1 0 0 1 0 0 1 0 0 1 0 0 1 0 0 1 0 0 1 0 0 1 0 0 1 0 0 1 -1.6582092e-14 1.44973661e-14 1 -6.64573642e-15 5.89112818e-15 1 -3.47253812e-15 7.33504996e-15 1 -4.24336752e-16 1.09325862e-14 1 0 0 1 0 0 1 -1.22937606e-14 1.4509295e-14 1 0 0 1 4.10420679e-14 1.28176336e-14 1 3.71348707e-14 6.90265177e-15 1 4.80262155e-14 2.540556e-15 1 0 0 1 0 0 1 0 0 1 0 0 1 0 0 1 0 0 1 0 0 1 0 0 1 0 0 1 0 0 1 6.07192164e-15 -3.25132901e-15 1 5.71069202e-15 -4.38988622e-15 1 -1.545397e-14 -2.59193498e-14 1 -3.71348386e-14 6.90266462e-15 1 -4.80262155e-14 2.540556e-15 1 4.43884693e-14 -2.34812155e-15 1 0 0 1 0 0 1 -7.4502381e-14 1.34012825e-14 1 0 0 1 0 0 1 0 0 1 -3.40663745e-14 -3.75194891e-14 1 0 0 1 0 0 1 0 0 1 0 0 1 1.77426825e-14 -6.11862141e-15 1 9.7381599e-16 1.74569443e-14 1 0 0 1 0 0 1 0 0 1 0 -2.87206122e-15 1 1.36748717e-17 -2.86711708e-15 1 1.98338805e-15 -1.98338805e-15 1 5.11013389e-15 -3.53398476e-15 1 -1.77426825e-14 -6.11862141e-15 1 0 0 1 0 0 1 0 0 1 0 0 1 0 0 1 0 0 1 0 0 1 0 0 1 0 0 1 0 0 1 0 0 1 0 0 1 0 0 1 0 0 1 0 0 1 0 0 1 0 0 1 0 0 1 0 0 1 1.82914819e-14 4.90118085e-15 1 1.30332273e-14 5.4623636e-15 1 -1.43138963e-14 4.99771253e-15 1 0 0 1 -1.70424258e-15 6.36031127e-15 1 -8.04244466e-15 1.7670649e-14 1 2.58736199e-14 -1.95401828e-15 1 -4.60497741e-15 -7.48012674e-15 1 -4.60497741e-15 3.91080094e-15 1 0 0 1 0 0 1 0 0 1 0 0 1 0 0 1 0 0 1 0 0 1 0 0 1 0 0 1 -2.44772669e-14 2.540556e-15 1 -1.30399559e-14 3.49404588e-15 1 -4.91363515e-15 4.91363515e-15 1 0 0 1 0 0 1 0 0 1 -2.09075165e-14 9.42433943e-15 1 1.30399559e-14 3.49404588e-15 1 2.44772669e-14 2.540556e-15 1 0 0 1 0 0 1 0 0 1 0 0 1 0 0 1 0 0 1 0 0 1 0 0 1 0 0 1 4.60497741e-15 2.09600185e-15 1 -2.70101637e-15 1.00803091e-14 1 1.98115713e-14 -8.93032762e-15 1 0 0 1 0 0 1 0 0 1 0 0 1 0 0 1 0 0 1 0 0 1 0 0 1 0 0 1 -1.96587592e-16 -7.1939945e-15 1 -6.49409109e-15 0 1 0 6.43609304e-15 1 0 0 1 0 0 1 0 -3.26932803e-15 1 2.43882769e-14 6.72952799e-15 1 2.38990862e-14 -1.95977968e-15 1 0 0 1 0 0 1 0 0 1 0 0 1 -2.49374819e-14 -1.29152634e-15 1 0 0 1 0 0 1 0 0 1 0 0 1 0 0 1 0 0 1 0 0 1 0 0 1 1.66968408e-14 4.32607113e-14 1 0 0 1 0 0 1 0 0 1 0 0 1 0 0 1 0 -3.03010627e-15 1 1.41926753e-14 4.95898621e-15 1 -0.965926063 -0.258818161 0 -0.965926063 -0.258818161 0 -0.707106736 -0.707106826 0 -0.707106736 -0.707106826 0 -0.258819038 -0.965925828 0 -0.258819038 -0.965925828 0 0.258819038 -0.965925828 0 0.258819038 -0.965925828 0 0.707106736 -0.707106826 0 0.707106736 -0.707106826 0 0.965926063 -0.258818161 0 0.965926063 -0.258818161 0 0.965926061 0.258818169 0 0.965926061 0.258818169 0 0.707106826 0.707106736 0 0.707106826 0.707106736 0 0.313986948 0.949427299 0 0.313986948 0.949427299 0 0.0575580168 0.998342163 0 0.0575580168 0.998342163 0 -0.25881887 0.965925873 0 -0.25881887 0.965925873 0 -0.707106826 0.707106736 0 -0.707106826 0.707106736 0 -0.965926061 0.258818169 0 -0.965926061 0.258818169 0 -0.965925918 -0.258818702 0 -0.965925918 -0.258818702 0 -0.707106781 -0.707106781 0 -0.707106781 -0.707106781 0 -0.25881803 -0.965926098 0 -0.25881803 -0.965926098 0 0.25881821 -0.96592605 0 0.25881821 -0.96592605 0 0.707107141 -0.707106421 0 0.707107141 -0.707106421 0 0.965925738 -0.258819373 0 0.965925738 -0.258819373 0 0.965925738 0.258819373 0 0.965925738 0.258819373 0 0.707107141 0.707106421 0 0.707107141 0.707106421 0 0.25881821 0.96592605 0 0.25881821 0.96592605 0 -0.25881803 0.965926098 0 -0.25881803 0.965926098 0 -0.707106781 0.707106781 0 -0.707106781 0.707106781 0 -0.965925918 0.258818702 0 -0.965925918 0.258818702 0 -0.965925918 -0.258818702 0 -0.965925918 -0.258818702 0 -0.707106781 -0.707106781 0 -0.707106781 -0.707106781 0 -0.25881821 -0.96592605 0 -0.25881821 -0.96592605 0 0.25881803 -0.965926098 0 0.25881803 -0.965926098 0 0.707106781 -0.707106781 0 0.707106781 -0.707106781 0 0.965925918 -0.258818702 0 0.965925918 -0.258818702 0 0.965925918 0.258818702 0 0.965925918 0.258818702 0 0.707106781 0.707106781 0 0.707106781 0.707106781 0 0.25881803 0.965926098 0 0.25881803 0.965926098 0 -0.25881821 0.96592605 0 -0.25881821 0.96592605 0 -0.707106781 0.707106781 0 -0.707106781 0.707106781 0 -0.965925918 0.258818702 0 -0.965925918 0.258818702 0 -0.970941808 -0.239315701 0 -0.970941808 -0.239315701 0 -0.748510735 -0.663122673 0 -0.748510735 -0.663122673 0 -0.354605175 -0.935016133 0 -0.354605175 -0.935016133 0 0.120536693 -0.992708873 0 0.120536693 -0.992708873 0 0.568064767 -0.822983852 0 0.568064767 -0.822983852 0 0.885456045 -0.464723134 0 0.885456045 -0.464723134 0 1 0 0 1 0 0 0.885455835 0.464723535 0 0.885455835 0.464723535 0 0.568064767 0.822983852 0 0.568064767 0.822983852 0 0.120536693 0.992708873 0 0.120536693 0.992708873 0 -0.354604325 0.935016456 0 -0.354604325 0.935016456 0 -0.748510735 0.663122673 0 -0.748510735 0.663122673 0 -0.970941864 0.239315475 0 -0.970941864 0.239315475 0 -0.965926063 -0.258818161 0 -0.965926063 -0.258818161 0 -0.707106736 -0.707106826 0 -0.707106736 -0.707106826 0 -0.258819038 -0.965925828 0 -0.258819038 -0.965925828 0 0.258819397 -0.965925732 0 0.258819397 -0.965925732 0 0.707106736 -0.707106826 0 0.707106736 -0.707106826 0 0.965925703 -0.258819504 0 0.965925703 -0.258819504 0 0.965925701 0.258819512 0 0.965925701 0.258819512 0 0.707106826 0.707106736 0 0.707106826 0.707106736 0 0.25881923 0.965925777 0 0.25881923 0.965925777 0 -0.25881887 0.965925873 0 -0.25881887 0.965925873 0 -0.707106826 0.707106736 0 -0.707106826 0.707106736 0 -0.965926061 0.258818169 0 -0.965926061 0.258818169 0 -0.965925822 -0.258819062 0 -0.965925822 -0.258819062 0 -0.707106781 -0.707106781 0 -0.707106781 -0.707106781 0 -0.258819553 -0.96592569 0 -0.258819553 -0.96592569 0 0.258819373 -0.965925738 0 0.258819373 -0.965925738 0 0.707106781 -0.707106781 0 0.707106781 -0.707106781 0 0.965925822 -0.258819062 0 0.965925822 -0.258819062 0 0.965925918 0.258818702 0 0.965925918 0.258818702 0 0.707106781 0.707106781 0 0.707106781 0.707106781 0 0.25881803 0.965926098 0 0.25881803 0.965926098 0 -0.25881821 0.96592605 0 -0.25881821 0.96592605 0 -0.707106781 0.707106781 0 -0.707106781 0.707106781 0 -0.965925918 0.258818702 0 -0.965925918 0.258818702 0 -0.965925822 -0.258819062 0 -0.965925822 -0.258819062 0 -0.707106781 -0.707106781 0 -0.707106781 -0.707106781 0 -0.258819373 -0.965925738 0 -0.258819373 -0.965925738 0 0.258819553 -0.96592569 0 0.258819553 -0.96592569 0 0.707107141 -0.707106421 0 0.707107141 -0.707106421 0 0.965925642 -0.258819733 0 0.965925642 -0.258819733 0 0.965925738 0.258819373 0 0.965925738 0.258819373 0 0.707107141 0.707106421 0 0.707107141 0.707106421 0 0.25881821 0.96592605 0 0.25881821 0.96592605 0 -0.25881803 0.965926098 0 -0.25881803 0.965926098 0 -0.707106781 0.707106781 0 -0.707106781 0.707106781 0 -0.965925918 0.258818702 0 -0.965925918 0.258818702 0 -0.970941667 -0.239316276 0 -0.970941667 -0.239316276 0 -0.748511037 -0.663122332 0 -0.748511037 -0.663122332 0 -0.354605225 -0.935016114 0 -0.354605225 -0.935016114 0 0.120536667 -0.992708876 0 0.120536667 -0.992708876 0 0.568064784 -0.82298384 0 0.568064784 -0.82298384 0 0.885456041 -0.464723144 0 0.885456041 -0.464723144 0 1 0 0 1 0 0 0.885456041 0.464723144 0 0.885456041 0.464723144 0 0.568064454 0.822984068 0 0.568064454 0.822984068 0 0.120536667 0.992708876 0 0.120536667 0.992708876 0 -0.3546048 0.935016276 0 -0.3546048 0.935016276 0 -0.748511037 0.663122332 0 -0.748511037 0.663122332 0 -0.970941667 0.239316276 0 -0.970941667 0.239316276 0 -0.970941667 -0.239316276 0 -0.970941667 -0.239316276 0 -0.748511037 -0.663122332 0 -0.748511037 -0.663122332 0 -0.354605225 -0.935016114 0 -0.354605225 -0.935016114 0 0.120536667 -0.992708876 0 0.120536667 -0.992708876 0 0.568064784 -0.82298384 0 0.568064784 -0.82298384 0 0.885456041 -0.464723144 0 0.885456041 -0.464723144 0 1 0 0 1 0 0 0.885456041 0.464723144 0 0.885456041 0.464723144 0 0.568064454 0.822984068 0 0.568064454 0.822984068 0 0.120536667 0.992708876 0 0.120536667 0.992708876 0 -0.3546048 0.935016276 0 -0.3546048 0.935016276 0 -0.748511037 0.663122332 0 -0.748511037 0.663122332 0 -0.970941667 0.239316276 0 -0.970941667 0.239316276 0 0.748314157 0.663344498 0 0.748314157 0.663344498 0 0.427889102 0.903831243 0 0.427889102 0.903831243 0 0.0387847366 0.999247589 0 0.0387847366 0.999247589 0 0.866025393 0.500000019 0 0.866025393 0.500000019 0 0.994259282 -0.10699757 0 0.994259282 -0.10699757 0 0.95131201 0.308229558 0 0.95131201 0.308229558 0 0.951311912 0.308229861 0 0.951311912 0.308229861 0 0.994259292 -0.106997475 0 0.994259292 -0.106997475 0 0.866025881 0.499999174 0 0.866025881 0.499999174 0 0.429407427 -0.90311088 0 0.429407427 -0.90311088 0 0.792822127 -0.609453095 0 0.792822127 -0.609453095 0 0.983159281 -0.182750728 0 0.983159281 -0.182750728 0 0.958869172 0.283848393 0 0.958869172 0.283848393 0 -0.138250923 -0.990397235 0 -0.138250923 -0.990397235 0 0 -1 0 0 -1 0 0.138250916 -0.990397236 0 0.138250916 -0.990397236 0 -0.958869172 0.283848393 0 -0.958869172 0.283848393 0 -0.98315937 -0.182750246 0 -0.98315937 -0.182750246 0 -0.792822127 -0.609453095 0 -0.792822127 -0.609453095 0 -0.429407233 -0.903110972 0 -0.429407233 -0.903110972 0 -0.866025881 0.499999174 0 -0.866025881 0.499999174 0 -0.994259292 -0.106997475 0 -0.994259292 -0.106997475 0 -0.951311912 0.308229861 0 -0.951311912 0.308229861 0 -0.95131201 0.308229558 0 -0.95131201 0.308229558 0 -0.994259282 -0.10699757 0 -0.994259282 -0.10699757 0 -0.866025439 0.499999939 0 -0.866025439 0.499999939 0 -0.0387847366 0.999247589 0 -0.0387847366 0.999247589 0 -0.427889159 0.903831216 0 -0.427889159 0.903831216 0 -0.748314013 0.663344661 0 -0.748314013 0.663344661 0 -0.0813532946 0.996685327 0 -0.0813532946 0.996685327 0 0.0813532912 0.996685327 0 0.0813532912 0.996685327 0 -0.948630225 0.316386941 0 -0.948630225 0.316386941 0 -0.996685319 -0.0813533969 0 -0.996685319 -0.0813533969 0 -0.884766242 -0.466035081 0 -0.884766242 -0.466035081 0 -0.866025432 0.499999951 0 -0.866025432 0.499999951 0 -0.404467385 0.914552423 0 -0.404467385 0.914552423 0 -0.742590632 0.669745589 0 -0.742590632 0.669745589 0 -0.742590853 0.669745343 0 -0.742590853 0.669745343 0 -0.404466951 0.914552615 0 -0.404466951 0.914552615 0 -0.866024351 0.500001823 0 -0.866024351 0.500001823 0 0.567413494 0.823433013 0 0.567413494 0.823433013 0 0.131391261 0.991330589 0 0.131391261 0.991330589 0 -0.333312929 0.942816256 0 -0.333312929 0.942816256 0 -0.725254736 0.688480622 0 -0.725254736 0.688480622 0 0.926834826 0.375469314 0 0.926834826 0.375469314 0 0.8660254 0.500000006 0 0.8660254 0.500000006 0 0.788583447 0.614927758 0 0.788583447 0.614927758 0 0.233614944 -0.972329192 0 0.233614944 -0.972329192 0 0.649846027 -0.76006588 0 0.649846027 -0.76006588 0 0.924213372 -0.381876477 0 0.924213372 -0.381876477 0 0.996820689 0.0796775645 0 0.996820689 0.0796775645 0 0 -1 0 0 -1 0 0 -1 0 0 -1 0 0.589792014 -0.807555187 0 0.589792014 -0.807555187 0 0.208721375 -0.977975147 0 0.208721375 -0.977975147 0 0.208721306 -0.977975162 0 0.208721306 -0.977975162 0 0.589792351 -0.807554941 0 0.589792351 -0.807554941 0 0 -1 0 0 -1 0 0 -1 0 0 -1 0 -0.845981411 -0.53321239 0 -0.845981411 -0.53321239 0 -0.568796426 -0.822478343 0 -0.568796426 -0.822478343 0 -0.200316163 -0.979731307 0 -0.200316163 -0.979731307 0 -0.82247834 -0.568796431 0 -0.82247834 -0.568796431 0 -0.903831377 -0.427888821 0 -0.903831377 -0.427888821 0 0.725254736 0.688480622 0 0.725254736 0.688480622 0 0.333312929 0.942816256 0 0.333312929 0.942816256 0 -0.131391261 0.991330589 0 -0.131391261 0.991330589 0 -0.567413494 0.823433013 0 -0.567413494 0.823433013 0 0.866024351 0.500001823 0 0.866024351 0.500001823 0 0.404467116 0.914552542 0 0.404467116 0.914552542 0 0.742590853 0.669745343 0 0.742590853 0.669745343 0 0.742590909 0.669745281 0 0.742590909 0.669745281 0 0.404467179 0.914552514 0 0.404467179 0.914552514 0 0.86602534 0.500000111 0 0.86602534 0.500000111 0 0.884766242 -0.466035081 0 0.884766242 -0.466035081 0 0.996685366 -0.0813528196 0 0.996685366 -0.0813528196 0 0.948630399 0.316386418 0 0.948630399 0.316386418 0 0.903831377 -0.427888821 0 0.903831377 -0.427888821 0 0.82247834 -0.568796431 0 0.82247834 -0.568796431 0 0.200316163 -0.979731307 0 0.200316163 -0.979731307 0 0.568796426 -0.822478343 0 0.568796426 -0.822478343 0 0.845981411 -0.53321239 0 0.845981411 -0.53321239 0 0 -1 0 0 -1 0 0 -1 0 0 -1 0 -0.589792351 -0.807554941 0 -0.589792351 -0.807554941 0 -0.208721306 -0.977975162 0 -0.208721306 -0.977975162 0 -0.208721375 -0.977975147 0 -0.208721375 -0.977975147 0 -0.589792014 -0.807555187 0 -0.589792014 -0.807555187 0 0 -1 0 0 -1 0 -0.996820689 0.0796775645 0 -0.996820689 0.0796775645 0 -0.92421302 -0.381877329 0 -0.92421302 -0.381877329 0 -0.649846027 -0.76006588 0 -0.649846027 -0.76006588 0 -0.233614944 -0.972329192 0 -0.233614944 -0.972329192 0 -0.788583447 0.614927758 0 -0.788583447 0.614927758 0 -0.8660254 0.500000006 0 -0.8660254 0.500000006 0 -0.926834684 0.375469664 0 -0.926834684 0.375469664 0</float_array>
          <technique_common>
            <accessor source="#link6-mesh-normals-array" count="1176" stride="3">
              <param name="X" type="float"/>
              <param name="Y" type="float"/>
              <param name="Z" type="float"/>
            </accessor>
          </technique_common>
        </source>
        <vertices id="link6-mesh-vertices">
          <input semantic="POSITION" source="#link6-mesh-positions"/>
        </vertices>
        <triangles count="1176" material="uniform_dark">
          <input semantic="VERTEX" source="#link6-mesh-vertices" offset="0"/>
          <input semantic="NORMAL" source="#link6-mesh-normals" offset="1"/>
          <p>0 0 1 0 2 0 3 1 4 1 5 1 6 2 7 2 8 2 9 3 10 3 11 3 12 4 13 4 14 4 15 5 16 5 17 5 18 6 19 6 20 6 21 7 22 7 23 7 24 8 25 8 26 8 27 9 28 9 29 9 30 10 31 10 32 10 33 11 34 11 35 11 36 12 37 12 38 12 39 13 40 13 41 13 42 14 43 14 44 14 45 15 46 15 47 15 48 16 49 16 50 16 51 17 52 17 53 17 54 18 55 18 56 18 57 19 58 19 59 19 60 20 61 20 62 20 63 21 64 21 65 21 66 22 67 22 68 22 69 23 70 23 71 23 72 24 73 24 74 24 75 25 76 25 77 25 78 26 79 26 80 26 81 27 82 27 83 27 84 28 85 28 86 28 87 29 88 29 89 29 90 30 91 30 92 30 93 31 94 31 95 31 96 32 97 32 98 32 99 33 100 33 101 33 102 34 103 34 104 34 105 35 106 35 107 35 108 36 109 36 110 36 111 37 112 37 113 37 114 38 115 38 116 38 117 39 118 39 119 39 120 40 121 40 122 40 123 41 124 41 125 41 126 42 127 42 128 42 129 43 130 43 131 43 132 44 133 44 134 44 135 45 136 45 137 45 138 46 139 46 140 46 141 47 142 47 143 47 144 48 145 48 146 48 147 49 148 49 149 49 150 50 151 50 152 50 153 51 154 51 155 51 156 52 157 52 158 52 159 53 160 53 161 53 162 54 163 54 164 54 165 55 166 55 167 55 168 56 169 56 170 56 171 57 172 57 173 57 174 58 175 58 176 58 177 59 178 59 179 59 180 60 181 60 182 60 183 61 184 61 185 61 186 62 187 62 188 62 189 63 190 63 191 63 192 64 193 64 194 64 195 65 196 65 197 65 198 66 199 66 200 66 201 67 202 67 203 67 204 68 205 68 206 68 207 69 208 69 209 69 210 70 211 70 212 70 213 71 214 71 215 71 216 72 217 72 218 72 219 73 220 73 221 73 222 74 223 74 224 74 225 75 226 75 227 75 228 76 229 76 230 76 231 77 232 77 233 77 234 78 235 78 236 78 237 79 238 79 239 79 240 80 241 80 242 80 243 81 244 81 245 81 246 82 247 82 248 82 249 83 250 83 251 83 252 84 253 84 254 84 255 85 256 85 257 85 258 86 259 86 260 86 261 87 262 87 263 87 264 88 265 88 266 88 267 89 268 89 269 89 270 90 271 90 272 90 273 91 274 91 275 91 276 92 277 92 278 92 279 93 280 93 281 93 282 94 283 94 284 94 285 95 286 95 287 95 288 96 289 96 290 96 291 97 292 97 293 97 294 98 295 98 296 98 297 99 298 99 299 99 300 100 301 100 302 100 303 101 304 101 305 101 306 102 307 102 308 102 309 103 310 103 311 103 312 104 313 104 314 104 315 105 316 105 317 105 318 106 319 106 320 106 321 107 322 107 323 107 324 108 325 108 326 108 327 109 328 109 329 109 330 110 331 110 332 110 333 111 334 111 335 111 336 112 337 112 338 112 339 113 340 113 341 113 342 114 343 114 344 114 345 115 346 115 347 115 348 116 349 116 350 116 351 117 352 117 353 117 354 118 355 118 356 118 357 119 358 119 359 119 360 120 361 120 362 120 363 121 364 121 365 121 366 122 367 122 368 122 369 123 370 123 371 123 372 124 373 124 374 124 375 125 376 125 377 125 378 126 379 126 380 126 381 127 382 127 383 127 384 128 385 128 386 128 387 129 388 129 389 129 390 130 391 130 392 130 393 131 394 131 395 131 396 132 397 132 398 132 399 133 400 133 401 133 402 134 403 134 404 134 405 135 406 135 407 135 408 136 409 136 410 136 411 137 412 137 413 137 414 138 415 138 416 138 417 139 418 139 419 139 420 140 421 140 422 140 423 141 424 141 425 141 426 142 427 142 428 142 429 143 430 143 431 143 432 144 433 144 434 144 435 145 436 145 437 145 438 146 439 146 440 146 441 147 442 147 443 147 444 148 445 148 446 148 447 149 448 149 449 149 450 150 451 150 452 150 453 151 454 151 455 151 456 152 457 152 458 152 459 153 460 153 461 153 462 154 463 154 464 154 465 155 466 155 467 155 468 156 469 156 470 156 471 157 472 157 473 157 474 158 475 158 476 158 477 159 478 159 479 159 480 160 481 160 482 160 483 161 484 161 485 161 486 162 487 162 488 162 489 163 490 163 491 163 492 164 493 164 494 164 495 165 496 165 497 165 498 166 499 166 500 166 501 167 502 167 503 167 504 168 505 168 506 168 507 169 508 169 509 169 510 170 511 170 512 170 513 171 514 171 515 171 516 172 517 172 518 172 519 173 520 173 521 173 522 174 523 174 524 174 525 175 526 175 527 175 528 176 529 176 530 176 531 177 532 177 533 177 534 178 535 178 536 178 537 179 538 179 539 179 540 180 541 180 542 180 543 181 544 181 545 181 546 182 547 182 548 182 549 183 550 183 551 183 552 184 553 184 554 184 555 185 556 185 557 185 558 186 559 186 560 186 561 187 562 187 563 187 564 188 565 188 566 188 567 189 568 189 569 189 570 190 571 190 572 190 573 191 574 191 575 191 576 192 577 192 578 192 579 193 580 193 581 193 582 194 583 194 584 194 585 195 586 195 587 195 588 196 589 196 590 196 591 197 592 197 593 197 594 198 595 198 596 198 597 199 598 199 599 199 600 200 601 200 602 200 603 201 604 201 605 201 606 202 607 202 608 202 609 203 610 203 611 203 612 204 613 204 614 204 615 205 616 205 617 205 618 206 619 206 620 206 621 207 622 207 623 207 624 208 625 208 626 208 627 209 628 209 629 209 630 210 631 210 632 210 633 211 634 211 635 211 636 212 637 212 638 212 639 213 640 213 641 213 642 214 643 214 644 214 645 215 646 215 647 215 648 216 649 216 650 216 651 217 652 217 653 217 654 218 655 218 656 218 657 219 658 219 659 219 660 220 661 220 662 220 663 221 664 221 665 221 666 222 667 222 668 222 669 223 670 223 671 223 672 224 673 224 674 224 675 225 676 225 677 225 678 226 679 226 680 226 681 227 682 227 683 227 684 228 685 228 686 228 687 229 688 229 689 229 690 230 691 230 692 230 693 231 694 231 695 231 696 232 697 232 698 232 699 233 700 233 701 233 702 234 703 234 704 234 705 235 706 235 707 235 708 236 709 236 710 236 711 237 712 237 713 237 714 238 715 238 716 238 717 239 718 239 719 239 720 240 721 240 722 240 723 241 724 241 725 241 726 242 727 242 728 242 729 243 730 243 731 243 732 244 733 244 734 244 735 245 736 245 737 245 738 246 739 246 740 246 741 247 742 247 743 247 744 248 745 248 746 248 747 249 748 249 749 249 750 250 751 250 752 250 753 251 754 251 755 251 756 252 757 252 758 252 759 253 760 253 761 253 762 254 763 254 764 254 765 255 766 255 767 255 768 256 769 256 770 256 771 257 772 257 773 257 774 258 775 258 776 258 777 259 778 259 779 259 780 260 781 260 782 260 783 261 784 261 785 261 786 262 787 262 788 262 789 263 790 263 791 263 792 264 793 264 794 264 795 265 796 265 797 265 798 266 799 266 800 266 801 267 802 267 803 267 804 268 805 268 806 268 807 269 808 269 809 269 810 270 811 270 812 270 813 271 814 271 815 271 816 272 817 272 818 272 819 273 820 273 821 273 822 274 823 274 824 274 825 275 826 275 827 275 828 276 829 276 830 276 831 277 832 277 833 277 834 278 835 278 836 278 837 279 838 279 839 279 840 280 841 280 842 280 843 281 844 281 845 281 846 282 847 282 848 282 849 283 850 283 851 283 852 284 853 284 854 284 855 285 856 285 857 285 858 286 859 286 860 286 861 287 862 287 863 287 864 288 865 288 866 288 867 289 868 289 869 289 870 290 871 290 872 290 873 291 874 291 875 291 876 292 877 292 878 292 879 293 880 293 881 293 882 294 883 294 884 294 885 295 886 295 887 295 888 296 889 296 890 296 891 297 892 297 893 297 894 298 895 298 896 298 897 299 898 299 899 299 900 300 901 300 902 300 903 301 904 301 905 301 906 302 907 302 908 302 909 303 910 303 911 303 912 304 913 304 914 304 915 305 916 305 917 305 918 306 919 306 920 306 921 307 922 307 923 307 924 308 925 308 926 308 927 309 928 309 929 309 930 310 931 310 932 310 933 311 934 311 935 311 936 312 937 312 938 312 939 313 940 313 941 313 942 314 943 314 944 314 945 315 946 315 947 315 948 316 949 316 950 316 951 317 952 317 953 317 954 318 955 318 956 318 957 319 958 319 959 319 960 320 961 320 962 320 963 321 964 321 965 321 966 322 967 322 968 322 969 323 970 323 971 323 972 324 973 324 974 324 975 325 976 325 977 325 978 326 979 326 980 326 981 327 982 327 983 327 984 328 985 328 986 328 987 329 988 329 989 329 990 330 991 330 992 330 993 331 994 331 995 331 996 332 997 332 998 332 999 333 1000 333 1001 333 1002 334 1003 334 1004 334 1005 335 1006 335 1007 335 1008 336 1009 336 1010 336 1011 337 1012 337 1013 337 1014 338 1015 338 1016 338 1017 339 1018 339 1019 339 1020 340 1021 340 1022 340 1023 341 1024 341 1025 341 1026 342 1027 342 1028 342 1029 343 1030 343 1031 343 1032 344 1033 344 1034 344 1035 345 1036 345 1037 345 1038 346 1039 346 1040 346 1041 347 1042 347 1043 347 1044 348 1045 348 1046 348 1047 349 1048 349 1049 349 1050 350 1051 350 1052 350 1053 351 1054 351 1055 351 1056 352 1057 352 1058 352 1059 353 1060 353 1061 353 1062 354 1063 354 1064 354 1065 355 1066 355 1067 355 1068 356 1069 356 1070 356 1071 357 1072 357 1073 357 1074 358 1075 358 1076 358 1077 359 1078 359 1079 359 1080 360 1081 360 1082 360 1083 361 1084 361 1085 361 1086 362 1087 362 1088 362 1089 363 1090 363 1091 363 1092 364 1093 364 1094 364 1095 365 1096 365 1097 365 1098 366 1099 366 1100 366 1101 367 1102 367 1103 367 1104 368 1105 368 1106 368 1107 369 1108 369 1109 369 1110 370 1111 370 1112 370 1113 371 1114 371 1115 371 1116 372 1117 372 1118 372 1119 373 1120 373 1121 373 1122 374 1123 374 1124 374 1125 375 1126 375 1127 375 1128 376 1129 376 1130 376 1131 377 1132 377 1133 377 1134 378 1135 378 1136 378 1137 379 1138 379 1139 379 1140 380 1141 380 1142 380 1143 381 1144 381 1145 381 1146 382 1147 382 1148 382 1149 383 1150 383 1151 383 1152 384 1153 384 1154 384 1155 385 1156 385 1157 385 1158 386 1159 386 1160 386 1161 387 1162 387 1163 387 1164 388 1165 388 1166 388 1167 389 1168 389 1169 389 1170 390 1171 390 1172 390 1173 391 1174 391 1175 391 1176 392 1177 392 1178 392 1179 393 1180 393 1181 393 1182 394 1183 394 1184 394 1185 395 1186 395 1187 395 1188 396 1189 396 1190 396 1191 397 1192 397 1193 397 1194 398 1195 398 1196 398 1197 399 1198 399 1199 399 1200 400 1201 400 1202 400 1203 401 1204 401 1205 401 1206 402 1207 402 1208 402 1209 403 1210 403 1211 403 1212 404 1213 404 1214 404 1215 405 1216 405 1217 405 1218 406 1219 406 1220 406 1221 407 1222 407 1223 407 1224 408 1225 408 1226 408 1227 409 1228 409 1229 409 1230 410 1231 410 1232 410 1233 411 1234 411 1235 411 1236 412 1237 412 1238 412 1239 413 1240 413 1241 413 1242 414 1243 414 1244 414 1245 415 1246 415 1247 415 1248 416 1249 416 1250 416 1251 417 1252 417 1253 417 1254 418 1255 418 1256 418 1257 419 1258 419 1259 419 1260 420 1261 420 1262 420 1263 421 1264 421 1265 421 1266 422 1267 422 1268 422 1269 423 1270 423 1271 423 1272 424 1273 424 1274 424 1275 425 1276 425 1277 425 1278 426 1279 426 1280 426 1281 427 1282 427 1283 427 1284 428 1285 428 1286 428 1287 429 1288 429 1289 429 1290 430 1291 430 1292 430 1293 431 1294 431 1295 431 1296 432 1297 432 1298 432 1299 433 1300 433 1301 433 1302 434 1303 434 1304 434 1305 435 1306 435 1307 435 1308 436 1309 436 1310 436 1311 437 1312 437 1313 437 1314 438 1315 438 1316 438 1317 439 1318 439 1319 439 1320 440 1321 440 1322 440 1323 441 1324 441 1325 441 1326 442 1327 442 1328 442 1329 443 1330 443 1331 443 1332 444 1333 444 1334 444 1335 445 1336 445 1337 445 1338 446 1339 446 1340 446 1341 447 1342 447 1343 447 1344 448 1345 448 1346 448 1347 449 1348 449 1349 449 1350 450 1351 450 1352 450 1353 451 1354 451 1355 451 1356 452 1357 452 1358 452 1359 453 1360 453 1361 453 1362 454 1363 454 1364 454 1365 455 1366 455 1367 455 1368 456 1369 456 1370 456 1371 457 1372 457 1373 457 1374 458 1375 458 1376 458 1377 459 1378 459 1379 459 1380 460 1381 460 1382 460 1383 461 1384 461 1385 461 1386 462 1387 462 1388 462 1389 463 1390 463 1391 463 1392 464 1393 464 1394 464 1395 465 1396 465 1397 465 1398 466 1399 466 1400 466 1401 467 1402 467 1403 467 1404 468 1405 468 1406 468 1407 469 1408 469 1409 469 1410 470 1411 470 1412 470 1413 471 1414 471 1415 471 1416 472 1417 472 1418 472 1419 473 1420 473 1421 473 1422 474 1423 474 1424 474 1425 475 1426 475 1427 475 1428 476 1429 476 1430 476 1431 477 1432 477 1433 477 1434 478 1435 478 1436 478 1437 479 1438 479 1439 479 1440 480 1441 480 1442 480 1443 481 1444 481 1445 481 1446 482 1447 482 1448 482 1449 483 1450 483 1451 483 1452 484 1453 484 1454 484 1455 485 1456 485 1457 485 1458 486 1459 486 1460 486 1461 487 1462 487 1463 487 1464 488 1465 488 1466 488 1467 489 1468 489 1469 489 1470 490 1471 490 1472 490 1473 491 1474 491 1475 491 1476 492 1477 492 1478 492 1479 493 1480 493 1481 493 1482 494 1483 494 1484 494 1485 495 1486 495 1487 495 1488 496 1489 496 1490 496 1491 497 1492 497 1493 497 1494 498 1495 498 1496 498 1497 499 1498 499 1499 499 1500 500 1501 500 1502 500 1503 501 1504 501 1505 501 1506 502 1507 502 1508 502 1509 503 1510 503 1511 503 1512 504 1513 504 1514 504 1515 505 1516 505 1517 505 1518 506 1519 506 1520 506 1521 507 1522 507 1523 507 1524 508 1525 508 1526 508 1527 509 1528 509 1529 509 1530 510 1531 510 1532 510 1533 511 1534 511 1535 511 1536 512 1537 512 1538 512 1539 513 1540 513 1541 513 1542 514 1543 514 1544 514 1545 515 1546 515 1547 515 1548 516 1549 516 1550 516 1551 517 1552 517 1553 517 1554 518 1555 518 1556 518 1557 519 1558 519 1559 519 1560 520 1561 520 1562 520 1563 521 1564 521 1565 521 1566 522 1567 522 1568 522 1569 523 1570 523 1571 523 1572 524 1573 524 1574 524 1575 525 1576 525 1577 525 1578 526 1579 526 1580 526 1581 527 1582 527 1583 527 1584 528 1585 528 1586 528 1587 529 1588 529 1589 529 1590 530 1591 530 1592 530 1593 531 1594 531 1595 531 1596 532 1597 532 1598 532 1599 533 1600 533 1601 533 1602 534 1603 534 1604 534 1605 535 1606 535 1607 535 1608 536 1609 536 1610 536 1611 537 1612 537 1613 537 1614 538 1615 538 1616 538 1617 539 1618 539 1619 539 1620 540 1621 540 1622 540 1623 541 1624 541 1625 541 1626 542 1627 542 1628 542 1629 543 1630 543 1631 543 1632 544 1633 544 1634 544 1635 545 1636 545 1637 545 1638 546 1639 546 1640 546 1641 547 1642 547 1643 547 1644 548 1645 548 1646 548 1647 549 1648 549 1649 549 1650 550 1651 550 1652 550 1653 551 1654 551 1655 551 1656 552 1657 552 1658 552 1659 553 1660 553 1661 553 1662 554 1663 554 1664 554 1665 555 1666 555 1667 555 1668 556 1669 556 1670 556 1671 557 1672 557 1673 557 1674 558 1675 558 1676 558 1677 559 1678 559 1679 559 1680 560 1681 560 1682 560 1683 561 1684 561 1685 561 1686 562 1687 562 1688 562 1689 563 1690 563 1691 563 1692 564 1693 564 1694 564 1695 565 1696 565 1697 565 1698 566 1699 566 1700 566 1701 567 1702 567 1703 567 1704 568 1705 568 1706 568 1707 569 1708 569 1709 569 1710 570 1711 570 1712 570 1713 571 1714 571 1715 571 1716 572 1717 572 1718 572 1719 573 1720 573 1721 573 1722 574 1723 574 1724 574 1725 575 1726 575 1727 575 1728 576 1729 576 1730 576 1731 577 1732 577 1733 577 1734 578 1735 578 1736 578 1737 579 1738 579 1739 579 1740 580 1741 580 1742 580 1743 581 1744 581 1745 581 1746 582 1747 582 1748 582 1749 583 1750 583 1751 583 1752 584 1753 584 1754 584 1755 585 1756 585 1757 585 1758 586 1759 586 1760 586 1761 587 1762 587 1763 587 1764 588 1765 588 1766 588 1767 589 1768 589 1769 589 1770 590 1771 590 1772 590 1773 591 1774 591 1775 591 1776 592 1777 592 1778 592 1779 593 1780 593 1781 593 1782 594 1783 594 1784 594 1785 595 1786 595 1787 595 1788 596 1789 596 1790 596 1791 597 1792 597 1793 597 1794 598 1795 598 1796 598 1797 599 1798 599 1799 599 1800 600 1801 600 1802 600 1803 601 1804 601 1805 601 1806 602 1807 602 1808 602 1809 603 1810 603 1811 603 1812 604 1813 604 1814 604 1815 605 1816 605 1817 605 1818 606 1819 606 1820 606 1821 607 1822 607 1823 607 1824 608 1825 608 1826 608 1827 609 1828 609 1829 609 1830 610 1831 610 1832 610 1833 611 1834 611 1835 611 1836 612 1837 612 1838 612 1839 613 1840 613 1841 613 1842 614 1843 614 1844 614 1845 615 1846 615 1847 615 1848 616 1849 616 1850 616 1851 617 1852 617 1853 617 1854 618 1855 618 1856 618 1857 619 1858 619 1859 619 1860 620 1861 620 1862 620 1863 621 1864 621 1865 621 1866 622 1867 622 1868 622 1869 623 1870 623 1871 623 1872 624 1873 624 1874 624 1875 625 1876 625 1877 625 1878 626 1879 626 1880 626 1881 627 1882 627 1883 627 1884 628 1885 628 1886 628 1887 629 1888 629 1889 629 1890 630 1891 630 1892 630 1893 631 1894 631 1895 631 1896 632 1897 632 1898 632 1899 633 1900 633 1901 633 1902 634 1903 634 1904 634 1905 635 1906 635 1907 635 1908 636 1909 636 1910 636 1911 637 1912 637 1913 637 1914 638 1915 638 1916 638 1917 639 1918 639 1919 639 1920 640 1921 640 1922 640 1923 641 1924 641 1925 641 1926 642 1927 642 1928 642 1929 643 1930 643 1931 643 1932 644 1933 644 1934 644 1935 645 1936 645 1937 645 1938 646 1939 646 1940 646 1941 647 1942 647 1943 647 1944 648 1945 648 1946 648 1947 649 1948 649 1949 649 1950 650 1951 650 1952 650 1953 651 1954 651 1955 651 1956 652 1957 652 1958 652 1959 653 1960 653 1961 653 1962 654 1963 654 1964 654 1965 655 1966 655 1967 655 1968 656 1969 656 1970 656 1971 657 1972 657 1973 657 1974 658 1975 658 1976 658 1977 659 1978 659 1979 659 1980 660 1981 660 1982 660 1983 661 1984 661 1985 661 1986 662 1987 662 1988 662 1989 663 1990 663 1991 663 1992 664 1993 664 1994 664 1995 665 1996 665 1997 665 1998 666 1999 666 2000 666 2001 667 2002 667 2003 667 2004 668 2005 668 2006 668 2007 669 2008 669 2009 669 2010 670 2011 670 2012 670 2013 671 2014 671 2015 671 2016 672 2017 672 2018 672 2019 673 2020 673 2021 673 2022 674 2023 674 2024 674 2025 675 2026 675 2027 675 2028 676 2029 676 2030 676 2031 677 2032 677 2033 677 2034 678 2035 678 2036 678 2037 679 2038 679 2039 679 2040 680 2041 680 2042 680 2043 681 2044 681 2045 681 2046 682 2047 682 2048 682 2049 683 2050 683 2051 683 2052 684 2053 684 2054 684 2055 685 2056 685 2057 685 2058 686 2059 686 2060 686 2061 687 2062 687 2063 687 2064 688 2065 688 2066 688 2067 689 2068 689 2069 689 2070 690 2071 690 2072 690 2073 691 2074 691 2075 691 2076 692 2077 692 2078 692 2079 693 2080 693 2081 693 2082 694 2083 694 2084 694 2085 695 2086 695 2087 695 2088 696 2089 696 2090 696 2091 697 2092 697 2093 697 2094 698 2095 698 2096 698 2097 699 2098 699 2099 699 2100 700 2101 700 2102 700 2103 701 2104 701 2105 701 2106 702 2107 702 2108 702 2109 703 2110 703 2111 703 2112 704 2113 704 2114 704 2115 705 2116 705 2117 705 2118 706 2119 706 2120 706 2121 707 2122 707 2123 707 2124 708 2125 708 2126 708 2127 709 2128 709 2129 709 2130 710 2131 710 2132 710 2133 711 2134 711 2135 711 2136 712 2137 712 2138 712 2139 713 2140 713 2141 713 2142 714 2143 714 2144 714 2145 715 2146 715 2147 715 2148 716 2149 716 2150 716 2151 717 2152 717 2153 717 2154 718 2155 718 2156 718 2157 719 2158 719 2159 719 2160 720 2161 720 2162 720 2163 721 2164 721 2165 721 2166 722 2167 722 2168 722 2169 723 2170 723 2171 723 2172 724 2173 724 2174 724 2175 725 2176 725 2177 725 2178 726 2179 726 2180 726 2181 727 2182 727 2183 727 2184 728 2185 728 2186 728 2187 729 2188 729 2189 729 2190 730 2191 730 2192 730 2193 731 2194 731 2195 731 2196 732 2197 732 2198 732 2199 733 2200 733 2201 733 2202 734 2203 734 2204 734 2205 735 2206 735 2207 735 2208 736 2209 736 2210 736 2211 737 2212 737 2213 737 2214 738 2215 738 2216 738 2217 739 2218 739 2219 739 2220 740 2221 740 2222 740 2223 741 2224 741 2225 741 2226 742 2227 742 2228 742 2229 743 2230 743 2231 743 2232 744 2233 744 2234 744 2235 745 2236 745 2237 745 2238 746 2239 746 2240 746 2241 747 2242 747 2243 747 2244 748 2245 748 2246 748 2247 749 2248 749 2249 749 2250 750 2251 750 2252 750 2253 751 2254 751 2255 751 2256 752 2257 752 2258 752 2259 753 2260 753 2261 753 2262 754 2263 754 2264 754 2265 755 2266 755 2267 755 2268 756 2269 756 2270 756 2271 757 2272 757 2273 757 2274 758 2275 758 2276 758 2277 759 2278 759 2279 759 2280 760 2281 760 2282 760 2283 761 2284 761 2285 761 2286 762 2287 762 2288 762 2289 763 2290 763 2291 763 2292 764 2293 764 2294 764 2295 765 2296 765 2297 765 2298 766 2299 766 2300 766 2301 767 2302 767 2303 767 2304 768 2305 768 2306 768 2307 769 2308 769 2309 769 2310 770 2311 770 2312 770 2313 771 2314 771 2315 771 2316 772 2317 772 2318 772 2319 773 2320 773 2321 773 2322 774 2323 774 2324 774 2325 775 2326 775 2327 775 2328 776 2329 776 2330 776 2331 777 2332 777 2333 777 2334 778 2335 778 2336 778 2337 779 2338 779 2339 779 2340 780 2341 780 2342 780 2343 781 2344 781 2345 781 2346 782 2347 782 2348 782 2349 783 2350 783 2351 783 2352 784 2353 784 2354 784 2355 785 2356 785 2357 785 2358 786 2359 786 2360 786 2361 787 2362 787 2363 787 2364 788 2365 788 2366 788 2367 789 2368 789 2369 789 2370 790 2371 790 2372 790 2373 791 2374 791 2375 791 2376 792 2377 792 2378 792 2379 793 2380 793 2381 793 2382 794 2383 794 2384 794 2385 795 2386 795 2387 795 2388 796 2389 796 2390 796 2391 797 2392 797 2393 797 2394 798 2395 798 2396 798 2397 799 2398 799 2399 799 2400 800 2401 800 2402 800 2403 801 2404 801 2405 801 2406 802 2407 802 2408 802 2409 803 2410 803 2411 803 2412 804 2413 804 2414 804 2415 805 2416 805 2417 805 2418 806 2419 806 2420 806 2421 807 2422 807 2423 807 2424 808 2425 808 2426 808 2427 809 2428 809 2429 809 2430 810 2431 810 2432 810 2433 811 2434 811 2435 811 2436 812 2437 812 2438 812 2439 813 2440 813 2441 813 2442 814 2443 814 2444 814 2445 815 2446 815 2447 815 2448 816 2449 816 2450 816 2451 817 2452 817 2453 817 2454 818 2455 818 2456 818 2457 819 2458 819 2459 819 2460 820 2461 820 2462 820 2463 821 2464 821 2465 821 2466 822 2467 822 2468 822 2469 823 2470 823 2471 823 2472 824 2473 824 2474 824 2475 825 2476 825 2477 825 2478 826 2479 826 2480 826 2481 827 2482 827 2483 827 2484 828 2485 828 2486 828 2487 829 2488 829 2489 829 2490 830 2491 830 2492 830 2493 831 2494 831 2495 831 2496 832 2497 832 2498 832 2499 833 2500 833 2501 833 2502 834 2503 834 2504 834 2505 835 2506 835 2507 835 2508 836 2509 836 2510 836 2511 837 2512 837 2513 837 2514 838 2515 838 2516 838 2517 839 2518 839 2519 839 2520 840 2521 840 2522 840 2523 841 2524 841 2525 841 2526 842 2527 842 2528 842 2529 843 2530 843 2531 843 2532 844 2533 844 2534 844 2535 845 2536 845 2537 845 2538 846 2539 846 2540 846 2541 847 2542 847 2543 847 2544 848 2545 848 2546 848 2547 849 2548 849 2549 849 2550 850 2551 850 2552 850 2553 851 2554 851 2555 851 2556 852 2557 852 2558 852 2559 853 2560 853 2561 853 2562 854 2563 854 2564 854 2565 855 2566 855 2567 855 2568 856 2569 856 2570 856 2571 857 2572 857 2573 857 2574 858 2575 858 2576 858 2577 859 2578 859 2579 859 2580 860 2581 860 2582 860 2583 861 2584 861 2585 861 2586 862 2587 862 2588 862 2589 863 2590 863 2591 863 2592 864 2593 864 2594 864 2595 865 2596 865 2597 865 2598 866 2599 866 2600 866 2601 867 2602 867 2603 867 2604 868 2605 868 2606 868 2607 869 2608 869 2609 869 2610 870 2611 870 2612 870 2613 871 2614 871 2615 871 2616 872 2617 872 2618 872 2619 873 2620 873 2621 873 2622 874 2623 874 2624 874 2625 875 2626 875 2627 875 2628 876 2629 876 2630 876 2631 877 2632 877 2633 877 2634 878 2635 878 2636 878 2637 879 2638 879 2639 879 2640 880 2641 880 2642 880 2643 881 2644 881 2645 881 2646 882 2647 882 2648 882 2649 883 2650 883 2651 883 2652 884 2653 884 2654 884 2655 885 2656 885 2657 885 2658 886 2659 886 2660 886 2661 887 2662 887 2663 887 2664 888 2665 888 2666 888 2667 889 2668 889 2669 889 2670 890 2671 890 2672 890 2673 891 2674 891 2675 891 2676 892 2677 892 2678 892 2679 893 2680 893 2681 893 2682 894 2683 894 2684 894 2685 895 2686 895 2687 895 2688 896 2689 896 2690 896 2691 897 2692 897 2693 897 2694 898 2695 898 2696 898 2697 899 2698 899 2699 899 2700 900 2701 900 2702 900 2703 901 2704 901 2705 901 2706 902 2707 902 2708 902 2709 903 2710 903 2711 903 2712 904 2713 904 2714 904 2715 905 2716 905 2717 905 2718 906 2719 906 2720 906 2721 907 2722 907 2723 907 2724 908 2725 908 2726 908 2727 909 2728 909 2729 909 2730 910 2731 910 2732 910 2733 911 2734 911 2735 911 2736 912 2737 912 2738 912 2739 913 2740 913 2741 913 2742 914 2743 914 2744 914 2745 915 2746 915 2747 915 2748 916 2749 916 2750 916 2751 917 2752 917 2753 917 2754 918 2755 918 2756 918 2757 919 2758 919 2759 919 2760 920 2761 920 2762 920 2763 921 2764 921 2765 921 2766 922 2767 922 2768 922 2769 923 2770 923 2771 923 2772 924 2773 924 2774 924 2775 925 2776 925 2777 925 2778 926 2779 926 2780 926 2781 927 2782 927 2783 927 2784 928 2785 928 2786 928 2787 929 2788 929 2789 929 2790 930 2791 930 2792 930 2793 931 2794 931 2795 931 2796 932 2797 932 2798 932 2799 933 2800 933 2801 933 2802 934 2803 934 2804 934 2805 935 2806 935 2807 935 2808 936 2809 936 2810 936 2811 937 2812 937 2813 937 2814 938 2815 938 2816 938 2817 939 2818 939 2819 939 2820 940 2821 940 2822 940 2823 941 2824 941 2825 941 2826 942 2827 942 2828 942 2829 943 2830 943 2831 943 2832 944 2833 944 2834 944 2835 945 2836 945 2837 945 2838 946 2839 946 2840 946 2841 947 2842 947 2843 947 2844 948 2845 948 2846 948 2847 949 2848 949 2849 949 2850 950 2851 950 2852 950 2853 951 2854 951 2855 951 2856 952 2857 952 2858 952 2859 953 2860 953 2861 953 2862 954 2863 954 2864 954 2865 955 2866 955 2867 955 2868 956 2869 956 2870 956 2871 957 2872 957 2873 957 2874 958 2875 958 2876 958 2877 959 2878 959 2879 959 2880 960 2881 960 2882 960 2883 961 2884 961 2885 961 2886 962 2887 962 2888 962 2889 963 2890 963 2891 963 2892 964 2893 964 2894 964 2895 965 2896 965 2897 965 2898 966 2899 966 2900 966 2901 967 2902 967 2903 967 2904 968 2905 968 2906 968 2907 969 2908 969 2909 969 2910 970 2911 970 2912 970 2913 971 2914 971 2915 971 2916 972 2917 972 2918 972 2919 973 2920 973 2921 973 2922 974 2923 974 2924 974 2925 975 2926 975 2927 975 2928 976 2929 976 2930 976 2931 977 2932 977 2933 977 2934 978 2935 978 2936 978 2937 979 2938 979 2939 979 2940 980 2941 980 2942 980 2943 981 2944 981 2945 981 2946 982 2947 982 2948 982 2949 983 2950 983 2951 983 2952 984 2953 984 2954 984 2955 985 2956 985 2957 985 2958 986 2959 986 2960 986 2961 987 2962 987 2963 987 2964 988 2965 988 2966 988 2967 989 2968 989 2969 989 2970 990 2971 990 2972 990 2973 991 2974 991 2975 991 2976 992 2977 992 2978 992 2979 993 2980 993 2981 993 2982 994 2983 994 2984 994 2985 995 2986 995 2987 995 2988 996 2989 996 2990 996 2991 997 2992 997 2993 997 2994 998 2995 998 2996 998 2997 999 2998 999 2999 999 3000 1000 3001 1000 3002 1000 3003 1001 3004 1001 3005 1001 3006 1002 3007 1002 3008 1002 3009 1003 3010 1003 3011 1003 3012 1004 3013 1004 3014 1004 3015 1005 3016 1005 3017 1005 3018 1006 3019 1006 3020 1006 3021 1007 3022 1007 3023 1007 3024 1008 3025 1008 3026 1008 3027 1009 3028 1009 3029 1009 3030 1010 3031 1010 3032 1010 3033 1011 3034 1011 3035 1011 3036 1012 3037 1012 3038 1012 3039 1013 3040 1013 3041 1013 3042 1014 3043 1014 3044 1014 3045 1015 3046 1015 3047 1015 3048 1016 3049 1016 3050 1016 3051 1017 3052 1017 3053 1017 3054 1018 3055 1018 3056 1018 3057 1019 3058 1019 3059 1019 3060 1020 3061 1020 3062 1020 3063 1021 3064 1021 3065 1021 3066 1022 3067 1022 3068 1022 3069 1023 3070 1023 3071 1023 3072 1024 3073 1024 3074 1024 3075 1025 3076 1025 3077 1025 3078 1026 3079 1026 3080 1026 3081 1027 3082 1027 3083 1027 3084 1028 3085 1028 3086 1028 3087 1029 3088 1029 3089 1029 3090 1030 3091 1030 3092 1030 3093 1031 3094 1031 3095 1031 3096 1032 3097 1032 3098 1032 3099 1033 3100 1033 3101 1033 3102 1034 3103 1034 3104 1034 3105 1035 3106 1035 3107 1035 3108 1036 3109 1036 3110 1036 3111 1037 3112 1037 3113 1037 3114 1038 3115 1038 3116 1038 3117 1039 3118 1039 3119 1039 3120 1040 3121 1040 3122 1040 3123 1041 3124 1041 3125 1041 3126 1042 3127 1042 3128 1042 3129 1043 3130 1043 3131 1043 3132 1044 3133 1044 3134 1044 3135 1045 3136 1045 3137 1045 3138 1046 3139 1046 3140 1046 3141 1047 3142 1047 3143 1047 3144 1048 3145 1048 3146 1048 3147 1049 3148 1049 3149 1049 3150 1050 3151 1050 3152 1050 3153 1051 3154 1051 3155 1051 3156 1052 3157 1052 3158 1052 3159 1053 3160 1053 3161 1053 3162 1054 3163 1054 3164 1054 3165 1055 3166 1055 3167 1055 3168 1056 3169 1056 3170 1056 3171 1057 3172 1057 3173 1057 3174 1058 3175 1058 3176 1058 3177 1059 3178 1059 3179 1059 3180 1060 3181 1060 3182 1060 3183 1061 3184 1061 3185 1061 3186 1062 3187 1062 3188 1062 3189 1063 3190 1063 3191 1063 3192 1064 3193 1064 3194 1064 3195 1065 3196 1065 3197 1065 3198 1066 3199 1066 3200 1066 3201 1067 3202 1067 3203 1067 3204 1068 3205 1068 3206 1068 3207 1069 3208 1069 3209 1069 3210 1070 3211 1070 3212 1070 3213 1071 3214 1071 3215 1071 3216 1072 3217 1072 3218 1072 3219 1073 3220 1073 3221 1073 3222 1074 3223 1074 3224 1074 3225 1075 3226 1075 3227 1075 3228 1076 3229 1076 3230 1076 3231 1077 3232 1077 3233 1077 3234 1078 3235 1078 3236 1078 3237 1079 3238 1079 3239 1079 3240 1080 3241 1080 3242 1080 3243 1081 3244 1081 3245 1081 3246 1082 3247 1082 3248 1082 3249 1083 3250 1083 3251 1083 3252 1084 3253 1084 3254 1084 3255 1085 3256 1085 3257 1085 3258 1086 3259 1086 3260 1086 3261 1087 3262 1087 3263 1087 3264 1088 3265 1088 3266 1088 3267 1089 3268 1089 3269 1089 3270 1090 3271 1090 3272 1090 3273 1091 3274 1091 3275 1091 3276 1092 3277 1092 3278 1092 3279 1093 3280 1093 3281 1093 3282 1094 3283 1094 3284 1094 3285 1095 3286 1095 3287 1095 3288 1096 3289 1096 3290 1096 3291 1097 3292 1097 3293 1097 3294 1098 3295 1098 3296 1098 3297 1099 3298 1099 3299 1099 3300 1100 3301 1100 3302 1100 3303 1101 3304 1101 3305 1101 3306 1102 3307 1102 3308 1102 3309 1103 3310 1103 3311 1103 3312 1104 3313 1104 3314 1104 3315 1105 3316 1105 3317 1105 3318 1106 3319 1106 3320 1106 3321 1107 3322 1107 3323 1107 3324 1108 3325 1108 3326 1108 3327 1109 3328 1109 3329 1109 3330 1110 3331 1110 3332 1110 3333 1111 3334 1111 3335 1111 3336 1112 3337 1112 3338 1112 3339 1113 3340 1113 3341 1113 3342 1114 3343 1114 3344 1114 3345 1115 3346 1115 3347 1115 3348 1116 3349 1116 3350 1116 3351 1117 3352 1117 3353 1117 3354 1118 3355 1118 3356 1118 3357 1119 3358 1119 3359 1119 3360 1120 3361 1120 3362 1120 3363 1121 3364 1121 3365 1121 3366 1122 3367 1122 3368 1122 3369 1123 3370 1123 3371 1123 3372 1124 3373 1124 3374 1124 3375 1125 3376 1125 3377 1125 3378 1126 3379 1126 3380 1126 3381 1127 3382 1127 3383 1127 3384 1128 3385 1128 3386 1128 3387 1129 3388 1129 3389 1129 3390 1130 3391 1130 3392 1130 3393 1131 3394 1131 3395 1131 3396 1132 3397 1132 3398 1132 3399 1133 3400 1133 3401 1133 3402 1134 3403 1134 3404 1134 3405 1135 3406 1135 3407 1135 3408 1136 3409 1136 3410 1136 3411 1137 3412 1137 3413 1137 3414 1138 3415 1138 3416 1138 3417 1139 3418 1139 3419 1139 3420 1140 3421 1140 3422 1140 3423 1141 3424 1141 3425 1141 3426 1142 3427 1142 3428 1142 3429 1143 3430 1143 3431 1143 3432 1144 3433 1144 3434 1144 3435 1145 3436 1145 3437 1145 3438 1146 3439 1146 3440 1146 3441 1147 3442 1147 3443 1147 3444 1148 3445 1148 3446 1148 3447 1149 3448 1149 3449 1149 3450 1150 3451 1150 3452 1150 3453 1151 3454 1151 3455 1151 3456 1152 3457 1152 3458 1152 3459 1153 3460 1153 3461 1153 3462 1154 3463 1154 3464 1154 3465 1155 3466 1155 3467 1155 3468 1156 3469 1156 3470 1156 3471 1157 3472 1157 3473 1157 3474 1158 3475 1158 3476 1158 3477 1159 3478 1159 3479 1159 3480 1160 3481 1160 3482 1160 3483 1161 3484 1161 3485 1161 3486 1162 3487 1162 3488 1162 3489 1163 3490 1163 3491 1163 3492 1164 3493 1164 3494 1164 3495 1165 3496 1165 3497 1165 3498 1166 3499 1166 3500 1166 3501 1167 3502 1167 3503 1167 3504 1168 3505 1168 3506 1168 3507 1169 3508 1169 3509 1169 3510 1170 3511 1170 3512 1170 3513 1171 3514 1171 3515 1171 3516 1172 3517 1172 3518 1172 3519 1173 3520 1173 3521 1173 3522 1174 3523 1174 3524 1174 3525 1175 3526 1175 3527 1175</p>
        </triangles>
      </mesh>
    </geometry>
  </library_geometries>
  <library_visual_scenes>
    <visual_scene id="Scene" name="Scene">
      <node id="link6" name="link6" type="NODE">
        <instance_geometry url="#link6-mesh" name="link6">
          <bind_material>
            <technique_common>
              <instance_material symbol="uniform_dark" target="#link6-uniform-dark-material"/>
            </technique_common>
          </bind_material>
        </instance_geometry>
      </node>
    </visual_scene>
  </library_visual_scenes>
  <scene>
    <instance_visual_scene url="#Scene"/>
  </scene>
</COLLADA>
