<?xml version='1.0' encoding='UTF-8'?>
<COLLADA xmlns="http://www.collada.org/2005/11/COLLADASchema" xmlns:xsi="http://www.w3.org/2001/XMLSchema-instance" version="1.4.1">
  <asset>
    <contributor>
      <author>Blender User</author>
      <authoring_tool>Blender 4.1.0 commit date:2024-03-25, commit time:20:42, hash:40a5e739e270</authoring_tool>
    </contributor>
    <created>2024-11-26T16:34:43</created>
    <modified>2024-11-26T16:34:43</modified>
    <unit name="meter" meter="1"/>
    <up_axis>Z_UP</up_axis>
  <!-- Converted for curobo_piper link frame: Rz=0 rad, t=[0.0, 0.0, 0.0]; removed 2 isolated one-triangle artifact instance(s). --></asset>
  <library_effects>
    <effect id="Material-塑胶_024-effect">
      <profile_COMMON>
        <technique sid="common">
          <lambert>
            <emission>
              <color sid="emission">0 0 0 1</color>
            </emission>
            <diffuse>
              <color sid="diffuse">0.054902 0.054902 0.054902 1</color>
            </diffuse>
            <index_of_refraction>
              <float sid="ior">1.5</float>
            </index_of_refraction>
          </lambert>
        </technique>
      </profile_COMMON>
    </effect>
    <effect id="a0000000-0000-0000-0000-000000000000_004-effect">
      <profile_COMMON>
        <technique sid="common">
          <lambert>
            <emission>
              <color sid="emission">0 0 0 1</color>
            </emission>
            <diffuse>
              <color sid="diffuse">0.054902 0.054902 0.054902 1</color>
            </diffuse>
            <reflectivity>
              <float sid="specular">1</float>
            </reflectivity>
            <index_of_refraction>
              <float sid="ior">0</float>
            </index_of_refraction>
          </lambert>
        </technique>
      </profile_COMMON>
    </effect>
    <effect id="Material-金属_723-effect">
      <profile_COMMON>
        <technique sid="common">
          <lambert>
            <emission>
              <color sid="emission">0 0 0 1</color>
            </emission>
            <diffuse>
              <color sid="diffuse">0 0 0 1</color>
            </diffuse>
            <index_of_refraction>
              <float sid="ior">0</float>
            </index_of_refraction>
          </lambert>
        </technique>
      </profile_COMMON>
    </effect>
    <effect id="Material-金属_020-effect">
      <profile_COMMON>
        <technique sid="common">
          <lambert>
            <emission>
              <color sid="emission">0 0 0 1</color>
            </emission>
            <diffuse>
              <color sid="diffuse">0 0 0 1</color>
            </diffuse>
            <index_of_refraction>
              <float sid="ior">0</float>
            </index_of_refraction>
          </lambert>
        </technique>
      </profile_COMMON>
    </effect>
  </library_effects>
  <library_images/>
  <library_materials>
    <material id="Material-塑胶_024-material" name="Material-塑胶.024">
      <instance_effect url="#Material-塑胶_024-effect"/>
    </material>
    <material id="a0000000-0000-0000-0000-000000000000_004-material" name="a0000000-0000-0000-0000-000000000000.004">
      <instance_effect url="#a0000000-0000-0000-0000-000000000000_004-effect"/>
    </material>
    <material id="Material-金属_723-material" name="Material-金属.723">
      <instance_effect url="#Material-金属_723-effect"/>
    </material>
    <material id="Material-金属_020-material" name="Material-金属.020">
      <instance_effect url="#Material-金属_020-effect"/>
    </material>
  </library_materials>
  <library_geometries>
    <geometry id="mesh-aaafeaa4-f99e-41be-b43d-b6cd66d95594_001-mesh" name="mesh-aaafeaa4-f99e-41be-b43d-b6cd66d95594.001">
      <mesh>
        <source id="mesh-aaafeaa4-f99e-41be-b43d-b6cd66d95594_001-mesh-positions">
          <float_array id="mesh-aaafeaa4-f99e-41be-b43d-b6cd66d95594_001-mesh-positions-array" count="35685">-0.05475962 0.02850788 0.003999948 -0.05479258 0.02862507 0.003999948 -0.05472064 0.02849996 0.003999948 -0.05449998 0.02879017 0.003999948 -0.05449998 0.02849996 0.003999948 -0.05481702 0.02858698 0.003999948 -0.05480933 0.02860891 0.003999948 -0.05481392 0.02856391 0.003999948 -0.05479246 0.02853035 0.003999948 -0.05449998 -0.02849996 0.003999948 -0.05449998 -0.02879017 0.003999948 -0.05472064 -0.02849996 0.003999948 -0.05479258 -0.02862507 0.003999948 -0.05475962 -0.02850788 0.003999948 -0.05479246 -0.02853035 0.003999948 -0.05480933 -0.02860891 0.003999948 -0.05481702 -0.02858698 0.003999948 -0.05481392 -0.02856391 0.003999948 -0.000307448 0.03099846 0.003999948 -0.000998923 0.03098386 0.003999948 -0.001012444 0.0312463 0.003999948 -0.001124978 0.03105139 0.003999948 -0.001753687 0.03198748 0.003999948 -0.001948535 0.03187495 0.003999948 -0.002024948 0.03299999 0.003999948 -0.002249956 0.03299999 0.003999948 -0.001753687 0.03401249 0.003999948 -0.001948535 0.03412497 0.003999948 -0.001012444 0.03475368 0.003999948 -0.001124978 0.03494852 0.003999948 0 0.035025 0.003999948 0 0.03524994 0.003999948 0.001012444 0.03475368 0.003999948 0.001124978 0.03494852 0.003999948 0.001753687 0.03401249 0.003999948 0.001948535 0.03412497 0.003999948 0.002024948 0.03299999 0.003999948 0.002249956 0.03299999 0.003999948 0.001753687 0.03198748 0.003999948 0.001948535 0.03187495 0.003999948 0.001012444 0.0312463 0.003999948 0.001124978 0.03105139 0.003999948 0.000307448 0.03099846 0.003999948 0.000998923 0.03098386 0.003999948 0.000307448 -0.03099846 0.003999948 0.000998923 -0.03098386 0.003999948 0.001012444 -0.0312463 0.003999948 0.001124978 -0.03105139 0.003999948 0.001753687 -0.03198748 0.003999948 0.001948535 -0.03187495 0.003999948 0.002024948 -0.03299999 0.003999948 0.002249956 -0.03299999 0.003999948 0.001753687 -0.03401249 0.003999948 0.001948535 -0.03412497 0.003999948 0.001012444 -0.03475368 0.003999948 0.001124978 -0.03494852 0.003999948 0 -0.035025 0.003999948 0 -0.03524994 0.003999948 -0.001012444 -0.03475368 0.003999948 -0.001124978 -0.03494852 0.003999948 -0.001753687 -0.03401249 0.003999948 -0.001948535 -0.03412497 0.003999948 -0.002024948 -0.03299999 0.003999948 -0.002249956 -0.03299999 0.003999948 -0.001753687 -0.03198748 0.003999948 -0.001948535 -0.03187495 0.003999948 -0.001012444 -0.0312463 0.003999948 -0.001124978 -0.03105139 0.003999948 -0.000307448 -0.03099846 0.003999948 -0.000998923 -0.03098386 0.003999948 0.03099846 0.000307448 0.003999948 0.03098386 0.000998923 0.003999948 0.0312463 0.001012444 0.003999948 0.03105139 0.001124978 0.003999948 0.03198748 0.001753687 0.003999948 0.03187495 0.001948535 0.003999948 0.03299999 0.002024948 0.003999948 0.03299999 0.002249956 0.003999948 0.03401249 0.001753687 0.003999948 0.03412497 0.001948535 0.003999948 0.03475368 0.001012444 0.003999948 0.03494852 0.001124978 0.003999948 0.035025 0 0.003999948 0.03524994 0 0.003999948 0.03475368 -0.001012444 0.003999948 0.03494852 -0.001124978 0.003999948 0.03401249 -0.001753687 0.003999948 0.03412497 -0.001948535 0.003999948 0.03299999 -0.002024948 0.003999948 0.03299999 -0.002249956 0.003999948 0.03198748 -0.001753687 0.003999948 0.03187495 -0.001948535 0.003999948 0.0312463 -0.001012444 0.003999948 0.03105139 -0.001124978 0.003999948 0.03099846 -0.000307448 0.003999948 0.03098386 -0.000998923 0.003999948 -0.04031717 0.02449995 0.003999948 -0.04103076 0.02449995 0.003999948 -0.04101246 0.02474629 0.003999948 -0.04112499 0.02455139 0.003999948 -0.04175364 0.02548748 0.003999948 -0.04194855 0.02537494 0.003999948 -0.04202497 0.02649998 0.003999948 -0.04224997 0.02649998 0.003999948 -0.04175364 0.02751249 0.003999948 -0.04194855 0.02762496 0.003999948 -0.04101246 0.02825367 0.003999948 -0.04112499 0.02844852 0.003999948 -0.03999996 0.02852499 0.003999948 -0.03999996 0.02875 0.003999948 -0.03898745 0.02825367 0.003999948 -0.03887498 0.02844852 0.003999948 -0.03824627 0.02751249 0.003999948 -0.03805142 0.02762496 0.003999948 -0.03797495 0.02649998 0.003999948 -0.03774994 0.02649998 0.003999948 -0.03824627 0.02548748 0.003999948 -0.03805142 0.02537494 0.003999948 -0.03898745 0.02474629 0.003999948 -0.03887498 0.02455139 0.003999948 -0.03968274 0.02449995 0.003999948 -0.03896921 0.02449995 0.003999948 -0.05299997 -0.000775203 0.08048772 -0.05299997 -0.001028954 0.08047837 -0.05299997 -0.001104176 0.08086246 -0.05299997 -0.001255691 0.08077496 -0.05299997 -0.001274943 0.08149999 -0.05299997 -0.001449942 0.08149999 -0.05299997 -0.001104176 0.08213746 -0.05299997 -0.001255691 0.08222496 -0.05299997 -0.0006375 0.08260416 -0.05299997 -0.000725 0.08275574 -0.05299997 0 0.08277499 -0.05299997 0 0.08294999 -0.05299997 0.0006375 0.08260416 -0.05299997 0.000725 0.08275574 -0.05299997 0.001104176 0.08213746 -0.05299997 0.001255691 0.08222496 -0.05299997 0.001274943 0.08149999 -0.05299997 0.001449942 0.08149999 -0.05299997 0.001104176 0.08086246 -0.05299997 0.001255691 0.08077496 -0.05299997 0.000775203 0.08048772 -0.05299997 0.001028954 0.08047837 -0.05299997 -0.02449995 0.01520901 -0.05299997 -0.02449995 0.01494997 -0.05299997 -0.02486246 0.01489579 -0.05299997 -0.02477496 0.01474422 -0.05299997 -0.02549999 0.01472496 -0.05299997 -0.02549999 0.01454997 -0.05299997 -0.02613747 0.01489579 -0.05299997 -0.02622497 0.01474422 -0.05299997 -0.02660417 0.0153625 -0.05299997 -0.02675569 0.015275 -0.05299997 -0.026775 0.01599997 -0.05299997 -0.02695 0.01599997 -0.05299997 -0.02660417 0.0166375 -0.05299997 -0.02675569 0.016725 -0.05299997 -0.02613747 0.01710414 -0.05299997 -0.02622497 0.01725572 -0.05299997 -0.02549999 0.01727497 -0.05299997 -0.02549999 0.01744997 -0.05299997 -0.02486246 0.01710414 -0.05299997 -0.02477496 0.01725572 -0.05299997 -0.02449995 0.01679092 -0.05299997 -0.02449995 0.01704996 -0.05299997 -0.02449995 0.05520904 -0.05299997 -0.02449995 0.05494999 -0.05299997 -0.02486246 0.05489581 -0.05299997 -0.02477496 0.05474424 -0.05299997 -0.02549999 0.05472499 -0.05299997 -0.02549999 0.05454999 -0.05299997 -0.02613747 0.05489581 -0.05299997 -0.02622497 0.05474424 -0.05299997 -0.02660417 0.05536246 -0.05299997 -0.02675569 0.05527496 -0.05299997 -0.026775 0.05599999 -0.05299997 -0.02695 0.05599999 -0.05299997 -0.02660417 0.05663746 -0.05299997 -0.02675569 0.05672496 -0.05299997 -0.02613747 0.05710417 -0.05299997 -0.02622497 0.05725574 -0.05299997 -0.02549999 0.05727499 -0.05299997 -0.02549999 0.05744999 -0.05299997 -0.02486246 0.05710417 -0.05299997 -0.02477496 0.05725574 -0.05299997 -0.02448773 0.05677521 -0.05299997 -0.02447837 0.05702894 -0.05299997 0.02449995 0.01679092 -0.05299997 0.02449995 0.01704996 -0.05299997 0.02486246 0.01710414 -0.05299997 0.02477496 0.01725572 -0.05299997 0.02549999 0.01727497 -0.05299997 0.02549999 0.01744997 -0.05299997 0.02613747 0.01710414 -0.05299997 0.02622497 0.01725572 -0.05299997 0.02660417 0.0166375 -0.05299997 0.02675569 0.016725 -0.05299997 0.026775 0.01599997 -0.05299997 0.02695 0.01599997 -0.05299997 0.02660417 0.0153625 -0.05299997 0.02675569 0.015275 -0.05299997 0.02613747 0.01489579 -0.05299997 0.02622497 0.01474422 -0.05299997 0.02549999 0.01472496 -0.05299997 0.02549999 0.01454997 -0.05299997 0.02486246 0.01489579 -0.05299997 0.02477496 0.01474422 -0.05299997 0.02449995 0.01520901 -0.05299997 0.02449995 0.01494997 -0.05299997 -0.02449995 0.004199981 -0.05299997 -0.02449995 0.003999948 -0.05299997 -0.02809995 0.004199981 -0.05299997 -0.02849996 0.003999948 -0.05299997 -0.02809995 0.05599999 -0.05299997 0.02449995 0.003999948 -0.05299997 0.02449995 0.004199981 -0.05299997 0.02849996 0.003999948 -0.05299997 0.02809995 0.004199981 -0.05299997 0.02849996 0.05599999 -0.05299997 0.02809995 0.05599999 -0.05299997 0.02845054 0.0576778 -0.05299997 0.02739542 0.06225281 -0.05299997 0.02742993 0.06373602 -0.05299997 0.02531719 0.06819212 -0.05299997 0.02513474 0.06943476 -0.05299997 0.02196943 0.07352006 -0.05299997 -0.02849996 0.05599999 -0.05299997 -0.02845054 0.0576778 -0.05299997 -0.02739542 0.06225281 -0.05299997 -0.02742993 0.06373602 -0.05299997 -0.02531719 0.06819212 -0.05299997 -0.02513474 0.06943476 -0.05299997 -0.02196943 0.07352006 -0.05299997 -0.02167153 0.07450926 -0.05299997 -0.01752001 0.07796943 -0.05299997 -0.0172013 0.0787236 -0.05299997 -0.01219213 0.08131718 -0.05299997 -0.01193177 0.08188205 -0.05299997 -0.006252825 0.08339548 -0.05299997 -0.006107807 0.0838378 -0.05299997 0 0.0841 -0.05299997 0 0.08449995 -0.05299997 0.006252825 0.08339548 -0.05299997 0.006107807 0.0838378 -0.05299997 0.01219213 0.08131718 -0.05299997 0.01193177 0.08188205 -0.05299997 0.01752001 0.07796943 -0.05299997 0.0172013 0.0787236 -0.05299997 0.02167153 0.07450926 0 0.02964997 0.078 -0.000953303 0.03089785 0.078 -0.001574993 0.02922797 0.078 -0.002688765 0.03010839 0.078 -0.002727925 0.02807497 0.078 -0.003941535 0.02867114 0.078 -0.003133952 0.0268175 0.078 0.02964997 0 0.078 0.03089785 0.000953303 0.078 0.02922797 0.001574993 0.078 0.03010839 0.002688765 0.078 0.02807497 0.002727925 0.078 0.02867114 0.003941535 0.078 0.0268175 0.003133952 0.078 0.003133952 0.0268175 0.078 0.004648685 0.02786445 0.078 0.002727925 0.02807497 0.078 0.003941535 0.02867114 0.078 0.001574993 0.02922797 0.078 0.002688765 0.03010839 0.078 0.000953303 0.03089785 0.078 0 -0.02964997 0.078 0.000953303 -0.03089785 0.078 0.001574993 -0.02922797 0.078 0.002688765 -0.03010839 0.078 0.002727925 -0.02807497 0.078 0.003941535 -0.02867114 0.078 0.003133952 -0.0268175 0.078 -0.02567762 0.01482498 0.078 -0.02723497 0.01462334 0.078 -0.02609962 0.01324999 0.078 -0.02741897 0.01272559 0.078 -0.02567762 0.011675 0.078 -0.02680069 0.01092207 0.078 -0.02479159 0.01069462 0.078 -0.02645564 0.009906351 0.078 -0.0254848 0.00891751 0.078 -0.02782422 -0.00394392 0.078 -0.0268175 -0.003133952 0.078 -0.02842992 -0.00350362 0.078 -0.02807497 -0.002727925 0.078 -0.02970743 -0.002389967 0.078 -0.02922797 -0.001574993 0.078 -0.03040921 -0.00084738 0.078 -0.02964997 0 0.078 -0.03040921 0.00084738 0.078 -0.02970743 0.002389967 0.078 -0.02922797 0.001574993 0.078 -0.02842992 0.00350362 0.078 -0.02807497 0.002727925 0.078 -0.02782422 0.00394392 0.078 -0.0268175 0.003133952 0.078 -0.02772378 0.004075944 0.078 -0.004648685 0.02786445 0.078 -0.005628764 0.02742838 0.078 -0.00891751 0.0254848 0.078 -0.01132863 0.02560585 0.078 -0.01436483 0.02286154 0.078 -0.01651102 0.02261382 0.078 -0.01909184 0.01909184 0.078 -0.02093929 0.01858884 0.078 -0.02165764 0.01612281 0.078 -0.02180695 0.0179581 0.078 -0.02294963 0.01639997 0.078 -0.02285915 0.01774907 0.078 -0.02452462 0.01597797 0.078 -0.0247302 0.01738274 0.078 -0.02628165 0.01627451 0.078 0.0268175 -0.003133952 0.078 0.02786445 -0.004648685 0.078 0.02807497 -0.002727925 0.078 0.02867114 -0.003941535 0.078 0.02922797 -0.001574993 0.078 0.03010839 -0.002688765 0.078 0.03089785 -0.000953303 0.078 -0.02656805 0.008839488 0.078 -0.02706372 0.007180035 0.078 -0.02767205 0.004233598 0.078 0.02786445 0.004648685 0.078 0.02742838 0.005628764 0.078 0.0254848 0.00891751 0.078 0.02582514 0.01081949 0.078 0.02286154 0.01436483 0.078 0.02324968 0.01560294 0.078 0.01909184 0.01909184 0.078 0.01979899 0.01979899 0.078 0.01436483 0.02286154 0.078 0.01560294 0.02324968 0.078 0.00891751 0.0254848 0.078 0.01081949 0.02582514 0.078 0.005628764 0.02742838 0.078 0.004648685 -0.02786445 0.078 0.005628764 -0.02742838 0.078 0.00891751 -0.0254848 0.078 0.01132863 -0.02560585 0.078 0.01436483 -0.02286154 0.078 0.01651102 -0.02261382 0.078 0.01909184 -0.01909184 0.078 0.02093929 -0.01858884 0.078 0.02165764 -0.01612281 0.078 0.02180695 -0.0179581 0.078 0.02294963 -0.01639997 0.078 0.02285915 -0.01774907 0.078 0.02452462 -0.01597797 0.078 0.0247302 -0.01738274 0.078 0.02567762 -0.01482498 0.078 -0.0254848 -0.00891751 0.078 -0.0248211 -0.0129581 0.078 -0.02286154 -0.01436483 0.078 -0.02136218 -0.01810121 0.078 -0.01909184 -0.01909184 0.078 -0.01685661 -0.0223574 0.078 -0.01436483 -0.02286154 0.078 -0.01152503 -0.02551805 0.078 -0.00891751 -0.0254848 0.078 -0.005628764 -0.02742838 0.078 -0.003133952 -0.0268175 0.078 -0.004648685 -0.02786445 0.078 -0.002727925 -0.02807497 0.078 -0.003941535 -0.02867114 0.078 -0.001574993 -0.02922797 0.078 -0.002688765 -0.03010839 0.078 -0.000953303 -0.03089785 0.078 -0.02772378 -0.004075944 0.078 -0.02767205 -0.004233598 0.078 -0.02706372 -0.007180035 0.078 0.02628165 -0.01627451 0.078 0.02723497 -0.01462334 0.078 0.02609962 -0.01324999 0.078 0.02741897 -0.01272559 0.078 0.02567762 -0.011675 0.078 0.02680069 -0.01092207 0.078 0.02479159 -0.01069462 0.078 0.02645564 -0.009906351 0.078 0.0254848 -0.00891751 0.078 0.02656805 -0.008839488 0.078 0.02742838 -0.005628764 0.078 0.02209967 0.006836652 0.078 0.02255719 0.007294178 0.078 0.0219801 0.007413685 0.078 0.02193218 0.006211638 0.078 0.0215401 0.006651639 0.078 0.02209967 0.005586624 0.078 0.0215401 0.005771636 0.078 0.02255719 0.005129098 0.078 0.0219801 0.005009531 0.078 0.02318221 0.004961609 0.078 0.02274221 0.00456953 0.078 0.02380716 0.005129098 0.078 0.02362221 0.00456953 0.078 0.02426475 0.005586624 0.078 0.02438426 0.005009531 0.078 0.02443218 0.006211638 0.078 0.02482426 0.005771636 0.078 0.02426475 0.006836652 0.078 0.02482426 0.006651639 0.078 0.02380716 0.007294178 0.078 0.02438426 0.007413685 0.078 0.02318221 0.007461607 0.078 0.02362221 0.007853686 0.078 0.02274221 0.007853686 0.078 0.006211638 0.02193218 0.078 0.006651639 0.0215401 0.078 0.006836652 0.02209967 0.078 0.007413685 0.0219801 0.078 0.007294178 0.02255719 0.078 0.007853686 0.02274221 0.078 0.007461607 0.02318221 0.078 0.007853686 0.02362221 0.078 0.007294178 0.02380716 0.078 0.007413685 0.02438426 0.078 0.006836652 0.02426475 0.078 0.006211638 0.02443218 0.078 0.006651639 0.02482426 0.078 0.005586624 0.02426475 0.078 0.005771636 0.02482426 0.078 0.005129098 0.02380716 0.078 0.005009531 0.02438426 0.078 0.004961609 0.02318221 0.078 0.00456953 0.02362221 0.078 0.005129098 0.02255719 0.078 0.00456953 0.02274221 0.078 0.005586624 0.02209967 0.078 0.005009531 0.0219801 0.078 0.005771636 0.0215401 0.078 -0.01576846 0.01817262 0.078 -0.01653057 0.01861262 0.078 -0.01697051 0.01822054 0.078 -0.01759552 0.01805305 0.078 -0.01741051 0.01861262 0.078 -0.01805305 0.01759552 0.078 -0.01817262 0.01817262 0.078 -0.01822054 0.01697051 0.078 -0.01861262 0.01741051 0.078 -0.01805305 0.01634556 0.078 -0.01861262 0.01653057 0.078 -0.01759552 0.01588803 0.078 -0.01817262 0.01576846 0.078 -0.01697051 0.01572054 0.078 -0.01634556 0.01805305 0.078 -0.01588803 0.01759552 0.078 -0.01532846 0.01741051 0.078 -0.01572054 0.01697051 0.078 -0.01532846 0.01653057 0.078 -0.01588803 0.01634556 0.078 -0.01576846 0.01576846 0.078 -0.01634556 0.01588803 0.078 -0.01653057 0.01532846 0.078 -0.01741051 0.01532846 0.078 -0.02255719 -0.007294178 0.078 -0.0219801 -0.007413685 0.078 -0.02209967 -0.006836652 0.078 -0.0215401 -0.006651639 0.078 -0.02193218 -0.006211638 0.078 -0.0215401 -0.005771636 0.078 -0.02209967 -0.005586624 0.078 -0.02255719 -0.005129098 0.078 -0.0219801 -0.005009531 0.078 -0.02318221 -0.004961609 0.078 -0.02274221 -0.00456953 0.078 -0.02380716 -0.005129098 0.078 -0.02362221 -0.00456953 0.078 -0.02426475 -0.005586624 0.078 -0.02438426 -0.005009531 0.078 -0.02443218 -0.006211638 0.078 -0.02482426 -0.005771636 0.078 -0.02426475 -0.006836652 0.078 -0.02482426 -0.006651639 0.078 -0.02380716 -0.007294178 0.078 -0.02438426 -0.007413685 0.078 -0.02318221 -0.007461607 0.078 -0.02362221 -0.007853686 0.078 -0.02274221 -0.007853686 0.078 -0.006211638 -0.02443218 0.078 -0.006651639 -0.02482426 0.078 -0.005586624 -0.02426475 0.078 -0.005771636 -0.02482426 0.078 -0.005129098 -0.02380716 0.078 -0.005009531 -0.02438426 0.078 -0.004961609 -0.02318221 0.078 -0.00456953 -0.02362221 0.078 -0.005129098 -0.02255719 0.078 -0.00456953 -0.02274221 0.078 -0.005586624 -0.02209967 0.078 -0.005009531 -0.0219801 0.078 -0.006211638 -0.02193218 0.078 -0.005771636 -0.0215401 0.078 -0.006836652 -0.02209967 0.078 -0.006651639 -0.0215401 0.078 -0.007294178 -0.02255719 0.078 -0.007413685 -0.0219801 0.078 -0.007461607 -0.02318221 0.078 -0.007853686 -0.02274221 0.078 -0.007294178 -0.02380716 0.078 -0.007853686 -0.02362221 0.078 -0.006836652 -0.02426475 0.078 -0.007413685 -0.02438426 0.078 0.01576846 -0.01817262 0.078 0.01653057 -0.01861262 0.078 0.01697051 -0.01822054 0.078 0.01759552 -0.01805305 0.078 0.01741051 -0.01861262 0.078 0.01805305 -0.01759552 0.078 0.01817262 -0.01817262 0.078 0.01822054 -0.01697051 0.078 0.01861262 -0.01741051 0.078 0.01805305 -0.01634556 0.078 0.01861262 -0.01653057 0.078 0.01759552 -0.01588803 0.078 0.01817262 -0.01576846 0.078 0.01697051 -0.01572054 0.078 0.01741051 -0.01532846 0.078 0.01653057 -0.01532846 0.078 0.01634556 -0.01588803 0.078 0.01576846 -0.01576846 0.078 0.01588803 -0.01634556 0.078 0.01532846 -0.01653057 0.078 0.01572054 -0.01697051 0.078 0.01532846 -0.01741051 0.078 0.01588803 -0.01759552 0.078 0.01634556 -0.01805305 0.078 0.03598958 0.000866025 0.0805 0.03599649 0.0005 0.08013397 0.0353291 0.006917536 0.003999948 0.03598701 0.000965832 0.0807408 0.0353291 0.006917536 0.08599996 0.03598606 0.000999987 0.08099997 0.03598606 0.000999987 0.08599996 0.03599995 0 0.003999948 -0.01321089 0.03348833 0.05599999 -0.01323425 0.03347915 0.05787724 -0.01277512 0.03365701 0.08599996 -0.01277512 0.03365701 0.003999948 -0.01321089 0.03348833 0.003999948 -0.01330417 0.03345137 0.05975669 -0.01342147 0.03340452 0.06165665 -0.0135883 0.03333699 0.0635972 -0.01380836 0.03324645 0.06559824 -0.01411533 0.03311729 0.0678761 -0.01447039 0.03296369 0.07010543 -0.01490747 0.03276836 0.07249969 -0.0154832 0.03250026 0.07528966 -0.01615983 0.03216922 0.07823228 -0.01694077 0.03176492 0.08133351 -0.01770633 0.03134459 0.08416306 -0.01822733 0.03104454 0.08599996 -0.01664459 -0.03192108 0.08018732 -0.01277512 -0.03365701 0.08599996 -0.0174086 -0.03151088 0.08308327 -0.01822733 -0.03104454 0.08599996 -0.01594823 -0.0322746 0.07734262 -0.01532626 -0.03257459 0.07456052 -0.01479417 -0.03281968 0.07190686 -0.01440793 -0.03299105 0.06973564 -0.01408004 -0.03313231 0.06763452 -0.01380783 -0.03324669 0.06559354 -0.0135892 -0.03333663 0.06360614 -0.01342195 -0.03340429 0.06166368 -0.01333689 -0.03343838 0.06036883 -0.0132535 -0.03347152 0.05853605 -0.0132144 -0.03348696 0.05672276 -0.01321089 -0.03348833 0.05599999 0.03599649 -0.0005 0.08013397 0.03598958 -0.000866025 0.0805 0.0353291 -0.006917536 0.003999948 0.03599905 0.000258886 0.08003407 0.03599995 0 0.07999998 0.03599905 -0.000259079 0.08003413 0.03598701 -0.000965993 0.0807414 0.0353291 -0.006917536 0.08599996 0.03598606 -0.000999987 0.08099997 0.03598606 -0.000999987 0.08599996 0.03334152 -0.01357722 0.08599996 0.03334152 -0.01357722 0.003999948 0.03011125 -0.01973092 0.08599996 0.03011125 -0.01973092 0.003999948 0.02575874 -0.02514922 0.08599996 0.02575874 -0.02514922 0.003999948 0.02044618 -0.02963024 0.08599996 0.02044618 -0.02963024 0.003999948 0.01437157 -0.0330069 0.08599996 0.01437157 -0.0330069 0.003999948 0.007761359 -0.03515338 0.08599996 0.007761359 -0.03515338 0.003999948 0.000861878 -0.03598964 0.08599996 0.000861878 -0.03598964 0.003999948 -0.006069719 -0.03548461 0.08599996 -0.006069719 -0.03548461 0.003999948 -0.01277512 -0.03365701 0.003999948 -0.01321089 -0.03348833 0.003999948 -0.006069719 0.03548461 0.08599996 -0.006069719 0.03548461 0.003999948 0.000861878 0.03598964 0.08599996 0.000861878 0.03598964 0.003999948 0.007761359 0.03515338 0.08599996 0.007761359 0.03515338 0.003999948 0.01437157 0.0330069 0.08599996 0.01437157 0.0330069 0.003999948 0.02044618 0.02963024 0.08599996 0.02044618 0.02963024 0.003999948 0.02575874 0.02514922 0.08599996 0.02575874 0.02514922 0.003999948 0.03011125 0.01973092 0.08599996 0.03011125 0.01973092 0.003999948 0.03334152 0.01357722 0.08599996 0.03334152 0.01357722 0.003999948 0.03380382 -0.00689572 0.08599996 0.03499996 -0.000999987 0.08599996 0.0345 0 0.08599996 0.03499996 0.000999987 0.08599996 0.03380382 0.00689572 0.08599996 -0.03040921 0.00084738 0.08599996 -0.02970743 0.002389967 0.08599996 -0.03236216 0.00873959 0.08599996 -0.0207284 0.02943348 0.08599996 -0.0213083 0.02901643 0.08599996 -0.02067947 0.0276153 0.08599996 -0.03546065 0.006208121 0.08599996 -0.03236216 0.00873959 0.08599996 -0.03527504 0.0071882 0.08599996 -0.03239303 0.008783578 0.08599996 -0.03482472 0.009123444 0.08599996 -0.03280758 0.009852766 0.08599996 -0.03431051 0.01089888 0.08599996 -0.03270119 0.01099455 0.08599996 -0.03385877 0.01223027 0.08599996 -0.03374898 0.01253008 0.08599996 -0.0273 0.02346718 0.08599996 -0.02768999 0.02300572 0.08599996 -0.02578186 0.02292472 0.08599996 -0.02788287 0.02277153 0.08599996 -0.02170139 0.02872365 0.08599996 -0.02226561 0.02828848 0.08599996 -0.02282285 0.02784091 0.08599996 -0.02330785 -0.02743613 0.08599996 -0.02282285 -0.02784091 0.08599996 -0.02067947 -0.0276153 0.08599996 -0.03589284 -0.00277549 0.08599996 -0.03564012 -0.005077302 0.08599996 -0.03236216 -0.00873959 0.08599996 -0.03546065 -0.006208121 0.08599996 -0.03239303 -0.008783578 0.08599996 -0.03527504 -0.0071882 0.08599996 -0.03280758 -0.009852766 0.08599996 -0.03482472 -0.009123444 0.08599996 -0.03270119 -0.01099455 0.08599996 -0.03431051 -0.01089888 0.08599996 -0.03385877 -0.01223027 0.08599996 -0.03236216 -0.00873959 0.08599996 -0.02772378 -0.004075944 0.08599996 -0.02782422 -0.00394392 0.08599996 -0.02842992 -0.00350362 0.08599996 -0.02970743 -0.002389967 0.08599996 -0.03040921 -0.00084738 0.08599996 -0.03599995 -4.43461e-05 0.08599996 -0.03030645 0.01942974 0.08599996 -0.03092598 0.01842772 0.08599996 -0.02984374 0.01730889 0.08599996 -0.03124243 0.01788592 0.08599996 -0.03154659 0.01734387 0.08599996 -0.01891481 0.03063046 0.08599996 -0.01953554 0.03023838 0.08599996 -0.02013874 0.02984005 0.08599996 -0.02847528 -0.0220263 0.08599996 -0.02788287 -0.02277153 0.08599996 -0.02578186 -0.02292472 0.08599996 -0.02768999 -0.02300572 0.08599996 -0.0273 -0.02346718 0.08599996 -0.02672523 -0.02411973 0.08599996 -0.02728766 -0.007301509 0.08599996 -0.02715808 -0.007081151 0.08599996 -0.02750921 -0.007429003 0.08599996 -0.0271483 -0.006853282 0.08599996 -0.02768945 -0.004158496 0.08599996 -0.03564012 0.005077302 0.08599996 -0.03589284 0.00277549 0.08599996 -0.03599995 4.43461e-05 0.08599996 -0.03599995 0 0.08599996 -0.02842992 0.00350362 0.08599996 -0.02782422 0.00394392 0.08599996 -0.02772378 0.004075944 0.08599996 -0.0271483 0.006853282 0.08599996 -0.02715808 0.007081151 0.08599996 -0.02728766 0.007301509 0.08599996 -0.02504444 -0.02586066 0.08599996 -0.02448427 -0.02639162 0.08599996 -0.03216576 -0.01616668 0.08599996 -0.03154659 -0.01734387 0.08599996 -0.02984374 -0.01730889 0.08599996 -0.03124243 -0.01788592 0.08599996 -0.03092598 -0.01842772 0.08599996 -0.02768945 0.004158496 0.08599996 -0.02750921 0.007429003 0.08599996 -0.03216576 0.01616668 0.08599996 -0.03277939 0.01488316 0.08599996 -0.03338152 0.01347863 0.08599996 -0.02330785 0.02743613 0.08599996 -0.02392917 0.02689594 0.08599996 -0.02448427 0.02639162 0.08599996 -0.02504444 0.02586066 0.08599996 -0.02559274 0.0253182 0.08599996 -0.02226561 -0.02828848 0.08599996 -0.02170139 -0.02872365 0.08599996 -0.0213083 -0.02901643 0.08599996 -0.02615678 0.02473503 0.08599996 -0.02672523 0.02411973 0.08599996 0.03598606 0.000999987 0.08599996 0.0353291 0.006917536 0.08599996 0.03174334 0.0135132 0.08599996 0.03334152 0.01357722 0.08599996 0.02840185 0.01958525 0.08599996 0.03011125 0.01973092 0.08599996 0.02391409 0.02486693 0.08599996 0.02575874 0.02514922 0.08599996 0.01846116 0.029145 0.08599996 0.02044618 0.02963024 0.08599996 0.01226323 0.03224688 0.08599996 0.01437157 0.0330069 0.08599996 0.005570352 0.0340473 0.08599996 0.007761359 0.03515338 0.08599996 -0.001347303 0.03447365 0.08599996 0.000861878 0.03598964 0.08599996 -0.008210599 0.03350871 0.08599996 -0.006069719 0.03548461 0.08599996 -0.01474255 0.0311914 0.08599996 -0.01277512 0.03365701 0.08599996 -0.01822733 0.03104454 0.08599996 -0.02392917 -0.02689594 0.08599996 -0.03374898 -0.01253008 0.08599996 -0.03338152 -0.01347863 0.08599996 -0.03277939 -0.01488316 0.08599996 -0.02847528 0.0220263 0.08599996 -0.02907836 0.02122372 0.08599996 -0.02968955 0.02035993 0.08599996 -0.02615678 -0.02473503 0.08599996 -0.02559274 -0.0253182 0.08599996 -0.0207284 -0.02943348 0.08599996 -0.02013874 -0.02984005 0.08599996 -0.02067947 -0.0276153 0.08599996 -0.01953554 -0.03023838 0.08599996 -0.03030645 -0.01942974 0.08599996 -0.02968955 -0.02035993 0.08599996 -0.02907836 -0.02122372 0.08599996 0.03598606 -0.000999987 0.08599996 0.0353291 -0.006917536 0.08599996 0.03334152 -0.01357722 0.08599996 0.03174334 -0.0135132 0.08599996 0.03011125 -0.01973092 0.08599996 0.02840185 -0.01958525 0.08599996 0.02575874 -0.02514922 0.08599996 0.02391409 -0.02486693 0.08599996 0.02044618 -0.02963024 0.08599996 0.01846116 -0.029145 0.08599996 0.01437157 -0.0330069 0.08599996 0.01226323 -0.03224688 0.08599996 0.007761359 -0.03515338 0.08599996 0.005570352 -0.0340473 0.08599996 0.000861878 -0.03598964 0.08599996 -0.001347303 -0.03447365 0.08599996 -0.006069719 -0.03548461 0.08599996 -0.006069719 -0.03548461 0.08599996 -0.008210599 -0.03350871 0.08599996 -0.01277512 -0.03365701 0.08599996 -0.01474255 -0.0311914 0.08599996 -0.01822733 -0.03104454 0.08599996 -0.01891481 -0.03063046 0.08599996 -0.0271483 0.006853282 0.08599996 -0.02768945 0.004158496 0.08599996 -0.02715438 0.006825566 0.08599907 -0.02715438 0.006825566 0.08599907 -0.02768945 0.004158496 0.08599996 -0.02767205 0.004233598 0.08599406 -0.02767205 -0.004233598 0.08599406 -0.02768945 -0.004158496 0.08599996 -0.02715438 -0.006825566 0.08599907 -0.02715438 -0.006825566 0.08599907 -0.02768945 -0.004158496 0.08599996 -0.0271483 -0.006853282 0.08599996 -0.02842992 -0.00350362 0.08599996 -0.02782422 -0.00394392 0.08599996 -0.02842992 -0.00350362 0.078 -0.02842992 -0.00350362 0.078 -0.02782422 -0.00394392 0.078 -0.02842992 0.00350362 0.078 -0.02782422 0.00394392 0.078 -0.02842992 0.00350362 0.08599996 -0.02782422 0.00394392 0.078 -0.02782422 0.00394392 0.08599996 0.01899999 0 0.07449996 0.0182954 -0.005126118 0.07449996 0.01882302 -0.002587139 0.07629996 0.01623392 -0.009872078 0.07449996 0.01742696 -0.007569611 0.07629996 0.0182954 -0.005126118 0.07629996 0.01296848 -0.01388585 0.07449996 0.0147385 -0.01199066 0.07629996 0.01623392 -0.009872078 0.07629996 0.008741199 -0.01686978 0.07449996 0.01095688 -0.01552242 0.07629996 0.01296848 -0.01388585 0.07629996 0.003865659 -0.01860255 0.07449996 0.006362676 -0.01790291 0.07629996 0.008741199 -0.01686978 0.07629996 -0.001296579 -0.0189557 0.07449996 0.001296579 -0.0189557 0.07629996 0.003865659 -0.01860255 0.07629996 -0.006362676 -0.01790291 0.07449996 -0.003865659 -0.01860255 0.07629996 -0.001296579 -0.0189557 0.07629996 -0.01095688 -0.01552242 0.07449996 -0.008741199 -0.01686978 0.07629996 -0.006362676 -0.01790291 0.07629996 -0.0147385 -0.01199066 0.07449996 -0.01296848 -0.01388585 0.07629996 -0.01095688 -0.01552242 0.07629996 -0.01742696 -0.007569611 0.07449996 -0.01623392 -0.009872078 0.07629996 -0.0147385 -0.01199066 0.07629996 -0.01882302 -0.002587139 0.07449996 -0.0182954 -0.005126118 0.07629996 -0.01742696 -0.007569611 0.07629996 -0.01882302 0.002587139 0.07449996 -0.01899999 0 0.07629996 -0.01882302 -0.002587139 0.07629996 -0.01742696 0.007569611 0.07449996 -0.0182954 0.005126118 0.07629996 -0.01882302 0.002587139 0.07629996 -0.0147385 0.01199066 0.07449996 -0.01623392 0.009872078 0.07629996 -0.01742696 0.007569611 0.07629996 -0.01095688 0.01552242 0.07449996 -0.01296848 0.01388585 0.07629996 -0.0147385 0.01199066 0.07629996 -0.006362676 0.01790291 0.07449996 -0.008741199 0.01686978 0.07629996 -0.01095688 0.01552242 0.07629996 -0.001296579 0.0189557 0.07449996 -0.003865659 0.01860255 0.07629996 -0.006362676 0.01790291 0.07629996 0.003865659 0.01860255 0.07449996 0.001296579 0.0189557 0.07629996 -0.001296579 0.0189557 0.07629996 0.008741199 0.01686978 0.07449996 0.006362676 0.01790291 0.07629996 0.003865659 0.01860255 0.07629996 0.01296848 0.01388585 0.07449996 0.01095688 0.01552242 0.07629996 0.008741199 0.01686978 0.07629996 0.01623392 0.009872078 0.07449996 0.0147385 0.01199066 0.07629996 0.01296848 0.01388585 0.07629996 0.0182954 0.005126118 0.07449996 0.01742696 0.007569611 0.07629996 0.01623392 0.009872078 0.07629996 0.01899999 0 0.07629996 0.01882302 0.002587139 0.07629996 0.0182954 0.005126118 0.07629996 -0.04973214 0 0.08599996 -0.03603506 -1.6646e-05 0.08599996 -0.03822225 -0.001108348 0.08597952 -0.04649764 -0.00647372 0.08529317 -0.04507178 -0.005368947 0.08551561 -0.04973214 -0.004806637 0.08561241 -0.04353332 -0.004276812 0.08569353 -0.04973214 -0.002411067 0.08590292 -0.04188042 -0.003200292 0.08582878 -0.04011076 -0.002142786 0.08592337 -0.04973214 -0.009434461 0.0844779 -0.04966062 -0.009359896 0.08450245 -0.04973214 -0.00714308 0.08513718 -0.04855465 -0.008267104 0.08483839 -0.04732865 -0.007166266 0.08513146 -0.03206235 0.02992486 0.0581212 -0.04973214 0.02999997 0.05599999 -0.03246098 0.02986437 0.05884891 -0.04973214 0.02987712 0.05871206 -0.03298676 0.02978324 0.05959933 -0.03178226 0.02996689 0.05740875 -0.03161519 0.02999174 0.05670392 -0.03155946 0.02999997 0.05599999 -0.04973214 0.02890038 0.06404763 -0.03860408 0.02881824 0.06433707 -0.04973214 0.0295096 0.06140196 -0.03698772 0.02911484 0.06323361 -0.03561234 0.02935498 0.06218737 -0.03456819 0.02952998 0.06128948 -0.03372001 0.02966755 0.06045353 -0.04973214 0.02700012 0.06907641 -0.04973214 0.02573239 0.0714221 -0.04899364 0.02608829 0.0708121 -0.04973214 0.02805453 0.06662744 -0.0478233 0.02657282 0.06992417 -0.04654395 0.0270164 0.06904274 -0.04515385 0.02742058 0.06817001 -0.04354304 0.02781069 0.06724995 -0.04229843 0.0280795 0.06656116 -0.04046958 0.02845603 0.06550008 -0.05249994 -0.02399998 0.004499971 -0.05249994 -0.02399998 0.05599999 -0.02047556 -0.02399998 0.004499971 -0.02047556 -0.02399998 0.05599999 -0.02047556 0.02399998 0.004499971 -0.02047556 0.02399998 0.05599999 -0.05249994 0.02399998 0.004499971 -0.05249994 0.02399998 0.05599999 -0.03665864 -0.01555436 0.07427728 -0.03616529 -0.01576763 0.07409363 -0.05249994 -0.01796424 0.07191491 -0.037 -0.01534837 0.07445067 -0.03698951 -0.01535564 0.07444459 -0.03671962 -0.01552182 0.07430493 -0.0359072 -0.01585167 0.07402008 -0.03579145 -0.01588445 0.07399117 -0.03559327 -0.01593452 0.07394683 -0.03430074 -0.01611423 0.07378566 -0.03370893 -0.01613128 0.07377022 -0.02808898 -0.01796561 0.07191336 -0.03206866 -0.01601612 0.07387405 -0.02882671 -0.01714658 0.07279264 -0.03122544 -0.0158745 0.074 -0.02987158 -0.0158745 0.074 -0.05249994 -0.01796424 0.07191491 -0.037 -0.01363354 0.0757516 -0.05249994 -0.01363354 0.0757516 -0.037 -0.01246565 0.0765087 -0.05249994 -0.00851047 0.07844036 -0.037 -0.009126901 0.07819682 -0.05249994 -0.002892851 0.07982498 -0.037 -0.005566358 0.07934552 -0.037 -0.00851047 0.07844036 -0.037 0.002892851 0.07982498 -0.037 0.001870572 0.07992696 -0.05249994 0.002892851 0.07982498 -0.037 -0.001870572 0.07992696 -0.037 -0.002892851 0.07982498 -0.037 0.005566358 0.07934552 -0.05249994 0.00851047 0.07844036 -0.037 0.00851047 0.07844036 -0.037 0.009126901 0.07819682 -0.05249994 0.01363354 0.0757516 -0.037 0.01246565 0.0765087 -0.02987158 0.0158745 0.074 -0.03122544 0.0158745 0.074 -0.02882671 0.01714658 0.07279264 -0.03284305 0.01609808 0.07380032 -0.02808898 0.01796561 0.07191336 -0.03370893 0.01613128 0.07377022 -0.03417295 0.01612091 0.07377964 -0.0349701 0.01604914 0.07384443 -0.03596562 0.01583403 0.07403558 -0.05249994 0.01796424 0.07191491 -0.03682559 0.0154612 0.07435619 -0.03698951 0.01535564 0.07444459 -0.037 0.01534837 0.07445067 -0.037 0.01363354 0.0757516 -0.02745175 0.01862806 0.07113254 -0.05249994 0.0212509 0.06715333 -0.02605468 0.01995497 0.06933408 -0.0246731 0.02112346 0.06739282 -0.02216762 0.02294731 0.06302982 -0.02314358 0.02227765 0.06492781 -0.05249994 0.02330255 0.06174355 -0.02430462 0.02141404 0.06683683 -0.02451306 0.02125072 0.06715369 -0.02057373 0.02394241 0.05766135 -0.02086496 0.02376914 0.0593205 -0.02139979 0.02344125 0.06114846 -0.02162253 0.02330082 0.06175059 -0.02057373 -0.02394241 0.05766135 -0.02086496 -0.02376914 0.0593205 -0.02314358 -0.02227765 0.06492781 -0.02216762 -0.02294731 0.06302982 -0.05249994 -0.02330255 0.06174355 -0.02162253 -0.02330082 0.06175059 -0.02139979 -0.02344125 0.06114846 -0.05249994 -0.0212509 0.06715333 -0.02745175 -0.01862806 0.07113254 -0.02605468 -0.01995497 0.06933408 -0.0246731 -0.02112346 0.06739282 -0.02451306 -0.02125072 0.06715369 -0.02430462 -0.02141404 0.06683683 0.01999461 -0.005357503 0.078 0.02028441 -0.005435168 0.078 0.02069997 0 0.078 0.02099996 0 0.078 0.01999461 0.005357503 0.078 0.02028441 0.005435168 0.078 0.01792669 0.01034998 0.078 0.0181865 0.01049995 0.078 0.01463711 0.01463711 0.078 0.01484924 0.01484924 0.078 0.01034998 0.01792669 0.078 0.01049995 0.0181865 0.078 0.005357503 0.01999461 0.078 0.005435168 0.02028441 0.078 0 0.02069997 0.078 0 0.02099996 0.078 -0.005357503 0.01999461 0.078 -0.005435168 0.02028441 0.078 -0.01034998 0.01792669 0.078 -0.01049995 0.0181865 0.078 -0.01463711 0.01463711 0.078 -0.01484924 0.01484924 0.078 -0.01792669 0.01034998 0.078 -0.0181865 0.01049995 0.078 -0.01999461 0.005357503 0.078 -0.02028441 0.005435168 0.078 -0.02069997 0 0.078 -0.02099996 0 0.078 -0.01999461 -0.005357503 0.078 -0.02028441 -0.005435168 0.078 -0.01792669 -0.01034998 0.078 -0.0181865 -0.01049995 0.078 -0.01463711 -0.01463711 0.078 -0.01484924 -0.01484924 0.078 -0.01034998 -0.01792669 0.078 -0.01049995 -0.0181865 0.078 -0.005357503 -0.01999461 0.078 -0.005435168 -0.02028441 0.078 0 -0.02069997 0.078 0 -0.02099996 0.078 0.005357503 -0.01999461 0.078 0.005435168 -0.02028441 0.078 0.01034998 -0.01792669 0.078 0.01049995 -0.0181865 0.078 0.01463711 -0.01463711 0.078 0.01484924 -0.01484924 0.078 0.01792669 -0.01034998 0.078 0.0181865 -0.01049995 0.078 -0.03968274 -0.02449995 0.003999948 -0.03896921 -0.02449995 0.003999948 -0.03898745 -0.02474629 0.003999948 -0.03887498 -0.02455139 0.003999948 -0.03824627 -0.02548748 0.003999948 -0.03805142 -0.02537494 0.003999948 -0.03797495 -0.02649998 0.003999948 -0.03774994 -0.02649998 0.003999948 -0.03824627 -0.02751249 0.003999948 -0.03805142 -0.02762496 0.003999948 -0.03898745 -0.02825367 0.003999948 -0.03887498 -0.02844852 0.003999948 -0.03999996 -0.02852499 0.003999948 -0.03999996 -0.02875 0.003999948 -0.04101246 -0.02825367 0.003999948 -0.04112499 -0.02844852 0.003999948 -0.04175364 -0.02751249 0.003999948 -0.04194855 -0.02762496 0.003999948 -0.04202497 -0.02649998 0.003999948 -0.04224997 -0.02649998 0.003999948 -0.04175364 -0.02548748 0.003999948 -0.04194855 -0.02537494 0.003999948 -0.04101246 -0.02474629 0.003999948 -0.04112499 -0.02455139 0.003999948 -0.04031717 -0.02449995 0.003999948 -0.04103076 -0.02449995 0.003999948 -0.01759171 0.02491545 0.05599999 -0.01759171 0.02491545 0.004499971 -0.01393342 0.02713131 0.004499971 -0.0183857 0.02433544 0.06222105 -0.01393342 0.02713131 0.074 -0.01904541 0.02382266 0.06449443 -0.0194078 0.02352839 0.074 -0.01988393 0.02312743 0.06678777 -0.01792627 0.02467584 0.06001234 -0.01393342 0.02713131 0.074 -0.01767605 0.02485567 0.05800747 -0.02342277 0.01953512 0.074 -0.022385 0.02071613 0.07211202 -0.02119803 0.02192926 0.06976634 -0.02088147 0.02223092 0.06909453 -0.02088147 -0.02223092 0.06909453 -0.02119803 -0.02192926 0.06976634 -0.0194078 -0.02352839 0.074 -0.022385 -0.02071613 0.07211202 -0.02342277 -0.01953512 0.074 -0.01759171 -0.02491545 0.05599999 -0.01767605 -0.02485567 0.05800747 -0.01393342 -0.02713131 0.074 -0.01792627 -0.02467584 0.06001234 -0.0183857 -0.02433544 0.06222105 -0.01904541 -0.02382266 0.06449443 -0.01988393 -0.02312743 0.06678777 -0.0120632 0.02801299 0.004499971 -0.007815778 0.02948153 0.074 -0.007815778 0.02948153 0.004499971 -0.00601387 0.0299012 0.004499971 -0.00133723 0.03047066 0.074 -0.00133723 0.03047066 0.004499971 0.000294982 0.03049856 0.004499971 0.005202949 0.0300529 0.074 0.005202949 0.0300529 0.004499971 0.006591141 0.02977925 0.004499971 0.01150298 0.02824765 0.074 0.01150298 0.02824765 0.004499971 0.01260274 0.02777445 0.004499971 0.01727193 0.02513813 0.074 0.01727193 0.02513813 0.004499971 0.01799148 0.02462834 0.074 0.01807034 0.02457052 0.004499971 0.0198 0.02319931 0.074 0.02224344 0.02086806 0.004499971 0.02902537 0.009368836 0.004499971 0.03032344 0.003276765 0.074 0.02892339 0.009679079 0.004499971 0.02892339 0.009679079 0.074 0.02646279 0.01516473 0.004499971 0.02618795 0.01563447 0.074 0.02618795 0.01563447 0.004499971 0.0247026 0.01788932 0.074 0.02275776 0.02030593 0.004499971 0.02224344 0.02086806 0.074 0.0217598 0.0213719 0.074 0.03033494 0.003168523 0.004499971 0.03033494 -0.003168523 0.004499971 0.03032344 -0.003276765 0.074 0.02899551 -0.009460866 0.074 0.02902537 -0.009368836 0.004499971 0.02892339 -0.009679079 0.074 0.02892339 -0.009679079 0.004499971 0.02632826 -0.01539713 0.074 0.02646279 -0.01516473 0.004499971 0.02618795 -0.01563447 0.074 0.02618795 -0.01563447 0.004499971 0.02275776 -0.02030593 0.004499971 0.02224344 -0.02086806 0.074 0.02224344 -0.02086806 0.004499971 0.0217598 -0.0213719 0.074 0.01727193 -0.02513813 0.074 0.01799148 -0.02462834 0.074 0.01807034 -0.02457052 0.004499971 0.0198 -0.02319931 0.074 0.02132946 -0.02180141 0.074 0.01727193 -0.02513813 0.004499971 0.01260274 -0.02777445 0.004499971 0.01150298 -0.02824765 0.074 0.01150298 -0.02824765 0.004499971 0.006591141 -0.02977925 0.004499971 0.005202949 -0.0300529 0.074 0.005202949 -0.0300529 0.004499971 0.000294982 -0.03049856 0.004499971 -0.00133723 -0.03047066 0.074 -0.00133723 -0.03047066 0.004499971 -0.00601387 -0.0299012 0.004499971 -0.007815778 -0.02948153 0.074 -0.01759171 -0.02491545 0.004499971 -0.01393342 -0.02713131 0.004499971 -0.0120632 -0.02801299 0.004499971 -0.007815778 -0.02948153 0.004499971 -0.01393342 0.02713131 0.074 -0.01159107 0.02456611 0.074 -0.0194078 0.02352839 0.074 0.005202949 0.0300529 0.074 0.003380775 0.02939999 0.074 -0.00133723 0.03047066 0.074 0.0217598 0.0213719 0.074 0.02224344 0.02086806 0.074 0.02171605 0.01986026 0.074 0.0247026 0.01788932 0.074 0.02892339 -0.009679079 0.074 0.02652484 -0.0094558 0.074 0.02899551 -0.009460866 0.074 0.0217598 -0.0213719 0.074 0.02132946 -0.02180141 0.074 0.01968508 -0.02171605 0.074 -0.02987158 -0.0158745 0.074 -0.03122544 -0.0158745 0.074 -0.03090482 -0.0140258 0.074 0.01152026 0.01815301 0.074 0.007294178 0.02255719 0.074 0.007461607 0.02318221 0.074 -0.02739995 0.00155884 0.074 -0.02784836 0.00119239 0.074 -0.02794229 0.003315091 0.074 0.02739995 0.00155884 0.074 0.02649998 0.001799941 0.074 0.02652484 0.003380775 0.074 0.02204966 -0.01169115 0.074 0.02139079 -0.01234996 0.074 0.02171605 -0.0094558 0.074 0.02171605 -0.01538527 0.074 0.01968508 -0.01538527 0.074 0.02139079 -0.01414996 0.074 0.02114963 -0.01324999 0.074 0.01968508 -0.0094558 0.074 0.02632826 -0.01539713 0.074 0.02456611 -0.01538527 0.074 0.02450847 -0.01414996 0.074 0.02892339 -0.009679079 0.074 0.02474963 -0.01324999 0.074 0.02450847 -0.01234996 0.074 0.02456611 -0.0094558 0.074 0.02384966 -0.01169115 0.074 0.02294963 -0.01144999 0.074 0.02204966 -0.01480883 0.074 0.02294963 -0.01504999 0.074 0.02384966 -0.01480883 0.074 0.02456611 0.003380775 0.074 0.02559995 0.00155884 0.074 0.02494114 0.0009 0.074 0.02469998 0 0.074 0.02494114 -0.0009 0.074 0.02456611 -0.003380775 0.074 0.02559995 -0.00155884 0.074 0.02652484 -0.003380775 0.074 0.02649998 -0.001799941 0.074 0.03032344 -0.003276765 0.074 0.02739995 -0.00155884 0.074 0.02805882 -0.0009 0.074 0.03032344 -0.003276765 0.074 0.02829998 0 0.074 0.03032344 0.003276765 0.074 0.02805882 0.0009 0.074 0.01697051 -0.01822054 0.074 0.01759552 -0.01805305 0.074 0.01805305 -0.01759552 0.074 0.01822054 -0.01697051 0.074 0.01805305 -0.01634556 0.074 0.01759552 -0.01588803 0.074 0.01697051 -0.01572054 0.074 0.01634556 -0.01588803 0.074 0.0156728 -0.01471775 0.074 0.01588803 -0.01634556 0.074 0.01152026 -0.01815301 0.074 0.01634556 -0.01805305 0.074 0.003380775 -0.02171605 0.074 0.01588803 -0.01759552 0.074 0.01572054 -0.01697051 0.074 0.006643831 -0.02044767 0.074 0.001349985 -0.02145755 0.074 -0.003380775 -0.02171605 0.074 -0.004028677 -0.02111917 0.074 -0.0091542 -0.01945376 0.074 -0.01159107 -0.02171605 0.074 -0.01370459 -0.01656603 0.074 -0.02426475 -0.006836652 0.074 -0.02380716 -0.007294178 0.074 -0.02933073 -0.01081866 0.074 -0.01999014 -0.007914662 0.074 -0.02193218 -0.006211638 0.074 -0.02133041 -0.002694606 0.074 -0.02209967 -0.005586624 0.074 -0.02318221 -0.007461607 0.074 -0.02255719 -0.007294178 0.074 -0.01968508 -0.0094558 0.074 -0.02255719 -0.005129098 0.074 -0.02318221 -0.004961609 0.074 -0.02791464 -0.002868294 0.074 -0.02887058 -0.009338319 0.074 -0.02835762 -0.006962895 0.074 -0.02443218 -0.006211638 0.074 -0.02822226 -0.006082713 0.074 -0.02426475 -0.005586624 0.074 -0.02380716 -0.005129098 0.074 -0.01968508 -0.02171605 0.074 -0.01968508 -0.01538527 0.074 -0.01739382 -0.01263737 0.074 -0.01974684 -0.008503556 0.074 -0.02209967 -0.006836652 0.074 -0.02494114 -0.0009 0.074 -0.02469998 0 0.074 -0.02133041 0.002694606 0.074 -0.02784836 -0.00119239 0.074 -0.02739995 -0.00155884 0.074 -0.02649998 -0.001799941 0.074 -0.02559995 -0.00155884 0.074 -0.02494114 0.0009 0.074 -0.02133041 0.002694606 0.074 -0.02559995 0.00155884 0.074 -0.02649998 0.001799941 0.074 -0.02139079 0.01414996 0.074 -0.02204966 0.01480883 0.074 -0.01968508 0.01538527 0.074 -0.02114963 0.01324999 0.074 -0.02450847 0.01414996 0.074 -0.02474963 0.01324999 0.074 -0.03090232 0.01399999 0.074 -0.02139079 0.01234996 0.074 -0.01739382 0.01263737 0.074 -0.02204966 0.01169115 0.074 -0.01999014 0.007914662 0.074 -0.02294963 0.01144999 0.074 -0.02384966 0.01169115 0.074 -0.02294963 0.01504999 0.074 -0.02384966 0.01480883 0.074 -0.03111189 0.01539021 0.074 -0.03090482 0.0140258 0.074 -0.02822226 0.006082713 0.074 -0.02835762 0.006962895 0.074 -0.02450847 0.01234996 0.074 -0.02887058 0.009338319 0.074 -0.02933073 0.01081866 0.074 -0.03004866 0.01252412 0.074 -0.01805305 0.01759552 0.074 -0.01822054 0.01697051 0.074 -0.004028677 0.02111917 0.074 -0.0091542 0.01945376 0.074 -0.01159107 0.01986026 0.074 -0.01370459 0.01656603 0.074 -0.01805305 0.01634556 0.074 -0.01759552 0.01588803 0.074 -0.01697051 0.01572054 0.074 -0.01739382 0.01263737 0.074 -0.01491737 0.0154829 0.074 -0.01759552 0.01805305 0.074 -0.01968508 0.01986026 0.074 -0.01697051 0.01822054 0.074 -0.01634556 0.01805305 0.074 -0.01634556 0.01588803 0.074 -0.01588803 0.01634556 0.074 -0.01572054 0.01697051 0.074 -0.01588803 0.01759552 0.074 0.003380775 0.02456611 0.074 0.001349985 0.02145755 0.074 0.01799148 0.02462834 0.074 0.007294178 0.02380716 0.074 0.006836652 0.02426475 0.074 0.006211638 0.02443218 0.074 0.01799148 0.02462834 0.074 0.01727193 0.02513813 0.074 0.004961609 0.02318221 0.074 0.005129098 0.02380716 0.074 0.005586624 0.02426475 0.074 0.005129098 0.02255719 0.074 0.005586624 0.02209967 0.074 0.006643831 0.02044767 0.074 0.006211638 0.02193218 0.074 0.01152026 0.01815301 0.074 0.006836652 0.02209967 0.074 0.02082449 0.005346775 0.074 0.01884055 0.01035767 0.074 0.01968508 0.01538527 0.074 0.0156728 0.01471775 0.074 -0.03122544 0.0158745 0.074 -0.02987158 0.0158745 0.074 -0.02863699 0.01603537 0.074 -0.02785623 0.01628005 0.074 -0.02634912 0.01701861 0.074 -0.02511245 0.01788246 0.074 -0.02375489 0.01915442 0.074 -0.03004866 -0.01252412 0.074 -0.03090232 -0.01399999 0.074 -0.0247175 -0.01821279 0.074 -0.02617609 -0.01712501 0.074 -0.02643883 -0.01696515 0.074 -0.02780109 -0.01630103 0.074 -0.02856111 -0.01605468 0.074 0.001799941 -0.02649998 0.074 0.00155884 -0.02559995 0.074 0.003380775 -0.02456611 0.074 0.0009 -0.02494114 0.074 0 -0.02469998 0.074 -0.003380775 -0.02456611 0.074 -0.0009 -0.02494114 0.074 -0.00155884 -0.02559995 0.074 -0.0194078 -0.02352839 0.074 -0.01159107 -0.02456611 0.074 -0.01393342 -0.02713131 0.074 -0.007815778 -0.02948153 0.074 -0.001799941 -0.02649998 0.074 -0.00155884 -0.02739995 0.074 -0.00133723 -0.03047066 0.074 -0.0009 -0.02805882 0.074 -0.00133723 -0.03047066 0.074 0 -0.02829998 0.074 0.005202949 -0.0300529 0.074 0.0009 -0.02805882 0.074 0.005202949 -0.0300529 0.074 0.00155884 -0.02739995 0.074 0.01799148 -0.02462834 0.074 0.01727193 -0.02513813 0.074 0.01150298 -0.02824765 0.074 0.0217598 -0.0213719 0.074 0.02224344 -0.02086806 0.074 0.02618795 -0.01563447 0.074 0.02632826 -0.01539713 0.074 0.02892339 0.009679079 0.074 0.02618795 0.01563447 0.074 0.02456611 0.01538527 0.074 0.02171605 0.01538527 0.074 0.01968508 0.01986026 0.074 0.0198 0.02319931 0.074 0.005202949 0.0300529 0.074 0.01150298 0.02824765 0.074 -0.003380775 0.02456611 0.074 -0.007815778 0.02948153 0.074 -0.007815778 0.02948153 0.074 -0.003380775 0.02939999 0.074 0.0009 0.02494114 0.074 0.00155884 0.02559995 0.074 0.001799941 0.02649998 0.074 0.00155884 0.02739995 0.074 0.0009 0.02805882 0.074 0 0.02829998 0.074 -0.001799941 0.02649998 0.074 -0.00155884 0.02739995 0.074 -0.0009 0.02805882 0.074 -0.00155884 0.02559995 0.074 -0.0009 0.02494114 0.074 0 0.02469998 0.074 -0.02342277 0.01953512 0.074 0.0198 0.02319931 0.074 0.02171605 0.003380775 0.074 0.02149999 0 0.074 0.02426475 0.006836652 0.074 0.02443218 0.006211638 0.074 0.02426475 0.005586624 0.074 0.02380716 0.005129098 0.074 0.02380716 0.007294178 0.074 0.02318221 0.007461607 0.074 0.02255719 0.007294178 0.074 0.02255719 0.005129098 0.074 0.02318221 0.004961609 0.074 0.02209967 0.006836652 0.074 0.02193218 0.006211638 0.074 0.02209967 0.005586624 0.074 0.02171605 -0.003380775 0.074 0.02082449 -0.005346775 0.074 0.02082449 -0.005346775 0.074 0.01884055 -0.01035767 0.074 -0.004961609 -0.02318221 0.074 -0.005129098 -0.02255719 0.074 -0.005586624 -0.02209967 0.074 -0.006211638 -0.02193218 0.074 -0.006836652 -0.02209967 0.074 -0.007294178 -0.02255719 0.074 -0.007461607 -0.02318221 0.074 -0.007294178 -0.02380716 0.074 -0.02342277 -0.01953512 0.074 -0.006836652 -0.02426475 0.074 -0.006211638 -0.02443218 0.074 -0.005586624 -0.02426475 0.074 -0.005129098 -0.02380716 0.074 0.0198 -0.02319931 0.074 -0.02474963 0.01324999 0.074 -0.02474963 0.01324999 0.07664996 -0.02450847 0.01234996 0.074 -0.02450847 0.01234996 0.07664996 -0.02450847 0.01234996 0.074 -0.02450847 0.01234996 0.07664996 -0.02384966 0.01169115 0.074 -0.02384966 0.01169115 0.07664996 -0.02384966 0.01169115 0.074 -0.02384966 0.01169115 0.07664996 -0.02294963 0.01144999 0.074 -0.02294963 0.01144999 0.07664996 -0.02294963 0.01144999 0.074 -0.02294963 0.01144999 0.07664996 -0.02204966 0.01169115 0.074 -0.02204966 0.01169115 0.07664996 -0.02204966 0.01169115 0.074 -0.02204966 0.01169115 0.07664996 -0.02139079 0.01234996 0.074 -0.02139079 0.01234996 0.07664996 -0.02139079 0.01234996 0.074 -0.02139079 0.01234996 0.07664996 -0.02114963 0.01324999 0.074 -0.02114963 0.01324999 0.07664996 -0.02114963 0.01324999 0.074 -0.02114963 0.01324999 0.07664996 -0.02139079 0.01414996 0.074 -0.02139079 0.01414996 0.07664996 -0.02139079 0.01414996 0.074 -0.02139079 0.01414996 0.07664996 -0.02204966 0.01480883 0.074 -0.02204966 0.01480883 0.07664996 -0.02204966 0.01480883 0.074 -0.02204966 0.01480883 0.07664996 -0.02294963 0.01504999 0.074 -0.02294963 0.01504999 0.07664996 -0.02294963 0.01504999 0.074 -0.02294963 0.01504999 0.07664996 -0.02384966 0.01480883 0.074 -0.02384966 0.01480883 0.07664996 -0.02384966 0.01480883 0.074 -0.02384966 0.01480883 0.07664996 -0.02450847 0.01414996 0.074 -0.02450847 0.01414996 0.07664996 -0.02450847 0.01414996 0.074 -0.02450847 0.01414996 0.07664996 -0.02474963 0.01324999 0.074 -0.02474963 0.01324999 0.07664996 -0.02204966 0.01480883 0.07664996 -0.02165764 0.01612281 0.078 -0.02294963 0.01504999 0.07664996 -0.02294963 0.01639997 0.078 -0.02294963 0.01639997 0.078 -0.02384966 0.01480883 0.07664996 -0.02452462 0.01597797 0.078 -0.02450847 0.01414996 0.07664996 -0.02567762 0.01482498 0.078 -0.02474963 0.01324999 0.07664996 -0.02609962 0.01324999 0.078 -0.02609962 0.01324999 0.078 -0.02450847 0.01234996 0.07664996 -0.02567762 0.011675 0.078 -0.02479159 0.01069462 0.078 -0.02479159 0.01069462 0.078 -0.02384966 0.01169115 0.07664996 -0.02452462 0.010522 0.078 -0.02294963 0.01144999 0.07664996 -0.02294963 0.01009994 0.078 -0.02204966 0.01169115 0.07664996 -0.02137464 0.010522 0.078 -0.02139079 0.01234996 0.07664996 -0.02022165 0.011675 0.078 -0.02114963 0.01324999 0.07664996 -0.01979964 0.01324999 0.078 -0.02139079 0.01414996 0.07664996 -0.02022165 0.01482498 0.078 -0.02204966 0.01480883 0.07664996 -0.02137464 0.01597797 0.078 0.02114963 -0.01324999 0.074 0.02114963 -0.01324999 0.07664996 0.02139079 -0.01414996 0.074 0.02139079 -0.01414996 0.07664996 0.02139079 -0.01414996 0.074 0.02139079 -0.01414996 0.07664996 0.02204966 -0.01480883 0.074 0.02204966 -0.01480883 0.07664996 0.02204966 -0.01480883 0.074 0.02204966 -0.01480883 0.07664996 0.02294963 -0.01504999 0.074 0.02294963 -0.01504999 0.07664996 0.02294963 -0.01504999 0.074 0.02294963 -0.01504999 0.07664996 0.02384966 -0.01480883 0.074 0.02384966 -0.01480883 0.07664996 0.02384966 -0.01480883 0.074 0.02384966 -0.01480883 0.07664996 0.02450847 -0.01414996 0.074 0.02450847 -0.01414996 0.07664996 0.02450847 -0.01414996 0.074 0.02450847 -0.01414996 0.07664996 0.02474963 -0.01324999 0.074 0.02474963 -0.01324999 0.07664996 0.02474963 -0.01324999 0.074 0.02474963 -0.01324999 0.07664996 0.02450847 -0.01234996 0.074 0.02450847 -0.01234996 0.07664996 0.02450847 -0.01234996 0.074 0.02450847 -0.01234996 0.07664996 0.02384966 -0.01169115 0.074 0.02384966 -0.01169115 0.07664996 0.02384966 -0.01169115 0.074 0.02384966 -0.01169115 0.07664996 0.02294963 -0.01144999 0.074 0.02294963 -0.01144999 0.07664996 0.02294963 -0.01144999 0.074 0.02294963 -0.01144999 0.07664996 0.02204966 -0.01169115 0.074 0.02204966 -0.01169115 0.07664996 0.02204966 -0.01169115 0.074 0.02204966 -0.01169115 0.07664996 0.02139079 -0.01234996 0.074 0.02139079 -0.01234996 0.07664996 0.02139079 -0.01234996 0.074 0.02139079 -0.01234996 0.07664996 0.02114963 -0.01324999 0.074 0.02114963 -0.01324999 0.07664996 0.02204966 -0.01480883 0.07664996 0.02165764 -0.01612281 0.078 0.02294963 -0.01504999 0.07664996 0.02294963 -0.01639997 0.078 0.02294963 -0.01639997 0.078 0.02384966 -0.01480883 0.07664996 0.02452462 -0.01597797 0.078 0.02452462 -0.01597797 0.078 0.02450847 -0.01414996 0.07664996 0.02567762 -0.01482498 0.078 0.02567762 -0.01482498 0.078 0.02474963 -0.01324999 0.07664996 0.02609962 -0.01324999 0.078 0.02609962 -0.01324999 0.078 0.02450847 -0.01234996 0.07664996 0.02567762 -0.011675 0.078 0.02479159 -0.01069462 0.078 0.02479159 -0.01069462 0.078 0.02384966 -0.01169115 0.07664996 0.02452462 -0.010522 0.078 0.02294963 -0.01144999 0.07664996 0.02294963 -0.01009994 0.078 0.02204966 -0.01169115 0.07664996 0.02137464 -0.010522 0.078 0.02139079 -0.01234996 0.07664996 0.02022165 -0.011675 0.078 0.02114963 -0.01324999 0.07664996 0.01979964 -0.01324999 0.078 0.02139079 -0.01414996 0.07664996 0.02022165 -0.01482498 0.078 0.02204966 -0.01480883 0.07664996 0.02137464 -0.01597797 0.078 -0.001799941 0.02649998 0.074 -0.001799941 0.02649998 0.07664996 -0.00155884 0.02559995 0.074 -0.00155884 0.02559995 0.07664996 -0.00155884 0.02559995 0.074 -0.00155884 0.02559995 0.07664996 -0.0009 0.02494114 0.074 -0.0009 0.02494114 0.07664996 -0.0009 0.02494114 0.074 -0.0009 0.02494114 0.07664996 0 0.02469998 0.074 0 0.02469998 0.07664996 0 0.02469998 0.074 0 0.02469998 0.07664996 0.0009 0.02494114 0.074 0.0009 0.02494114 0.07664996 0.0009 0.02494114 0.074 0.0009 0.02494114 0.07664996 0.00155884 0.02559995 0.074 0.00155884 0.02559995 0.07664996 0.00155884 0.02559995 0.074 0.00155884 0.02559995 0.07664996 0.001799941 0.02649998 0.074 0.001799941 0.02649998 0.07664996 0.001799941 0.02649998 0.074 0.001799941 0.02649998 0.07664996 0.00155884 0.02739995 0.074 0.00155884 0.02739995 0.07664996 0.00155884 0.02739995 0.074 0.00155884 0.02739995 0.07664996 0.0009 0.02805882 0.074 0.0009 0.02805882 0.07664996 0.0009 0.02805882 0.074 0.0009 0.02805882 0.07664996 0 0.02829998 0.074 0 0.02829998 0.07664996 0 0.02829998 0.074 0 0.02829998 0.07664996 -0.0009 0.02805882 0.074 -0.0009 0.02805882 0.07664996 -0.0009 0.02805882 0.074 -0.0009 0.02805882 0.07664996 -0.00155884 0.02739995 0.074 -0.00155884 0.02739995 0.07664996 -0.00155884 0.02739995 0.074 -0.00155884 0.02739995 0.07664996 -0.001799941 0.02649998 0.074 -0.001799941 0.02649998 0.07664996 0.001799941 0.02649998 0.07664996 0.003133952 0.0268175 0.078 0.00155884 0.02739995 0.07664996 0.002727925 0.02807497 0.078 0.0009 0.02805882 0.07664996 0.001574993 0.02922797 0.078 0 0.02829998 0.07664996 0 0.02964997 0.078 -0.0009 0.02805882 0.07664996 -0.001574993 0.02922797 0.078 -0.00155884 0.02739995 0.07664996 -0.002727925 0.02807497 0.078 -0.003133952 0.0268175 0.078 -0.001799941 0.02649998 0.07664996 -0.003133952 0.0268175 0.078 -0.003149986 0.02649998 0.078 -0.00155884 0.02559995 0.07664996 -0.002727925 0.02492499 0.078 -0.0009 0.02494114 0.07664996 -0.001574993 0.023772 0.078 0 0.02469998 0.07664996 0 0.02335 0.078 0.0009 0.02494114 0.07664996 0.001574993 0.023772 0.078 0.00155884 0.02559995 0.07664996 0.002727925 0.02492499 0.078 0.001799941 0.02649998 0.07664996 0.003149986 0.02649998 0.078 -0.02829998 0 0.07664996 -0.02829998 0 0.07402163 -0.02805882 0.0009 0.07664996 -0.02822655 0.000508831 0.07401514 -0.02805882 0.000899985 0.07400465 -0.02805882 -0.0009 0.07664996 -0.02816677 -0.000679558 0.07401072 -0.02829772 -9.03621e-05 0.07402145 -0.02739995 -0.00155884 0.07664996 -0.02784836 -0.00119239 0.074 -0.02805882 -0.000899974 0.07400465 -0.02796208 0.001049816 0.07400137 -0.02784836 0.00119239 0.074 -0.02739995 0.00155884 0.07664996 -0.02739995 0.00155884 0.074 -0.02739995 0.00155884 0.07664996 -0.02739995 0.00155884 0.074 -0.02649998 0.001799941 0.07664996 -0.02649998 0.001799941 0.074 -0.02649998 0.001799941 0.07664996 -0.02649998 0.001799941 0.074 -0.02559995 0.00155884 0.07664996 -0.02559995 0.00155884 0.074 -0.02559995 0.00155884 0.07664996 -0.02559995 0.00155884 0.074 -0.02494114 0.0009 0.07664996 -0.02494114 0.0009 0.074 -0.02494114 0.0009 0.07664996 -0.02494114 0.0009 0.074 -0.02469998 0 0.07664996 -0.02469998 0 0.074 -0.02469998 0 0.07664996 -0.02469998 0 0.074 -0.02494114 -0.0009 0.07664996 -0.02494114 -0.0009 0.074 -0.02494114 -0.0009 0.07664996 -0.02494114 -0.0009 0.074 -0.02559995 -0.00155884 0.07664996 -0.02559995 -0.00155884 0.074 -0.02559995 -0.00155884 0.07664996 -0.02559995 -0.00155884 0.074 -0.02649998 -0.001799941 0.07664996 -0.02649998 -0.001799941 0.074 -0.02649998 -0.001799941 0.07664996 -0.02649998 -0.001799941 0.074 -0.02739995 -0.00155884 0.07664996 -0.02739995 -0.00155884 0.074 -0.02739995 -0.00155884 0.074 -0.02739995 -0.00155884 0.07664996 -0.0268175 -0.003133952 0.078 -0.02649998 -0.001799941 0.07664996 -0.02649998 -0.003149986 0.078 -0.02559995 -0.00155884 0.07664996 -0.02492499 -0.002727925 0.078 -0.02494114 -0.0009 0.07664996 -0.023772 -0.001574993 0.078 -0.02469998 0 0.07664996 -0.02335 0 0.078 -0.02494114 0.0009 0.07664996 -0.023772 0.001574993 0.078 -0.02559995 0.00155884 0.07664996 -0.02492499 0.002727925 0.078 -0.02649998 0.001799941 0.07664996 -0.02649998 0.003149986 0.078 -0.02649998 0.001799941 0.07664996 -0.0268175 0.003133952 0.078 -0.02739995 0.00155884 0.07664996 -0.02807497 0.002727925 0.078 -0.02805882 0.0009 0.07664996 -0.02922797 0.001574993 0.078 -0.02829998 0 0.07664996 -0.02964997 0 0.078 -0.02805882 -0.0009 0.07664996 -0.02922797 -0.001574993 0.078 -0.02807497 -0.002727925 0.078 -0.001799941 -0.02649998 0.074 -0.001799941 -0.02649998 0.07664996 -0.00155884 -0.02739995 0.074 -0.00155884 -0.02739995 0.07664996 -0.00155884 -0.02739995 0.074 -0.00155884 -0.02739995 0.07664996 -0.0009 -0.02805882 0.074 -0.0009 -0.02805882 0.07664996 -0.0009 -0.02805882 0.074 -0.0009 -0.02805882 0.07664996 0 -0.02829998 0.074 0 -0.02829998 0.07664996 0 -0.02829998 0.074 0 -0.02829998 0.07664996 0.0009 -0.02805882 0.074 0.0009 -0.02805882 0.07664996 0.0009 -0.02805882 0.074 0.0009 -0.02805882 0.07664996 0.00155884 -0.02739995 0.074 0.00155884 -0.02739995 0.07664996 0.00155884 -0.02739995 0.074 0.00155884 -0.02739995 0.07664996 0.001799941 -0.02649998 0.074 0.001799941 -0.02649998 0.07664996 0.001799941 -0.02649998 0.074 0.001799941 -0.02649998 0.07664996 0.00155884 -0.02559995 0.074 0.00155884 -0.02559995 0.07664996 0.00155884 -0.02559995 0.074 0.00155884 -0.02559995 0.07664996 0.0009 -0.02494114 0.074 0.0009 -0.02494114 0.07664996 0.0009 -0.02494114 0.074 0.0009 -0.02494114 0.07664996 0 -0.02469998 0.074 0 -0.02469998 0.07664996 0 -0.02469998 0.074 0 -0.02469998 0.07664996 -0.0009 -0.02494114 0.074 -0.0009 -0.02494114 0.07664996 -0.0009 -0.02494114 0.074 -0.0009 -0.02494114 0.07664996 -0.00155884 -0.02559995 0.074 -0.00155884 -0.02559995 0.07664996 -0.00155884 -0.02559995 0.074 -0.00155884 -0.02559995 0.07664996 -0.001799941 -0.02649998 0.074 -0.001799941 -0.02649998 0.07664996 0.00155884 -0.02739995 0.07664996 0.003133952 -0.0268175 0.078 0.001799941 -0.02649998 0.07664996 0.003149986 -0.02649998 0.078 0.00155884 -0.02559995 0.07664996 0.002727925 -0.02492499 0.078 0.0009 -0.02494114 0.07664996 0.001574993 -0.023772 0.078 0 -0.02469998 0.07664996 0 -0.02335 0.078 -0.0009 -0.02494114 0.07664996 -0.001574993 -0.023772 0.078 -0.00155884 -0.02559995 0.07664996 -0.002727925 -0.02492499 0.078 -0.001799941 -0.02649998 0.07664996 -0.003149986 -0.02649998 0.078 -0.001799941 -0.02649998 0.07664996 -0.003133952 -0.0268175 0.078 -0.00155884 -0.02739995 0.07664996 -0.002727925 -0.02807497 0.078 -0.0009 -0.02805882 0.07664996 -0.001574993 -0.02922797 0.078 0 -0.02829998 0.07664996 0 -0.02964997 0.078 0.0009 -0.02805882 0.07664996 0.001574993 -0.02922797 0.078 0.002727925 -0.02807497 0.078 0.003133952 -0.0268175 0.078 0.02469998 0 0.074 0.02469998 0 0.07664996 0.02494114 -0.0009 0.074 0.02494114 -0.0009 0.07664996 0.02494114 -0.0009 0.074 0.02494114 -0.0009 0.07664996 0.02559995 -0.00155884 0.074 0.02559995 -0.00155884 0.07664996 0.02559995 -0.00155884 0.074 0.02559995 -0.00155884 0.07664996 0.02649998 -0.001799941 0.074 0.02649998 -0.001799941 0.07664996 0.02649998 -0.001799941 0.074 0.02649998 -0.001799941 0.07664996 0.02739995 -0.00155884 0.074 0.02739995 -0.00155884 0.07664996 0.02739995 -0.00155884 0.074 0.02739995 -0.00155884 0.07664996 0.02805882 -0.0009 0.074 0.02805882 -0.0009 0.07664996 0.02805882 -0.0009 0.074 0.02805882 -0.0009 0.07664996 0.02829998 0 0.074 0.02829998 0 0.07664996 0.02829998 0 0.074 0.02829998 0 0.07664996 0.02805882 0.0009 0.074 0.02805882 0.0009 0.07664996 0.02805882 0.0009 0.074 0.02805882 0.0009 0.07664996 0.02739995 0.00155884 0.074 0.02739995 0.00155884 0.07664996 0.02739995 0.00155884 0.074 0.02739995 0.00155884 0.07664996 0.02649998 0.001799941 0.074 0.02649998 0.001799941 0.07664996 0.02649998 0.001799941 0.074 0.02649998 0.001799941 0.07664996 0.02559995 0.00155884 0.074 0.02559995 0.00155884 0.07664996 0.02559995 0.00155884 0.074 0.02559995 0.00155884 0.07664996 0.02494114 0.0009 0.074 0.02494114 0.0009 0.07664996 0.02494114 0.0009 0.074 0.02494114 0.0009 0.07664996 0.02469998 0 0.074 0.02469998 0 0.07664996 0.02649998 -0.001799941 0.07664996 0.0268175 -0.003133952 0.078 0.02739995 -0.00155884 0.07664996 0.02807497 -0.002727925 0.078 0.02805882 -0.0009 0.07664996 0.02922797 -0.001574993 0.078 0.02829998 0 0.07664996 0.02964997 0 0.078 0.02805882 0.0009 0.07664996 0.02922797 0.001574993 0.078 0.02739995 0.00155884 0.07664996 0.02807497 0.002727925 0.078 0.0268175 0.003133952 0.078 0.0268175 0.003133952 0.078 0.02649998 0.001799941 0.07664996 0.02649998 0.003149986 0.078 0.02559995 0.00155884 0.07664996 0.02492499 0.002727925 0.078 0.02494114 0.0009 0.07664996 0.023772 0.001574993 0.078 0.02469998 0 0.07664996 0.02335 0 0.078 0.02494114 -0.0009 0.07664996 0.023772 -0.001574993 0.078 0.02559995 -0.00155884 0.07664996 0.02492499 -0.002727925 0.078 0.02649998 -0.001799941 0.07664996 0.02649998 -0.003149986 0.078 0.01572054 -0.01697051 0.074 0.01572054 -0.01697051 0.078 0.01588803 -0.01759552 0.074 0.01588803 -0.01759552 0.078 0.01588803 -0.01759552 0.074 0.01588803 -0.01759552 0.078 0.01634556 -0.01805305 0.074 0.01634556 -0.01805305 0.078 0.01634556 -0.01805305 0.074 0.01634556 -0.01805305 0.078 0.01697051 -0.01822054 0.074 0.01697051 -0.01822054 0.078 0.01697051 -0.01822054 0.074 0.01697051 -0.01822054 0.078 0.01759552 -0.01805305 0.074 0.01759552 -0.01805305 0.078 0.01759552 -0.01805305 0.074 0.01759552 -0.01805305 0.078 0.01805305 -0.01759552 0.074 0.01805305 -0.01759552 0.078 0.01805305 -0.01759552 0.074 0.01805305 -0.01759552 0.078 0.01822054 -0.01697051 0.074 0.01822054 -0.01697051 0.078 0.01822054 -0.01697051 0.074 0.01822054 -0.01697051 0.078 0.01805305 -0.01634556 0.074 0.01805305 -0.01634556 0.078 0.01805305 -0.01634556 0.074 0.01805305 -0.01634556 0.078 0.01759552 -0.01588803 0.074 0.01759552 -0.01588803 0.078 0.01759552 -0.01588803 0.074 0.01759552 -0.01588803 0.078 0.01697051 -0.01572054 0.074 0.01697051 -0.01572054 0.078 0.01697051 -0.01572054 0.074 0.01697051 -0.01572054 0.078 0.01634556 -0.01588803 0.074 0.01634556 -0.01588803 0.078 0.01634556 -0.01588803 0.074 0.01634556 -0.01588803 0.078 0.01588803 -0.01634556 0.074 0.01588803 -0.01634556 0.078 0.01588803 -0.01634556 0.074 0.01588803 -0.01634556 0.078 0.01572054 -0.01697051 0.074 0.01572054 -0.01697051 0.078 0.02193218 0.006211638 0.074 0.02193218 0.006211638 0.078 0.02209967 0.005586624 0.074 0.02209967 0.005586624 0.078 0.02209967 0.005586624 0.074 0.02209967 0.005586624 0.078 0.02255719 0.005129098 0.074 0.02255719 0.005129098 0.078 0.02255719 0.005129098 0.074 0.02255719 0.005129098 0.078 0.02318221 0.004961609 0.074 0.02318221 0.004961609 0.078 0.02318221 0.004961609 0.074 0.02318221 0.004961609 0.078 0.02380716 0.005129098 0.074 0.02380716 0.005129098 0.078 0.02380716 0.005129098 0.074 0.02380716 0.005129098 0.078 0.02426475 0.005586624 0.074 0.02426475 0.005586624 0.078 0.02426475 0.005586624 0.074 0.02426475 0.005586624 0.078 0.02443218 0.006211638 0.074 0.02443218 0.006211638 0.078 0.02443218 0.006211638 0.074 0.02443218 0.006211638 0.078 0.02426475 0.006836652 0.074 0.02426475 0.006836652 0.078 0.02426475 0.006836652 0.074 0.02426475 0.006836652 0.078 0.02380716 0.007294178 0.074 0.02380716 0.007294178 0.078 0.02380716 0.007294178 0.074 0.02380716 0.007294178 0.078 0.02318221 0.007461607 0.074 0.02318221 0.007461607 0.078 0.02318221 0.007461607 0.074 0.02318221 0.007461607 0.078 0.02255719 0.007294178 0.074 0.02255719 0.007294178 0.078 0.02255719 0.007294178 0.074 0.02255719 0.007294178 0.078 0.02209967 0.006836652 0.074 0.02209967 0.006836652 0.078 0.02209967 0.006836652 0.074 0.02209967 0.006836652 0.078 0.02193218 0.006211638 0.074 0.02193218 0.006211638 0.078 0.004961609 0.02318221 0.074 0.004961609 0.02318221 0.078 0.005129098 0.02255719 0.074 0.005129098 0.02255719 0.078 0.005129098 0.02255719 0.074 0.005129098 0.02255719 0.078 0.005586624 0.02209967 0.074 0.005586624 0.02209967 0.078 0.005586624 0.02209967 0.074 0.005586624 0.02209967 0.078 0.006211638 0.02193218 0.074 0.006211638 0.02193218 0.078 0.006211638 0.02193218 0.074 0.006211638 0.02193218 0.078 0.006836652 0.02209967 0.074 0.006836652 0.02209967 0.078 0.006836652 0.02209967 0.074 0.006836652 0.02209967 0.078 0.007294178 0.02255719 0.074 0.007294178 0.02255719 0.078 0.007294178 0.02255719 0.074 0.007294178 0.02255719 0.078 0.007461607 0.02318221 0.074 0.007461607 0.02318221 0.078 0.007461607 0.02318221 0.074 0.007461607 0.02318221 0.078 0.007294178 0.02380716 0.074 0.007294178 0.02380716 0.078 0.007294178 0.02380716 0.074 0.007294178 0.02380716 0.078 0.006836652 0.02426475 0.074 0.006836652 0.02426475 0.078 0.006836652 0.02426475 0.074 0.006836652 0.02426475 0.078 0.006211638 0.02443218 0.074 0.006211638 0.02443218 0.078 0.006211638 0.02443218 0.074 0.006211638 0.02443218 0.078 0.005586624 0.02426475 0.074 0.005586624 0.02426475 0.078 0.005586624 0.02426475 0.074 0.005586624 0.02426475 0.078 0.005129098 0.02380716 0.074 0.005129098 0.02380716 0.078 0.005129098 0.02380716 0.074 0.005129098 0.02380716 0.078 0.004961609 0.02318221 0.074 0.004961609 0.02318221 0.078 -0.01822054 0.01697051 0.074 -0.01822054 0.01697051 0.078 -0.01805305 0.01634556 0.074 -0.01805305 0.01634556 0.078 -0.01805305 0.01634556 0.074 -0.01805305 0.01634556 0.078 -0.01759552 0.01588803 0.074 -0.01759552 0.01588803 0.078 -0.01759552 0.01588803 0.074 -0.01759552 0.01588803 0.078 -0.01697051 0.01572054 0.074 -0.01697051 0.01572054 0.078 -0.01697051 0.01572054 0.074 -0.01697051 0.01572054 0.078 -0.01634556 0.01588803 0.074 -0.01634556 0.01588803 0.078 -0.01634556 0.01588803 0.074 -0.01634556 0.01588803 0.078 -0.01588803 0.01634556 0.074 -0.01588803 0.01634556 0.078 -0.01588803 0.01634556 0.074 -0.01588803 0.01634556 0.078 -0.01572054 0.01697051 0.074 -0.01572054 0.01697051 0.078 -0.01572054 0.01697051 0.074 -0.01572054 0.01697051 0.078 -0.01588803 0.01759552 0.074 -0.01588803 0.01759552 0.078 -0.01588803 0.01759552 0.074 -0.01588803 0.01759552 0.078 -0.01634556 0.01805305 0.074 -0.01634556 0.01805305 0.078 -0.01634556 0.01805305 0.074 -0.01634556 0.01805305 0.078 -0.01697051 0.01822054 0.074 -0.01697051 0.01822054 0.078 -0.01697051 0.01822054 0.074 -0.01697051 0.01822054 0.078 -0.01759552 0.01805305 0.074 -0.01759552 0.01805305 0.078 -0.01759552 0.01805305 0.074 -0.01759552 0.01805305 0.078 -0.01805305 0.01759552 0.074 -0.01805305 0.01759552 0.078 -0.01805305 0.01759552 0.074 -0.01805305 0.01759552 0.078 -0.01822054 0.01697051 0.074 -0.01822054 0.01697051 0.078 -0.02443218 -0.006211638 0.074 -0.02443218 -0.006211638 0.078 -0.02426475 -0.006836652 0.074 -0.02426475 -0.006836652 0.078 -0.02426475 -0.006836652 0.074 -0.02426475 -0.006836652 0.078 -0.02380716 -0.007294178 0.074 -0.02380716 -0.007294178 0.078 -0.02380716 -0.007294178 0.074 -0.02380716 -0.007294178 0.078 -0.02318221 -0.007461607 0.074 -0.02318221 -0.007461607 0.078 -0.02318221 -0.007461607 0.074 -0.02318221 -0.007461607 0.078 -0.02255719 -0.007294178 0.074 -0.02255719 -0.007294178 0.078 -0.02255719 -0.007294178 0.074 -0.02255719 -0.007294178 0.078 -0.02209967 -0.006836652 0.074 -0.02209967 -0.006836652 0.078 -0.02209967 -0.006836652 0.074 -0.02209967 -0.006836652 0.078 -0.02193218 -0.006211638 0.074 -0.02193218 -0.006211638 0.078 -0.02193218 -0.006211638 0.074 -0.02193218 -0.006211638 0.078 -0.02209967 -0.005586624 0.074 -0.02209967 -0.005586624 0.078 -0.02209967 -0.005586624 0.074 -0.02209967 -0.005586624 0.078 -0.02255719 -0.005129098 0.074 -0.02255719 -0.005129098 0.078 -0.02255719 -0.005129098 0.074 -0.02255719 -0.005129098 0.078 -0.02318221 -0.004961609 0.074 -0.02318221 -0.004961609 0.078 -0.02318221 -0.004961609 0.074 -0.02318221 -0.004961609 0.078 -0.02380716 -0.005129098 0.074 -0.02380716 -0.005129098 0.078 -0.02380716 -0.005129098 0.074 -0.02380716 -0.005129098 0.078 -0.02426475 -0.005586624 0.074 -0.02426475 -0.005586624 0.078 -0.02426475 -0.005586624 0.074 -0.02426475 -0.005586624 0.078 -0.02443218 -0.006211638 0.074 -0.02443218 -0.006211638 0.078 -0.007461607 -0.02318221 0.074 -0.007461607 -0.02318221 0.078 -0.007294178 -0.02380716 0.074 -0.007294178 -0.02380716 0.078 -0.007294178 -0.02380716 0.074 -0.007294178 -0.02380716 0.078 -0.006836652 -0.02426475 0.074 -0.006836652 -0.02426475 0.078 -0.006836652 -0.02426475 0.074 -0.006836652 -0.02426475 0.078 -0.006211638 -0.02443218 0.074 -0.006211638 -0.02443218 0.078 -0.006211638 -0.02443218 0.074 -0.006211638 -0.02443218 0.078 -0.005586624 -0.02426475 0.074 -0.005586624 -0.02426475 0.078 -0.005586624 -0.02426475 0.074 -0.005586624 -0.02426475 0.078 -0.005129098 -0.02380716 0.074 -0.005129098 -0.02380716 0.078 -0.005129098 -0.02380716 0.074 -0.005129098 -0.02380716 0.078 -0.004961609 -0.02318221 0.074 -0.004961609 -0.02318221 0.078 -0.004961609 -0.02318221 0.074 -0.004961609 -0.02318221 0.078 -0.005129098 -0.02255719 0.074 -0.005129098 -0.02255719 0.078 -0.005129098 -0.02255719 0.074 -0.005129098 -0.02255719 0.078 -0.005586624 -0.02209967 0.074 -0.005586624 -0.02209967 0.078 -0.005586624 -0.02209967 0.074 -0.005586624 -0.02209967 0.078 -0.006211638 -0.02193218 0.074 -0.006211638 -0.02193218 0.078 -0.006211638 -0.02193218 0.074 -0.006211638 -0.02193218 0.078 -0.006836652 -0.02209967 0.074 -0.006836652 -0.02209967 0.078 -0.006836652 -0.02209967 0.074 -0.006836652 -0.02209967 0.078 -0.007294178 -0.02255719 0.074 -0.007294178 -0.02255719 0.078 -0.007294178 -0.02255719 0.074 -0.007294178 -0.02255719 0.078 -0.007461607 -0.02318221 0.074 -0.007461607 -0.02318221 0.078 -0.03222727 -0.01083523 0.08200001 -0.03222727 -0.01083523 0.0855 -0.02941125 -0.01705807 0.08200001 -0.02941125 -0.01705807 0.0855 -0.0254082 -0.02259248 0.08200001 -0.0254082 -0.02259248 0.0855 -0.02037978 -0.02721512 0.08200001 -0.02037978 -0.02721512 0.0855 -0.01452887 -0.03073936 0.08200001 -0.01452887 -0.03073936 0.0855 -0.008091568 -0.03302305 0.08200001 -0.008091568 -0.03302305 0.0855 -0.001327753 -0.03397405 0.08200001 -0.001327753 -0.03397405 0.0855 0.005489587 -0.03355389 0.08200001 0.005489587 -0.03355389 0.0855 0.01208549 -0.03177952 0.08200001 0.01208549 -0.03177952 0.0855 0.0181936 -0.02872264 0.08200001 0.0181936 -0.02872264 0.0855 0.02356749 -0.02450656 0.08200001 0.02356749 -0.02450656 0.0855 0.02799022 -0.01930141 0.08200001 0.02799022 -0.01930141 0.0855 0.03128331 -0.01331734 0.08200001 0.03128331 -0.01331734 0.0855 0.03331387 -0.006795763 0.08200001 0.03331387 -0.006795763 0.0855 0.03399997 0 0.08200001 0.03399997 0 0.0855 0.03331387 0.006795763 0.08200001 0.03331387 0.006795763 0.0855 0.03128331 0.01331734 0.08200001 0.03128331 0.01331734 0.0855 0.02799022 0.01930141 0.08200001 0.02799022 0.01930141 0.0855 0.02356749 0.02450656 0.08200001 0.02356749 0.02450656 0.0855 0.0181936 0.02872264 0.08200001 0.0181936 0.02872264 0.0855 0.01208549 0.03177952 0.08200001 0.01208549 0.03177952 0.0855 0.005489587 0.03355389 0.08200001 0.005489587 0.03355389 0.0855 -0.001327753 0.03397405 0.08200001 -0.001327753 0.03397405 0.0855 -0.008091568 0.03302305 0.08200001 -0.008091568 0.03302305 0.0855 -0.01452887 0.03073936 0.08200001 -0.01452887 0.03073936 0.0855 -0.02037978 0.02721512 0.08200001 -0.02037978 0.02721512 0.0855 -0.0254082 0.02259248 0.08200001 -0.0254082 0.02259248 0.0855 -0.02941125 0.01705807 0.08200001 -0.02941125 0.01705807 0.0855 -0.03222727 0.01083523 0.08200001 -0.03222727 0.01083523 0.0855 -0.02728766 -0.007301509 0.08200001 -0.0248211 -0.0129581 0.08200001 -0.02715808 -0.007081151 0.08200001 -0.02706372 -0.007180035 0.08200001 -0.02715438 -0.006825566 0.08200001 -0.003941535 0.02867114 0.08200001 -0.002688765 0.03010839 0.08200001 -0.008091568 0.03302305 0.08200001 -0.02941125 0.01705807 0.08200001 -0.03222727 0.01083523 0.08200001 -0.02741897 0.01272559 0.08200001 -0.03231316 0.009927213 0.08200001 -0.02680069 0.01092207 0.08200001 0.02867114 0.003941535 0.08200001 0.03010839 0.002688765 0.08200001 0.03331387 0.006795763 0.08200001 0.005489587 -0.03355389 0.08200001 0.002688765 -0.03010839 0.08200001 0.000953303 -0.03089785 0.08200001 -0.03198695 0.009075522 0.08200001 -0.03131657 0.008457243 0.08200001 -0.02645564 0.009906351 0.08200001 -0.02750921 0.007429003 0.08200001 -0.02656805 0.008839488 0.08200001 -0.02728766 0.007301509 0.08200001 -0.02706372 0.007180035 0.08200001 -0.02715808 0.007081151 0.08200001 -0.02715438 0.006825566 0.08200001 0.03331387 -0.006795763 0.08200001 0.03399997 0 0.08200001 0.03089785 -0.000953303 0.08200001 0.03399997 0 0.08200001 0.03089785 0.000953303 0.08200001 -0.001327753 0.03397405 0.08200001 -0.000953303 0.03089785 0.08200001 0.005489587 0.03355389 0.08200001 0.005628764 -0.02742838 0.08200001 0.004648685 -0.02786445 0.08200001 0.003941535 -0.02867114 0.08200001 -0.001327753 -0.03397405 0.08200001 -0.000953303 -0.03089785 0.08200001 -0.008091568 -0.03302305 0.08200001 -0.002688765 -0.03010839 0.08200001 -0.003941535 -0.02867114 0.08200001 -0.02037978 -0.02721512 0.08200001 -0.02750921 -0.007429003 0.08200001 -0.0254082 -0.02259248 0.08200001 -0.02941125 -0.01705807 0.08200001 -0.02723497 0.01462334 0.08200001 -0.02941125 0.01705807 0.08200001 -0.02628165 0.01627451 0.08200001 -0.0254082 0.02259248 0.08200001 -0.0247302 0.01738274 0.08200001 -0.02285915 0.01774907 0.08200001 0.03128331 -0.01331734 0.08200001 0.03331387 -0.006795763 0.08200001 0.02680069 -0.01092207 0.08200001 0.02741897 -0.01272559 0.08200001 0.03128331 -0.01331734 0.08200001 0.02723497 -0.01462334 0.08200001 0.02799022 -0.01930141 0.08200001 0.02628165 -0.01627451 0.08200001 0.02356749 -0.02450656 0.08200001 0.0247302 -0.01738274 0.08200001 0.02285915 -0.01774907 0.08200001 -0.03131657 -0.008457243 0.08200001 -0.03198695 -0.009075522 0.08200001 0.000953303 0.03089785 0.08200001 0.005489587 0.03355389 0.08200001 0.002688765 0.03010839 0.08200001 0.01208549 0.03177952 0.08200001 0.003941535 0.02867114 0.08200001 0.004648685 0.02786445 0.08200001 0.03010839 -0.002688765 0.08200001 0.02867114 -0.003941535 0.08200001 0.02786445 -0.004648685 0.08200001 0.01208549 -0.03177952 0.08200001 -0.01685661 -0.0223574 0.08200001 -0.02037978 -0.02721512 0.08200001 -0.01152503 -0.02551805 0.08200001 -0.01452887 -0.03073936 0.08200001 -0.005628764 -0.02742838 0.08200001 -0.008091568 -0.03302305 0.08200001 -0.004648685 -0.02786445 0.08200001 -0.03222727 -0.01083523 0.08200001 -0.03231316 -0.009927213 0.08200001 -0.004648685 0.02786445 0.08200001 -0.005628764 0.02742838 0.08200001 -0.01132863 0.02560585 0.08200001 -0.01452887 0.03073936 0.08200001 -0.01651102 0.02261382 0.08200001 -0.02037978 0.02721512 0.08200001 -0.02093929 0.01858884 0.08200001 -0.0254082 0.02259248 0.08200001 -0.02180695 0.0179581 0.08200001 0.02786445 0.004648685 0.08200001 0.02742838 0.005628764 0.08200001 0.02582514 0.01081949 0.08200001 0.03128331 0.01331734 0.08200001 0.02324968 0.01560294 0.08200001 0.02799022 0.01930141 0.08200001 0.01979899 0.01979899 0.08200001 0.02356749 0.02450656 0.08200001 0.01560294 0.02324968 0.08200001 0.0181936 0.02872264 0.08200001 0.01081949 0.02582514 0.08200001 0.01208549 0.03177952 0.08200001 0.005628764 0.02742838 0.08200001 0.02645564 -0.009906351 0.08200001 0.02656805 -0.008839488 0.08200001 0.02742838 -0.005628764 0.08200001 0.02180695 -0.0179581 0.08200001 0.02356749 -0.02450656 0.08200001 0.02093929 -0.01858884 0.08200001 0.0181936 -0.02872264 0.08200001 0.01651102 -0.02261382 0.08200001 0.01208549 -0.03177952 0.08200001 0.01132863 -0.02560585 0.08200001 -0.02136218 -0.01810121 0.08200001 -0.03231239 0.009921789 0.0855 -0.03231316 0.009927213 0.08200001 -0.03231316 0.009927213 0.08200001 -0.03231239 0.009921789 0.0855 -0.03198075 0.009066402 0.0855 -0.03198695 0.009075522 0.08200001 -0.03198695 0.009075522 0.08200001 -0.03198075 0.009066402 0.0855 -0.03131657 0.008457243 0.0855 -0.03131657 0.008457243 0.08200001 -0.03131657 -0.008457243 0.08200001 -0.03131657 -0.008457243 0.0855 -0.03198075 -0.009066402 0.0855 -0.03198695 -0.009075522 0.08200001 -0.03198695 -0.009075522 0.08200001 -0.03198075 -0.009066402 0.0855 -0.03231239 -0.009921789 0.0855 -0.03231316 -0.009927213 0.08200001 -0.03231316 -0.009927213 0.08200001 -0.03231239 -0.009921789 0.0855 -0.03131657 -0.008457243 0.08200001 -0.02750921 -0.007429003 0.08200001 -0.03131657 -0.008457243 0.0855 -0.02750921 -0.007429003 0.08599996 -0.03236216 -0.00873959 0.08599996 -0.02750921 0.007429003 0.08200001 -0.03131657 0.008457243 0.08200001 -0.02750921 0.007429003 0.08599996 -0.02750921 0.007429003 0.08599996 -0.03131657 0.008457243 0.0855 -0.03236216 0.00873959 0.08599996 -0.02970743 -0.002389967 0.08599996 -0.02970743 -0.002389967 0.078 -0.02970743 -0.002389967 0.08599996 -0.02970743 -0.002389967 0.078 -0.03040921 -0.00084738 0.08599996 -0.03040921 -0.00084738 0.078 -0.03040921 -0.00084738 0.08599996 -0.03040921 -0.00084738 0.078 -0.03040921 0.00084738 0.08599996 -0.03040921 0.00084738 0.078 -0.03040921 0.00084738 0.08599996 -0.03040921 0.00084738 0.078 -0.02970743 0.002389967 0.08599996 -0.02970743 0.002389967 0.078 -0.02970743 0.002389967 0.08599996 -0.02970743 0.002389967 0.078 -0.04973214 -0.02999997 0.003999948 -0.03155946 -0.02999997 0.003999948 -0.04973214 -0.02999997 0.05599999 -0.03155946 -0.02999997 0.05599999 -0.04973214 0.02999997 0.003999948 -0.03155946 0.02999997 0.003999948 -0.03222727 0.01083523 0.0855 -0.03270119 0.01099455 0.08599996 -0.03231239 0.009921789 0.0855 -0.03280758 0.009852766 0.08599996 -0.03198075 0.009066402 0.0855 -0.03239303 0.008783578 0.08599996 -0.03131657 0.008457243 0.0855 -0.03236216 0.00873959 0.08599996 -0.03222727 -0.01083523 0.0855 -0.03270119 -0.01099455 0.08599996 -0.02941125 -0.01705807 0.0855 -0.02984374 -0.01730889 0.08599996 -0.0254082 -0.02259248 0.0855 -0.02578186 -0.02292472 0.08599996 -0.02037978 -0.02721512 0.0855 -0.02067947 -0.0276153 0.08599996 -0.01452887 -0.03073936 0.0855 -0.01474255 -0.0311914 0.08599996 -0.008091568 -0.03302305 0.0855 -0.008210599 -0.03350871 0.08599996 -0.001327753 -0.03397405 0.0855 -0.001347303 -0.03447365 0.08599996 0.005489587 -0.03355389 0.0855 0.005570352 -0.0340473 0.08599996 0.01208549 -0.03177952 0.0855 0.01226323 -0.03224688 0.08599996 0.0181936 -0.02872264 0.0855 0.01846116 -0.029145 0.08599996 0.02356749 -0.02450656 0.0855 0.02391409 -0.02486693 0.08599996 0.02799022 -0.01930141 0.0855 0.02840185 -0.01958525 0.08599996 0.03128331 -0.01331734 0.0855 0.03174334 -0.0135132 0.08599996 0.03331387 -0.006795763 0.0855 0.03380382 -0.00689572 0.08599996 0.03399997 0 0.0855 0.0345 0 0.08599996 0.03331387 0.006795763 0.0855 0.03380382 0.00689572 0.08599996 0.03128331 0.01331734 0.0855 0.03174334 0.0135132 0.08599996 0.02799022 0.01930141 0.0855 0.02840185 0.01958525 0.08599996 0.02356749 0.02450656 0.0855 0.02391409 0.02486693 0.08599996 0.0181936 0.02872264 0.0855 0.01846116 0.029145 0.08599996 0.01208549 0.03177952 0.0855 0.01226323 0.03224688 0.08599996 0.005489587 0.03355389 0.0855 0.005570352 0.0340473 0.08599996 -0.001327753 0.03397405 0.0855 -0.001347303 0.03447365 0.08599996 -0.008091568 0.03302305 0.0855 -0.008210599 0.03350871 0.08599996 -0.01452887 0.03073936 0.0855 -0.01474255 0.0311914 0.08599996 -0.02037978 0.02721512 0.0855 -0.02067947 0.0276153 0.08599996 -0.0254082 0.02259248 0.0855 -0.02578186 0.02292472 0.08599996 -0.02578186 0.02292472 0.08599996 -0.02941125 0.01705807 0.0855 -0.02984374 0.01730889 0.08599996 -0.03131657 -0.008457243 0.0855 -0.03236216 -0.00873959 0.08599996 -0.03198075 -0.009066402 0.0855 -0.03239303 -0.008783578 0.08599996 -0.03239303 -0.008783578 0.08599996 -0.03231239 -0.009921789 0.0855 -0.03280758 -0.009852766 0.08599996 -0.03280758 -0.009852766 0.08599996 -0.03270119 -0.01099455 0.08599996 -0.04966062 0.009359896 0.08450245 -0.04973214 0.009434461 0.0844779 -0.04973214 0.00714308 0.08513718 -0.04973214 0.004806637 0.08561241 -0.04353332 0.004276812 0.08569353 -0.04507178 0.005368947 0.08551561 -0.04649764 0.00647372 0.08529317 -0.04732865 0.007166266 0.08513146 -0.04855465 0.008267104 0.08483839 -0.03603506 1.6646e-05 0.08599996 -0.03822225 0.001108348 0.08597952 -0.04011076 0.002142786 0.08592337 -0.04188042 0.003200292 0.08582878 -0.04973214 0.002411067 0.08590292 -0.04354304 -0.02781069 0.06724995 -0.04515385 -0.02742058 0.06817001 -0.04973214 -0.02805453 0.06662744 -0.04654395 -0.0270164 0.06904274 -0.0478233 -0.02657282 0.06992417 -0.04973214 -0.02700012 0.06907641 -0.04899364 -0.02608829 0.0708121 -0.04973214 -0.02573239 0.0714221 -0.04973214 -0.02890038 0.06404763 -0.03976213 -0.02859598 0.06507021 -0.04158729 -0.02822852 0.0661562 -0.034419 -0.02955448 0.06115084 -0.03534162 -0.02940094 0.06196504 -0.04973214 -0.0295096 0.06140196 -0.03661274 -0.02918142 0.0629602 -0.03809863 -0.02891266 0.06400346 -0.03363573 -0.02968102 0.06036293 -0.04973214 -0.02987712 0.05871206 -0.03298538 -0.02978348 0.05959755 -0.03156769 -0.02999877 0.05627101 -0.03166115 -0.02998489 0.05695098 -0.03186041 -0.0299552 0.05763828 -0.0320636 -0.02992469 0.05812388 -0.03246307 -0.02986407 0.05885231 -0.03999996 0.02649998 0.01509141 -0.03857105 0.02567499 0.01409995 -0.03917497 0.02507102 0.01409995 -0.03834998 0.02649998 0.01409995 -0.04082494 0.02507102 0.01409995 -0.04142892 0.02567499 0.01409995 -0.03999996 0.02484995 0.01409995 -0.04142892 0.02732497 0.01409995 -0.04082494 0.02792894 0.01409995 -0.04164999 0.02649998 0.01409995 -0.03917497 0.02792894 0.01409995 -0.03857105 0.02732497 0.01409995 -0.03999996 0.02814996 0.01409995 -0.03834998 0.02649998 0.01409995 -0.03834998 0.02649998 0.00437498 -0.03857105 0.02567499 0.01409995 -0.03857105 0.02567499 0.00437498 -0.03857105 0.02567499 0.01409995 -0.03857105 0.02567499 0.00437498 -0.03917497 0.02507102 0.01409995 -0.03917497 0.02507102 0.00437498 -0.03917497 0.02507102 0.01409995 -0.03917497 0.02507102 0.00437498 -0.03999996 0.02484995 0.01409995 -0.03999996 0.02484995 0.00437498 -0.03999996 0.02484995 0.01409995 -0.03999996 0.02484995 0.00437498 -0.04082494 0.02507102 0.01409995 -0.04082494 0.02507102 0.00437498 -0.04082494 0.02507102 0.01409995 -0.04082494 0.02507102 0.00437498 -0.04142892 0.02567499 0.01409995 -0.04142892 0.02567499 0.00437498 -0.04142892 0.02567499 0.01409995 -0.04142892 0.02567499 0.00437498 -0.04164999 0.02649998 0.01409995 -0.04164999 0.02649998 0.00437498 -0.04164999 0.02649998 0.01409995 -0.04164999 0.02649998 0.00437498 -0.04142892 0.02732497 0.01409995 -0.04142892 0.02732497 0.00437498 -0.04142892 0.02732497 0.01409995 -0.04142892 0.02732497 0.00437498 -0.04082494 0.02792894 0.01409995 -0.04082494 0.02792894 0.00437498 -0.04082494 0.02792894 0.01409995 -0.04082494 0.02792894 0.00437498 -0.03999996 0.02814996 0.01409995 -0.03999996 0.02814996 0.00437498 -0.03999996 0.02814996 0.01409995 -0.03999996 0.02814996 0.00437498 -0.03917497 0.02792894 0.01409995 -0.03917497 0.02792894 0.00437498 -0.03917497 0.02792894 0.01409995 -0.03917497 0.02792894 0.00437498 -0.03857105 0.02732497 0.01409995 -0.03857105 0.02732497 0.00437498 -0.03857105 0.02732497 0.01409995 -0.03857105 0.02732497 0.00437498 -0.03834998 0.02649998 0.01409995 -0.03834998 0.02649998 0.00437498 -0.03968274 0.02449995 0.003999948 -0.03999996 0.02484995 0.00437498 -0.03917497 0.02507102 0.00437498 -0.03999996 0.02448749 0.004012465 -0.03999996 0.02484995 0.00437498 -0.04031717 0.02449995 0.003999948 -0.04082494 0.02507102 0.00437498 -0.04101246 0.02474629 0.003999948 -0.04101246 0.02474629 0.003999948 -0.04142892 0.02567499 0.00437498 -0.04175364 0.02548748 0.003999948 -0.04175364 0.02548748 0.003999948 -0.04164999 0.02649998 0.00437498 -0.04202497 0.02649998 0.003999948 -0.04202497 0.02649998 0.003999948 -0.04142892 0.02732497 0.00437498 -0.04175364 0.02751249 0.003999948 -0.04175364 0.02751249 0.003999948 -0.04082494 0.02792894 0.00437498 -0.04101246 0.02825367 0.003999948 -0.04101246 0.02825367 0.003999948 -0.03999996 0.02814996 0.00437498 -0.03999996 0.02852499 0.003999948 -0.03999996 0.02852499 0.003999948 -0.03917497 0.02792894 0.00437498 -0.03898745 0.02825367 0.003999948 -0.03898745 0.02825367 0.003999948 -0.03857105 0.02732497 0.00437498 -0.03824627 0.02751249 0.003999948 -0.03834998 0.02649998 0.00437498 -0.03824627 0.02751249 0.003999948 -0.03797495 0.02649998 0.003999948 -0.03797495 0.02649998 0.003999948 -0.03857105 0.02567499 0.00437498 -0.03824627 0.02548748 0.003999948 -0.03824627 0.02548748 0.003999948 -0.03898745 0.02474629 0.003999948 -0.03999996 -0.02649998 0.01509141 -0.03857105 -0.02732497 0.01409995 -0.03917497 -0.02792894 0.01409995 -0.03834998 -0.02649998 0.01409995 -0.04082494 -0.02792894 0.01409995 -0.04142892 -0.02732497 0.01409995 -0.03999996 -0.02814996 0.01409995 -0.04142892 -0.02567499 0.01409995 -0.04082494 -0.02507102 0.01409995 -0.04164999 -0.02649998 0.01409995 -0.03917497 -0.02507102 0.01409995 -0.03857105 -0.02567499 0.01409995 -0.03999996 -0.02484995 0.01409995 -0.03834998 -0.02649998 0.01409995 -0.03834998 -0.02649998 0.00437498 -0.03857105 -0.02732497 0.01409995 -0.03857105 -0.02732497 0.00437498 -0.03857105 -0.02732497 0.01409995 -0.03857105 -0.02732497 0.00437498 -0.03917497 -0.02792894 0.01409995 -0.03917497 -0.02792894 0.00437498 -0.03917497 -0.02792894 0.01409995 -0.03917497 -0.02792894 0.00437498 -0.03999996 -0.02814996 0.01409995 -0.03999996 -0.02814996 0.00437498 -0.03999996 -0.02814996 0.01409995 -0.03999996 -0.02814996 0.00437498 -0.04082494 -0.02792894 0.01409995 -0.04082494 -0.02792894 0.00437498 -0.04082494 -0.02792894 0.01409995 -0.04082494 -0.02792894 0.00437498 -0.04142892 -0.02732497 0.01409995 -0.04142892 -0.02732497 0.00437498 -0.04142892 -0.02732497 0.01409995 -0.04142892 -0.02732497 0.00437498 -0.04164999 -0.02649998 0.01409995 -0.04164999 -0.02649998 0.00437498 -0.04164999 -0.02649998 0.01409995 -0.04164999 -0.02649998 0.00437498 -0.04142892 -0.02567499 0.01409995 -0.04142892 -0.02567499 0.00437498 -0.04142892 -0.02567499 0.01409995 -0.04142892 -0.02567499 0.00437498 -0.04082494 -0.02507102 0.01409995 -0.04082494 -0.02507102 0.00437498 -0.04082494 -0.02507102 0.01409995 -0.04082494 -0.02507102 0.00437498 -0.03999996 -0.02484995 0.01409995 -0.03999996 -0.02484995 0.00437498 -0.03999996 -0.02484995 0.01409995 -0.03999996 -0.02484995 0.00437498 -0.03917497 -0.02507102 0.01409995 -0.03917497 -0.02507102 0.00437498 -0.03917497 -0.02507102 0.01409995 -0.03917497 -0.02507102 0.00437498 -0.03857105 -0.02567499 0.01409995 -0.03857105 -0.02567499 0.00437498 -0.03857105 -0.02567499 0.01409995 -0.03857105 -0.02567499 0.00437498 -0.03834998 -0.02649998 0.01409995 -0.03834998 -0.02649998 0.00437498 -0.04031717 -0.02449995 0.003999948 -0.03999996 -0.02484995 0.00437498 -0.04082494 -0.02507102 0.00437498 -0.03999996 -0.02448749 0.004012465 -0.03999996 -0.02484995 0.00437498 -0.03968274 -0.02449995 0.003999948 -0.03917497 -0.02507102 0.00437498 -0.03898745 -0.02474629 0.003999948 -0.03898745 -0.02474629 0.003999948 -0.03857105 -0.02567499 0.00437498 -0.03824627 -0.02548748 0.003999948 -0.03834998 -0.02649998 0.00437498 -0.03824627 -0.02548748 0.003999948 -0.03797495 -0.02649998 0.003999948 -0.03797495 -0.02649998 0.003999948 -0.03857105 -0.02732497 0.00437498 -0.03824627 -0.02751249 0.003999948 -0.03824627 -0.02751249 0.003999948 -0.03917497 -0.02792894 0.00437498 -0.03898745 -0.02825367 0.003999948 -0.03898745 -0.02825367 0.003999948 -0.03999996 -0.02814996 0.00437498 -0.03999996 -0.02852499 0.003999948 -0.03999996 -0.02852499 0.003999948 -0.04082494 -0.02792894 0.00437498 -0.04101246 -0.02825367 0.003999948 -0.04101246 -0.02825367 0.003999948 -0.04142892 -0.02732497 0.00437498 -0.04175364 -0.02751249 0.003999948 -0.04175364 -0.02751249 0.003999948 -0.04164999 -0.02649998 0.00437498 -0.04202497 -0.02649998 0.003999948 -0.04202497 -0.02649998 0.003999948 -0.04142892 -0.02567499 0.00437498 -0.04175364 -0.02548748 0.003999948 -0.04175364 -0.02548748 0.003999948 -0.04101246 -0.02474629 0.003999948 0 -0.03299999 0.01509141 0.001428902 -0.03382498 0.01409995 0.000825 -0.03442889 0.01409995 0.001649975 -0.03299999 0.01409995 -0.000825 -0.03442889 0.01409995 -0.001428902 -0.03382498 0.01409995 0 -0.03464996 0.01409995 -0.001428902 -0.032175 0.01409995 -0.000825 -0.03157103 0.01409995 -0.001649975 -0.03299999 0.01409995 0.000825 -0.03157103 0.01409995 0.001428902 -0.032175 0.01409995 0 -0.03134995 0.01409995 0.001649975 -0.03299999 0.01409995 0.001649975 -0.03299999 0.00437498 0.001428902 -0.03382498 0.01409995 0.001428902 -0.03382498 0.00437498 0.001428902 -0.03382498 0.01409995 0.001428902 -0.03382498 0.00437498 0.000825 -0.03442889 0.01409995 0.000825 -0.03442889 0.00437498 0.000825 -0.03442889 0.01409995 0.000825 -0.03442889 0.00437498 0 -0.03464996 0.01409995 0 -0.03464996 0.00437498 0 -0.03464996 0.01409995 0 -0.03464996 0.00437498 -0.000825 -0.03442889 0.01409995 -0.000825 -0.03442889 0.00437498 -0.000825 -0.03442889 0.01409995 -0.000825 -0.03442889 0.00437498 -0.001428902 -0.03382498 0.01409995 -0.001428902 -0.03382498 0.00437498 -0.001428902 -0.03382498 0.01409995 -0.001428902 -0.03382498 0.00437498 -0.001649975 -0.03299999 0.01409995 -0.001649975 -0.03299999 0.00437498 -0.001649975 -0.03299999 0.01409995 -0.001649975 -0.03299999 0.00437498 -0.001428902 -0.032175 0.01409995 -0.001428902 -0.032175 0.00437498 -0.001428902 -0.032175 0.01409995 -0.001428902 -0.032175 0.00437498 -0.000825 -0.03157103 0.01409995 -0.000825 -0.03157103 0.00437498 -0.000825 -0.03157103 0.01409995 -0.000825 -0.03157103 0.00437498 0 -0.03134995 0.01409995 0 -0.03134995 0.00437498 0 -0.03134995 0.01409995 0 -0.03134995 0.00437498 0.000825 -0.03157103 0.01409995 0.000825 -0.03157103 0.00437498 0.000825 -0.03157103 0.01409995 0.000825 -0.03157103 0.00437498 0.001428902 -0.032175 0.01409995 0.001428902 -0.032175 0.00437498 0.001428902 -0.032175 0.01409995 0.001428902 -0.032175 0.00437498 0.001649975 -0.03299999 0.01409995 0.001649975 -0.03299999 0.00437498 -0.000307448 -0.03099846 0.003999948 0 -0.03134995 0.00437498 -0.000825 -0.03157103 0.00437498 0 -0.0309875 0.004012465 0.000307448 -0.03099846 0.003999948 0.000825 -0.03157103 0.00437498 0.001012444 -0.0312463 0.003999948 0.001012444 -0.0312463 0.003999948 0.001428902 -0.032175 0.00437498 0.001753687 -0.03198748 0.003999948 0.001649975 -0.03299999 0.00437498 0.001753687 -0.03198748 0.003999948 0.002024948 -0.03299999 0.003999948 0.002024948 -0.03299999 0.003999948 0.001428902 -0.03382498 0.00437498 0.001753687 -0.03401249 0.003999948 0.000825 -0.03442889 0.00437498 0.001012444 -0.03475368 0.003999948 0 -0.03464996 0.00437498 0 -0.035025 0.003999948 -0.000825 -0.03442889 0.00437498 -0.001012444 -0.03475368 0.003999948 -0.001428902 -0.03382498 0.00437498 -0.001753687 -0.03401249 0.003999948 -0.001753687 -0.03401249 0.003999948 -0.001649975 -0.03299999 0.00437498 -0.002024948 -0.03299999 0.003999948 -0.002024948 -0.03299999 0.003999948 -0.001428902 -0.032175 0.00437498 -0.001753687 -0.03198748 0.003999948 -0.001012444 -0.0312463 0.003999948 0 0.03299999 0.01509141 0.001428902 0.032175 0.01409995 0.000825 0.03157103 0.01409995 0.001649975 0.03299999 0.01409995 -0.000825 0.03157103 0.01409995 -0.001428902 0.032175 0.01409995 0 0.03134995 0.01409995 -0.001428902 0.03382498 0.01409995 -0.000825 0.03442889 0.01409995 -0.001649975 0.03299999 0.01409995 0.000825 0.03442889 0.01409995 0.001428902 0.03382498 0.01409995 0 0.03464996 0.01409995 0.001649975 0.03299999 0.01409995 0.001649975 0.03299999 0.00437498 0.001428902 0.032175 0.01409995 0.001428902 0.032175 0.00437498 0.001428902 0.032175 0.01409995 0.001428902 0.032175 0.00437498 0.000825 0.03157103 0.01409995 0.000825 0.03157103 0.00437498 0.000825 0.03157103 0.01409995 0.000825 0.03157103 0.00437498 0 0.03134995 0.01409995 0 0.03134995 0.00437498 0 0.03134995 0.01409995 0 0.03134995 0.00437498 -0.000825 0.03157103 0.01409995 -0.000825 0.03157103 0.00437498 -0.000825 0.03157103 0.01409995 -0.000825 0.03157103 0.00437498 -0.001428902 0.032175 0.01409995 -0.001428902 0.032175 0.00437498 -0.001428902 0.032175 0.01409995 -0.001428902 0.032175 0.00437498 -0.001649975 0.03299999 0.01409995 -0.001649975 0.03299999 0.00437498 -0.001649975 0.03299999 0.01409995 -0.001649975 0.03299999 0.00437498 -0.001428902 0.03382498 0.01409995 -0.001428902 0.03382498 0.00437498 -0.001428902 0.03382498 0.01409995 -0.001428902 0.03382498 0.00437498 -0.000825 0.03442889 0.01409995 -0.000825 0.03442889 0.00437498 -0.000825 0.03442889 0.01409995 -0.000825 0.03442889 0.00437498 0 0.03464996 0.01409995 0 0.03464996 0.00437498 0 0.03464996 0.01409995 0 0.03464996 0.00437498 0.000825 0.03442889 0.01409995 0.000825 0.03442889 0.00437498 0.000825 0.03442889 0.01409995 0.000825 0.03442889 0.00437498 0.001428902 0.03382498 0.01409995 0.001428902 0.03382498 0.00437498 0.001428902 0.03382498 0.01409995 0.001428902 0.03382498 0.00437498 0.001649975 0.03299999 0.01409995 0.001649975 0.03299999 0.00437498 0.000307448 0.03099846 0.003999948 0 0.03134995 0.00437498 0.000825 0.03157103 0.00437498 0 0.0309875 0.004012465 -0.000307448 0.03099846 0.003999948 -0.000825 0.03157103 0.00437498 -0.001012444 0.0312463 0.003999948 -0.001012444 0.0312463 0.003999948 -0.001428902 0.032175 0.00437498 -0.001753687 0.03198748 0.003999948 -0.001753687 0.03198748 0.003999948 -0.001649975 0.03299999 0.00437498 -0.002024948 0.03299999 0.003999948 -0.002024948 0.03299999 0.003999948 -0.001428902 0.03382498 0.00437498 -0.001753687 0.03401249 0.003999948 -0.000825 0.03442889 0.00437498 -0.001012444 0.03475368 0.003999948 0 0.03464996 0.00437498 0 0.035025 0.003999948 0.000825 0.03442889 0.00437498 0.001012444 0.03475368 0.003999948 0.001428902 0.03382498 0.00437498 0.001753687 0.03401249 0.003999948 0.001649975 0.03299999 0.00437498 0.001753687 0.03401249 0.003999948 0.002024948 0.03299999 0.003999948 0.002024948 0.03299999 0.003999948 0.001428902 0.032175 0.00437498 0.001753687 0.03198748 0.003999948 0.001012444 0.0312463 0.003999948 0.03299999 0 0.01509141 0.03442889 -0.000825 0.01409995 0.03382498 -0.001428902 0.01409995 0.03464996 0 0.01409995 0.032175 -0.001428902 0.01409995 0.03157103 -0.000825 0.01409995 0.03299999 -0.001649975 0.01409995 0.03157103 0.000825 0.01409995 0.032175 0.001428902 0.01409995 0.03134995 0 0.01409995 0.03382498 0.001428902 0.01409995 0.03442889 0.000825 0.01409995 0.03299999 0.001649975 0.01409995 0.03464996 0 0.01409995 0.03464996 0 0.00437498 0.03442889 -0.000825 0.01409995 0.03442889 -0.000825 0.00437498 0.03442889 -0.000825 0.01409995 0.03442889 -0.000825 0.00437498 0.03382498 -0.001428902 0.01409995 0.03382498 -0.001428902 0.00437498 0.03382498 -0.001428902 0.01409995 0.03382498 -0.001428902 0.00437498 0.03299999 -0.001649975 0.01409995 0.03299999 -0.001649975 0.00437498 0.03299999 -0.001649975 0.01409995 0.03299999 -0.001649975 0.00437498 0.032175 -0.001428902 0.01409995 0.032175 -0.001428902 0.00437498 0.032175 -0.001428902 0.01409995 0.032175 -0.001428902 0.00437498 0.03157103 -0.000825 0.01409995 0.03157103 -0.000825 0.00437498 0.03157103 -0.000825 0.01409995 0.03157103 -0.000825 0.00437498 0.03134995 0 0.01409995 0.03134995 0 0.00437498 0.03134995 0 0.01409995 0.03134995 0 0.00437498 0.03157103 0.000825 0.01409995 0.03157103 0.000825 0.00437498 0.03157103 0.000825 0.01409995 0.03157103 0.000825 0.00437498 0.032175 0.001428902 0.01409995 0.032175 0.001428902 0.00437498 0.032175 0.001428902 0.01409995 0.032175 0.001428902 0.00437498 0.03299999 0.001649975 0.01409995 0.03299999 0.001649975 0.00437498 0.03299999 0.001649975 0.01409995 0.03299999 0.001649975 0.00437498 0.03382498 0.001428902 0.01409995 0.03382498 0.001428902 0.00437498 0.03382498 0.001428902 0.01409995 0.03382498 0.001428902 0.00437498 0.03442889 0.000825 0.01409995 0.03442889 0.000825 0.00437498 0.03442889 0.000825 0.01409995 0.03442889 0.000825 0.00437498 0.03464996 0 0.01409995 0.03464996 0 0.00437498 0.03099846 -0.000307448 0.003999948 0.03134995 0 0.00437498 0.03157103 -0.000825 0.00437498 0.0309875 0 0.004012465 0.03099846 0.000307448 0.003999948 0.03157103 0.000825 0.00437498 0.0312463 0.001012444 0.003999948 0.0312463 0.001012444 0.003999948 0.032175 0.001428902 0.00437498 0.03198748 0.001753687 0.003999948 0.03198748 0.001753687 0.003999948 0.03299999 0.001649975 0.00437498 0.03299999 0.002024948 0.003999948 0.03299999 0.002024948 0.003999948 0.03382498 0.001428902 0.00437498 0.03401249 0.001753687 0.003999948 0.03401249 0.001753687 0.003999948 0.03442889 0.000825 0.00437498 0.03475368 0.001012444 0.003999948 0.03464996 0 0.00437498 0.035025 0 0.003999948 0.03442889 -0.000825 0.00437498 0.03475368 -0.001012444 0.003999948 0.03382498 -0.001428902 0.00437498 0.03401249 -0.001753687 0.003999948 0.03401249 -0.001753687 0.003999948 0.03299999 -0.001649975 0.00437498 0.03299999 -0.002024948 0.003999948 0.03299999 -0.002024948 0.003999948 0.032175 -0.001428902 0.00437498 0.03198748 -0.001753687 0.003999948 0.0312463 -0.001012444 0.003999948 -0.04142636 -0.02514588 0.07383477 -0.04235851 -0.02468192 0.07442337 -0.04978388 -0.02551251 0.07178509 -0.04295128 -0.02434939 0.0748288 -0.04991483 -0.02483308 0.07285767 -0.04374265 -0.02384692 0.07541733 -0.05006313 -0.02368676 0.07450634 -0.04445135 -0.0233221 0.07600313 -0.05006605 -0.02365791 0.07454532 -0.04508024 -0.02277326 0.07658624 -0.05012446 -0.02298218 0.07542431 -0.0456314 -0.02219873 0.07716691 -0.05016952 -0.02229344 0.07625567 -0.05018979 -0.02190446 0.076698 -0.04610627 -0.02159619 0.07774513 -0.05020344 -0.02159702 0.07703423 -0.04650539 -0.02096313 0.07832098 -0.05022794 -0.02088624 0.07776898 -0.04681885 -0.02032011 0.07887476 -0.05024343 -0.02017474 0.07844877 -0.04706287 -0.01963531 0.07943207 -0.05024605 -0.01999437 0.0786128 -0.04723018 -0.01892197 0.07997906 -0.05024319 -0.01788216 0.08031404 -0.04732137 -0.01817768 0.08051544 -0.04733622 -0.01739966 0.08104062 -0.0502184 -0.01666599 0.08113592 -0.04621738 -0.01293981 0.08343797 -0.05006241 -0.01304852 0.08307635 -0.04660421 -0.01390671 0.0829994 -0.05012339 -0.01414263 0.08255702 -0.04690873 -0.01483726 0.08253693 -0.05013084 -0.01429581 0.08248013 -0.04713147 -0.01573032 0.08205401 -0.04727357 -0.01658499 0.08155381 -0.02395915 -0.0284301 0.08099329 -0.01891481 -0.03063046 0.08599996 -0.03019833 -0.02700018 0.07611626 -0.02484655 -0.02802139 0.0811333 -0.03814071 -0.02639508 0.07209968 -0.03931987 -0.02600139 0.0726723 -0.04041415 -0.02558535 0.07325088 -0.01953554 -0.03023838 0.08599996 -0.02563393 -0.02763402 0.08126503 -0.02013874 -0.02984005 0.08599996 -0.02638405 -0.02724111 0.08139783 -0.0207284 -0.02943348 0.08599996 -0.02710092 -0.02684134 0.08153229 -0.0213083 -0.02901643 0.08599996 -0.02778822 -0.02643311 0.08166897 -0.02170139 -0.02872365 0.08599996 -0.02824318 -0.02614784 0.08176434 -0.02226561 -0.02828848 0.08599996 -0.02887982 -0.02572607 0.08190506 -0.02282285 -0.02784091 0.08599996 -0.0294885 -0.02529489 0.08204883 -0.02330785 -0.02743613 0.08599996 -0.02330785 -0.02743613 0.08599996 -0.03007251 -0.0248515 0.08219653 -0.02392917 -0.02689594 0.08599996 -0.0306347 -0.02439266 0.08234912 -0.02448427 -0.02639162 0.08599996 -0.03117734 -0.02391457 0.08250749 -0.02504444 -0.02586066 0.08599996 -0.03170251 -0.02341306 0.08267253 -0.02559274 -0.0253182 0.08599996 -0.03219461 -0.02290195 0.08283901 -0.02615678 -0.02473503 0.08599996 -0.03267818 -0.02235323 0.08301502 -0.02672523 -0.02411973 0.08599996 -0.03314232 -0.02177464 0.08319669 -0.0273 -0.02346718 0.08599996 -0.03358799 -0.02116084 0.08338409 -0.02768999 -0.02300572 0.08599996 -0.03401583 -0.0205062 0.08357715 -0.02788287 -0.02277153 0.08599996 -0.02847528 -0.0220263 0.08599996 -0.02847528 -0.0220263 0.08599996 -0.03442591 -0.01980435 0.08377546 -0.02907836 -0.02122372 0.08599996 -0.03481769 -0.01904821 0.08397829 -0.02968955 -0.02035993 0.08599996 -0.03518819 -0.01823449 0.08418375 -0.03030645 -0.01942974 0.08599996 -0.03553456 -0.01735907 0.08438968 -0.03092598 -0.01842772 0.08599996 -0.0358538 -0.01641786 0.08459371 -0.03614354 -0.01540309 0.08479416 -0.03640031 -0.01430612 0.08498889 -0.03661966 -0.01311731 0.08517569 -0.03679537 -0.01182639 0.08535182 -0.03687971 -0.01096081 0.08545535 -0.03696596 -0.009484589 0.08560705 -0.03698277 -0.007895588 0.08573818 -0.03691774 -0.006184518 0.08584588 -0.03675496 -0.004341721 0.08592724 -0.03600871 -3.74211e-05 0.08599996 -0.03601747 -3.0496e-05 0.08599996 -0.03647476 -0.002358436 0.08597946 -0.03705704 -0.001941502 0.0859692 -0.03787225 -0.003607034 0.08589023 -0.03856784 -0.005184292 0.08576589 -0.03915721 -0.006676554 0.08559966 -0.03965127 -0.008088052 0.08539497 -0.04005873 -0.009423196 0.08515524 -0.04027163 -0.0102173 0.0849899 -0.0405485 -0.01141774 0.08470547 -0.04075384 -0.01254111 0.0843994 -0.04089337 -0.01359355 0.08407533 -0.04097163 -0.01458114 0.08373624 -0.04099202 -0.0155096 0.08338487 -0.04095715 -0.01638424 0.08302354 -0.04086911 -0.01720684 0.0826556 -0.04073005 -0.01797956 0.08228439 -0.0405426 -0.01870393 0.08191329 -0.04030811 -0.01938545 0.08154326 -0.04002737 -0.02002936 0.08117502 -0.03970038 -0.02064031 0.08080887 -0.03932648 -0.02122259 0.08044499 -0.03891521 -0.02176707 0.08009177 -0.03844583 -0.0223025 0.07973253 -0.03793156 -0.02281332 0.0793792 -0.03737109 -0.02330309 0.07903087 -0.03676253 -0.02377516 0.07868671 -0.03610342 -0.0242322 0.07834565 -0.03539067 -0.02467656 0.07800686 -0.03486859 -0.02497518 0.07777512 -0.03406268 -0.0253992 0.0774405 -0.03320336 -0.02581012 0.07710987 -0.03228759 -0.02620911 0.07678282 -0.03131181 -0.02659708 0.07645893 -0.03678315 -0.02679198 0.07149529 -0.04574608 -0.01193416 0.08385109 -0.04518717 -0.01088738 0.0842368 -0.04453665 -0.009797036 0.08459275 -0.04378968 -0.008660852 0.08491629 -0.04327011 -0.007925033 0.08510106 -0.04235649 -0.006714522 0.08536446 -0.04134255 -0.005469322 0.08558475 -0.04022288 -0.004189074 0.08576023 -0.03899109 -0.002873897 0.08588892 -0.03763961 -0.001524746 0.0859692 -0.03602629 -2.3571e-05 0.08599996 -0.04997992 -0.01187527 0.08357977 -0.04998219 -0.01190406 0.08356803 -0.03518438 -0.02743387 0.0700401 -0.02222084 -0.03087979 0.05599999 -0.01765459 -0.03197234 0.05599999 -0.01765906 -0.03197032 0.0566073 -0.02686947 -0.03022044 0.05599999 -0.02687638 -0.03021848 0.05638045 -0.02295637 -0.02909392 0.0786007 -0.02201032 -0.02968251 0.0762133 -0.02114015 -0.0301935 0.07385808 -0.02035677 -0.03062963 0.07154643 -0.0196824 -0.03098767 0.06933504 -0.0191906 -0.03123891 0.06752169 -0.01877158 -0.03144663 0.06576395 -0.01842266 -0.03161513 0.06405431 -0.0181418 -0.03174793 0.0623877 -0.01792663 -0.03184795 0.06075751 -0.01781702 -0.03189831 0.05967026 -0.01770949 -0.03194743 0.05813074 -0.02892678 -0.0277245 0.07421988 -0.02772825 -0.02836793 0.07231807 -0.02662658 -0.0289272 0.07043403 -0.02563554 -0.02940517 0.06857836 -0.02478277 -0.02979797 0.06679803 -0.0241611 -0.03007382 0.06533497 -0.02363163 -0.03030192 0.06391459 -0.02319085 -0.03048712 0.06253123 -0.02283608 -0.03063309 0.06118136 -0.02256435 -0.03074306 0.05985993 -0.02242594 -0.03079843 0.05897814 -0.02229022 -0.03085237 0.05772912 -0.02222651 -0.03087759 0.05649286 -0.02531331 -0.03039163 0.05599999 -0.0336849 -0.02800333 0.06857901 -0.03231233 -0.02849781 0.06713008 -0.03108191 -0.02891999 0.06570166 -0.03002619 -0.02926665 0.06433022 -0.02925819 -0.02950996 0.06320261 -0.02860516 -0.02971112 0.06210744 -0.02806216 -0.02987438 0.0610404 -0.02762567 -0.03000301 0.05999898 -0.02729153 -0.03009992 0.05897927 -0.02712148 -0.03014874 0.0582987 -0.02695465 -0.03019624 0.05733466 -0.02531331 -0.03039163 0.003999948 -0.01916503 -0.03156054 0.003999948 -0.01765459 0.03197234 0.05599999 -0.01916503 0.03156054 0.003999948 -0.01916503 0.03156054 0.003999948 -0.02222084 0.03087979 0.05599999 -0.02531331 0.03039163 0.003999948 -0.02531331 0.03039163 0.05599999 -0.02686947 0.03022044 0.05599999 -0.03600871 3.74211e-05 0.08599996 -0.03601747 3.0496e-05 0.08599996 -0.04453665 0.009797036 0.08459275 -0.04518717 0.01088738 0.0842368 -0.04097163 0.01458114 0.08373624 -0.04089337 0.01359355 0.08407533 -0.03614354 0.01540309 0.08479416 -0.04660421 0.01390671 0.0829994 -0.04621738 0.01293981 0.08343797 -0.04030811 0.01938545 0.08154326 -0.0405426 0.01870393 0.08191329 -0.03401583 0.0205062 0.08357715 -0.04723018 0.01892197 0.07997906 -0.04732137 0.01817768 0.08051544 -0.03131181 0.02659708 0.07645893 -0.02484655 0.02802139 0.0811333 -0.02395915 0.0284301 0.08099329 -0.05015176 0.01475256 0.08224415 -0.04690873 0.01483726 0.08253693 -0.04713147 0.01573032 0.08205401 -0.04999595 0.01208239 0.0834946 -0.04574608 0.01193416 0.08385109 -0.05018937 0.01571464 0.0817126 -0.04727357 0.01658499 0.08155381 -0.05020242 0.01611018 0.08147937 -0.04733622 0.01739966 0.08104062 -0.05022668 0.01700395 0.08091765 -0.05024278 0.0178529 0.08033502 -0.05024409 0.0179463 0.08026778 -0.04610627 0.02159619 0.07774513 -0.05022794 0.0208857 0.07776951 -0.04650539 0.02096313 0.07832098 -0.05024343 0.02017492 0.07844859 -0.04681885 0.02032011 0.07887476 -0.05024701 0.01991927 0.07868015 -0.04706287 0.01963531 0.07943207 -0.0456314 0.02219873 0.07716691 -0.0502004 0.02167028 0.07695513 -0.05020356 0.02159506 0.07703638 -0.04445135 0.0233221 0.07600313 -0.0501244 0.02298283 0.07542353 -0.04508024 0.02277326 0.07658624 -0.0501697 0.022291 0.07625854 -0.05017572 0.02218216 0.07638424 -0.04235851 0.02468192 0.07442337 -0.04987913 0.02503985 0.07253897 -0.04295128 0.02434939 0.0748288 -0.04998701 0.02434563 0.07358294 -0.04374265 0.02384692 0.07541733 -0.0500251 0.02403903 0.07402068 -0.05006551 0.0236634 0.07453793 -0.03678315 0.02679198 0.07149529 -0.03019833 0.02700018 0.07611626 -0.03814071 0.02639508 0.07209968 -0.03931987 0.02600139 0.0726723 -0.04041415 0.02558535 0.07325088 -0.04142636 0.02514588 0.07383477 -0.04978334 0.02551496 0.07178109 -0.03228759 0.02620911 0.07678282 -0.03320336 0.02581012 0.07710987 -0.03406268 0.0253992 0.0774405 -0.03486859 0.02497518 0.07777512 -0.03539067 0.02467656 0.07800686 -0.03610342 0.0242322 0.07834565 -0.03676253 0.02377516 0.07868671 -0.03737109 0.02330309 0.07903087 -0.03793156 0.02281332 0.0793792 -0.03844583 0.0223025 0.07973253 -0.03891521 0.02176707 0.08009177 -0.03932648 0.02122259 0.08044499 -0.03970038 0.02064031 0.08080887 -0.04002737 0.02002936 0.08117502 -0.02563393 0.02763402 0.08126503 -0.02638405 0.02724111 0.08139783 -0.02710092 0.02684134 0.08153229 -0.02778822 0.02643311 0.08166897 -0.02824318 0.02614784 0.08176434 -0.02887982 0.02572607 0.08190506 -0.0294885 0.02529489 0.08204883 -0.03007251 0.0248515 0.08219653 -0.0306347 0.02439266 0.08234912 -0.03117734 0.02391457 0.08250749 -0.03170251 0.02341306 0.08267253 -0.03219461 0.02290195 0.08283901 -0.03267818 0.02235323 0.08301502 -0.03314232 0.02177464 0.08319669 -0.03358799 0.02116084 0.08338409 -0.02672523 0.02411973 0.08599996 -0.02615678 0.02473503 0.08599996 -0.02559274 0.0253182 0.08599996 -0.02504444 0.02586066 0.08599996 -0.02448427 0.02639162 0.08599996 -0.02392917 0.02689594 0.08599996 -0.02330785 0.02743613 0.08599996 -0.02282285 0.02784091 0.08599996 -0.02226561 0.02828848 0.08599996 -0.02170139 0.02872365 0.08599996 -0.0213083 0.02901643 0.08599996 -0.0207284 0.02943348 0.08599996 -0.02013874 0.02984005 0.08599996 -0.01953554 0.03023838 0.08599996 -0.01891481 0.03063046 0.08599996 -0.02788287 0.02277153 0.08599996 -0.02768999 0.02300572 0.08599996 -0.0273 0.02346718 0.08599996 -0.04073005 0.01797956 0.08228439 -0.04086911 0.01720684 0.0826556 -0.04095715 0.01638424 0.08302354 -0.04099202 0.0155096 0.08338487 -0.03442591 0.01980435 0.08377546 -0.03481769 0.01904821 0.08397829 -0.03518819 0.01823449 0.08418375 -0.03553456 0.01735907 0.08438968 -0.0358538 0.01641786 0.08459371 -0.02847528 0.0220263 0.08599996 -0.02907836 0.02122372 0.08599996 -0.02968955 0.02035993 0.08599996 -0.02968955 0.02035993 0.08599996 -0.03030645 0.01942974 0.08599996 -0.03154659 0.01734387 0.08599996 -0.03124243 0.01788592 0.08599996 -0.03092598 0.01842772 0.08599996 -0.04075384 0.01254111 0.0843994 -0.0405485 0.01141774 0.08470547 -0.04027163 0.0102173 0.0849899 -0.03640031 0.01430612 0.08498889 -0.03661966 0.01311731 0.08517569 -0.03679537 0.01182639 0.08535182 -0.03687971 0.01096081 0.08545535 -0.04378968 0.008660852 0.08491629 -0.04327011 0.007925033 0.08510106 -0.04005873 0.009423196 0.08515524 -0.03965127 0.008088052 0.08539497 -0.03696596 0.009484589 0.08560705 -0.03698277 0.007895588 0.08573818 -0.04134255 0.005469322 0.08558475 -0.04235649 0.006714522 0.08536446 -0.03915721 0.006676554 0.08559966 -0.03691774 0.006184518 0.08584588 -0.03602629 2.3571e-05 0.08599996 -0.03763961 0.001524746 0.0859692 -0.03705704 0.001941502 0.0859692 -0.03899109 0.002873897 0.08588892 -0.03787225 0.003607034 0.08589023 -0.04022288 0.004189074 0.08576023 -0.03856784 0.005184292 0.08576589 -0.03647476 0.002358436 0.08597946 -0.03675496 0.004341721 0.08592724 -0.0233224 0.02885651 0.07948803 -0.02237814 0.02945786 0.07715958 -0.02140533 0.0300408 0.07459563 -0.02055495 0.03052133 0.07215297 -0.01982635 0.03091257 0.06982952 -0.01927024 0.03119879 0.06783068 -0.0188167 0.03142452 0.06596618 -0.01842337 0.03161478 0.06405824 -0.01814067 0.03174847 0.06238019 -0.01792597 0.03184825 0.06075161 -0.01777487 0.03191763 0.05915611 -0.01768469 0.03195869 0.05757725 -0.02225887 0.03086477 0.05728 -0.02237272 0.03081965 0.05856102 -0.02256351 0.03074336 0.0598551 -0.02283465 0.03063362 0.06117522 -0.02319175 0.0304867 0.06253439 -0.02368873 0.0302776 0.06407815 -0.02426183 0.03002971 0.06558454 -0.02496474 0.02971553 0.06719654 -0.02588623 0.0292865 0.06906586 -0.02696222 0.02876001 0.07102483 -0.02819412 0.02812224 0.07307291 -0.02939075 0.02746534 0.07492434 -0.0269162 0.03020721 0.056988 -0.02705603 0.0301674 0.05797684 -0.02729046 0.03010022 0.05897551 -0.02762389 0.03000354 0.05999428 -0.02806335 0.02987402 0.0610429 -0.02867549 0.02968972 0.0622335 -0.02938252 0.02947109 0.06339496 -0.03025126 0.02919393 0.0646373 -0.03139281 0.02881515 0.06607699 -0.03272998 0.02834999 0.06758457 -0.03426694 0.02778595 0.06915915 -0.03576678 0.02720427 0.07058089 -0.05472064 -0.02849996 0.003999948 -0.05472064 -0.02849996 0.05599999 -0.05449998 -0.02849996 0.003999948 -0.05299997 -0.02849996 0.05599999 -0.05299997 -0.02849996 0.003999948 -0.05472064 0.02849996 0.05599999 -0.05472064 0.02849996 0.003999948 -0.05299997 0.02849996 0.05599999 -0.05472064 0.02849996 0.003999948 -0.05449998 0.02849996 0.003999948 -0.05299997 0.02849996 0.003999948 -0.05299997 0.02448773 0.05677521 -0.05299997 0.02447837 0.05702894 -0.05299997 0.02486246 0.05710417 -0.05299997 0.02477496 0.05725574 -0.05299997 0.02549999 0.05727499 -0.05299997 0.02549999 0.05744999 -0.05299997 0.02613747 0.05710417 -0.05299997 0.02622497 0.05725574 -0.05299997 0.02660417 0.05663746 -0.05299997 0.02675569 0.05672496 -0.05299997 0.026775 0.05599999 -0.05299997 0.02695 0.05599999 -0.05299997 0.02660417 0.05536246 -0.05299997 0.02675569 0.05527496 -0.05299997 0.02613747 0.05489581 -0.05299997 0.02622497 0.05474424 -0.05299997 0.02549999 0.05472499 -0.05299997 0.02549999 0.05454999 -0.05299997 0.02486246 0.05489581 -0.05299997 0.02477496 0.05474424 -0.05299997 0.02449995 0.05520904 -0.05299997 0.02449995 0.05494999 -0.05299997 -0.02845054 0.0576778 -0.05472064 0.003071784 0.08433395 -0.05472064 0.006107807 0.0838378 -0.05299997 0.006107807 0.0838378 -0.05472117 0.01008117 0.08265745 -0.05299997 0.01193177 0.08188205 -0.05472064 0.008970022 0.08305156 -0.05472064 0.00896269 0.083054 -0.05472064 0 0.08449995 -0.05299997 0 0.08449995 -0.05472064 -0.003071784 0.08433395 -0.05299997 -0.006107807 0.0838378 -0.05472064 -0.006107807 0.0838378 -0.05299997 -0.01193177 0.08188205 -0.05472368 -0.0118013 0.08194184 -0.05472064 -0.00896269 0.083054 -0.05299997 -0.0172013 0.0787236 -0.05473476 -0.01679837 0.07902312 -0.05472981 -0.01437866 0.08060693 -0.05473554 -0.01798564 0.07810801 -0.05473554 -0.01783061 0.07823324 -0.05473518 -0.0172013 0.0787236 -0.05299997 -0.02167153 0.07450926 -0.05472785 -0.02167153 0.07450926 -0.05473053 -0.02089661 0.0753799 -0.05473536 -0.018597 0.0775963 -0.05299997 -0.02513474 0.06943476 -0.05472064 -0.02513474 0.06943476 -0.05472064 -0.02444577 0.07065099 -0.05472064 -0.02444177 0.07065767 -0.05472123 -0.02381467 0.07165598 -0.05472403 -0.02275556 0.07315903 -0.05472064 -0.02845054 0.0576778 -0.05472064 -0.02810394 0.06073451 -0.05299997 -0.02742993 0.06373602 -0.05472064 -0.02742993 0.06373602 -0.05472064 -0.02643632 0.06664741 -0.05299997 0.02845054 0.0576778 -0.05472064 0.02845054 0.0576778 -0.05472064 0.02444577 0.07065099 -0.05472064 0.02513474 0.06943476 -0.05299997 0.02513474 0.06943476 -0.05472064 0.02643632 0.06664741 -0.05299997 0.02742993 0.06373602 -0.05472064 0.02742993 0.06373602 -0.05299997 0.02845054 0.0576778 -0.05472064 0.02810394 0.06073451 -0.05299997 0.02513474 0.06943476 -0.05472403 0.0227409 0.07317852 -0.05299997 0.02167153 0.07450926 -0.05299997 0.02167153 0.07450926 -0.05472785 0.02167153 0.07450926 -0.05473548 0.01764988 0.078377 -0.05473554 0.01780593 0.07825303 -0.05299997 0.0172013 0.0787236 -0.05473518 0.01880198 0.07741808 -0.05473059 0.02087569 0.07540237 -0.05472362 0.01177918 0.08195185 -0.05472975 0.0143522 0.08062237 -0.054735 0.01701706 0.07886195 -0.04603409 -0.02549999 0.05599999 -0.04664999 -0.02638763 0.05651247 -0.04664999 -0.02601248 0.05688762 -0.04664999 -0.02652496 0.05599999 -0.04664999 -0.02498745 0.05688762 -0.04664999 -0.0246123 0.05651247 -0.04664999 -0.02549999 0.05702495 -0.04664999 -0.0246123 0.05548745 -0.04664999 -0.02498745 0.0551123 -0.04664999 -0.02447497 0.05599999 -0.04664999 -0.02601248 0.0551123 -0.04664999 -0.02638763 0.05548745 -0.04664999 -0.02549999 0.05497497 -0.04664999 -0.02652496 0.05599999 -0.05274999 -0.02652496 0.05599999 -0.04664999 -0.02638763 0.05651247 -0.05274999 -0.02638763 0.05651247 -0.04664999 -0.02638763 0.05651247 -0.05274999 -0.02638763 0.05651247 -0.04664999 -0.02601248 0.05688762 -0.05274999 -0.02601248 0.05688762 -0.04664999 -0.02601248 0.05688762 -0.05274999 -0.02601248 0.05688762 -0.04664999 -0.02549999 0.05702495 -0.05274999 -0.02549999 0.05702495 -0.04664999 -0.02549999 0.05702495 -0.05274999 -0.02549999 0.05702495 -0.04664999 -0.02498745 0.05688762 -0.05274999 -0.02498745 0.05688762 -0.04664999 -0.02498745 0.05688762 -0.05274999 -0.02498745 0.05688762 -0.04664999 -0.0246123 0.05651247 -0.05274999 -0.0246123 0.05651247 -0.04664999 -0.0246123 0.05651247 -0.05274999 -0.0246123 0.05651247 -0.04664999 -0.02447497 0.05599999 -0.05274999 -0.02447497 0.05599999 -0.04664999 -0.02447497 0.05599999 -0.05274999 -0.02447497 0.05599999 -0.04664999 -0.0246123 0.05548745 -0.05274999 -0.0246123 0.05548745 -0.04664999 -0.0246123 0.05548745 -0.05274999 -0.0246123 0.05548745 -0.04664999 -0.02498745 0.0551123 -0.05274999 -0.02498745 0.0551123 -0.04664999 -0.02498745 0.0551123 -0.05274999 -0.02498745 0.0551123 -0.04664999 -0.02549999 0.05497497 -0.05274999 -0.02549999 0.05497497 -0.04664999 -0.02549999 0.05497497 -0.05274999 -0.02549999 0.05497497 -0.04664999 -0.02601248 0.0551123 -0.05274999 -0.02601248 0.0551123 -0.04664999 -0.02601248 0.0551123 -0.05274999 -0.02601248 0.0551123 -0.04664999 -0.02638763 0.05548745 -0.05274999 -0.02638763 0.05548745 -0.04664999 -0.02638763 0.05548745 -0.05274999 -0.02638763 0.05548745 -0.04664999 -0.02652496 0.05599999 -0.05274999 -0.02652496 0.05599999 -0.05274999 -0.02498745 0.05688762 -0.05299997 -0.02448773 0.05677521 -0.05274999 -0.0246123 0.05651247 -0.05286246 -0.0243625 0.05599999 -0.05274999 -0.02447497 0.05599999 -0.05274999 -0.02447497 0.05599999 -0.05286246 -0.0243625 0.05599999 -0.05299997 -0.02449995 0.05520904 -0.05274999 -0.0246123 0.05548745 -0.05274999 -0.0246123 0.05548745 -0.05299997 -0.02449995 0.05520904 -0.05274999 -0.02498745 0.0551123 -0.05299997 -0.02486246 0.05489581 -0.05299997 -0.02486246 0.05489581 -0.05274999 -0.02549999 0.05497497 -0.05299997 -0.02549999 0.05472499 -0.05299997 -0.02549999 0.05472499 -0.05274999 -0.02601248 0.0551123 -0.05299997 -0.02613747 0.05489581 -0.05299997 -0.02613747 0.05489581 -0.05274999 -0.02638763 0.05548745 -0.05299997 -0.02660417 0.05536246 -0.05274999 -0.02652496 0.05599999 -0.05299997 -0.02660417 0.05536246 -0.05299997 -0.026775 0.05599999 -0.05299997 -0.026775 0.05599999 -0.05274999 -0.02638763 0.05651247 -0.05299997 -0.02660417 0.05663746 -0.05299997 -0.02660417 0.05663746 -0.05274999 -0.02601248 0.05688762 -0.05299997 -0.02613747 0.05710417 -0.05299997 -0.02613747 0.05710417 -0.05274999 -0.02549999 0.05702495 -0.05299997 -0.02549999 0.05727499 -0.05299997 -0.02549999 0.05727499 -0.05299997 -0.02486246 0.05710417 -0.05299997 -0.02448773 0.05677521 -0.04603409 -0.02549999 0.01599997 -0.04664999 -0.02638763 0.01651245 -0.04664999 -0.02601248 0.01688766 -0.04664999 -0.02652496 0.01599997 -0.04664999 -0.02498745 0.01688766 -0.04664999 -0.0246123 0.01651245 -0.04664999 -0.02549999 0.01702499 -0.04664999 -0.0246123 0.01548749 -0.04664999 -0.02498745 0.01511228 -0.04664999 -0.02447497 0.01599997 -0.04664999 -0.02601248 0.01511228 -0.04664999 -0.02638763 0.01548749 -0.04664999 -0.02549999 0.01497495 -0.04664999 -0.02652496 0.01599997 -0.05274999 -0.02652496 0.01599997 -0.04664999 -0.02638763 0.01651245 -0.05274999 -0.02638763 0.01651245 -0.04664999 -0.02638763 0.01651245 -0.05274999 -0.02638763 0.01651245 -0.04664999 -0.02601248 0.01688766 -0.05274999 -0.02601248 0.01688766 -0.04664999 -0.02601248 0.01688766 -0.05274999 -0.02601248 0.01688766 -0.04664999 -0.02549999 0.01702499 -0.05274999 -0.02549999 0.01702499 -0.04664999 -0.02549999 0.01702499 -0.05274999 -0.02549999 0.01702499 -0.04664999 -0.02498745 0.01688766 -0.05274999 -0.02498745 0.01688766 -0.04664999 -0.02498745 0.01688766 -0.05274999 -0.02498745 0.01688766 -0.04664999 -0.0246123 0.01651245 -0.05274999 -0.0246123 0.01651245 -0.04664999 -0.0246123 0.01651245 -0.05274999 -0.0246123 0.01651245 -0.04664999 -0.02447497 0.01599997 -0.05274999 -0.02447497 0.01599997 -0.04664999 -0.02447497 0.01599997 -0.05274999 -0.02447497 0.01599997 -0.04664999 -0.0246123 0.01548749 -0.05274999 -0.0246123 0.01548749 -0.04664999 -0.0246123 0.01548749 -0.05274999 -0.0246123 0.01548749 -0.04664999 -0.02498745 0.01511228 -0.05274999 -0.02498745 0.01511228 -0.04664999 -0.02498745 0.01511228 -0.05274999 -0.02498745 0.01511228 -0.04664999 -0.02549999 0.01497495 -0.05274999 -0.02549999 0.01497495 -0.04664999 -0.02549999 0.01497495 -0.05274999 -0.02549999 0.01497495 -0.04664999 -0.02601248 0.01511228 -0.05274999 -0.02601248 0.01511228 -0.04664999 -0.02601248 0.01511228 -0.05274999 -0.02601248 0.01511228 -0.04664999 -0.02638763 0.01548749 -0.05274999 -0.02638763 0.01548749 -0.04664999 -0.02638763 0.01548749 -0.05274999 -0.02638763 0.01548749 -0.04664999 -0.02652496 0.01599997 -0.05274999 -0.02652496 0.01599997 -0.05274999 -0.02498745 0.01688766 -0.05299997 -0.02449995 0.01679092 -0.05274999 -0.0246123 0.01651245 -0.05274999 -0.0246123 0.01651245 -0.05299997 -0.02449995 0.01679092 -0.05286246 -0.0243625 0.01599997 -0.05274999 -0.02447497 0.01599997 -0.05274999 -0.02447497 0.01599997 -0.05286246 -0.0243625 0.01599997 -0.05299997 -0.02449995 0.01520901 -0.05274999 -0.0246123 0.01548749 -0.05274999 -0.0246123 0.01548749 -0.05299997 -0.02449995 0.01520901 -0.05274999 -0.02498745 0.01511228 -0.05299997 -0.02486246 0.01489579 -0.05299997 -0.02486246 0.01489579 -0.05274999 -0.02549999 0.01497495 -0.05299997 -0.02549999 0.01472496 -0.05299997 -0.02549999 0.01472496 -0.05274999 -0.02601248 0.01511228 -0.05299997 -0.02613747 0.01489579 -0.05299997 -0.02613747 0.01489579 -0.05274999 -0.02638763 0.01548749 -0.05299997 -0.02660417 0.0153625 -0.05274999 -0.02652496 0.01599997 -0.05299997 -0.02660417 0.0153625 -0.05299997 -0.026775 0.01599997 -0.05299997 -0.026775 0.01599997 -0.05274999 -0.02638763 0.01651245 -0.05299997 -0.02660417 0.0166375 -0.05299997 -0.02660417 0.0166375 -0.05274999 -0.02601248 0.01688766 -0.05299997 -0.02613747 0.01710414 -0.05299997 -0.02613747 0.01710414 -0.05274999 -0.02549999 0.01702499 -0.05299997 -0.02549999 0.01727497 -0.05299997 -0.02549999 0.01727497 -0.05299997 -0.02486246 0.01710414 -0.04603409 0.02549999 0.01599997 -0.04664999 0.0246123 0.01651245 -0.04664999 0.02498745 0.01688766 -0.04664999 0.02447497 0.01599997 -0.04664999 0.02601248 0.01688766 -0.04664999 0.02638763 0.01651245 -0.04664999 0.02549999 0.01702499 -0.04664999 0.02638763 0.01548749 -0.04664999 0.02601248 0.01511228 -0.04664999 0.02652496 0.01599997 -0.04664999 0.02498745 0.01511228 -0.04664999 0.0246123 0.01548749 -0.04664999 0.02549999 0.01497495 -0.04664999 0.02447497 0.01599997 -0.05274999 0.02447497 0.01599997 -0.04664999 0.0246123 0.01651245 -0.05274999 0.0246123 0.01651245 -0.04664999 0.0246123 0.01651245 -0.05274999 0.0246123 0.01651245 -0.04664999 0.02498745 0.01688766 -0.05274999 0.02498745 0.01688766 -0.04664999 0.02498745 0.01688766 -0.05274999 0.02498745 0.01688766 -0.04664999 0.02549999 0.01702499 -0.05274999 0.02549999 0.01702499 -0.04664999 0.02549999 0.01702499 -0.05274999 0.02549999 0.01702499 -0.04664999 0.02601248 0.01688766 -0.05274999 0.02601248 0.01688766 -0.04664999 0.02601248 0.01688766 -0.05274999 0.02601248 0.01688766 -0.04664999 0.02638763 0.01651245 -0.05274999 0.02638763 0.01651245 -0.04664999 0.02638763 0.01651245 -0.05274999 0.02638763 0.01651245 -0.04664999 0.02652496 0.01599997 -0.05274999 0.02652496 0.01599997 -0.04664999 0.02652496 0.01599997 -0.05274999 0.02652496 0.01599997 -0.04664999 0.02638763 0.01548749 -0.05274999 0.02638763 0.01548749 -0.04664999 0.02638763 0.01548749 -0.05274999 0.02638763 0.01548749 -0.04664999 0.02601248 0.01511228 -0.05274999 0.02601248 0.01511228 -0.04664999 0.02601248 0.01511228 -0.05274999 0.02601248 0.01511228 -0.04664999 0.02549999 0.01497495 -0.05274999 0.02549999 0.01497495 -0.04664999 0.02549999 0.01497495 -0.05274999 0.02549999 0.01497495 -0.04664999 0.02498745 0.01511228 -0.05274999 0.02498745 0.01511228 -0.04664999 0.02498745 0.01511228 -0.05274999 0.02498745 0.01511228 -0.04664999 0.0246123 0.01548749 -0.05274999 0.0246123 0.01548749 -0.04664999 0.0246123 0.01548749 -0.05274999 0.0246123 0.01548749 -0.04664999 0.02447497 0.01599997 -0.05274999 0.02447497 0.01599997 -0.05274999 0.02498745 0.01511228 -0.05299997 0.02449995 0.01520901 -0.05274999 0.0246123 0.01548749 -0.05274999 0.0246123 0.01548749 -0.05299997 0.02449995 0.01520901 -0.05286246 0.0243625 0.01599997 -0.05274999 0.02447497 0.01599997 -0.05274999 0.02447497 0.01599997 -0.05286246 0.0243625 0.01599997 -0.05299997 0.02449995 0.01679092 -0.05274999 0.0246123 0.01651245 -0.05274999 0.0246123 0.01651245 -0.05299997 0.02449995 0.01679092 -0.05274999 0.02498745 0.01688766 -0.05299997 0.02486246 0.01710414 -0.05299997 0.02486246 0.01710414 -0.05274999 0.02549999 0.01702499 -0.05299997 0.02549999 0.01727497 -0.05299997 0.02549999 0.01727497 -0.05274999 0.02601248 0.01688766 -0.05299997 0.02613747 0.01710414 -0.05299997 0.02613747 0.01710414 -0.05274999 0.02638763 0.01651245 -0.05299997 0.02660417 0.0166375 -0.05299997 0.02660417 0.0166375 -0.05274999 0.02652496 0.01599997 -0.05299997 0.026775 0.01599997 -0.05299997 0.026775 0.01599997 -0.05274999 0.02638763 0.01548749 -0.05299997 0.02660417 0.0153625 -0.05299997 0.02660417 0.0153625 -0.05274999 0.02601248 0.01511228 -0.05299997 0.02613747 0.01489579 -0.05299997 0.02613747 0.01489579 -0.05274999 0.02549999 0.01497495 -0.05299997 0.02549999 0.01472496 -0.05299997 0.02549999 0.01472496 -0.05299997 0.02486246 0.01489579 -0.04603409 0.02549999 0.05599999 -0.04664999 0.0246123 0.05651247 -0.04664999 0.02498745 0.05688762 -0.04664999 0.02447497 0.05599999 -0.04664999 0.02601248 0.05688762 -0.04664999 0.02638763 0.05651247 -0.04664999 0.02549999 0.05702495 -0.04664999 0.02638763 0.05548745 -0.04664999 0.02601248 0.0551123 -0.04664999 0.02652496 0.05599999 -0.04664999 0.02498745 0.0551123 -0.04664999 0.0246123 0.05548745 -0.04664999 0.02549999 0.05497497 -0.04664999 0.02447497 0.05599999 -0.05274999 0.02447497 0.05599999 -0.04664999 0.0246123 0.05651247 -0.05274999 0.0246123 0.05651247 -0.04664999 0.0246123 0.05651247 -0.05274999 0.0246123 0.05651247 -0.04664999 0.02498745 0.05688762 -0.05274999 0.02498745 0.05688762 -0.04664999 0.02498745 0.05688762 -0.05274999 0.02498745 0.05688762 -0.04664999 0.02549999 0.05702495 -0.05274999 0.02549999 0.05702495 -0.04664999 0.02549999 0.05702495 -0.05274999 0.02549999 0.05702495 -0.04664999 0.02601248 0.05688762 -0.05274999 0.02601248 0.05688762 -0.04664999 0.02601248 0.05688762 -0.05274999 0.02601248 0.05688762 -0.04664999 0.02638763 0.05651247 -0.05274999 0.02638763 0.05651247 -0.04664999 0.02638763 0.05651247 -0.05274999 0.02638763 0.05651247 -0.04664999 0.02652496 0.05599999 -0.05274999 0.02652496 0.05599999 -0.04664999 0.02652496 0.05599999 -0.05274999 0.02652496 0.05599999 -0.04664999 0.02638763 0.05548745 -0.05274999 0.02638763 0.05548745 -0.04664999 0.02638763 0.05548745 -0.05274999 0.02638763 0.05548745 -0.04664999 0.02601248 0.0551123 -0.05274999 0.02601248 0.0551123 -0.04664999 0.02601248 0.0551123 -0.05274999 0.02601248 0.0551123 -0.04664999 0.02549999 0.05497497 -0.05274999 0.02549999 0.05497497 -0.04664999 0.02549999 0.05497497 -0.05274999 0.02549999 0.05497497 -0.04664999 0.02498745 0.0551123 -0.05274999 0.02498745 0.0551123 -0.04664999 0.02498745 0.0551123 -0.05274999 0.02498745 0.0551123 -0.04664999 0.0246123 0.05548745 -0.05274999 0.0246123 0.05548745 -0.04664999 0.0246123 0.05548745 -0.05274999 0.0246123 0.05548745 -0.04664999 0.02447497 0.05599999 -0.05274999 0.02447497 0.05599999 -0.05274999 0.02498745 0.0551123 -0.05299997 0.02449995 0.05520904 -0.05274999 0.0246123 0.05548745 -0.05274999 0.0246123 0.05548745 -0.05299997 0.02449995 0.05520904 -0.05286246 0.0243625 0.05599999 -0.05274999 0.02447497 0.05599999 -0.05274999 0.02447497 0.05599999 -0.05286246 0.0243625 0.05599999 -0.05299997 0.02448773 0.05677521 -0.05274999 0.0246123 0.05651247 -0.05274999 0.0246123 0.05651247 -0.05299997 0.02448773 0.05677521 -0.05274999 0.02498745 0.05688762 -0.05299997 0.02486246 0.05710417 -0.05299997 0.02486246 0.05710417 -0.05274999 0.02549999 0.05702495 -0.05299997 0.02549999 0.05727499 -0.05299997 0.02549999 0.05727499 -0.05274999 0.02601248 0.05688762 -0.05299997 0.02613747 0.05710417 -0.05299997 0.02613747 0.05710417 -0.05274999 0.02638763 0.05651247 -0.05299997 0.02660417 0.05663746 -0.05299997 0.02660417 0.05663746 -0.05274999 0.02652496 0.05599999 -0.05299997 0.026775 0.05599999 -0.05299997 0.026775 0.05599999 -0.05274999 0.02638763 0.05548745 -0.05299997 0.02660417 0.05536246 -0.05299997 0.02660417 0.05536246 -0.05274999 0.02601248 0.0551123 -0.05299997 0.02613747 0.05489581 -0.05299997 0.02613747 0.05489581 -0.05274999 0.02549999 0.05497497 -0.05299997 0.02549999 0.05472499 -0.05299997 0.02549999 0.05472499 -0.05299997 0.02486246 0.05489581 -0.04603409 0 0.08149999 -0.04664999 -0.000887676 0.08201247 -0.04664999 -0.0005125 0.08238768 -0.04664999 -0.001024961 0.08149999 -0.04664999 0.0005125 0.08238768 -0.04664999 0.000887676 0.08201247 -0.04664999 0 0.08252495 -0.04664999 0.000887676 0.08098751 -0.04664999 0.0005125 0.0806123 -0.04664999 0.001024961 0.08149999 -0.04664999 -0.0005125 0.0806123 -0.04664999 -0.000887676 0.08098751 -0.04664999 0 0.08047497 -0.04664999 -0.001024961 0.08149999 -0.05274999 -0.001024961 0.08149999 -0.04664999 -0.000887676 0.08201247 -0.05274999 -0.000887676 0.08201247 -0.04664999 -0.000887676 0.08201247 -0.05274999 -0.000887676 0.08201247 -0.04664999 -0.0005125 0.08238768 -0.05274999 -0.0005125 0.08238768 -0.04664999 -0.0005125 0.08238768 -0.05274999 -0.0005125 0.08238768 -0.04664999 0 0.08252495 -0.05274999 0 0.08252495 -0.04664999 0 0.08252495 -0.05274999 0 0.08252495 -0.04664999 0.0005125 0.08238768 -0.05274999 0.0005125 0.08238768 -0.04664999 0.0005125 0.08238768 -0.05274999 0.0005125 0.08238768 -0.04664999 0.000887676 0.08201247 -0.05274999 0.000887676 0.08201247 -0.04664999 0.000887676 0.08201247 -0.05274999 0.000887676 0.08201247 -0.04664999 0.001024961 0.08149999 -0.05274999 0.001024961 0.08149999 -0.04664999 0.001024961 0.08149999 -0.05274999 0.001024961 0.08149999 -0.04664999 0.000887676 0.08098751 -0.05274999 0.000887676 0.08098751 -0.04664999 0.000887676 0.08098751 -0.05274999 0.000887676 0.08098751 -0.04664999 0.0005125 0.0806123 -0.05274999 0.0005125 0.0806123 -0.04664999 0.0005125 0.0806123 -0.05274999 0.0005125 0.0806123 -0.04664999 0 0.08047497 -0.05274999 0 0.08047497 -0.04664999 0 0.08047497 -0.05274999 0 0.08047497 -0.04664999 -0.0005125 0.0806123 -0.05274999 -0.0005125 0.0806123 -0.04664999 -0.0005125 0.0806123 -0.05274999 -0.0005125 0.0806123 -0.04664999 -0.000887676 0.08098751 -0.05274999 -0.000887676 0.08098751 -0.04664999 -0.000887676 0.08098751 -0.05274999 -0.000887676 0.08098751 -0.04664999 -0.001024961 0.08149999 -0.05274999 -0.001024961 0.08149999 -0.05274999 0.000887676 0.08098751 -0.05299997 0.000775203 0.08048772 -0.05274999 0.0005125 0.0806123 -0.05286246 0 0.08036249 -0.05274999 0 0.08047497 -0.05274999 0 0.08047497 -0.05286246 0 0.08036249 -0.05299997 -0.000775203 0.08048772 -0.05274999 -0.0005125 0.0806123 -0.05274999 -0.0005125 0.0806123 -0.05299997 -0.000775203 0.08048772 -0.05274999 -0.000887676 0.08098751 -0.05299997 -0.001104176 0.08086246 -0.05274999 -0.001024961 0.08149999 -0.05299997 -0.001104176 0.08086246 -0.05299997 -0.001274943 0.08149999 -0.05299997 -0.001274943 0.08149999 -0.05274999 -0.000887676 0.08201247 -0.05299997 -0.001104176 0.08213746 -0.05274999 -0.0005125 0.08238768 -0.05299997 -0.0006375 0.08260416 -0.05274999 0 0.08252495 -0.05299997 0 0.08277499 -0.05274999 0.0005125 0.08238768 -0.05299997 0.0006375 0.08260416 -0.05274999 0.000887676 0.08201247 -0.05299997 0.001104176 0.08213746 -0.05299997 0.001104176 0.08213746 -0.05274999 0.001024961 0.08149999 -0.05299997 0.001274943 0.08149999 -0.05299997 0.001274943 0.08149999 -0.05299997 0.001104176 0.08086246 -0.05479258 0.02862507 0.003999948 -0.05479258 0.02862507 0.05599999 -0.05449998 0.02879017 0.003999948 -0.05235409 0.02965015 0.05599999 -0.05235409 0.02965015 0.003999948 -0.05479258 0.02841407 0.05946886 -0.05235409 0.02952873 0.05868047 -0.05235409 0.02916544 0.06133902 -0.05479258 0.0275883 0.06363415 -0.05235409 0.02856338 0.06395381 -0.05479258 0.02615535 0.06763142 -0.05235409 0.02772736 0.06650346 -0.05235409 0.02668523 0.06892395 -0.05479258 0.02455306 0.0707153 -0.05236947 0.02542871 0.07124012 -0.05479258 0.009002029 0.08317273 -0.05236947 0.00932312 0.08414179 -0.05250453 0.01206195 0.08306264 -0.05479514 0.01137822 0.08226656 -0.05258816 0.01469737 0.08175033 -0.05480098 0.01366478 0.08115333 -0.05260878 0.01561713 0.0812152 -0.054807 0.01584333 0.07984149 -0.05263876 0.01770669 0.07981735 -0.05480998 0.01789677 0.07834154 -0.0547955 0.0231502 0.07283645 -0.05252021 0.02359926 0.07391953 -0.05261498 0.02120518 0.07674348 -0.05260151 0.02170628 0.07620823 -0.05264037 0.01953971 0.07833963 -0.05480188 0.02156496 0.07482475 -0.05480778 0.01980912 0.07666468 -0.05479258 0.006207883 0.08394378 -0.05235409 0.007059812 0.08479738 -0.05235409 0.004750549 0.08526706 -0.05479258 0.002894878 0.08447831 -0.05235409 0.002382993 0.08555424 -0.05479258 0 0.08462506 -0.05235409 0 0.08565014 -0.05235409 -0.002382993 0.08555424 -0.05479258 -0.002894878 0.08447831 -0.05479258 -0.006207883 0.08394378 -0.05235409 -0.004750549 0.08526706 -0.05235409 -0.007059812 0.08479738 -0.05479258 -0.009002029 0.08317273 -0.05236947 -0.00932312 0.08414179 -0.05249607 -0.0118522 0.08315467 -0.05246239 -0.02444642 0.0727418 -0.05480188 -0.02156496 0.07482475 -0.05254054 -0.02323055 0.0744009 -0.0526092 -0.02143341 0.07650303 -0.05480778 -0.0198093 0.0766645 -0.05263984 -0.01961004 0.07827746 -0.05480998 -0.0178973 0.07834118 -0.05263823 -0.01764714 0.0798611 -0.0526247 -0.01651388 0.08064842 -0.054807 -0.01584345 0.07984143 -0.05257678 -0.01425558 0.08199214 -0.05480098 -0.0136646 0.08115345 -0.05479514 -0.01137822 0.08226656 -0.05236947 -0.02542871 0.07124012 -0.05479258 -0.02455306 0.0707153 -0.0547955 -0.0231502 0.07283645 -0.05479258 -0.02615535 0.06763142 -0.05235409 -0.02668523 0.06892395 -0.05235409 -0.02772736 0.06650346 -0.05479258 -0.0275883 0.06363415 -0.05235409 -0.02856338 0.06395381 -0.05479258 -0.02841407 0.05946886 -0.05235409 -0.02916544 0.06133902 -0.05235409 -0.02952873 0.05868047 -0.05479258 -0.02862507 0.05599999 -0.05235409 -0.02965015 0.05599999 -0.05235409 -0.02965015 0.003999948 -0.05449998 -0.02879017 0.003999948 -0.05479258 -0.02862507 0.003999948 -0.01999014 -0.007914662 0.07449996 -0.01999014 -0.007914662 0.074 -0.02133041 -0.002694606 0.07449996 -0.02133041 -0.002694606 0.074 -0.02133041 0.002694606 0.07449996 -0.02133041 0.002694606 0.074 -0.01999014 0.007914662 0.07449996 -0.01999014 0.007914662 0.074 -0.01739382 0.01263737 0.07449996 -0.01739382 0.01263737 0.074 -0.01491737 0.0154829 0.074 -0.01370459 0.01656603 0.07449996 -0.01370459 0.01656603 0.074 -0.0091542 0.01945376 0.07449996 -0.0091542 0.01945376 0.074 -0.004028677 0.02111917 0.07449996 -0.004028677 0.02111917 0.074 0.001349985 0.02145755 0.07449996 0.001349985 0.02145755 0.074 0.006643831 0.02044767 0.07449996 0.006643831 0.02044767 0.074 0.01152026 0.01815301 0.07449996 0.01152026 0.01815301 0.074 0.0156728 0.01471775 0.07449996 0.0156728 0.01471775 0.074 0.01884055 0.01035767 0.07449996 0.01884055 0.01035767 0.074 0.02082449 0.005346775 0.07449996 0.02082449 0.005346775 0.074 0.02149999 0 0.07449996 0.02149999 0 0.074 0.02082449 -0.005346775 0.07449996 0.02082449 -0.005346775 0.074 0.01884055 -0.01035767 0.07449996 0.01884055 -0.01035767 0.074 0.0156728 -0.01471775 0.07449996 0.0156728 -0.01471775 0.074 0.01152026 -0.01815301 0.07449996 0.01152026 -0.01815301 0.074 0.006643831 -0.02044767 0.07449996 0.006643831 -0.02044767 0.074 0.001349985 -0.02145755 0.07449996 0.001349985 -0.02145755 0.074 -0.004028677 -0.02111917 0.07449996 -0.004028677 -0.02111917 0.074 -0.0091542 -0.01945376 0.07449996 -0.0091542 -0.01945376 0.074 -0.01370459 -0.01656603 0.07449996 -0.01370459 -0.01656603 0.074 -0.01739382 -0.01263737 0.07449996 -0.01739382 -0.01263737 0.074 -0.01974684 -0.008503556 0.074 -0.001296579 -0.0189557 0.07449996 -0.004028677 -0.02111917 0.07449996 -0.006362676 -0.01790291 0.07449996 -0.0091542 -0.01945376 0.07449996 -0.01095688 -0.01552242 0.07449996 -0.01370459 -0.01656603 0.07449996 -0.0147385 -0.01199066 0.07449996 -0.01739382 -0.01263737 0.07449996 -0.01742696 -0.007569611 0.07449996 -0.01999014 -0.007914662 0.07449996 -0.01882302 -0.002587139 0.07449996 -0.02133041 -0.002694606 0.07449996 -0.01882302 0.002587139 0.07449996 -0.02133041 0.002694606 0.07449996 -0.01742696 0.007569611 0.07449996 -0.01999014 0.007914662 0.07449996 -0.0147385 0.01199066 0.07449996 -0.01739382 0.01263737 0.07449996 -0.01095688 0.01552242 0.07449996 -0.01370459 0.01656603 0.07449996 -0.006362676 0.01790291 0.07449996 -0.0091542 0.01945376 0.07449996 -0.001296579 0.0189557 0.07449996 -0.004028677 0.02111917 0.07449996 0.001349985 0.02145755 0.07449996 0.003865659 0.01860255 0.07449996 0.006643831 0.02044767 0.07449996 0.008741199 0.01686978 0.07449996 0.01152026 0.01815301 0.07449996 0.01296848 0.01388585 0.07449996 0.0156728 0.01471775 0.07449996 0.01623392 0.009872078 0.07449996 0.01884055 0.01035767 0.07449996 0.0182954 0.005126118 0.07449996 0.0182954 0.005126118 0.07449996 0.02082449 0.005346775 0.07449996 0.01899999 0 0.07449996 0.02149999 0 0.07449996 0.0182954 -0.005126118 0.07449996 0.02082449 -0.005346775 0.07449996 0.01623392 -0.009872078 0.07449996 0.01884055 -0.01035767 0.07449996 0.01296848 -0.01388585 0.07449996 0.0156728 -0.01471775 0.07449996 0.008741199 -0.01686978 0.07449996 0.01152026 -0.01815301 0.07449996 0.003865659 -0.01860255 0.07449996 0.006643831 -0.02044767 0.07449996 0.001349985 -0.02145755 0.07449996 -0.03556275 -0.009046673 0.07800167 -0.03556275 -0.01235604 0.07632839 -0.03395116 0.01193946 0.07561486 -0.0342468 0.0120365 0.07580262 -0.03444719 0.01295393 0.07536613 -0.03293526 0.008242964 0.07630211 -0.0331633 0.008444726 0.07653778 -0.03316533 0.009452879 0.07609647 -0.03293526 -0.008242964 0.07630211 -0.0331633 -0.008444726 0.07653778 -0.03267878 -0.006234049 0.07659244 -0.0331633 -0.005150318 0.07760065 -0.03261113 -0.005470275 0.07668423 -0.03257226 -0.004948496 0.07674062 -0.03245729 -0.002609729 0.07692694 -0.0331633 -0.001730799 0.07813864 -0.03241741 0 0.07699996 -0.0331633 0.001730799 0.07813864 -0.03247112 0.003012835 0.0769028 -0.03267878 0.006234049 0.07659244 -0.0331633 0.005150318 0.07760065 -0.03261113 0.005470275 0.07668423 -0.03352433 0.01080518 0.07584321 -0.0342468 0.008812665 0.07743263 -0.03497821 0.01383751 0.0750842 -0.03556275 0.01235604 0.07632839 -0.03526663 0.01423341 0.07493734 -0.03670459 0.01531547 0.07446658 -0.03638267 0.01520502 0.07451945 -0.03599119 0.01496702 0.0746296 -0.03573668 0.0147522 0.07472461 -0.03670459 -0.01531547 0.07446658 -0.03638267 -0.01520502 0.07451945 -0.03444719 -0.01295393 0.07536613 -0.03497821 -0.01383751 0.0750842 -0.03526663 -0.01423341 0.07493734 -0.03573668 -0.0147522 0.07472461 -0.03599119 -0.01496702 0.0746296 -0.03395116 -0.01193946 0.07561486 -0.0342468 -0.0120365 0.07580262 -0.03352433 -0.01080518 0.07584321 -0.0342468 -0.008812665 0.07743263 -0.03316533 -0.009452879 0.07609647 -0.0342468 -0.005374729 0.07854181 -0.0342468 -0.001806199 0.07910323 -0.03556275 -0.005517423 0.0791403 -0.03556275 -0.001854121 0.07971662 -0.03556275 0.009046673 0.07800167 -0.03556275 0.005517423 0.0791403 -0.0342468 0.005374729 0.07854181 -0.03556275 0.001854121 0.07971662 -0.0342468 0.001806199 0.07910323 -0.03554791 0.01568937 0.07406759 -0.03122675 0.01378071 0.07401531 -0.03215807 0.01468515 0.07399028 -0.03417295 0.01612091 0.07377964 -0.03370893 0.01613128 0.07377022 -0.03370624 0.01584047 0.07383829 -0.03284305 0.01609808 0.07380032 -0.03316032 0.01548153 0.07390016 -0.0351842 0.01547837 0.07412552 -0.03451758 0.01497113 0.07424741 -0.03411293 0.01458644 0.07432365 -0.03337985 0.01373589 0.07444447 -0.03271442 0.0127753 0.07450371 -0.03151041 0.005623877 0.07526135 -0.02998095 0.005837321 0.07432597 -0.03157991 0.00641942 0.07521563 -0.03007662 0.006672978 0.07431375 -0.03045153 0.008912265 0.07427567 -0.03079926 0.01029562 0.0742492 -0.03135526 0.01187789 0.0742172 -0.03185814 0.008533239 0.07507234 -0.03212141 0.009824693 0.07497203 -0.03254836 0.01128786 0.0748499 -0.02805882 -0.000899974 0.07400465 -0.02977132 -0.002762615 0.0743587 -0.02978962 0.003191769 0.07435542 -0.02822655 0.000508831 0.07401514 -0.02971923 0 0.07436865 -0.02805882 0.000899985 0.07400465 -0.02796208 0.001049816 0.07400137 -0.02829998 0 0.07402163 -0.02829772 -9.03621e-05 0.07402145 -0.02816677 -0.000679558 0.07401072 -0.03137433 0.00308603 0.07537114 -0.03132569 0 0.07542037 -0.03136163 -0.002672135 0.07538336 -0.03136163 -0.002672135 0.07538336 -0.03241741 0 0.07699996 -0.03151041 -0.005623877 0.07526135 -0.02998095 -0.005837321 0.07432597 -0.03007662 -0.006672978 0.07431375 -0.03157991 -0.00641942 0.07521563 -0.03045153 -0.008912265 0.07427567 -0.03079926 -0.01029562 0.0742492 -0.03135526 -0.01187789 0.0742172 -0.03203004 -0.01323783 0.07418882 -0.03185814 -0.008533239 0.07507234 -0.03212141 -0.009824693 0.07497203 -0.03254836 -0.01128786 0.0748499 -0.03307253 -0.01253324 0.074741 -0.03370893 -0.01613128 0.07377022 -0.03370624 -0.01584047 0.07383829 -0.03316032 -0.01548153 0.07390016 -0.03554791 -0.01568937 0.07406759 -0.03215807 -0.01468515 0.07399028 -0.03206866 -0.01601612 0.07387405 -0.0351842 -0.01547837 0.07412552 -0.03451758 -0.01497113 0.07424741 -0.03411293 -0.01458644 0.07432365 -0.03337985 -0.01373589 0.07444447 -0.03337985 -0.01373589 0.07444447 -0.05249994 -0.02399998 0.05599999 -0.05249994 -0.02399998 0.004499971 -0.05286246 -0.0243625 0.01599997 -0.05299997 -0.02449995 0.04259997 -0.05299997 -0.02449995 0.05494999 -0.05249994 -0.02399998 0.05599999 -0.05299997 -0.02449995 0.05520904 -0.05286246 -0.0243625 0.05599999 -0.05299997 -0.02449995 0.003999948 -0.05299997 -0.02449995 0.004199981 -0.05299997 -0.02449995 0.009149968 -0.05286246 -0.0243625 0.01599997 -0.05299997 -0.02449995 0.01494997 -0.05299997 -0.02449995 0.01520901 -0.05299997 -0.02449995 0.01679092 -0.05299997 -0.02449995 0.01704996 -0.05299997 -0.02449995 0.02869999 -0.05299997 -0.02449995 0.03769999 -0.05299997 0.02448773 0.05677521 -0.05286246 0.0243625 0.05599999 -0.05249994 0.02399998 0.05599999 -0.05299997 -0.001028954 0.08047837 -0.05299997 -0.000775203 0.08048772 -0.05249994 -0.002892851 0.07982498 -0.05286246 0 0.08036249 -0.05249994 0.002892851 0.07982498 -0.05299997 0.000775203 0.08048772 -0.05299997 0.001028954 0.08047837 -0.05299997 0.002953112 0.08032137 -0.05249994 0.00851047 0.07844036 -0.05299997 0.008687794 0.0789079 -0.05249994 0.01363354 0.0757516 -0.05299997 0.01391756 0.07616311 -0.05249994 0.01796424 0.07191491 -0.05299997 0.0183385 0.07224649 -0.05249994 0.0212509 0.06715333 -0.05299997 0.02169364 0.06738567 -0.05249994 0.02330255 0.06174355 -0.05249994 0.02330255 0.06174355 -0.05299997 0.02378803 0.06186324 -0.05299997 0.02447837 0.05702894 -0.05299997 -0.02448773 0.05677521 -0.05299997 -0.02447837 0.05702894 -0.05249994 -0.02330255 0.06174355 -0.05299997 -0.02378803 0.06186324 -0.05249994 -0.0212509 0.06715333 -0.05299997 -0.02169364 0.06738567 -0.05249994 -0.01796424 0.07191491 -0.05299997 -0.0183385 0.07224649 -0.05249994 -0.01363354 0.0757516 -0.05299997 -0.01391756 0.07616311 -0.05249994 -0.00851047 0.07844036 -0.05299997 -0.008687794 0.0789079 -0.05249994 -0.002892851 0.07982498 -0.05299997 -0.002953112 0.08032137 -0.05286246 0.0243625 0.01599997 -0.05249994 0.02399998 0.004499971 -0.05299997 0.02449995 0.01520901 -0.05299997 0.02449995 0.01494997 -0.05299997 0.02449995 0.009149968 -0.05299997 0.02449995 0.004199981 -0.05299997 0.02449995 0.003999948 -0.05299997 0.02449995 0.05520904 -0.05299997 0.02449995 0.05494999 -0.05299997 0.02449995 0.04259997 -0.05299997 0.02449995 0.03769999 -0.05299997 0.02449995 0.02869999 -0.05286246 0.0243625 0.01599997 -0.05299997 0.02449995 0.01704996 -0.05299997 0.02449995 0.01679092 -0.02856111 -0.01605468 0.074 -0.02780109 -0.01630103 0.074 -0.02716886 -0.01681834 0.07363814 -0.02617609 -0.01712501 0.074 -0.0247175 -0.01821279 0.074 -0.02457624 -0.01861375 0.07303625 -0.02337384 -0.0200296 0.07104182 -0.02643883 -0.01696515 0.074 -0.02592003 -0.01836681 0.0719406 -0.02464091 -0.0197668 0.07008266 -0.02336734 -0.02100944 0.06805986 -0.02302646 -0.0213198 0.06747782 -0.02194911 -0.02224534 0.06547164 -0.0210402 -0.0229662 0.06346768 -0.02217459 -0.02128601 0.06887453 -0.02185326 -0.02159976 0.06825155 -0.020837 -0.02253526 0.06610625 -0.01997876 -0.02326381 0.06396555 -0.01930123 -0.02380275 0.06183791 -0.01882821 -0.02416133 0.059767 -0.01857024 -0.024351 0.05788516 -0.01848322 -0.02441406 0.05599999 -0.02032315 -0.0234996 0.0614742 -0.01982283 -0.02385443 0.05953282 -0.01955008 -0.02404218 0.05776816 -0.01945811 -0.02410459 0.05599999 -0.01896274 -0.02423435 0.004499971 -0.02863699 0.01603537 0.074 -0.02785623 0.01628005 0.074 -0.02716886 0.01681834 0.07363814 -0.02634912 0.01701861 0.074 -0.02592003 0.01836681 0.0719406 -0.02511245 0.01788246 0.074 -0.02457624 0.01861375 0.07303625 -0.02375489 0.01915442 0.074 -0.02337384 0.0200296 0.07104182 -0.02464091 0.0197668 0.07008266 -0.02336734 0.02100944 0.06805986 -0.02302646 0.0213198 0.06747782 -0.02194911 0.02224534 0.06547164 -0.02032315 0.0234996 0.0614742 -0.0210402 0.0229662 0.06346768 -0.01982283 0.02385443 0.05953282 -0.01955008 0.02404218 0.05776816 -0.01945811 0.02410459 0.05599999 -0.02217459 0.02128601 0.06887453 -0.02185326 0.02159976 0.06825155 -0.020837 0.02253526 0.06610625 -0.01997876 0.02326381 0.06396555 -0.01930123 0.02380275 0.06183791 -0.01882821 0.02416133 0.059767 -0.01857024 0.024351 0.05788516 -0.01848322 0.02441406 0.05599999 -0.01896274 0.02423435 0.004499971 -0.0205 0 0.07649999 -0.0205 0 0.07779997 -0.01980143 -0.005305767 0.07649999 -0.01980143 -0.005305767 0.07779997 -0.01775348 -0.01024997 0.07649999 -0.01775348 -0.01024997 0.07779997 -0.01449567 -0.01449567 0.07649999 -0.01449567 -0.01449567 0.07779997 -0.01024997 -0.01775348 0.07649999 -0.01024997 -0.01775348 0.07779997 -0.005305767 -0.01980143 0.07649999 -0.005305767 -0.01980143 0.07779997 0 -0.0205 0.07649999 0 -0.0205 0.07779997 0.005305767 -0.01980143 0.07649999 0.005305767 -0.01980143 0.07779997 0.01024997 -0.01775348 0.07649999 0.01024997 -0.01775348 0.07779997 0.01449567 -0.01449567 0.07649999 0.01449567 -0.01449567 0.07779997 0.01775348 -0.01024997 0.07649999 0.01775348 -0.01024997 0.07779997 0.01980143 -0.005305767 0.07649999 0.01980143 -0.005305767 0.07779997 0.0205 0 0.07649999 0.0205 0 0.07779997 0.01980143 0.005305767 0.07649999 0.01980143 0.005305767 0.07779997 0.01775348 0.01024997 0.07649999 0.01775348 0.01024997 0.07779997 0.01449567 0.01449567 0.07649999 0.01449567 0.01449567 0.07779997 0.01024997 0.01775348 0.07649999 0.01024997 0.01775348 0.07779997 0.005305767 0.01980143 0.07649999 0.005305767 0.01980143 0.07779997 0 0.0205 0.07649999 0 0.0205 0.07779997 -0.005305767 0.01980143 0.07649999 -0.005305767 0.01980143 0.07779997 -0.01024997 0.01775348 0.07649999 -0.01024997 0.01775348 0.07779997 -0.01449567 0.01449567 0.07649999 -0.01449567 0.01449567 0.07779997 -0.01775348 0.01024997 0.07649999 -0.01775348 0.01024997 0.07779997 -0.01980143 0.005305767 0.07649999 -0.01980143 0.005305767 0.07779997 0.01775348 -0.01024997 0.07649999 0.01980143 -0.005305767 0.07649999 0.01902115 -0.002614378 0.07649999 0.0205 0 0.07649999 0.01902115 0.002614378 0.07649999 0.01980143 0.005305767 0.07649999 0.01761043 0.007649242 0.07649999 0.01775348 0.01024997 0.07649999 0.01489365 0.01211684 0.07649999 0.01449567 0.01449567 0.07649999 0.01107221 0.01568579 0.07649999 0.01024997 0.01775348 0.07649999 0.006429672 0.01809138 0.07649999 0.005305767 0.01980143 0.07649999 0.001310229 0.0191552 0.07649999 0 0.0205 0.07649999 -0.003906309 0.01879841 0.07649999 -0.005305767 0.01980143 0.07649999 -0.008833229 0.01704734 0.07649999 -0.01024997 0.01775348 0.07649999 -0.01310497 0.014032 0.07649999 -0.01449567 0.01449567 0.07649999 -0.0164048 0.009975969 0.07649999 -0.01775348 0.01024997 0.07649999 -0.01848798 0.00518006 0.07649999 -0.01980143 0.005305767 0.07649999 -0.01919996 0 0.07649999 -0.0205 0 0.07649999 -0.01848798 -0.00518006 0.07649999 -0.01980143 -0.005305767 0.07649999 -0.0164048 -0.009975969 0.07649999 -0.01775348 -0.01024997 0.07649999 -0.01310497 -0.014032 0.07649999 -0.01449567 -0.01449567 0.07649999 -0.008833229 -0.01704734 0.07649999 -0.01024997 -0.01775348 0.07649999 -0.003906309 -0.01879841 0.07649999 -0.005305767 -0.01980143 0.07649999 0.001310229 -0.0191552 0.07649999 0 -0.0205 0.07649999 0.006429672 -0.01809138 0.07649999 0.005305767 -0.01980143 0.07649999 0.01107221 -0.01568579 0.07649999 0.01024997 -0.01775348 0.07649999 0.01489365 -0.01211684 0.07649999 0.01449567 -0.01449567 0.07649999 0.01761043 -0.007649242 0.07649999 -0.02706372 -0.007180035 0.08200001 -0.02706372 -0.007180035 0.078 -0.02715438 -0.006825566 0.08200001 -0.02715438 -0.006825566 0.08200001 -0.02767205 -0.004233598 0.078 -0.02706372 0.007180035 0.08200001 -0.02706372 0.007180035 0.078 -0.02656805 0.008839488 0.08200001 -0.02656805 0.008839488 0.078 -0.02715438 0.006825566 0.08200001 -0.02715438 0.006825566 0.08200001 -0.02767205 0.004233598 0.078 -0.005628764 -0.02742838 0.08200001 -0.005628764 -0.02742838 0.078 -0.01152503 -0.02551805 0.08200001 -0.01152503 -0.02551805 0.078 -0.01685661 -0.0223574 0.08200001 -0.01685661 -0.0223574 0.078 -0.02136218 -0.01810121 0.08200001 -0.02136218 -0.01810121 0.078 -0.0248211 -0.0129581 0.08200001 -0.0248211 -0.0129581 0.078 -0.003941535 -0.02867114 0.08200001 -0.003941535 -0.02867114 0.078 -0.004648685 -0.02786445 0.078 -0.004648685 -0.02786445 0.08200001 -0.004648685 -0.02786445 0.08200001 -0.004648685 -0.02786445 0.078 0.003941535 -0.02867114 0.08200001 0.003941535 -0.02867114 0.078 0.002688765 -0.03010839 0.08200001 0.002688765 -0.03010839 0.078 0.002688765 -0.03010839 0.08200001 0.002688765 -0.03010839 0.078 0.000953303 -0.03089785 0.08200001 0.000953303 -0.03089785 0.078 0.000953303 -0.03089785 0.08200001 0.000953303 -0.03089785 0.078 -0.000953303 -0.03089785 0.08200001 -0.000953303 -0.03089785 0.078 -0.000953303 -0.03089785 0.08200001 -0.000953303 -0.03089785 0.078 -0.002688765 -0.03010839 0.08200001 -0.002688765 -0.03010839 0.078 -0.002688765 -0.03010839 0.08200001 -0.002688765 -0.03010839 0.078 0.005628764 -0.02742838 0.08200001 0.005628764 -0.02742838 0.078 0.004648685 -0.02786445 0.078 0.004648685 -0.02786445 0.08200001 0.004648685 -0.02786445 0.08200001 0.004648685 -0.02786445 0.078 0.02093929 -0.01858884 0.08200001 0.02093929 -0.01858884 0.078 0.01651102 -0.02261382 0.08200001 0.01651102 -0.02261382 0.078 0.01132863 -0.02560585 0.08200001 0.01132863 -0.02560585 0.078 0.02285915 -0.01774907 0.08200001 0.02285915 -0.01774907 0.078 0.02180695 -0.0179581 0.078 0.02180695 -0.0179581 0.08200001 0.02180695 -0.0179581 0.08200001 0.02180695 -0.0179581 0.078 0.02680069 -0.01092207 0.08200001 0.02680069 -0.01092207 0.078 0.02741897 -0.01272559 0.08200001 0.02741897 -0.01272559 0.078 0.02741897 -0.01272559 0.08200001 0.02741897 -0.01272559 0.078 0.02723497 -0.01462334 0.08200001 0.02723497 -0.01462334 0.078 0.02723497 -0.01462334 0.08200001 0.02723497 -0.01462334 0.078 0.02628165 -0.01627451 0.08200001 0.02628165 -0.01627451 0.078 0.02628165 -0.01627451 0.08200001 0.02628165 -0.01627451 0.078 0.0247302 -0.01738274 0.08200001 0.0247302 -0.01738274 0.078 0.0247302 -0.01738274 0.08200001 0.0247302 -0.01738274 0.078 0.02656805 -0.008839488 0.08200001 0.02656805 -0.008839488 0.078 0.02645564 -0.009906351 0.078 0.02645564 -0.009906351 0.08200001 0.02645564 -0.009906351 0.08200001 0.02645564 -0.009906351 0.078 0.02742838 -0.005628764 0.08200001 0.02742838 -0.005628764 0.078 0.02867114 -0.003941535 0.08200001 0.02867114 -0.003941535 0.078 0.02786445 -0.004648685 0.078 0.02786445 -0.004648685 0.08200001 0.02786445 -0.004648685 0.08200001 0.02786445 -0.004648685 0.078 0.02867114 0.003941535 0.08200001 0.02867114 0.003941535 0.078 0.03010839 0.002688765 0.08200001 0.03010839 0.002688765 0.078 0.03010839 0.002688765 0.08200001 0.03010839 0.002688765 0.078 0.03089785 0.000953303 0.08200001 0.03089785 0.000953303 0.078 0.03089785 0.000953303 0.08200001 0.03089785 0.000953303 0.078 0.03089785 -0.000953303 0.08200001 0.03089785 -0.000953303 0.078 0.03089785 -0.000953303 0.08200001 0.03089785 -0.000953303 0.078 0.03010839 -0.002688765 0.08200001 0.03010839 -0.002688765 0.078 0.03010839 -0.002688765 0.08200001 0.03010839 -0.002688765 0.078 0.02742838 0.005628764 0.08200001 0.02742838 0.005628764 0.078 0.02786445 0.004648685 0.078 0.02786445 0.004648685 0.08200001 0.02786445 0.004648685 0.08200001 0.02786445 0.004648685 0.078 0.005628764 0.02742838 0.08200001 0.005628764 0.02742838 0.078 0.01081949 0.02582514 0.08200001 0.01081949 0.02582514 0.078 0.01560294 0.02324968 0.08200001 0.01560294 0.02324968 0.078 0.01979899 0.01979899 0.08200001 0.01979899 0.01979899 0.078 0.02324968 0.01560294 0.08200001 0.02324968 0.01560294 0.078 0.02582514 0.01081949 0.08200001 0.02582514 0.01081949 0.078 0.003941535 0.02867114 0.08200001 0.003941535 0.02867114 0.078 0.004648685 0.02786445 0.078 0.004648685 0.02786445 0.08200001 0.004648685 0.02786445 0.08200001 0.004648685 0.02786445 0.078 -0.003941535 0.02867114 0.08200001 -0.003941535 0.02867114 0.078 -0.002688765 0.03010839 0.08200001 -0.002688765 0.03010839 0.078 -0.002688765 0.03010839 0.08200001 -0.002688765 0.03010839 0.078 -0.000953303 0.03089785 0.08200001 -0.000953303 0.03089785 0.078 -0.000953303 0.03089785 0.08200001 -0.000953303 0.03089785 0.078 0.000953303 0.03089785 0.08200001 0.000953303 0.03089785 0.078 0.000953303 0.03089785 0.08200001 0.000953303 0.03089785 0.078 0.002688765 0.03010839 0.08200001 0.002688765 0.03010839 0.078 0.002688765 0.03010839 0.08200001 0.002688765 0.03010839 0.078 -0.005628764 0.02742838 0.08200001 -0.005628764 0.02742838 0.078 -0.004648685 0.02786445 0.078 -0.004648685 0.02786445 0.08200001 -0.004648685 0.02786445 0.08200001 -0.004648685 0.02786445 0.078 -0.02093929 0.01858884 0.08200001 -0.02093929 0.01858884 0.078 -0.01651102 0.02261382 0.08200001 -0.01651102 0.02261382 0.078 -0.01132863 0.02560585 0.08200001 -0.01132863 0.02560585 0.078 -0.02285915 0.01774907 0.08200001 -0.02285915 0.01774907 0.078 -0.02180695 0.0179581 0.078 -0.02180695 0.0179581 0.08200001 -0.02180695 0.0179581 0.08200001 -0.02180695 0.0179581 0.078 -0.02680069 0.01092207 0.08200001 -0.02680069 0.01092207 0.078 -0.02741897 0.01272559 0.08200001 -0.02741897 0.01272559 0.078 -0.02741897 0.01272559 0.08200001 -0.02741897 0.01272559 0.078 -0.02723497 0.01462334 0.08200001 -0.02723497 0.01462334 0.078 -0.02723497 0.01462334 0.08200001 -0.02723497 0.01462334 0.078 -0.02628165 0.01627451 0.08200001 -0.02628165 0.01627451 0.078 -0.02628165 0.01627451 0.08200001 -0.02628165 0.01627451 0.078 -0.0247302 0.01738274 0.08200001 -0.0247302 0.01738274 0.078 -0.0247302 0.01738274 0.08200001 -0.0247302 0.01738274 0.078 -0.02645564 0.009906351 0.078 -0.02645564 0.009906351 0.08200001 -0.02645564 0.009906351 0.08200001 -0.02645564 0.009906351 0.078 -0.02772378 0.004075944 0.078 -0.02772378 0.004075944 0.08599996 -0.02768945 -0.004158496 0.08599996 -0.02772378 -0.004075944 0.078 -0.02772378 -0.004075944 0.08599996 -0.0271483 -0.006853282 0.08599996 -0.02715808 -0.007081151 0.08200001 -0.02715808 -0.007081151 0.08599996 -0.02715808 -0.007081151 0.08200001 -0.02715808 -0.007081151 0.08599996 -0.02728766 -0.007301509 0.08599996 -0.02728766 -0.007301509 0.08200001 -0.02728766 -0.007301509 0.08200001 -0.02728766 -0.007301509 0.08599996 -0.0271483 0.006853282 0.08599996 -0.02715808 0.007081151 0.08200001 -0.02715808 0.007081151 0.08599996 -0.02715808 0.007081151 0.08599996 -0.02715808 0.007081151 0.08200001 -0.02728766 0.007301509 0.08200001 -0.02728766 0.007301509 0.08599996 -0.02728766 0.007301509 0.08599996 -0.02728766 0.007301509 0.08200001 -0.01848798 0.00518006 0.07649999 -0.01919996 0 0.07649999 -0.01882302 0.002587139 0.07629996 -0.01882302 0.002587139 0.07629996 -0.0182954 0.005126118 0.07629996 -0.01848798 0.00518006 0.07649999 -0.01742696 0.007569611 0.07629996 -0.01848798 0.00518006 0.07649999 -0.01742696 0.007569611 0.07629996 -0.0164048 0.009975969 0.07649999 -0.01742696 0.007569611 0.07629996 -0.01623392 0.009872078 0.07629996 -0.0164048 0.009975969 0.07649999 -0.0147385 0.01199066 0.07629996 -0.0164048 0.009975969 0.07649999 -0.0147385 0.01199066 0.07629996 -0.01310497 0.014032 0.07649999 -0.0147385 0.01199066 0.07629996 -0.01296848 0.01388585 0.07629996 -0.01310497 0.014032 0.07649999 -0.01095688 0.01552242 0.07629996 -0.01310497 0.014032 0.07649999 -0.01095688 0.01552242 0.07629996 -0.008833229 0.01704734 0.07649999 -0.01095688 0.01552242 0.07629996 -0.008741199 0.01686978 0.07629996 -0.008833229 0.01704734 0.07649999 -0.006362676 0.01790291 0.07629996 -0.008833229 0.01704734 0.07649999 -0.006362676 0.01790291 0.07629996 -0.003906309 0.01879841 0.07649999 -0.006362676 0.01790291 0.07629996 -0.003865659 0.01860255 0.07629996 -0.003906309 0.01879841 0.07649999 -0.001296579 0.0189557 0.07629996 -0.003906309 0.01879841 0.07649999 -0.001296579 0.0189557 0.07629996 0.001310229 0.0191552 0.07649999 -0.001296579 0.0189557 0.07629996 0.001296579 0.0189557 0.07629996 0.001310229 0.0191552 0.07649999 0.003865659 0.01860255 0.07629996 0.001310229 0.0191552 0.07649999 0.003865659 0.01860255 0.07629996 0.006429672 0.01809138 0.07649999 0.003865659 0.01860255 0.07629996 0.006362676 0.01790291 0.07629996 0.006429672 0.01809138 0.07649999 0.008741199 0.01686978 0.07629996 0.006429672 0.01809138 0.07649999 0.008741199 0.01686978 0.07629996 0.01107221 0.01568579 0.07649999 0.008741199 0.01686978 0.07629996 0.01095688 0.01552242 0.07629996 0.01107221 0.01568579 0.07649999 0.01296848 0.01388585 0.07629996 0.01107221 0.01568579 0.07649999 0.01296848 0.01388585 0.07629996 0.01489365 0.01211684 0.07649999 0.01296848 0.01388585 0.07629996 0.0147385 0.01199066 0.07629996 0.01489365 0.01211684 0.07649999 0.01623392 0.009872078 0.07629996 0.01489365 0.01211684 0.07649999 0.01623392 0.009872078 0.07629996 0.01761043 0.007649242 0.07649999 0.01623392 0.009872078 0.07629996 0.01742696 0.007569611 0.07629996 0.01761043 0.007649242 0.07649999 0.0182954 0.005126118 0.07629996 0.01761043 0.007649242 0.07649999 0.0182954 0.005126118 0.07629996 0.01902115 0.002614378 0.07649999 0.0182954 0.005126118 0.07629996 0.01882302 0.002587139 0.07629996 0.01902115 0.002614378 0.07649999 0.01899999 0 0.07629996 0.01902115 0.002614378 0.07649999 0.01899999 0 0.07629996 0.01902115 -0.002614378 0.07649999 0.01899999 0 0.07629996 0.01882302 -0.002587139 0.07629996 0.01902115 -0.002614378 0.07649999 0.0182954 -0.005126118 0.07629996 0.01902115 -0.002614378 0.07649999 0.0182954 -0.005126118 0.07629996 0.01761043 -0.007649242 0.07649999 0.0182954 -0.005126118 0.07629996 0.01742696 -0.007569611 0.07629996 0.01761043 -0.007649242 0.07649999 0.01623392 -0.009872078 0.07629996 0.01761043 -0.007649242 0.07649999 0.01623392 -0.009872078 0.07629996 0.01489365 -0.01211684 0.07649999 0.01623392 -0.009872078 0.07629996 0.0147385 -0.01199066 0.07629996 0.01489365 -0.01211684 0.07649999 0.01296848 -0.01388585 0.07629996 0.01489365 -0.01211684 0.07649999 0.01296848 -0.01388585 0.07629996 0.01107221 -0.01568579 0.07649999 0.01296848 -0.01388585 0.07629996 0.01095688 -0.01552242 0.07629996 0.01107221 -0.01568579 0.07649999 0.008741199 -0.01686978 0.07629996 0.01107221 -0.01568579 0.07649999 0.008741199 -0.01686978 0.07629996 0.006429672 -0.01809138 0.07649999 0.008741199 -0.01686978 0.07629996 0.006362676 -0.01790291 0.07629996 0.006429672 -0.01809138 0.07649999 0.003865659 -0.01860255 0.07629996 0.006429672 -0.01809138 0.07649999 0.003865659 -0.01860255 0.07629996 0.001310229 -0.0191552 0.07649999 0.003865659 -0.01860255 0.07629996 0.001296579 -0.0189557 0.07629996 0.001310229 -0.0191552 0.07649999 -0.001296579 -0.0189557 0.07629996 0.001310229 -0.0191552 0.07649999 -0.001296579 -0.0189557 0.07629996 -0.003906309 -0.01879841 0.07649999 -0.001296579 -0.0189557 0.07629996 -0.003865659 -0.01860255 0.07629996 -0.003906309 -0.01879841 0.07649999 -0.006362676 -0.01790291 0.07629996 -0.003906309 -0.01879841 0.07649999 -0.006362676 -0.01790291 0.07629996 -0.008833229 -0.01704734 0.07649999 -0.006362676 -0.01790291 0.07629996 -0.008741199 -0.01686978 0.07629996 -0.008833229 -0.01704734 0.07649999 -0.01095688 -0.01552242 0.07629996 -0.008833229 -0.01704734 0.07649999 -0.01095688 -0.01552242 0.07629996 -0.01310497 -0.014032 0.07649999 -0.01095688 -0.01552242 0.07629996 -0.01296848 -0.01388585 0.07629996 -0.01310497 -0.014032 0.07649999 -0.0147385 -0.01199066 0.07629996 -0.01310497 -0.014032 0.07649999 -0.0147385 -0.01199066 0.07629996 -0.0164048 -0.009975969 0.07649999 -0.0147385 -0.01199066 0.07629996 -0.01623392 -0.009872078 0.07629996 -0.0164048 -0.009975969 0.07649999 -0.01742696 -0.007569611 0.07629996 -0.0164048 -0.009975969 0.07649999 -0.01742696 -0.007569611 0.07629996 -0.01848798 -0.00518006 0.07649999 -0.01742696 -0.007569611 0.07629996 -0.0182954 -0.005126118 0.07629996 -0.01848798 -0.00518006 0.07649999 -0.01882302 -0.002587139 0.07629996 -0.01848798 -0.00518006 0.07649999 -0.01882302 -0.002587139 0.07629996 -0.01919996 0 0.07649999 -0.01919996 0 0.07649999 -0.01882302 -0.002587139 0.07629996 -0.01899999 0 0.07629996 -0.01882302 0.002587139 0.07629996 -0.01980143 -0.005305767 0.07779997 -0.01999461 -0.005357503 0.078 -0.01775348 -0.01024997 0.07779997 -0.01792669 -0.01034998 0.078 -0.01792669 -0.01034998 0.078 -0.01449567 -0.01449567 0.07779997 -0.01463711 -0.01463711 0.078 -0.01463711 -0.01463711 0.078 -0.01024997 -0.01775348 0.07779997 -0.01034998 -0.01792669 0.078 -0.005305767 -0.01980143 0.07779997 -0.005357503 -0.01999461 0.078 0 -0.0205 0.07779997 0 -0.02069997 0.078 0.005305767 -0.01980143 0.07779997 0.005357503 -0.01999461 0.078 0.01024997 -0.01775348 0.07779997 0.01034998 -0.01792669 0.078 0.01034998 -0.01792669 0.078 0.01449567 -0.01449567 0.07779997 0.01463711 -0.01463711 0.078 0.01463711 -0.01463711 0.078 0.01775348 -0.01024997 0.07779997 0.01792669 -0.01034998 0.078 0.01980143 -0.005305767 0.07779997 0.01999461 -0.005357503 0.078 0.0205 0 0.07779997 0.02069997 0 0.078 0.01980143 0.005305767 0.07779997 0.01999461 0.005357503 0.078 0.01775348 0.01024997 0.07779997 0.01792669 0.01034998 0.078 0.01792669 0.01034998 0.078 0.01449567 0.01449567 0.07779997 0.01463711 0.01463711 0.078 0.01463711 0.01463711 0.078 0.01024997 0.01775348 0.07779997 0.01034998 0.01792669 0.078 0.005305767 0.01980143 0.07779997 0.005357503 0.01999461 0.078 0 0.0205 0.07779997 0 0.02069997 0.078 -0.005305767 0.01980143 0.07779997 -0.005357503 0.01999461 0.078 -0.01024997 0.01775348 0.07779997 -0.01034998 0.01792669 0.078 -0.01034998 0.01792669 0.078 -0.01449567 0.01449567 0.07779997 -0.01463711 0.01463711 0.078 -0.01463711 0.01463711 0.078 -0.01775348 0.01024997 0.07779997 -0.01792669 0.01034998 0.078 -0.01792669 0.01034998 0.078 -0.01980143 0.005305767 0.07779997 -0.01999461 0.005357503 0.078 -0.0205 0 0.07779997 -0.01999461 0.005357503 0.078 -0.02069997 0 0.078 -0.02069997 0 0.078 -0.01999461 -0.005357503 0.078 -0.05481392 -0.02856391 0.003999948 -0.05481392 -0.02856391 0.05599999 -0.05479383 -0.02853184 0.05599999 -0.05479246 -0.02853035 0.003999948 -0.05479246 -0.02853035 0.003999948 -0.05479383 -0.02853184 0.05599999 -0.05475777 -0.02850711 0.05599999 -0.05475962 -0.02850788 0.003999948 -0.05475962 -0.02850788 0.003999948 -0.05475777 -0.02850711 0.05599999 -0.05481392 -0.028167 0.06074512 -0.05481392 -0.02851432 0.05768156 -0.05481392 -0.02835339 0.05946147 -0.05481392 -0.02752935 0.06361782 -0.05479383 -0.02746063 0.06374466 -0.05481392 -0.028167 0.06074512 -0.05481392 -0.02649563 0.06667131 -0.05479413 -0.02482569 0.07006299 -0.05479443 -0.02447366 0.07066774 -0.05476093 -0.02445304 0.0706554 -0.05475777 -0.0284577 0.05767822 -0.05475777 -0.02811104 0.0607357 -0.05475777 -0.02743685 0.06373798 -0.05475777 -0.026443 0.06665009 -0.05475777 -0.02514106 0.06943815 -0.05475777 -0.02514106 0.06943815 -0.05479389 -0.02507734 0.06960868 -0.05479389 -0.02507472 0.06961345 -0.05479395 -0.02503818 0.06968069 -0.05479395 -0.02499616 0.06975746 -0.05479443 -0.02447366 0.07066774 -0.05479413 -0.02482569 0.07006299 -0.05481392 -0.0245006 0.07068389 -0.05479395 -0.0250591 0.0696423 -0.05479389 -0.02506953 0.06962311 -0.05481392 -0.0245006 0.07068389 -0.05479389 -0.02507996 0.06960386 -0.05481392 -0.0260995 0.06760656 -0.05481392 -0.0260995 0.06760656 -0.05479389 -0.02507996 0.06960386 -0.05476605 -0.02516037 0.06940996 -0.05481392 -0.0260995 0.06760656 -0.05476605 -0.02516037 0.06940996 -0.05481392 -0.02649563 0.06667131 -0.05475777 -0.0284577 0.05767822 -0.05476093 -0.02445304 0.0706554 -0.05475777 -0.026443 0.06665009 -0.05475777 -0.02743685 0.06373798 -0.05475777 -0.02811104 0.0607357 -0.05481392 -0.028167 0.06074512 -0.05481392 -0.02851432 0.05768156 -0.05480939 -0.01861846 0.0776211 -0.05483025 -0.01802843 0.07816064 -0.05480962 -0.01800632 0.07813346 -0.05483019 -0.01787298 0.07828617 -0.05480957 -0.01785111 0.07825887 -0.05483019 -0.017861 0.07829582 -0.05480879 -0.01681762 0.07904964 -0.05480879 -0.01681762 0.07904964 -0.05483019 -0.017861 0.07829582 -0.05482739 -0.01581096 0.07979261 -0.05480879 -0.01681762 0.07904964 -0.05482739 -0.01581096 0.07979261 -0.05480372 -0.01439499 0.08063524 -0.05480372 -0.01439499 0.08063524 -0.05482739 -0.01581096 0.07979261 -0.05482178 -0.01363605 0.08110094 -0.05480372 -0.01439499 0.08063524 -0.05482178 -0.01363605 0.08110094 -0.05479753 -0.01181465 0.08197152 -0.05479753 -0.01181465 0.08197152 -0.05482178 -0.01363605 0.08110094 -0.0548163 -0.01135408 0.08221083 -0.05479753 -0.01181465 0.08197152 -0.0548163 -0.01135408 0.08221083 -0.05479443 -0.008972942 0.08308482 -0.05481392 -0.008982837 0.08311468 -0.05481392 -0.02449655 0.07069057 -0.05479443 -0.02446961 0.07067441 -0.05479443 -0.02446961 0.07067441 -0.05479502 -0.02384185 0.07167381 -0.05479502 -0.02384185 0.07167381 -0.05481392 -0.02449655 0.07069057 -0.0548166 -0.02310115 0.07280075 -0.05479502 -0.02384185 0.07167381 -0.0548166 -0.02310115 0.07280075 -0.05479782 -0.02278167 0.07317852 -0.05479782 -0.02278167 0.07317852 -0.0548166 -0.02310115 0.07280075 -0.05482262 -0.02152007 0.07478559 -0.05479782 -0.02278167 0.07317852 -0.05482262 -0.02152007 0.07478559 -0.0548045 -0.02092069 0.07540202 -0.0548045 -0.02092069 0.07540202 -0.05482262 -0.02152007 0.07478559 -0.05482816 -0.01976883 0.0766223 -0.0548045 -0.02092069 0.07540202 -0.05482816 -0.01976883 0.0766223 -0.05482995 -0.01864123 0.07764756 -0.05476093 -0.02444905 0.07066208 -0.05476152 -0.02382177 0.07166063 -0.05476433 -0.02276241 0.0731641 -0.05472785 -0.02167153 0.07450926 -0.05476433 -0.02276241 0.0731641 -0.05477094 -0.02090293 0.07538563 -0.05477094 -0.02090293 0.07538563 -0.05477583 -0.0186026 0.07760274 -0.05477607 -0.01799106 0.07811468 -0.05477601 -0.01783597 0.07823997 -0.05476093 -0.02444905 0.07066208 -0.05479502 -0.02384185 0.07167381 -0.05476152 -0.02382177 0.07166063 -0.05479782 -0.02278167 0.07317852 -0.05476433 -0.02276241 0.0731641 -0.0548045 -0.02092069 0.07540202 -0.05477094 -0.02090293 0.07538563 -0.05480939 -0.01861846 0.0776211 -0.05477583 -0.0186026 0.07760274 -0.05480962 -0.01800632 0.07813346 -0.05477607 -0.01799106 0.07811468 -0.05480957 -0.01785111 0.07825887 -0.05477601 -0.01783597 0.07823997 -0.05480879 -0.01681762 0.07904964 -0.05477523 -0.01680338 0.07903003 -0.05480372 -0.01439499 0.08063524 -0.05477023 -0.01438289 0.08061438 -0.05479753 -0.01181465 0.08197152 -0.05476403 -0.01180475 0.08194959 -0.05479443 -0.008972942 0.08308482 -0.05476093 -0.008965373 0.08306205 -0.05477523 -0.01680338 0.07903003 -0.05477023 -0.01438289 0.08061438 -0.05476403 -0.01180475 0.08194959 -0.05476093 -0.008965373 0.08306205 -0.05481392 -0.002888679 0.08441746 -0.05481392 0 0.08456391 -0.05479383 0 0.08453184 -0.05475777 -0.006109297 0.08384478 -0.05475777 0 0.0845071 -0.05475777 -0.003072559 0.08434104 -0.05475777 0 0.0845071 -0.05475777 -0.003072559 0.08434104 -0.05479383 0 0.08453184 -0.05479383 -0.003075182 0.0843656 -0.05479383 -0.003075182 0.0843656 -0.05481392 -0.006194591 0.08388411 -0.05475777 -0.006109297 0.08384478 -0.05479383 -0.006114602 0.08386892 -0.05481392 -0.006194591 0.08388411 -0.05475777 0 0.0845071 -0.05475777 0.003072559 0.08434104 -0.05475777 0.006109297 0.08384478 -0.05479383 0.006114602 0.08386892 -0.05479443 0.008972942 0.08308482 -0.05476093 0.008965373 0.08306205 -0.05481392 0.006194591 0.08388411 -0.05481392 0.008982837 0.08311468 -0.05479443 0.008972942 0.08308482 -0.05479383 0.006114602 0.08386892 -0.05479383 0.003075182 0.0843656 -0.05481392 0.002888679 0.08441746 -0.05479383 0 0.08453184 -0.05481392 0 0.08456391 -0.05476093 0.008965373 0.08306205 -0.05475777 0.006109297 0.08384478 -0.05475777 0.003072559 0.08434104 -0.05479383 0.003075182 0.0843656 -0.05475777 0 0.0845071 -0.05479383 0 0.08453184 -0.0548166 0.02310115 0.07280075 -0.05481392 0.0245006 0.07068389 -0.05479443 0.02447366 0.07066774 -0.05480903 0.01703661 0.07888829 -0.05483013 0.01769185 0.07843023 -0.05480951 0.01767021 0.07840275 -0.05483019 0.01784831 0.07830595 -0.05480957 0.01782643 0.07827866 -0.05483019 0.01786047 0.07829624 -0.05480921 0.01882368 0.0774427 -0.05480921 0.01882368 0.0774427 -0.05483019 0.01786047 0.07829624 -0.05482816 0.01976865 0.07662242 -0.05480921 0.01882368 0.0774427 -0.05482816 0.01976865 0.07662242 -0.05480456 0.02089977 0.07542455 -0.05481392 0.008990168 0.08311223 -0.05479443 0.008980274 0.08308237 -0.05479443 0.008980274 0.08308237 -0.05479496 0.01009261 0.08268785 -0.05479496 0.01009261 0.08268785 -0.05481392 0.008990168 0.08311223 -0.0548163 0.01135408 0.08221083 -0.05479496 0.01009261 0.08268785 -0.0548163 0.01135408 0.08221083 -0.05479747 0.01179254 0.08198153 -0.05479747 0.01179254 0.08198153 -0.0548163 0.01135408 0.08221083 -0.05482178 0.01363623 0.08110088 -0.05479747 0.01179254 0.08198153 -0.05482178 0.01363623 0.08110088 -0.05480366 0.01436853 0.08065068 -0.05480366 0.01436853 0.08065068 -0.05482178 0.01363623 0.08110088 -0.05482739 0.01581084 0.07979267 -0.05480366 0.01436853 0.08065068 -0.05482739 0.01581084 0.07979267 -0.05482959 0.01705735 0.07891625 -0.05476093 0.008972704 0.0830596 -0.05479496 0.01009261 0.08268785 -0.05476146 0.01008415 0.08266538 -0.05479747 0.01179254 0.08198153 -0.05476397 0.01178264 0.08195966 -0.05480366 0.01436853 0.08065068 -0.05477017 0.01435643 0.08062982 -0.05480903 0.01703661 0.07888829 -0.05477547 0.01702213 0.07886886 -0.05480951 0.01767021 0.07840275 -0.05477595 0.01765519 0.07838374 -0.05480957 0.01782643 0.07827866 -0.05477601 0.01781129 0.0782597 -0.05480921 0.01882368 0.0774427 -0.05477565 0.01880764 0.07742446 -0.05480456 0.02089977 0.07542455 -0.05477106 0.02088201 0.07540816 -0.05477106 0.02088201 0.07540816 -0.05477565 0.01880764 0.07742446 -0.05477601 0.01781129 0.0782597 -0.05477595 0.01765519 0.07838374 -0.05477547 0.01702213 0.07886886 -0.05477017 0.01435643 0.08062982 -0.05476397 0.01178264 0.08195966 -0.05476146 0.01008415 0.08266538 -0.05476093 0.008972704 0.0830596 -0.05482816 0.01976865 0.07662242 -0.05482262 0.02152013 0.07478553 -0.05480456 0.02089977 0.07542455 -0.05480456 0.02089977 0.07542455 -0.05482262 0.02152013 0.07478553 -0.05479788 0.02276694 0.07319802 -0.05479788 0.02276694 0.07319802 -0.05476438 0.02274769 0.07318353 -0.05477106 0.02088201 0.07540816 -0.05476438 0.02274769 0.07318353 -0.05472785 0.02167153 0.07450926 -0.05476438 0.02274769 0.07318353 -0.05476093 0.02445304 0.0706554 -0.05476093 0.02445304 0.0706554 -0.05479443 0.02447366 0.07066774 -0.05479788 0.02276694 0.07319802 -0.0548166 0.02310115 0.07280075 -0.05479788 0.02276694 0.07319802 -0.05482262 0.02152013 0.07478553 -0.05481392 0.02752935 0.06361782 -0.05479383 0.02746063 0.06374466 -0.05481392 0.02649563 0.06667131 -0.05481392 0.028167 0.06074512 -0.05481392 0.02851432 0.05768156 -0.05481392 0.028167 0.06074512 -0.05481392 0.02835339 0.05946147 -0.05475777 0.02514106 0.06943815 -0.05475777 0.026443 0.06665009 -0.05475777 0.02743685 0.06373798 -0.05475777 0.02811104 0.0607357 -0.05475777 0.0284577 0.05767822 -0.05481392 0.02856391 0.05599999 -0.05479383 0.02853184 0.05599999 -0.05481392 0.02851432 0.05768156 -0.05481392 0.02851432 0.05768156 -0.05479383 0.02853184 0.05599999 -0.05475777 0.02850711 0.05599999 -0.05479413 0.02482569 0.07006299 -0.05481392 0.0245006 0.07068389 -0.05479389 0.02507472 0.06961345 -0.05479389 0.02506953 0.06962311 -0.05479395 0.02499616 0.06975746 -0.05479395 0.02503818 0.06968069 -0.05479395 0.0250591 0.0696423 -0.05475777 0.02514106 0.06943815 -0.05476605 0.02516037 0.06940996 -0.05479389 0.02507996 0.06960386 -0.05479389 0.02507996 0.06960386 -0.05479389 0.02507734 0.06960868 -0.05475777 0.02850711 0.05599999 -0.05475777 0.0284577 0.05767822 -0.05475777 0.02811104 0.0607357 -0.05481392 0.028167 0.06074512 -0.05475777 0.02743685 0.06373798 -0.05475777 0.026443 0.06665009 -0.05481392 0.02649563 0.06667131 -0.05476605 0.02516037 0.06940996 -0.05481392 0.0260995 0.06760656 -0.05481392 0.0260995 0.06760656 -0.05481392 0.0260995 0.06760656 -0.05479389 0.02507996 0.06960386 -0.05481392 0.0245006 0.07068389 -0.05481392 0.02856391 0.003999948 -0.05479246 0.02853035 0.003999948 -0.05479246 0.02853035 0.003999948 -0.05475962 0.02850788 0.003999948 -0.05475962 0.02850788 0.003999948 -0.05481392 -0.02856391 0.05599999 -0.05481392 -0.02856391 0.003999948 -0.05481702 -0.02858698 0.003999948 -0.05481714 -0.02858579 0.05599999 -0.05481714 -0.02858579 0.05599999 -0.05481702 -0.02858698 0.003999948 -0.05480933 -0.02860891 0.003999948 -0.05480873 -0.02860993 0.05599999 -0.05480873 -0.02860993 0.05599999 -0.05480933 -0.02860891 0.003999948 -0.05481392 -0.02851432 0.05768156 -0.05481392 -0.02851432 0.05768156 -0.05481714 -0.02858579 0.05599999 -0.05481714 -0.02837508 0.05946415 -0.05481714 -0.02837508 0.05946415 -0.05481392 -0.028167 0.06074512 -0.05481714 -0.02837508 0.05946415 -0.05481714 -0.02755045 0.06362366 -0.05481714 -0.02755045 0.06362366 -0.05481392 -0.02649563 0.06667131 -0.05481392 -0.02649563 0.06667131 -0.05481714 -0.02755045 0.06362366 -0.05481714 -0.02611947 0.06761544 -0.05481714 -0.02611947 0.06761544 -0.05481714 -0.02451938 0.0706951 -0.05481392 -0.0245006 0.07068389 -0.05480873 -0.02454006 0.07070755 -0.05480873 -0.02614152 0.06762528 -0.05481451 -0.02453017 0.07070159 -0.05480873 -0.0275737 0.0636301 -0.05480873 -0.02839905 0.05946707 -0.05480873 -0.02839905 0.05946707 -0.05481714 -0.02837508 0.05946415 -0.05480873 -0.0275737 0.0636301 -0.05481714 -0.02755045 0.06362366 -0.05481714 -0.02611947 0.06761544 -0.05483287 -0.01787084 0.07830816 -0.05483287 -0.01787084 0.07830816 -0.05482995 -0.01864123 0.07764756 -0.0548309 -0.0197792 0.07663416 -0.0548309 -0.0197792 0.07663416 -0.05482816 -0.01976883 0.0766223 -0.0548256 -0.02153229 0.07479619 -0.05482262 -0.02152007 0.07478559 -0.05481988 -0.02311402 0.0728113 -0.05481988 -0.02311402 0.0728113 -0.0548166 -0.02310115 0.07280075 -0.05481392 -0.02449655 0.07069057 -0.05481714 -0.008989691 0.08313542 -0.05481958 -0.01136142 0.08222579 -0.05482482 -0.0136438 0.08111524 -0.05482178 -0.01363605 0.08110094 -0.05483019 -0.01582038 0.07980531 -0.05482739 -0.01581096 0.07979261 -0.05483287 -0.01787084 0.07830816 -0.05481451 -0.008993685 0.0831474 -0.05481678 -0.01136875 0.08224201 -0.05482202 -0.01365208 0.08113044 -0.05482745 -0.01582998 0.0798192 -0.05483007 -0.01788133 0.07832121 -0.0548281 -0.01979064 0.0766465 -0.0548228 -0.02154529 0.07480758 -0.05481708 -0.02312815 0.07282203 -0.05480873 -0.008997261 0.08315837 -0.05480796 -0.01137465 0.08225637 -0.05480796 -0.01137465 0.08225637 -0.05481344 -0.01365941 0.08114391 -0.0548191 -0.01583808 0.07983189 -0.0548219 -0.01789057 0.07833278 -0.05481982 -0.01980125 0.07665711 -0.05481427 -0.02155679 0.07481759 -0.05480825 -0.0231409 0.07283085 -0.05481714 -0.006199359 0.08390545 -0.05481392 -0.006194591 0.08388411 -0.05481392 0 0.08456391 -0.05481392 -0.002888679 0.08441746 -0.05481714 0 0.08458578 -0.05481392 -0.002888679 0.08441746 -0.05481714 -0.002890884 0.08443921 -0.05481714 0 0.08458578 -0.05481714 -0.002890884 0.08443921 -0.05480873 0 0.08460992 -0.05480873 -0.002893328 0.08446323 -0.05480873 0 0.08460992 -0.05480873 -0.002893328 0.08446323 -0.05480873 -0.006204605 0.083929 -0.05480873 -0.006204605 0.083929 -0.05481392 0.008982837 0.08311468 -0.05481392 0.006194591 0.08388411 -0.05481714 0.008989691 0.08313542 -0.05481714 0.006199359 0.08390545 -0.05481714 0.006199359 0.08390545 -0.05481451 0.008993685 0.0831474 -0.05480873 0.006204605 0.083929 -0.05480873 0.008997261 0.08315837 -0.05481392 0.002888679 0.08441746 -0.05481714 0.002890884 0.08443921 -0.05481714 0.002890884 0.08443921 -0.05480873 0.002893328 0.08446323 -0.05480873 0.002893328 0.08446323 -0.05483287 0.01787036 0.07830858 -0.05483287 0.01787036 0.07830858 -0.05482959 0.01705735 0.07891625 -0.05483019 0.01582032 0.07980543 -0.05483019 0.01582032 0.07980543 -0.05482739 0.01581084 0.07979267 -0.05482482 0.01364398 0.08111512 -0.05482178 0.01363623 0.08110088 -0.05481958 0.01136142 0.08222579 -0.05481958 0.01136142 0.08222579 -0.0548163 0.01135408 0.08221083 -0.05481392 0.008990168 0.08311223 -0.05481714 0.02451938 0.07069516 -0.05481988 0.02311402 0.0728113 -0.0548166 0.02310115 0.07280075 -0.0548256 0.02153229 0.07479619 -0.05482262 0.02152013 0.07478553 -0.0548309 0.01977902 0.07663434 -0.05482816 0.01976865 0.07662242 -0.05483287 0.01787036 0.07830858 -0.05481451 0.02453017 0.07070159 -0.05481708 0.02312815 0.07282203 -0.0548228 0.02154535 0.07480752 -0.0548281 0.01979047 0.07664668 -0.05483007 0.01788079 0.07832163 -0.05482745 0.01582992 0.07981932 -0.05482202 0.01365226 0.08113038 -0.05481678 0.01136875 0.08224201 -0.05480873 0.02454006 0.07070755 -0.05480825 0.0231409 0.07283085 -0.05480825 0.0231409 0.07283085 -0.05481427 0.02155679 0.07481759 -0.05481982 0.01980102 0.07665729 -0.0548219 0.01789003 0.07833319 -0.0548191 0.01583796 0.07983201 -0.05481344 0.01365959 0.08114379 -0.05480796 0.01137465 0.08225637 -0.05480873 0.02614152 0.06762528 -0.05480873 0.02860993 0.05599999 -0.05480873 0.02839905 0.05946707 -0.05481714 0.02611947 0.06761544 -0.05481392 0.02649563 0.06667131 -0.05481714 0.02611947 0.06761544 -0.05481714 0.02755045 0.06362366 -0.05481392 0.02649563 0.06667131 -0.05481714 0.02755045 0.06362366 -0.05481392 0.028167 0.06074512 -0.05481714 0.02755045 0.06362366 -0.05481714 0.02837508 0.05946415 -0.05481714 0.02837508 0.05946415 -0.05481392 0.02851432 0.05768156 -0.05481714 0.02837508 0.05946415 -0.05481714 0.02858579 0.05599999 -0.05481392 0.02851432 0.05768156 -0.05481714 0.02858579 0.05599999 -0.05481392 0.02856391 0.05599999 -0.05480873 0.0275737 0.0636301 -0.05480873 0.02614152 0.06762528 -0.05480873 0.0275737 0.0636301 -0.05481714 0.02755045 0.06362366 -0.05480873 0.02839905 0.05946707 -0.05481714 0.02837508 0.05946415 -0.05480873 0.02860993 0.05599999 -0.05481714 0.02858579 0.05599999 -0.05481392 0.02856391 0.003999948 -0.05481702 0.02858698 0.003999948 -0.05481702 0.02858698 0.003999948 -0.05480933 0.02860891 0.003999948 -0.05480933 0.02860891 0.003999948 -0.04103076 -0.02449995 0.003999948 -0.05299997 -0.02449995 0.003999948 -0.05249994 -0.02399998 0.004499971 -0.03896921 -0.02449995 0.003999948 -0.03968274 -0.02449995 0.003999948 -0.03999996 -0.02448749 0.004012465 -0.02047556 -0.02449995 0.003999948 -0.02047556 -0.02399998 0.004499971 -0.02047556 -0.02399998 0.004499971 -0.04031717 -0.02449995 0.003999948 -0.01896274 -0.02423435 0.004499971 -0.01911401 -0.02471089 0.003999948 -0.01759171 -0.02491545 0.004499971 -0.01788008 -0.02532392 0.003999948 0.000998923 -0.03098386 0.003999948 0.000307448 -0.03099846 0.003999948 0.000294982 -0.03049856 0.004499971 0.000294982 -0.03049856 0.004499971 0.006699144 -0.03026747 0.003999948 0.03099846 -0.000307448 0.003999948 0.03033494 -0.003168523 0.004499971 0.0309875 0 0.004012465 0.03033494 0.003168523 0.004499971 0.03099846 0.000307448 0.003999948 0.006699144 0.03026747 0.003999948 0.005202949 0.0300529 0.004499971 0.000998923 0.03098386 0.003999948 0.000294982 0.03049856 0.004499971 -0.000307448 0.03099846 0.003999948 0 0.0309875 0.004012465 0.000307448 0.03099846 0.003999948 -0.000998923 0.03098386 0.003999948 -0.00133723 0.03047066 0.004499971 -0.006112456 0.03039139 0.003999948 -0.01226091 -0.02847224 0.003999948 -0.01393342 -0.02713131 0.004499971 -0.0120632 -0.02801299 0.004499971 -0.007815778 -0.02948153 0.004499971 -0.006112456 -0.03039139 0.003999948 -0.00601387 -0.0299012 0.004499971 -0.000998923 -0.03098386 0.003999948 -0.00133723 -0.03047066 0.004499971 -0.000307448 -0.03099846 0.003999948 0 -0.0309875 0.004012465 0.005202949 -0.0300529 0.004499971 0.006591141 -0.02977925 0.004499971 0.01280933 -0.02822977 0.003999948 0.01150298 -0.02824765 0.004499971 0.01260274 -0.02777445 0.004499971 0.01836657 -0.02497333 0.003999948 0.01727193 -0.02513813 0.004499971 0.01807034 -0.02457052 0.004499971 0.02313083 -0.02063882 0.003999948 0.02224344 -0.02086806 0.004499971 0.02275776 -0.02030593 0.004499971 0.02689659 -0.01541334 0.003999948 0.02618795 -0.01563447 0.004499971 0.02646279 -0.01516473 0.004499971 0.02950119 -0.009522438 0.003999948 0.03098386 -0.000998923 0.003999948 0.03083223 -0.003220498 0.003999948 0.02902537 -0.009368836 0.004499971 0.02892339 -0.009679079 0.004499971 0.02950119 0.009522438 0.003999948 0.03083223 0.003220498 0.003999948 0.03098386 0.000998923 0.003999948 0.03033494 0.003168523 0.004499971 0.02902537 0.009368836 0.004499971 0.02892339 0.009679079 0.004499971 0.02892339 0.009679079 0.004499971 0.02689659 0.01541334 0.003999948 0.02646279 0.01516473 0.004499971 0.02618795 0.01563447 0.004499971 0.02313083 0.02063882 0.003999948 0.02275776 0.02030593 0.004499971 0.02313083 0.02063882 0.003999948 0.02224344 0.02086806 0.004499971 0.01836657 0.02497333 0.003999948 0.01807034 0.02457052 0.004499971 0.01727193 0.02513813 0.004499971 0.01280933 0.02822977 0.003999948 0.01260274 0.02777445 0.004499971 0.01150298 0.02824765 0.004499971 0.006591141 0.02977925 0.004499971 -0.00601387 0.0299012 0.004499971 -0.007815778 0.02948153 0.004499971 -0.01226091 0.02847224 0.003999948 -0.01759171 0.02491545 0.004499971 -0.01788008 0.02532392 0.003999948 -0.01393342 0.02713131 0.004499971 -0.0120632 0.02801299 0.004499971 -0.01896274 0.02423435 0.004499971 -0.01911401 0.02471089 0.003999948 -0.02047556 0.02399998 0.004499971 -0.02047556 0.02449995 0.003999948 -0.05249994 0.02399998 0.004499971 -0.05299997 0.02449995 0.003999948 -0.04103076 0.02449995 0.003999948 -0.03999996 0.02448749 0.004012465 -0.03968274 0.02449995 0.003999948 -0.03896921 0.02449995 0.003999948 -0.04031717 0.02449995 0.003999948 -0.03999996 0.02448749 0.004012465 0.03598606 0.000999987 0.08099997 0.03499996 0.000999987 0.08099997 0.03598701 0.000965832 0.0807408 0.03499996 0.000866025 0.0805 0.03598958 0.000866025 0.0805 0.03499996 0.0005 0.08013397 0.03599649 0.0005 0.08013397 0.03599905 0.000258886 0.08003407 0.03499996 0 0.07999998 0.03599995 0 0.07999998 0.03599905 -0.000259079 0.08003413 0.03499996 0 0.07999998 0.03499996 -0.0005 0.08013397 0.03599649 -0.0005 0.08013397 0.03499996 -0.000866025 0.0805 0.03598958 -0.000866025 0.0805 0.03499996 -0.000999987 0.08099997 0.03598606 -0.000999987 0.08099997 0.03499996 -0.000866025 0.0805 0.03598701 -0.000965993 0.0807414 0.03598958 -0.000866025 0.0805 0.03499996 0.000999987 0.08599996 0.03598606 0.000999987 0.08599996 0.03499996 -0.000999987 0.08599996 0.03598606 -0.000999987 0.08599996 0.03499996 -0.000866025 0.0805 0.03499996 -0.0005 0.08013397 0.03499996 -0.000999987 0.08099997 0.03499996 0 0.07999998 0.03499996 0.0005 0.08013397 0.03499996 0.000999987 0.08599996 0.03499996 -0.000999987 0.08599996 0.03499996 0.000999987 0.08099997 0.03499996 0.000866025 0.0805 -0.02649998 -0.003149986 0.078 -0.0268175 -0.003133952 0.078 -0.02683019 -0.003023028 0.078 -0.0268175 0.003133952 0.078 -0.02649998 0.003149986 0.078 -0.02683019 0.003023028 0.078 -0.02492499 0.002727925 0.078 -0.023772 0.001574993 0.078 -0.02335 0 0.078 -0.023772 -0.001574993 0.078 -0.02492499 -0.002727925 0.078 0.02452462 -0.010522 0.078 0.02479159 -0.01069462 0.078 0.02286154 -0.01436483 0.078 0.01979964 -0.01324999 0.078 0.02022165 -0.011675 0.078 0.02022165 -0.01482498 0.078 0.02137464 -0.01597797 0.078 0.02137464 -0.01597797 0.078 0.02165764 -0.01612281 0.078 0.02137464 -0.010522 0.078 0.02294963 -0.01009994 0.078 0.003133952 -0.0268175 0.078 0.003023028 -0.02683019 0.078 0.003149986 -0.02649998 0.078 0.002727925 -0.02492499 0.078 -0.003133952 -0.0268175 0.078 -0.003149986 -0.02649998 0.078 -0.003023028 -0.02683019 0.078 -0.002727925 -0.02492499 0.078 -0.001574993 -0.023772 0.078 0 -0.02335 0.078 0.001574993 -0.023772 0.078 -0.003133952 0.0268175 0.078 -0.003023028 0.02683019 0.078 -0.003149986 0.02649998 0.078 -0.002727925 0.02492499 0.078 0.003133952 0.0268175 0.078 0.003149986 0.02649998 0.078 0.003023028 0.02683019 0.078 0.002727925 0.02492499 0.078 -0.001574993 0.023772 0.078 0 0.02335 0.078 0.001574993 0.023772 0.078 -0.02452462 0.010522 0.078 -0.02479159 0.01069462 0.078 -0.02286154 0.01436483 0.078 -0.01979964 0.01324999 0.078 -0.02022165 0.011675 0.078 -0.02022165 0.01482498 0.078 -0.02137464 0.01597797 0.078 -0.02137464 0.01597797 0.078 -0.02165764 0.01612281 0.078 -0.02137464 0.010522 0.078 -0.02294963 0.01009994 0.078 0.01272791 0.01272791 0.08499997 0.01568984 0.008821964 0.08499997 0.01434248 0.01087623 0.0855 0.01748818 0.004261732 0.08499997 0.01674497 0.00660336 0.0855 0.01568984 0.008821964 0.0855 0.01798945 -0.00061454 0.08499997 0.01790559 0.00184071 0.0855 0.01748818 0.004261732 0.0855 0.0171566 -0.005445241 0.08499997 0.01773822 -0.003058373 0.0855 0.01798945 -0.00061454 0.0855 0.01505124 -0.009872078 0.08499997 0.01625531 -0.007730662 0.0855 0.0171566 -0.005445241 0.0855 0.01182961 -0.01356679 0.08499997 0.01356679 -0.01182961 0.0855 0.01505124 -0.009872078 0.0855 0.007730662 -0.01625531 0.08499997 0.009872078 -0.01505124 0.0855 0.01182961 -0.01356679 0.0855 0.003058373 -0.01773822 0.08499997 0.005445241 -0.0171566 0.0855 0.007730662 -0.01625531 0.0855 -0.00184071 -0.01790559 0.08499997 0.00061454 -0.01798945 0.0855 0.003058373 -0.01773822 0.0855 -0.00660336 -0.01674497 0.08499997 -0.004261732 -0.01748818 0.0855 -0.00184071 -0.01790559 0.0855 -0.01087623 -0.01434248 0.08499997 -0.008821964 -0.01568984 0.0855 -0.00660336 -0.01674497 0.0855 -0.01434248 -0.01087623 0.08499997 -0.01272791 -0.01272791 0.0855 -0.01087623 -0.01434248 0.0855 -0.01674497 -0.00660336 0.08499997 -0.01568984 -0.008821964 0.0855 -0.01434248 -0.01087623 0.0855 -0.01790559 -0.00184071 0.08499997 -0.01748818 -0.004261732 0.0855 -0.01674497 -0.00660336 0.0855 -0.01773822 0.003058373 0.08499997 -0.01798945 0.00061454 0.0855 -0.01790559 -0.00184071 0.0855 -0.01625531 0.007730662 0.08499997 -0.0171566 0.005445241 0.0855 -0.01773822 0.003058373 0.0855 -0.01356679 0.01182961 0.08499997 -0.01505124 0.009872078 0.0855 -0.01625531 0.007730662 0.0855 -0.009872078 0.01505124 0.08499997 -0.01182961 0.01356679 0.0855 -0.01356679 0.01182961 0.0855 -0.005445241 0.0171566 0.08499997 -0.007730662 0.01625531 0.0855 -0.009872078 0.01505124 0.0855 -0.00061454 0.01798945 0.08499997 -0.003058373 0.01773822 0.0855 -0.005445241 0.0171566 0.0855 0.004261732 0.01748818 0.08499997 0.00184071 0.01790559 0.0855 -0.00061454 0.01798945 0.0855 0.008821964 0.01568984 0.08499997 0.00660336 0.01674497 0.0855 0.004261732 0.01748818 0.0855 0.01272791 0.01272791 0.0855 0.01087623 0.01434248 0.0855 0.008821964 0.01568984 0.0855 -0.02532118 -0.00835061 0.08599996 -0.02597039 -0.007384896 0.08599996 -0.0254848 -0.00891751 0.08599996 -0.01909184 -0.01909184 0.08599996 -0.01436483 -0.02286154 0.08599996 -0.009133577 -0.02396512 0.08599996 -0.02618348 -0.006589651 0.08599996 -0.02610409 -0.005428671 0.08599996 -0.02683019 -0.003023028 0.08599996 -0.02532118 -0.004072606 0.08599996 -0.02683019 0.003023028 0.08599996 -0.00835061 -0.02532118 0.08599996 -0.00891751 -0.0254848 0.08599996 -0.007384896 -0.02597039 0.08599996 -0.005428671 -0.02026027 0.08599996 -0.004072606 -0.02104318 0.08599996 0.005596518 -0.01763314 0.08599996 -0.02396512 -0.009133577 0.08599996 -0.02286154 -0.01436483 0.08599996 -0.02239924 -0.009133577 0.08599996 -0.02104318 -0.00835061 0.08599996 -0.003289699 -0.02396512 0.08599996 -0.004072606 -0.02532118 0.08599996 -0.003023028 -0.02683019 0.08599996 -0.005428671 -0.02610409 0.08599996 -0.006589651 -0.02618348 0.08599996 0.01938068 -0.01879858 0.08599996 0.02286154 -0.01436483 0.08599996 0.01989245 -0.01775348 0.08599996 0.01989245 -0.0161876 0.08599996 -0.01308143 -0.01308143 0.08599996 -0.00835061 -0.02104318 0.08599996 -0.009066998 -0.01612567 0.08599996 -0.006994545 -0.02026027 0.08599996 -0.004380106 -0.01797395 0.08599996 -0.009133577 -0.02239924 0.08599996 -0.00835061 -0.02104318 0.08599996 -0.02026027 -0.006994545 0.08599996 -0.01612567 -0.009066998 0.08599996 -0.02026027 -0.005428671 0.08599996 -0.01797395 -0.004380106 0.08599996 -0.02104318 -0.004072606 0.08599996 -0.01848918 0.000631611 0.08599996 -0.02239924 -0.003289699 0.08599996 -0.02396512 -0.003289699 0.08599996 0.000631611 -0.01848918 0.08599996 0.01879858 -0.01938068 0.08599996 0.01775348 -0.01989245 0.08599996 0.01436483 -0.02286154 0.08599996 0.0161876 -0.01989245 0.08599996 0.00891751 -0.0254848 0.08599996 0.01483154 -0.01910954 0.08599996 0.00891751 -0.0254848 0.08599996 0.01404863 -0.01775348 0.08599996 0.003023028 -0.02683019 0.08599996 -0.003289699 -0.02239924 0.08599996 0.01823097 -0.00314331 0.08599996 0.02239924 0.003289699 0.08599996 0.01840299 0.001891851 0.08599996 0.02104318 0.004072606 0.08599996 0.01721012 0.006786763 0.08599996 0.02026027 0.005428671 0.08599996 0.01474088 0.01117837 0.08599996 0.01910954 -0.01483154 0.08599996 0.0254848 -0.00891751 0.08599996 0.01775348 -0.01404863 0.08599996 0.00891751 0.0254848 0.08599996 0.007384896 0.02597039 0.08599996 0.00835061 0.02532118 0.08599996 0.01014631 -0.01546937 0.08599996 0.01404863 -0.0161876 0.08599996 0.01394367 -0.01215821 0.08599996 0.01483154 -0.01483154 0.08599996 0.01670688 -0.007945418 0.08599996 0.0161876 -0.01404863 0.08599996 0.02396512 0.003289699 0.08599996 0.02683019 -0.003023028 0.08599996 0.02532118 0.004072606 0.08599996 0.02683019 0.003023028 0.08599996 0.02610409 0.005428671 0.08599996 0.02618348 0.006589651 0.08599996 0.003289699 0.02396512 0.08599996 0.004072606 0.02532118 0.08599996 0.003023028 0.02683019 0.08599996 0.005428671 0.02610409 0.08599996 0.006589651 0.02618348 0.08599996 -0.007945418 0.01670688 0.08599996 0.004072606 0.02104318 0.08599996 0.003289699 0.02239924 0.08599996 0.01436483 0.02286154 0.08599996 0.009133577 0.02396512 0.08599996 0.01909184 0.01909184 0.08599996 0.009133577 0.02239924 0.08599996 0.00835061 0.02104318 0.08599996 0.02104318 0.00835061 0.08599996 0.02239924 0.009133577 0.08599996 0.02286154 0.01436483 0.08599996 0.02396512 0.009133577 0.08599996 0.0254848 0.00891751 0.08599996 0.02532118 0.00835061 0.08599996 0.02597039 0.007384896 0.08599996 -0.01879858 0.01938068 0.08599996 -0.01775348 0.01989245 0.08599996 -0.01436483 0.02286154 0.08599996 -0.0161876 0.01989245 0.08599996 -0.00891751 0.0254848 0.08599996 -0.01483154 0.01910954 0.08599996 -0.00891751 0.0254848 0.08599996 -0.01404863 0.01775348 0.08599996 -0.01938068 0.01879858 0.08599996 -0.02286154 0.01436483 0.08599996 -0.01989245 0.01775348 0.08599996 -0.01989245 0.0161876 0.08599996 -0.0254848 0.00891751 0.08599996 0.006786763 0.01721012 0.08599996 0.005428671 0.02026027 0.08599996 0.001891851 0.01840299 0.08599996 -0.00314331 0.01823097 0.08599996 -0.003023028 0.02683019 0.08599996 -0.01404863 0.0161876 0.08599996 -0.01215821 0.01394367 0.08599996 -0.01483154 0.01483154 0.08599996 -0.01546937 0.01014631 0.08599996 -0.0161876 0.01404863 0.08599996 -0.01763314 0.005596518 0.08599996 -0.01775348 0.01404863 0.08599996 -0.01910954 0.01483154 0.08599996 -0.01775348 0.01404863 0.08599996 0.02026027 0.006994545 0.08599996 0.02104318 0.00835061 0.08599996 0.01117837 0.01474088 0.08599996 0.00835061 0.02104318 0.08599996 0.006994545 0.02026027 0.08599996 0.0268175 0.003133952 0.078 0.02683019 0.003023028 0.078 0.02649998 0.003149986 0.078 0.02492499 0.002727925 0.078 0.0268175 -0.003133952 0.078 0.02649998 -0.003149986 0.078 0.02683019 -0.003023028 0.078 0.02492499 -0.002727925 0.078 0.023772 0.001574993 0.078 0.02335 0 0.078 0.023772 -0.001574993 0.078 0.01944541 0.01944541 0.07849997 0.02328491 0.01463085 0.0855 0.02328491 0.01463085 0.07849997 0.02595674 0.009082674 0.0855 0.02595674 0.009082674 0.07849997 0.02732706 0.003078997 0.0855 0.02732706 0.003078997 0.07849997 0.02732706 -0.003078997 0.0855 0.02732706 -0.003078997 0.07849997 0.02595674 -0.009082674 0.0855 0.02595674 -0.009082674 0.07849997 0.02328491 -0.01463085 0.0855 0.02328491 -0.01463085 0.07849997 0.01944541 -0.01944541 0.0855 0.01944541 -0.01944541 0.07849997 0.01463085 -0.02328491 0.0855 0.01463085 -0.02328491 0.07849997 0.009082674 -0.02595674 0.0855 0.009082674 -0.02595674 0.07849997 0.003078997 -0.02732706 0.0855 0.003078997 -0.02732706 0.07849997 -0.003078997 -0.02732706 0.0855 -0.003078997 -0.02732706 0.07849997 -0.009082674 -0.02595674 0.0855 -0.009082674 -0.02595674 0.07849997 -0.01463085 -0.02328491 0.0855 -0.01463085 -0.02328491 0.07849997 -0.01944541 -0.01944541 0.0855 -0.01944541 -0.01944541 0.07849997 -0.02328491 -0.01463085 0.0855 -0.02328491 -0.01463085 0.07849997 -0.02595674 -0.009082674 0.0855 -0.02595674 -0.009082674 0.07849997 -0.02732706 -0.003078997 0.0855 -0.02732706 -0.003078997 0.07849997 -0.02732706 0.003078997 0.0855 -0.02732706 0.003078997 0.07849997 -0.02595674 0.009082674 0.0855 -0.02595674 0.009082674 0.07849997 -0.02328491 0.01463085 0.0855 -0.02328491 0.01463085 0.07849997 -0.01944541 0.01944541 0.0855 -0.01944541 0.01944541 0.07849997 -0.01463085 0.02328491 0.0855 -0.01463085 0.02328491 0.07849997 -0.009082674 0.02595674 0.0855 -0.009082674 0.02595674 0.07849997 -0.003078997 0.02732706 0.0855 -0.003078997 0.02732706 0.07849997 0.003078997 0.02732706 0.0855 0.003078997 0.02732706 0.07849997 0.009082674 0.02595674 0.0855 0.009082674 0.02595674 0.07849997 0.01463085 0.02328491 0.0855 0.01463085 0.02328491 0.07849997 0.01944541 0.01944541 0.0855 0.01449567 0.01449567 0.08449995 0.01449567 0.01449567 0.07849997 0.01775348 0.01024997 0.08449995 0.01775348 0.01024997 0.07849997 0.01980143 0.005305767 0.08449995 0.01980143 0.005305767 0.07849997 0.0205 0 0.08449995 0.0205 0 0.07849997 0.01980143 -0.005305767 0.08449995 0.01980143 -0.005305767 0.07849997 0.01775348 -0.01024997 0.08449995 0.01775348 -0.01024997 0.07849997 0.01449567 -0.01449567 0.08449995 0.01449567 -0.01449567 0.07849997 0.01024997 -0.01775348 0.08449995 0.01024997 -0.01775348 0.07849997 0.005305767 -0.01980143 0.08449995 0.005305767 -0.01980143 0.07849997 0 -0.0205 0.08449995 0 -0.0205 0.07849997 -0.005305767 -0.01980143 0.08449995 -0.005305767 -0.01980143 0.07849997 -0.01024997 -0.01775348 0.08449995 -0.01024997 -0.01775348 0.07849997 -0.01449567 -0.01449567 0.08449995 -0.01449567 -0.01449567 0.07849997 -0.01775348 -0.01024997 0.08449995 -0.01775348 -0.01024997 0.07849997 -0.01980143 -0.005305767 0.08449995 -0.01980143 -0.005305767 0.07849997 -0.0205 0 0.08449995 -0.0205 0 0.07849997 -0.01980143 0.005305767 0.08449995 -0.01980143 0.005305767 0.07849997 -0.01775348 0.01024997 0.08449995 -0.01775348 0.01024997 0.07849997 -0.01449567 0.01449567 0.08449995 -0.01449567 0.01449567 0.07849997 -0.01024997 0.01775348 0.08449995 -0.01024997 0.01775348 0.07849997 -0.005305767 0.01980143 0.08449995 -0.005305767 0.01980143 0.07849997 0 0.0205 0.08449995 0 0.0205 0.07849997 0.005305767 0.01980143 0.08449995 0.005305767 0.01980143 0.07849997 0.01024997 0.01775348 0.08449995 0.01024997 0.01775348 0.07849997 -0.01024997 -0.01775348 0.08449995 -0.01449567 -0.01449567 0.08449995 -0.01474088 -0.01117837 0.08449995 -0.01775348 -0.01024997 0.08449995 -0.01721012 -0.006786763 0.08449995 -0.01980143 -0.005305767 0.08449995 -0.01840299 -0.001891851 0.08449995 -0.0205 0 0.08449995 -0.01823097 0.00314331 0.08449995 -0.01980143 0.005305767 0.08449995 -0.01670688 0.007945418 0.08449995 -0.01775348 0.01024997 0.08449995 -0.01394367 0.01215821 0.08449995 -0.01449567 0.01449567 0.08449995 -0.01014631 0.01546937 0.08449995 -0.01024997 0.01775348 0.08449995 -0.005596518 0.01763314 0.08449995 -0.005305767 0.01980143 0.08449995 -0.000631611 0.01848918 0.08449995 0 0.0205 0.08449995 0.004380106 0.01797395 0.08449995 0.005305767 0.01980143 0.08449995 0.009066998 0.01612567 0.08449995 0.01024997 0.01775348 0.08449995 0.01308143 0.01308143 0.08449995 0.01449567 0.01449567 0.08449995 0.01612567 0.009066998 0.08449995 0.01775348 0.01024997 0.08449995 0.01797395 0.004380106 0.08449995 0.01980143 0.005305767 0.08449995 0.01848918 -0.000631611 0.08449995 0.0205 0 0.08449995 0.01763314 -0.005596518 0.08449995 0.01980143 -0.005305767 0.08449995 0.01546937 -0.01014631 0.08449995 0.01775348 -0.01024997 0.08449995 0.01215821 -0.01394367 0.08449995 0.01449567 -0.01449567 0.08449995 0.007945418 -0.01670688 0.08449995 0.01024997 -0.01775348 0.08449995 0.00314331 -0.01823097 0.08449995 0.005305767 -0.01980143 0.08449995 -0.001891851 -0.01840299 0.08449995 0 -0.0205 0.08449995 -0.006786763 -0.01721012 0.08449995 -0.005305767 -0.01980143 0.08449995 -0.01117837 -0.01474088 0.08449995 0.0219801 0.005009531 0.078 0.0219801 0.005009531 0.08259999 0.02274221 0.00456953 0.078 0.02274221 0.00456953 0.08259999 0.02274221 0.00456953 0.078 0.02274221 0.00456953 0.08259999 0.02362221 0.00456953 0.078 0.02362221 0.00456953 0.08259999 0.02362221 0.00456953 0.078 0.02362221 0.00456953 0.08259999 0.02438426 0.005009531 0.078 0.02438426 0.005009531 0.08259999 0.02438426 0.005009531 0.078 0.02438426 0.005009531 0.08259999 0.02482426 0.005771636 0.078 0.02482426 0.005771636 0.08259999 0.02482426 0.005771636 0.078 0.02482426 0.005771636 0.08259999 0.02482426 0.006651639 0.078 0.02482426 0.006651639 0.08259999 0.02482426 0.006651639 0.078 0.02482426 0.006651639 0.08259999 0.02438426 0.007413685 0.078 0.02438426 0.007413685 0.08259999 0.02438426 0.007413685 0.078 0.02438426 0.007413685 0.08259999 0.02362221 0.007853686 0.078 0.02362221 0.007853686 0.08259999 0.02362221 0.007853686 0.078 0.02362221 0.007853686 0.08259999 0.02274221 0.007853686 0.078 0.02274221 0.007853686 0.08259999 0.02274221 0.007853686 0.078 0.02274221 0.007853686 0.08259999 0.0219801 0.007413685 0.078 0.0219801 0.007413685 0.08259999 0.0219801 0.007413685 0.078 0.0219801 0.007413685 0.08259999 0.0215401 0.006651639 0.078 0.0215401 0.006651639 0.08259999 0.0215401 0.006651639 0.078 0.0215401 0.006651639 0.08259999 0.0215401 0.005771636 0.078 0.0215401 0.005771636 0.08259999 0.0215401 0.005771636 0.078 0.0215401 0.005771636 0.08259999 0.0219801 0.005009531 0.078 0.0219801 0.005009531 0.08259999 0.02438426 0.005009531 0.08259999 0.02530354 0.004090309 0.08259999 0.02482426 0.005771636 0.08259999 0.02607995 0.005435168 0.08259999 0.02482426 0.006651639 0.08259999 0.02607995 0.006988108 0.08259999 0.02438426 0.007413685 0.08259999 0.02530354 0.008332967 0.08259999 0.02362221 0.007853686 0.08259999 0.02395868 0.009109377 0.08259999 0.02274221 0.007853686 0.08259999 0.02240574 0.009109377 0.08259999 0.0219801 0.007413685 0.08259999 0.02106088 0.008332967 0.08259999 0.0215401 0.006651639 0.08259999 0.02028441 0.006988108 0.08259999 0.0215401 0.005771636 0.08259999 0.02028441 0.005435168 0.08259999 0.0219801 0.005009531 0.08259999 0.02106088 0.004090309 0.08259999 0.02274221 0.00456953 0.08259999 0.02240574 0.003313839 0.08259999 0.02362221 0.00456953 0.08259999 0.02395868 0.003313839 0.08259999 0.02106088 0.004090309 0.08259999 0.02106088 0.004090309 0.08597499 0.02240574 0.003313839 0.08259999 0.02240574 0.003313839 0.08597499 0.02240574 0.003313839 0.08259999 0.02240574 0.003313839 0.08597499 0.02395868 0.003313839 0.08259999 0.02395868 0.003313839 0.08597499 0.02395868 0.003313839 0.08259999 0.02395868 0.003313839 0.08597499 0.02530354 0.004090309 0.08259999 0.02530354 0.004090309 0.08597499 0.02530354 0.004090309 0.08259999 0.02530354 0.004090309 0.08597499 0.02607995 0.005435168 0.08259999 0.02607995 0.005435168 0.08597499 0.02607995 0.005435168 0.08259999 0.02607995 0.005435168 0.08597499 0.02607995 0.006988108 0.08259999 0.02607995 0.006988108 0.08597499 0.02607995 0.006988108 0.08259999 0.02607995 0.006988108 0.08597499 0.02530354 0.008332967 0.08259999 0.02530354 0.008332967 0.08597499 0.02530354 0.008332967 0.08259999 0.02530354 0.008332967 0.08597499 0.02395868 0.009109377 0.08259999 0.02395868 0.009109377 0.08597499 0.02395868 0.009109377 0.08259999 0.02395868 0.009109377 0.08597499 0.02240574 0.009109377 0.08259999 0.02240574 0.009109377 0.08597499 0.02240574 0.009109377 0.08259999 0.02240574 0.009109377 0.08597499 0.02106088 0.008332967 0.08259999 0.02106088 0.008332967 0.08597499 0.02106088 0.008332967 0.08259999 0.02106088 0.008332967 0.08597499 0.02028441 0.006988108 0.08259999 0.02028441 0.006988108 0.08597499 0.02028441 0.006988108 0.08259999 0.02028441 0.006988108 0.08597499 0.02028441 0.005435168 0.08259999 0.02028441 0.005435168 0.08597499 0.02028441 0.005435168 0.08259999 0.02028441 0.005435168 0.08597499 0.02106088 0.004090309 0.08259999 0.02106088 0.004090309 0.08597499 0.02618348 0.006589651 0.08599996 0.02607995 0.006988108 0.08597499 0.02607995 0.005435168 0.08597499 0.02618348 0.006589651 0.08599996 0.02609205 0.006991326 0.0859875 0.02607995 0.006988108 0.08597499 0.02597039 0.007384896 0.08599996 0.02607995 0.006988108 0.08597499 0.02597039 0.007384896 0.08599996 0.02530354 0.008332967 0.08597499 0.02530354 0.008332967 0.08597499 0.02597039 0.007384896 0.08599996 0.02532118 0.00835061 0.08599996 0.02395868 0.009109377 0.08597499 0.02396512 0.009133577 0.08599996 0.02240574 0.009109377 0.08597499 0.02239924 0.009133577 0.08599996 0.02106088 0.008332967 0.08597499 0.02104318 0.00835061 0.08599996 0.02028441 0.006988108 0.08597499 0.02026027 0.006994545 0.08599996 0.02028441 0.005435168 0.08597499 0.02026027 0.005428671 0.08599996 0.02106088 0.004090309 0.08597499 0.02104318 0.004072606 0.08599996 0.02240574 0.003313839 0.08597499 0.02239924 0.003289699 0.08599996 0.02395868 0.003313839 0.08597499 0.02396512 0.003289699 0.08599996 0.02396512 0.003289699 0.08599996 0.02530354 0.004090309 0.08597499 0.02532118 0.004072606 0.08599996 0.02532118 0.004072606 0.08599996 0.02607995 0.005435168 0.08597499 0.02610409 0.005428671 0.08599996 0.02618348 0.006589651 0.08599996 0.005009531 0.0219801 0.078 0.005009531 0.0219801 0.08259999 0.005771636 0.0215401 0.078 0.005771636 0.0215401 0.08259999 0.005771636 0.0215401 0.078 0.005771636 0.0215401 0.08259999 0.006651639 0.0215401 0.078 0.006651639 0.0215401 0.08259999 0.006651639 0.0215401 0.078 0.006651639 0.0215401 0.08259999 0.007413685 0.0219801 0.078 0.007413685 0.0219801 0.08259999 0.007413685 0.0219801 0.078 0.007413685 0.0219801 0.08259999 0.007853686 0.02274221 0.078 0.007853686 0.02274221 0.08259999 0.007853686 0.02274221 0.078 0.007853686 0.02274221 0.08259999 0.007853686 0.02362221 0.078 0.007853686 0.02362221 0.08259999 0.007853686 0.02362221 0.078 0.007853686 0.02362221 0.08259999 0.007413685 0.02438426 0.078 0.007413685 0.02438426 0.08259999 0.007413685 0.02438426 0.078 0.007413685 0.02438426 0.08259999 0.006651639 0.02482426 0.078 0.006651639 0.02482426 0.08259999 0.006651639 0.02482426 0.078 0.006651639 0.02482426 0.08259999 0.005771636 0.02482426 0.078 0.005771636 0.02482426 0.08259999 0.005771636 0.02482426 0.078 0.005771636 0.02482426 0.08259999 0.005009531 0.02438426 0.078 0.005009531 0.02438426 0.08259999 0.005009531 0.02438426 0.078 0.005009531 0.02438426 0.08259999 0.00456953 0.02362221 0.078 0.00456953 0.02362221 0.08259999 0.00456953 0.02362221 0.078 0.00456953 0.02362221 0.08259999 0.00456953 0.02274221 0.078 0.00456953 0.02274221 0.08259999 0.00456953 0.02274221 0.078 0.00456953 0.02274221 0.08259999 0.005009531 0.0219801 0.078 0.005009531 0.0219801 0.08259999 0.007853686 0.02362221 0.08259999 0.009109377 0.02395868 0.08259999 0.007413685 0.02438426 0.08259999 0.008332967 0.02530354 0.08259999 0.006651639 0.02482426 0.08259999 0.006988108 0.02607995 0.08259999 0.005771636 0.02482426 0.08259999 0.005435168 0.02607995 0.08259999 0.005009531 0.02438426 0.08259999 0.004090309 0.02530354 0.08259999 0.00456953 0.02362221 0.08259999 0.003313839 0.02395868 0.08259999 0.00456953 0.02274221 0.08259999 0.003313839 0.02240574 0.08259999 0.005009531 0.0219801 0.08259999 0.004090309 0.02106088 0.08259999 0.005771636 0.0215401 0.08259999 0.005435168 0.02028441 0.08259999 0.006651639 0.0215401 0.08259999 0.006988108 0.02028441 0.08259999 0.007413685 0.0219801 0.08259999 0.008332967 0.02106088 0.08259999 0.007853686 0.02274221 0.08259999 0.009109377 0.02240574 0.08259999 0.004090309 0.02106088 0.08259999 0.004090309 0.02106088 0.08597499 0.005435168 0.02028441 0.08259999 0.005435168 0.02028441 0.08597499 0.005435168 0.02028441 0.08259999 0.005435168 0.02028441 0.08597499 0.006988108 0.02028441 0.08259999 0.006988108 0.02028441 0.08597499 0.006988108 0.02028441 0.08259999 0.006988108 0.02028441 0.08597499 0.008332967 0.02106088 0.08259999 0.008332967 0.02106088 0.08597499 0.008332967 0.02106088 0.08259999 0.008332967 0.02106088 0.08597499 0.009109377 0.02240574 0.08259999 0.009109377 0.02240574 0.08597499 0.009109377 0.02240574 0.08259999 0.009109377 0.02240574 0.08597499 0.009109377 0.02395868 0.08259999 0.009109377 0.02395868 0.08597499 0.009109377 0.02395868 0.08259999 0.009109377 0.02395868 0.08597499 0.008332967 0.02530354 0.08259999 0.008332967 0.02530354 0.08597499 0.008332967 0.02530354 0.08259999 0.008332967 0.02530354 0.08597499 0.006988108 0.02607995 0.08259999 0.006988108 0.02607995 0.08597499 0.006988108 0.02607995 0.08259999 0.006988108 0.02607995 0.08597499 0.005435168 0.02607995 0.08259999 0.005435168 0.02607995 0.08597499 0.005435168 0.02607995 0.08259999 0.005435168 0.02607995 0.08597499 0.004090309 0.02530354 0.08259999 0.004090309 0.02530354 0.08597499 0.004090309 0.02530354 0.08259999 0.004090309 0.02530354 0.08597499 0.003313839 0.02395868 0.08259999 0.003313839 0.02395868 0.08597499 0.003313839 0.02395868 0.08259999 0.003313839 0.02395868 0.08597499 0.003313839 0.02240574 0.08259999 0.003313839 0.02240574 0.08597499 0.003313839 0.02240574 0.08259999 0.003313839 0.02240574 0.08597499 0.004090309 0.02106088 0.08259999 0.004090309 0.02106088 0.08597499 0.007384896 0.02597039 0.08599996 0.006988108 0.02607995 0.08597499 0.008332967 0.02530354 0.08597499 0.007384896 0.02597039 0.08599996 0.006991326 0.02609205 0.0859875 0.006988108 0.02607995 0.08597499 0.006589651 0.02618348 0.08599996 0.006988108 0.02607995 0.08597499 0.006589651 0.02618348 0.08599996 0.005435168 0.02607995 0.08597499 0.005435168 0.02607995 0.08597499 0.006589651 0.02618348 0.08599996 0.005428671 0.02610409 0.08599996 0.004090309 0.02530354 0.08597499 0.004072606 0.02532118 0.08599996 0.003313839 0.02395868 0.08597499 0.003289699 0.02396512 0.08599996 0.003289699 0.02396512 0.08599996 0.003313839 0.02240574 0.08597499 0.003289699 0.02239924 0.08599996 0.004090309 0.02106088 0.08597499 0.004072606 0.02104318 0.08599996 0.005435168 0.02028441 0.08597499 0.005428671 0.02026027 0.08599996 0.005428671 0.02026027 0.08599996 0.006988108 0.02028441 0.08597499 0.006994545 0.02026027 0.08599996 0.008332967 0.02106088 0.08597499 0.00835061 0.02104318 0.08599996 0.009109377 0.02240574 0.08597499 0.009133577 0.02239924 0.08599996 0.009109377 0.02395868 0.08597499 0.009133577 0.02396512 0.08599996 0.008332967 0.02530354 0.08597499 0.00835061 0.02532118 0.08599996 0.007384896 0.02597039 0.08599996 -0.01817262 0.01576846 0.078 -0.01817262 0.01576846 0.08259999 -0.01741051 0.01532846 0.078 -0.01741051 0.01532846 0.08259999 -0.01741051 0.01532846 0.078 -0.01741051 0.01532846 0.08259999 -0.01653057 0.01532846 0.078 -0.01653057 0.01532846 0.08259999 -0.01653057 0.01532846 0.078 -0.01653057 0.01532846 0.08259999 -0.01576846 0.01576846 0.078 -0.01576846 0.01576846 0.08259999 -0.01576846 0.01576846 0.078 -0.01576846 0.01576846 0.08259999 -0.01532846 0.01653057 0.078 -0.01532846 0.01653057 0.08259999 -0.01532846 0.01653057 0.078 -0.01532846 0.01653057 0.08259999 -0.01532846 0.01741051 0.078 -0.01532846 0.01741051 0.08259999 -0.01532846 0.01741051 0.078 -0.01532846 0.01741051 0.08259999 -0.01576846 0.01817262 0.078 -0.01576846 0.01817262 0.08259999 -0.01576846 0.01817262 0.078 -0.01576846 0.01817262 0.08259999 -0.01653057 0.01861262 0.078 -0.01653057 0.01861262 0.08259999 -0.01653057 0.01861262 0.078 -0.01653057 0.01861262 0.08259999 -0.01741051 0.01861262 0.078 -0.01741051 0.01861262 0.08259999 -0.01741051 0.01861262 0.078 -0.01741051 0.01861262 0.08259999 -0.01817262 0.01817262 0.078 -0.01817262 0.01817262 0.08259999 -0.01817262 0.01817262 0.078 -0.01817262 0.01817262 0.08259999 -0.01861262 0.01741051 0.078 -0.01861262 0.01741051 0.08259999 -0.01861262 0.01741051 0.078 -0.01861262 0.01741051 0.08259999 -0.01861262 0.01653057 0.078 -0.01861262 0.01653057 0.08259999 -0.01861262 0.01653057 0.078 -0.01861262 0.01653057 0.08259999 -0.01817262 0.01576846 0.078 -0.01817262 0.01576846 0.08259999 -0.01653057 0.01532846 0.08259999 -0.0161941 0.01407277 0.08259999 -0.01576846 0.01576846 0.08259999 -0.01484924 0.01484924 0.08259999 -0.01532846 0.01653057 0.08259999 -0.01407277 0.0161941 0.08259999 -0.01532846 0.01741051 0.08259999 -0.01407277 0.01774698 0.08259999 -0.01576846 0.01817262 0.08259999 -0.01484924 0.01909184 0.08259999 -0.01653057 0.01861262 0.08259999 -0.0161941 0.01986831 0.08259999 -0.01741051 0.01861262 0.08259999 -0.01774698 0.01986831 0.08259999 -0.01817262 0.01817262 0.08259999 -0.01909184 0.01909184 0.08259999 -0.01861262 0.01741051 0.08259999 -0.01986831 0.01774698 0.08259999 -0.01861262 0.01653057 0.08259999 -0.01986831 0.0161941 0.08259999 -0.01817262 0.01576846 0.08259999 -0.01909184 0.01484924 0.08259999 -0.01741051 0.01532846 0.08259999 -0.01774698 0.01407277 0.08259999 -0.01909184 0.01484924 0.08259999 -0.01909184 0.01484924 0.08597499 -0.01774698 0.01407277 0.08259999 -0.01774698 0.01407277 0.08597499 -0.01774698 0.01407277 0.08259999 -0.01774698 0.01407277 0.08597499 -0.0161941 0.01407277 0.08259999 -0.0161941 0.01407277 0.08597499 -0.0161941 0.01407277 0.08259999 -0.0161941 0.01407277 0.08597499 -0.01484924 0.01484924 0.08259999 -0.01484924 0.01484924 0.08597499 -0.01484924 0.01484924 0.08259999 -0.01484924 0.01484924 0.08597499 -0.01407277 0.0161941 0.08259999 -0.01407277 0.0161941 0.08597499 -0.01407277 0.0161941 0.08259999 -0.01407277 0.0161941 0.08597499 -0.01407277 0.01774698 0.08259999 -0.01407277 0.01774698 0.08597499 -0.01407277 0.01774698 0.08259999 -0.01407277 0.01774698 0.08597499 -0.01484924 0.01909184 0.08259999 -0.01484924 0.01909184 0.08597499 -0.01484924 0.01909184 0.08259999 -0.01484924 0.01909184 0.08597499 -0.0161941 0.01986831 0.08259999 -0.0161941 0.01986831 0.08597499 -0.0161941 0.01986831 0.08259999 -0.0161941 0.01986831 0.08597499 -0.01774698 0.01986831 0.08259999 -0.01774698 0.01986831 0.08597499 -0.01774698 0.01986831 0.08259999 -0.01774698 0.01986831 0.08597499 -0.01909184 0.01909184 0.08259999 -0.01909184 0.01909184 0.08597499 -0.01909184 0.01909184 0.08259999 -0.01909184 0.01909184 0.08597499 -0.01986831 0.01774698 0.08259999 -0.01986831 0.01774698 0.08597499 -0.01986831 0.01774698 0.08259999 -0.01986831 0.01774698 0.08597499 -0.01986831 0.0161941 0.08259999 -0.01986831 0.0161941 0.08597499 -0.01986831 0.0161941 0.08259999 -0.01986831 0.0161941 0.08597499 -0.01909184 0.01484924 0.08259999 -0.01909184 0.01484924 0.08597499 -0.01879858 0.01938068 0.08599996 -0.01909184 0.01909184 0.08597499 -0.01774698 0.01986831 0.08597499 -0.01879858 0.01938068 0.08599996 -0.01910072 0.01910072 0.0859875 -0.01909184 0.01909184 0.08597499 -0.01938068 0.01879858 0.08599996 -0.01909184 0.01909184 0.08597499 -0.01938068 0.01879858 0.08599996 -0.01986831 0.01774698 0.08597499 -0.01986831 0.01774698 0.08597499 -0.01938068 0.01879858 0.08599996 -0.01989245 0.01775348 0.08599996 -0.01989245 0.01775348 0.08599996 -0.01986831 0.0161941 0.08597499 -0.01989245 0.0161876 0.08599996 -0.01909184 0.01484924 0.08597499 -0.01910954 0.01483154 0.08599996 -0.01774698 0.01407277 0.08597499 -0.01775348 0.01404863 0.08599996 -0.0161941 0.01407277 0.08597499 -0.0161876 0.01404863 0.08599996 -0.01484924 0.01484924 0.08597499 -0.01483154 0.01483154 0.08599996 -0.01407277 0.0161941 0.08597499 -0.01404863 0.0161876 0.08599996 -0.01407277 0.01774698 0.08597499 -0.01404863 0.01775348 0.08599996 -0.01484924 0.01909184 0.08597499 -0.01483154 0.01910954 0.08599996 -0.0161941 0.01986831 0.08597499 -0.0161876 0.01989245 0.08599996 -0.01774698 0.01986831 0.08597499 -0.01775348 0.01989245 0.08599996 -0.01879858 0.01938068 0.08599996 -0.02438426 -0.007413685 0.078 -0.02438426 -0.007413685 0.08259999 -0.02362221 -0.007853686 0.078 -0.02362221 -0.007853686 0.08259999 -0.02362221 -0.007853686 0.078 -0.02362221 -0.007853686 0.08259999 -0.02274221 -0.007853686 0.078 -0.02274221 -0.007853686 0.08259999 -0.02274221 -0.007853686 0.078 -0.02274221 -0.007853686 0.08259999 -0.0219801 -0.007413685 0.078 -0.0219801 -0.007413685 0.08259999 -0.0219801 -0.007413685 0.078 -0.0219801 -0.007413685 0.08259999 -0.0215401 -0.006651639 0.078 -0.0215401 -0.006651639 0.08259999 -0.0215401 -0.006651639 0.078 -0.0215401 -0.006651639 0.08259999 -0.0215401 -0.005771636 0.078 -0.0215401 -0.005771636 0.08259999 -0.0215401 -0.005771636 0.078 -0.0215401 -0.005771636 0.08259999 -0.0219801 -0.005009531 0.078 -0.0219801 -0.005009531 0.08259999 -0.0219801 -0.005009531 0.078 -0.0219801 -0.005009531 0.08259999 -0.02274221 -0.00456953 0.078 -0.02274221 -0.00456953 0.08259999 -0.02274221 -0.00456953 0.078 -0.02274221 -0.00456953 0.08259999 -0.02362221 -0.00456953 0.078 -0.02362221 -0.00456953 0.08259999 -0.02362221 -0.00456953 0.078 -0.02362221 -0.00456953 0.08259999 -0.02438426 -0.005009531 0.078 -0.02438426 -0.005009531 0.08259999 -0.02438426 -0.005009531 0.078 -0.02438426 -0.005009531 0.08259999 -0.02482426 -0.005771636 0.078 -0.02482426 -0.005771636 0.08259999 -0.02482426 -0.005771636 0.078 -0.02482426 -0.005771636 0.08259999 -0.02482426 -0.006651639 0.078 -0.02482426 -0.006651639 0.08259999 -0.02482426 -0.006651639 0.078 -0.02482426 -0.006651639 0.08259999 -0.02438426 -0.007413685 0.078 -0.02438426 -0.007413685 0.08259999 -0.0219801 -0.007413685 0.08259999 -0.02106088 -0.008332967 0.08259999 -0.0215401 -0.006651639 0.08259999 -0.02028441 -0.006988108 0.08259999 -0.0215401 -0.005771636 0.08259999 -0.02028441 -0.005435168 0.08259999 -0.0219801 -0.005009531 0.08259999 -0.02106088 -0.004090309 0.08259999 -0.02274221 -0.00456953 0.08259999 -0.02240574 -0.003313839 0.08259999 -0.02362221 -0.00456953 0.08259999 -0.02395868 -0.003313839 0.08259999 -0.02438426 -0.005009531 0.08259999 -0.02530354 -0.004090309 0.08259999 -0.02482426 -0.005771636 0.08259999 -0.02607995 -0.005435168 0.08259999 -0.02482426 -0.006651639 0.08259999 -0.02607995 -0.006988108 0.08259999 -0.02438426 -0.007413685 0.08259999 -0.02530354 -0.008332967 0.08259999 -0.02362221 -0.007853686 0.08259999 -0.02395868 -0.009109377 0.08259999 -0.02274221 -0.007853686 0.08259999 -0.02240574 -0.009109377 0.08259999 -0.02530354 -0.008332967 0.08259999 -0.02530354 -0.008332967 0.08597499 -0.02395868 -0.009109377 0.08259999 -0.02395868 -0.009109377 0.08597499 -0.02395868 -0.009109377 0.08259999 -0.02395868 -0.009109377 0.08597499 -0.02240574 -0.009109377 0.08259999 -0.02240574 -0.009109377 0.08597499 -0.02240574 -0.009109377 0.08259999 -0.02240574 -0.009109377 0.08597499 -0.02106088 -0.008332967 0.08259999 -0.02106088 -0.008332967 0.08597499 -0.02106088 -0.008332967 0.08259999 -0.02106088 -0.008332967 0.08597499 -0.02028441 -0.006988108 0.08259999 -0.02028441 -0.006988108 0.08597499 -0.02028441 -0.006988108 0.08259999 -0.02028441 -0.006988108 0.08597499 -0.02028441 -0.005435168 0.08259999 -0.02028441 -0.005435168 0.08597499 -0.02028441 -0.005435168 0.08259999 -0.02028441 -0.005435168 0.08597499 -0.02106088 -0.004090309 0.08259999 -0.02106088 -0.004090309 0.08597499 -0.02106088 -0.004090309 0.08259999 -0.02106088 -0.004090309 0.08597499 -0.02240574 -0.003313839 0.08259999 -0.02240574 -0.003313839 0.08597499 -0.02240574 -0.003313839 0.08259999 -0.02240574 -0.003313839 0.08597499 -0.02395868 -0.003313839 0.08259999 -0.02395868 -0.003313839 0.08597499 -0.02395868 -0.003313839 0.08259999 -0.02395868 -0.003313839 0.08597499 -0.02530354 -0.004090309 0.08259999 -0.02530354 -0.004090309 0.08597499 -0.02530354 -0.004090309 0.08259999 -0.02530354 -0.004090309 0.08597499 -0.02607995 -0.005435168 0.08259999 -0.02607995 -0.005435168 0.08597499 -0.02607995 -0.005435168 0.08259999 -0.02607995 -0.005435168 0.08597499 -0.02607995 -0.006988108 0.08259999 -0.02607995 -0.006988108 0.08597499 -0.02607995 -0.006988108 0.08259999 -0.02607995 -0.006988108 0.08597499 -0.02530354 -0.008332967 0.08259999 -0.02530354 -0.008332967 0.08597499 -0.02618348 -0.006589651 0.08599996 -0.02607995 -0.006988108 0.08597499 -0.02607995 -0.005435168 0.08597499 -0.02618348 -0.006589651 0.08599996 -0.02609205 -0.006991326 0.0859875 -0.02607995 -0.006988108 0.08597499 -0.02597039 -0.007384896 0.08599996 -0.02607995 -0.006988108 0.08597499 -0.02597039 -0.007384896 0.08599996 -0.02530354 -0.008332967 0.08597499 -0.02530354 -0.008332967 0.08597499 -0.02597039 -0.007384896 0.08599996 -0.02532118 -0.00835061 0.08599996 -0.02532118 -0.00835061 0.08599996 -0.02395868 -0.009109377 0.08597499 -0.02396512 -0.009133577 0.08599996 -0.02396512 -0.009133577 0.08599996 -0.02240574 -0.009109377 0.08597499 -0.02239924 -0.009133577 0.08599996 -0.02106088 -0.008332967 0.08597499 -0.02104318 -0.00835061 0.08599996 -0.02028441 -0.006988108 0.08597499 -0.02026027 -0.006994545 0.08599996 -0.02026027 -0.006994545 0.08599996 -0.02028441 -0.005435168 0.08597499 -0.02026027 -0.005428671 0.08599996 -0.02026027 -0.005428671 0.08599996 -0.02106088 -0.004090309 0.08597499 -0.02104318 -0.004072606 0.08599996 -0.02104318 -0.004072606 0.08599996 -0.02240574 -0.003313839 0.08597499 -0.02239924 -0.003289699 0.08599996 -0.02239924 -0.003289699 0.08599996 -0.02395868 -0.003313839 0.08597499 -0.02396512 -0.003289699 0.08599996 -0.02530354 -0.004090309 0.08597499 -0.02532118 -0.004072606 0.08599996 -0.02607995 -0.005435168 0.08597499 -0.02610409 -0.005428671 0.08599996 -0.02618348 -0.006589651 0.08599996 -0.007413685 -0.02438426 0.078 -0.007413685 -0.02438426 0.08259999 -0.006651639 -0.02482426 0.078 -0.006651639 -0.02482426 0.08259999 -0.006651639 -0.02482426 0.078 -0.006651639 -0.02482426 0.08259999 -0.005771636 -0.02482426 0.078 -0.005771636 -0.02482426 0.08259999 -0.005771636 -0.02482426 0.078 -0.005771636 -0.02482426 0.08259999 -0.005009531 -0.02438426 0.078 -0.005009531 -0.02438426 0.08259999 -0.005009531 -0.02438426 0.078 -0.005009531 -0.02438426 0.08259999 -0.00456953 -0.02362221 0.078 -0.00456953 -0.02362221 0.08259999 -0.00456953 -0.02362221 0.078 -0.00456953 -0.02362221 0.08259999 -0.00456953 -0.02274221 0.078 -0.00456953 -0.02274221 0.08259999 -0.00456953 -0.02274221 0.078 -0.00456953 -0.02274221 0.08259999 -0.005009531 -0.0219801 0.078 -0.005009531 -0.0219801 0.08259999 -0.005009531 -0.0219801 0.078 -0.005009531 -0.0219801 0.08259999 -0.005771636 -0.0215401 0.078 -0.005771636 -0.0215401 0.08259999 -0.005771636 -0.0215401 0.078 -0.005771636 -0.0215401 0.08259999 -0.006651639 -0.0215401 0.078 -0.006651639 -0.0215401 0.08259999 -0.006651639 -0.0215401 0.078 -0.006651639 -0.0215401 0.08259999 -0.007413685 -0.0219801 0.078 -0.007413685 -0.0219801 0.08259999 -0.007413685 -0.0219801 0.078 -0.007413685 -0.0219801 0.08259999 -0.007853686 -0.02274221 0.078 -0.007853686 -0.02274221 0.08259999 -0.007853686 -0.02274221 0.078 -0.007853686 -0.02274221 0.08259999 -0.007853686 -0.02362221 0.078 -0.007853686 -0.02362221 0.08259999 -0.007853686 -0.02362221 0.078 -0.007853686 -0.02362221 0.08259999 -0.007413685 -0.02438426 0.078 -0.007413685 -0.02438426 0.08259999 -0.00456953 -0.02274221 0.08259999 -0.003313839 -0.02240574 0.08259999 -0.005009531 -0.0219801 0.08259999 -0.004090309 -0.02106088 0.08259999 -0.005771636 -0.0215401 0.08259999 -0.005435168 -0.02028441 0.08259999 -0.006651639 -0.0215401 0.08259999 -0.006988108 -0.02028441 0.08259999 -0.007413685 -0.0219801 0.08259999 -0.008332967 -0.02106088 0.08259999 -0.007853686 -0.02274221 0.08259999 -0.009109377 -0.02240574 0.08259999 -0.007853686 -0.02362221 0.08259999 -0.009109377 -0.02395868 0.08259999 -0.007413685 -0.02438426 0.08259999 -0.008332967 -0.02530354 0.08259999 -0.006651639 -0.02482426 0.08259999 -0.006988108 -0.02607995 0.08259999 -0.005771636 -0.02482426 0.08259999 -0.005435168 -0.02607995 0.08259999 -0.005009531 -0.02438426 0.08259999 -0.004090309 -0.02530354 0.08259999 -0.00456953 -0.02362221 0.08259999 -0.003313839 -0.02395868 0.08259999 -0.008332967 -0.02530354 0.08259999 -0.008332967 -0.02530354 0.08597499 -0.006988108 -0.02607995 0.08259999 -0.006988108 -0.02607995 0.08597499 -0.006988108 -0.02607995 0.08259999 -0.006988108 -0.02607995 0.08597499 -0.005435168 -0.02607995 0.08259999 -0.005435168 -0.02607995 0.08597499 -0.005435168 -0.02607995 0.08259999 -0.005435168 -0.02607995 0.08597499 -0.004090309 -0.02530354 0.08259999 -0.004090309 -0.02530354 0.08597499 -0.004090309 -0.02530354 0.08259999 -0.004090309 -0.02530354 0.08597499 -0.003313839 -0.02395868 0.08259999 -0.003313839 -0.02395868 0.08597499 -0.003313839 -0.02395868 0.08259999 -0.003313839 -0.02395868 0.08597499 -0.003313839 -0.02240574 0.08259999 -0.003313839 -0.02240574 0.08597499 -0.003313839 -0.02240574 0.08259999 -0.003313839 -0.02240574 0.08597499 -0.004090309 -0.02106088 0.08259999 -0.004090309 -0.02106088 0.08597499 -0.004090309 -0.02106088 0.08259999 -0.004090309 -0.02106088 0.08597499 -0.005435168 -0.02028441 0.08259999 -0.005435168 -0.02028441 0.08597499 -0.005435168 -0.02028441 0.08259999 -0.005435168 -0.02028441 0.08597499 -0.006988108 -0.02028441 0.08259999 -0.006988108 -0.02028441 0.08597499 -0.006988108 -0.02028441 0.08259999 -0.006988108 -0.02028441 0.08597499 -0.008332967 -0.02106088 0.08259999 -0.008332967 -0.02106088 0.08597499 -0.008332967 -0.02106088 0.08259999 -0.008332967 -0.02106088 0.08597499 -0.009109377 -0.02240574 0.08259999 -0.009109377 -0.02240574 0.08597499 -0.009109377 -0.02240574 0.08259999 -0.009109377 -0.02240574 0.08597499 -0.009109377 -0.02395868 0.08259999 -0.009109377 -0.02395868 0.08597499 -0.009109377 -0.02395868 0.08259999 -0.009109377 -0.02395868 0.08597499 -0.008332967 -0.02530354 0.08259999 -0.008332967 -0.02530354 0.08597499 -0.007384896 -0.02597039 0.08599996 -0.006988108 -0.02607995 0.08597499 -0.008332967 -0.02530354 0.08597499 -0.007384896 -0.02597039 0.08599996 -0.006991326 -0.02609205 0.0859875 -0.006988108 -0.02607995 0.08597499 -0.006589651 -0.02618348 0.08599996 -0.006988108 -0.02607995 0.08597499 -0.006589651 -0.02618348 0.08599996 -0.005435168 -0.02607995 0.08597499 -0.005435168 -0.02607995 0.08597499 -0.006589651 -0.02618348 0.08599996 -0.005428671 -0.02610409 0.08599996 -0.004090309 -0.02530354 0.08597499 -0.004072606 -0.02532118 0.08599996 -0.003313839 -0.02395868 0.08597499 -0.003289699 -0.02396512 0.08599996 -0.003289699 -0.02396512 0.08599996 -0.003313839 -0.02240574 0.08597499 -0.003289699 -0.02239924 0.08599996 -0.004090309 -0.02106088 0.08597499 -0.004072606 -0.02104318 0.08599996 -0.005435168 -0.02028441 0.08597499 -0.005428671 -0.02026027 0.08599996 -0.005428671 -0.02026027 0.08599996 -0.006988108 -0.02028441 0.08597499 -0.006994545 -0.02026027 0.08599996 -0.008332967 -0.02106088 0.08597499 -0.00835061 -0.02104318 0.08599996 -0.009109377 -0.02240574 0.08597499 -0.009133577 -0.02239924 0.08599996 -0.009109377 -0.02395868 0.08597499 -0.009133577 -0.02396512 0.08599996 -0.008332967 -0.02530354 0.08597499 -0.00835061 -0.02532118 0.08599996 -0.007384896 -0.02597039 0.08599996 0.01576846 -0.01817262 0.078 0.01576846 -0.01817262 0.08259999 0.01653057 -0.01861262 0.078 0.01653057 -0.01861262 0.08259999 0.01653057 -0.01861262 0.078 0.01653057 -0.01861262 0.08259999 0.01741051 -0.01861262 0.078 0.01741051 -0.01861262 0.08259999 0.01741051 -0.01861262 0.078 0.01741051 -0.01861262 0.08259999 0.01817262 -0.01817262 0.078 0.01817262 -0.01817262 0.08259999 0.01817262 -0.01817262 0.078 0.01817262 -0.01817262 0.08259999 0.01861262 -0.01741051 0.078 0.01861262 -0.01741051 0.08259999 0.01861262 -0.01741051 0.078 0.01861262 -0.01741051 0.08259999 0.01861262 -0.01653057 0.078 0.01861262 -0.01653057 0.08259999 0.01861262 -0.01653057 0.078 0.01861262 -0.01653057 0.08259999 0.01817262 -0.01576846 0.078 0.01817262 -0.01576846 0.08259999 0.01817262 -0.01576846 0.078 0.01817262 -0.01576846 0.08259999 0.01741051 -0.01532846 0.078 0.01741051 -0.01532846 0.08259999 0.01741051 -0.01532846 0.078 0.01741051 -0.01532846 0.08259999 0.01653057 -0.01532846 0.078 0.01653057 -0.01532846 0.08259999 0.01653057 -0.01532846 0.078 0.01653057 -0.01532846 0.08259999 0.01576846 -0.01576846 0.078 0.01576846 -0.01576846 0.08259999 0.01576846 -0.01576846 0.078 0.01576846 -0.01576846 0.08259999 0.01532846 -0.01653057 0.078 0.01532846 -0.01653057 0.08259999 0.01532846 -0.01653057 0.078 0.01532846 -0.01653057 0.08259999 0.01532846 -0.01741051 0.078 0.01532846 -0.01741051 0.08259999 0.01532846 -0.01741051 0.078 0.01532846 -0.01741051 0.08259999 0.01576846 -0.01817262 0.078 0.01576846 -0.01817262 0.08259999 0.01653057 -0.01532846 0.08259999 0.0161941 -0.01407277 0.08259999 0.01576846 -0.01576846 0.08259999 0.01484924 -0.01484924 0.08259999 0.01532846 -0.01653057 0.08259999 0.01407277 -0.0161941 0.08259999 0.01532846 -0.01741051 0.08259999 0.01407277 -0.01774698 0.08259999 0.01576846 -0.01817262 0.08259999 0.01484924 -0.01909184 0.08259999 0.01653057 -0.01861262 0.08259999 0.0161941 -0.01986831 0.08259999 0.01741051 -0.01861262 0.08259999 0.01774698 -0.01986831 0.08259999 0.01817262 -0.01817262 0.08259999 0.01909184 -0.01909184 0.08259999 0.01861262 -0.01741051 0.08259999 0.01986831 -0.01774698 0.08259999 0.01861262 -0.01653057 0.08259999 0.01986831 -0.0161941 0.08259999 0.01817262 -0.01576846 0.08259999 0.01909184 -0.01484924 0.08259999 0.01741051 -0.01532846 0.08259999 0.01774698 -0.01407277 0.08259999 0.01484924 -0.01909184 0.08259999 0.01484924 -0.01909184 0.08597499 0.0161941 -0.01986831 0.08259999 0.0161941 -0.01986831 0.08597499 0.0161941 -0.01986831 0.08259999 0.0161941 -0.01986831 0.08597499 0.01774698 -0.01986831 0.08259999 0.01774698 -0.01986831 0.08597499 0.01774698 -0.01986831 0.08259999 0.01774698 -0.01986831 0.08597499 0.01909184 -0.01909184 0.08259999 0.01909184 -0.01909184 0.08597499 0.01909184 -0.01909184 0.08259999 0.01909184 -0.01909184 0.08597499 0.01986831 -0.01774698 0.08259999 0.01986831 -0.01774698 0.08597499 0.01986831 -0.01774698 0.08259999 0.01986831 -0.01774698 0.08597499 0.01986831 -0.0161941 0.08259999 0.01986831 -0.0161941 0.08597499 0.01986831 -0.0161941 0.08259999 0.01986831 -0.0161941 0.08597499 0.01909184 -0.01484924 0.08259999 0.01909184 -0.01484924 0.08597499 0.01909184 -0.01484924 0.08259999 0.01909184 -0.01484924 0.08597499 0.01774698 -0.01407277 0.08259999 0.01774698 -0.01407277 0.08597499 0.01774698 -0.01407277 0.08259999 0.01774698 -0.01407277 0.08597499 0.0161941 -0.01407277 0.08259999 0.0161941 -0.01407277 0.08597499 0.0161941 -0.01407277 0.08259999 0.0161941 -0.01407277 0.08597499 0.01484924 -0.01484924 0.08259999 0.01484924 -0.01484924 0.08597499 0.01484924 -0.01484924 0.08259999 0.01484924 -0.01484924 0.08597499 0.01407277 -0.0161941 0.08259999 0.01407277 -0.0161941 0.08597499 0.01407277 -0.0161941 0.08259999 0.01407277 -0.0161941 0.08597499 0.01407277 -0.01774698 0.08259999 0.01407277 -0.01774698 0.08597499 0.01407277 -0.01774698 0.08259999 0.01407277 -0.01774698 0.08597499 0.01484924 -0.01909184 0.08259999 0.01484924 -0.01909184 0.08597499 0.01879858 -0.01938068 0.08599996 0.01909184 -0.01909184 0.08597499 0.01774698 -0.01986831 0.08597499 0.01879858 -0.01938068 0.08599996 0.01910072 -0.01910072 0.0859875 0.01909184 -0.01909184 0.08597499 0.01938068 -0.01879858 0.08599996 0.01909184 -0.01909184 0.08597499 0.01938068 -0.01879858 0.08599996 0.01986831 -0.01774698 0.08597499 0.01986831 -0.01774698 0.08597499 0.01938068 -0.01879858 0.08599996 0.01989245 -0.01775348 0.08599996 0.01989245 -0.01775348 0.08599996 0.01986831 -0.0161941 0.08597499 0.01989245 -0.0161876 0.08599996 0.01909184 -0.01484924 0.08597499 0.01910954 -0.01483154 0.08599996 0.01774698 -0.01407277 0.08597499 0.01775348 -0.01404863 0.08599996 0.0161941 -0.01407277 0.08597499 0.0161876 -0.01404863 0.08599996 0.01484924 -0.01484924 0.08597499 0.01483154 -0.01483154 0.08599996 0.01407277 -0.0161941 0.08597499 0.01404863 -0.0161876 0.08599996 0.01407277 -0.01774698 0.08597499 0.01404863 -0.01775348 0.08599996 0.01484924 -0.01909184 0.08597499 0.01483154 -0.01910954 0.08599996 0.0161941 -0.01986831 0.08597499 0.0161876 -0.01989245 0.08599996 0.01774698 -0.01986831 0.08597499 0.01775348 -0.01989245 0.08599996 0.01879858 -0.01938068 0.08599996 0.01775348 0.01024997 0.07849997 0.0181865 0.01049995 0.078 0.01980143 0.005305767 0.07849997 0.02028441 0.005435168 0.078 0.0205 0 0.07849997 0.02099996 0 0.078 0.01980143 -0.005305767 0.07849997 0.02028441 -0.005435168 0.078 0.01775348 -0.01024997 0.07849997 0.0181865 -0.01049995 0.078 0.01449567 -0.01449567 0.07849997 0.01484924 -0.01484924 0.078 0.01024997 -0.01775348 0.07849997 0.01049995 -0.0181865 0.078 0.005305767 -0.01980143 0.07849997 0.005435168 -0.02028441 0.078 0 -0.0205 0.07849997 0 -0.02099996 0.078 -0.005305767 -0.01980143 0.07849997 -0.005435168 -0.02028441 0.078 -0.01024997 -0.01775348 0.07849997 -0.01049995 -0.0181865 0.078 -0.01449567 -0.01449567 0.07849997 -0.01484924 -0.01484924 0.078 -0.01775348 -0.01024997 0.07849997 -0.0181865 -0.01049995 0.078 -0.01980143 -0.005305767 0.07849997 -0.02028441 -0.005435168 0.078 -0.0205 0 0.07849997 -0.02099996 0 0.078 -0.01980143 0.005305767 0.07849997 -0.02028441 0.005435168 0.078 -0.01775348 0.01024997 0.07849997 -0.0181865 0.01049995 0.078 -0.01449567 0.01449567 0.07849997 -0.01484924 0.01484924 0.078 -0.01024997 0.01775348 0.07849997 -0.01049995 0.0181865 0.078 -0.005305767 0.01980143 0.07849997 -0.005435168 0.02028441 0.078 0 0.0205 0.07849997 0 0.02099996 0.078 0.005305767 0.01980143 0.07849997 0.005435168 0.02028441 0.078 0.01024997 0.01775348 0.07849997 0.01049995 0.0181865 0.078 0.01449567 0.01449567 0.07849997 0.01484924 0.01484924 0.078 0.01568984 0.008821964 0.08499997 0.01612567 0.009066998 0.08449995 0.01748818 0.004261732 0.08499997 0.01797395 0.004380106 0.08449995 0.01798945 -0.00061454 0.08499997 0.01848918 -0.000631611 0.08449995 0.0171566 -0.005445241 0.08499997 0.01763314 -0.005596518 0.08449995 0.01505124 -0.009872078 0.08499997 0.01546937 -0.01014631 0.08449995 0.01182961 -0.01356679 0.08499997 0.01215821 -0.01394367 0.08449995 0.007730662 -0.01625531 0.08499997 0.007945418 -0.01670688 0.08449995 0.003058373 -0.01773822 0.08499997 0.00314331 -0.01823097 0.08449995 -0.00184071 -0.01790559 0.08499997 -0.001891851 -0.01840299 0.08449995 -0.00660336 -0.01674497 0.08499997 -0.006786763 -0.01721012 0.08449995 -0.01087623 -0.01434248 0.08499997 -0.01117837 -0.01474088 0.08449995 -0.01434248 -0.01087623 0.08499997 -0.01474088 -0.01117837 0.08449995 -0.01674497 -0.00660336 0.08499997 -0.01721012 -0.006786763 0.08449995 -0.01790559 -0.00184071 0.08499997 -0.01840299 -0.001891851 0.08449995 -0.01773822 0.003058373 0.08499997 -0.01823097 0.00314331 0.08449995 -0.01625531 0.007730662 0.08499997 -0.01670688 0.007945418 0.08449995 -0.01356679 0.01182961 0.08499997 -0.01394367 0.01215821 0.08449995 -0.009872078 0.01505124 0.08499997 -0.01014631 0.01546937 0.08449995 -0.005445241 0.0171566 0.08499997 -0.005596518 0.01763314 0.08449995 -0.00061454 0.01798945 0.08499997 -0.000631611 0.01848918 0.08449995 0.004261732 0.01748818 0.08499997 0.004380106 0.01797395 0.08449995 0.008821964 0.01568984 0.08499997 0.008821964 0.01568984 0.08499997 0.009066998 0.01612567 0.08449995 0.01272791 0.01272791 0.08499997 0.01308143 0.01308143 0.08449995 -0.01612567 -0.009066998 0.08599996 -0.01308143 -0.01308143 0.08599996 -0.01434248 -0.01087623 0.0855 -0.01568984 -0.008821964 0.0855 -0.01612567 -0.009066998 0.08599996 -0.01674497 -0.00660336 0.0855 -0.01797395 -0.004380106 0.08599996 -0.01748818 -0.004261732 0.0855 -0.01797395 -0.004380106 0.08599996 -0.01790559 -0.00184071 0.0855 -0.01848918 0.000631611 0.08599996 -0.01798945 0.00061454 0.0855 -0.01848918 0.000631611 0.08599996 -0.01773822 0.003058373 0.0855 -0.01763314 0.005596518 0.08599996 -0.0171566 0.005445241 0.0855 -0.01763314 0.005596518 0.08599996 -0.01625531 0.007730662 0.0855 -0.01546937 0.01014631 0.08599996 -0.01505124 0.009872078 0.0855 -0.01546937 0.01014631 0.08599996 -0.01356679 0.01182961 0.0855 -0.01215821 0.01394367 0.08599996 -0.01182961 0.01356679 0.0855 -0.01215821 0.01394367 0.08599996 -0.009872078 0.01505124 0.0855 -0.007945418 0.01670688 0.08599996 -0.007730662 0.01625531 0.0855 -0.007945418 0.01670688 0.08599996 -0.005445241 0.0171566 0.0855 -0.00314331 0.01823097 0.08599996 -0.003058373 0.01773822 0.0855 -0.00314331 0.01823097 0.08599996 -0.00061454 0.01798945 0.0855 0.001891851 0.01840299 0.08599996 0.00184071 0.01790559 0.0855 0.001891851 0.01840299 0.08599996 0.004261732 0.01748818 0.0855 0.006786763 0.01721012 0.08599996 0.00660336 0.01674497 0.0855 0.006786763 0.01721012 0.08599996 0.008821964 0.01568984 0.0855 0.01117837 0.01474088 0.08599996 0.01087623 0.01434248 0.0855 0.01272791 0.01272791 0.0855 0.01474088 0.01117837 0.08599996 0.01434248 0.01087623 0.0855 0.01474088 0.01117837 0.08599996 0.01568984 0.008821964 0.0855 0.01721012 0.006786763 0.08599996 0.01674497 0.00660336 0.0855 0.01721012 0.006786763 0.08599996 0.01748818 0.004261732 0.0855 0.01840299 0.001891851 0.08599996 0.01790559 0.00184071 0.0855 0.01840299 0.001891851 0.08599996 0.01798945 -0.00061454 0.0855 0.01823097 -0.00314331 0.08599996 0.01773822 -0.003058373 0.0855 0.01823097 -0.00314331 0.08599996 0.0171566 -0.005445241 0.0855 0.01670688 -0.007945418 0.08599996 0.01625531 -0.007730662 0.0855 0.01670688 -0.007945418 0.08599996 0.01505124 -0.009872078 0.0855 0.01394367 -0.01215821 0.08599996 0.01356679 -0.01182961 0.0855 0.01394367 -0.01215821 0.08599996 0.01182961 -0.01356679 0.0855 0.01014631 -0.01546937 0.08599996 0.009872078 -0.01505124 0.0855 0.01014631 -0.01546937 0.08599996 0.007730662 -0.01625531 0.0855 0.005596518 -0.01763314 0.08599996 0.005445241 -0.0171566 0.0855 0.005596518 -0.01763314 0.08599996 0.003058373 -0.01773822 0.0855 0.000631611 -0.01848918 0.08599996 0.00061454 -0.01798945 0.0855 0.000631611 -0.01848918 0.08599996 -0.00184071 -0.01790559 0.0855 -0.004380106 -0.01797395 0.08599996 -0.004261732 -0.01748818 0.0855 -0.004380106 -0.01797395 0.08599996 -0.00660336 -0.01674497 0.0855 -0.009066998 -0.01612567 0.08599996 -0.008821964 -0.01568984 0.0855 -0.009066998 -0.01612567 0.08599996 -0.01087623 -0.01434248 0.0855 -0.01308143 -0.01308143 0.08599996 -0.01272791 -0.01272791 0.0855 -0.02595674 -0.009082674 0.0855 -0.02609205 -0.006991326 0.0859875 -0.02618348 -0.006589651 0.08599996 -0.02732706 -0.003078997 0.0855 0.01463085 -0.02328491 0.0855 0.01944541 -0.01944541 0.0855 0.01879858 -0.01938068 0.08599996 0.02286154 -0.01436483 0.08599996 0.01938068 -0.01879858 0.08599996 0.01910072 -0.01910072 0.0859875 0.02595674 0.009082674 0.0855 0.02609205 0.006991326 0.0859875 0.02618348 0.006589651 0.08599996 0.02732706 0.003078997 0.0855 -0.01463085 0.02328491 0.0855 -0.01944541 0.01944541 0.0855 -0.01879858 0.01938068 0.08599996 -0.02286154 0.01436483 0.08599996 -0.01938068 0.01879858 0.08599996 -0.01944541 0.01944541 0.0855 -0.01910072 0.01910072 0.0859875 -0.01436483 0.02286154 0.08599996 -0.00891751 0.0254848 0.08599996 -0.009082674 0.02595674 0.0855 -0.003023028 0.02683019 0.08599996 -0.003078997 0.02732706 0.0855 0.003023028 0.02683019 0.08599996 0.003078997 0.02732706 0.0855 0.006589651 0.02618348 0.08599996 0.009082674 0.02595674 0.0855 0.006991326 0.02609205 0.0859875 0.007384896 0.02597039 0.08599996 -0.02683019 -0.003023028 0.08599996 -0.02683019 0.003023028 0.08599996 -0.02683019 0.003023028 0.08599996 -0.02732706 0.003078997 0.0855 -0.0254848 0.00891751 0.08599996 -0.02595674 0.009082674 0.0855 -0.02328491 0.01463085 0.0855 -0.007384896 -0.02597039 0.08599996 -0.00891751 -0.0254848 0.08599996 -0.009082674 -0.02595674 0.0855 -0.009082674 -0.02595674 0.0855 -0.01436483 -0.02286154 0.08599996 -0.01463085 -0.02328491 0.0855 -0.01909184 -0.01909184 0.08599996 -0.01909184 -0.01909184 0.08599996 -0.01944541 -0.01944541 0.0855 -0.02286154 -0.01436483 0.08599996 -0.02328491 -0.01463085 0.0855 -0.0254848 -0.00891751 0.08599996 -0.02597039 -0.007384896 0.08599996 0.01436483 -0.02286154 0.08599996 0.00891751 -0.0254848 0.08599996 0.009082674 -0.02595674 0.0855 0.003023028 -0.02683019 0.08599996 0.003078997 -0.02732706 0.0855 -0.003023028 -0.02683019 0.08599996 -0.003078997 -0.02732706 0.0855 -0.006589651 -0.02618348 0.08599996 -0.006991326 -0.02609205 0.0859875 0.02683019 0.003023028 0.08599996 0.02683019 -0.003023028 0.08599996 0.02732706 -0.003078997 0.0855 0.0254848 -0.00891751 0.08599996 0.02595674 -0.009082674 0.0855 0.02328491 -0.01463085 0.0855 0.00891751 0.0254848 0.08599996 0.009082674 0.02595674 0.0855 0.01436483 0.02286154 0.08599996 0.01436483 0.02286154 0.08599996 0.01463085 0.02328491 0.0855 0.01909184 0.01909184 0.08599996 0.01909184 0.01909184 0.08599996 0.01944541 0.01944541 0.0855 0.02286154 0.01436483 0.08599996 0.02328491 0.01463085 0.0855 0.02286154 0.01436483 0.08599996 0.0254848 0.00891751 0.08599996 0.02595674 0.009082674 0.0855 0.02597039 0.007384896 0.08599996 -0.02595674 -0.009082674 0.07849997 -0.02732706 -0.003078997 0.07849997 -0.0268175 -0.003133952 0.078 -0.02683019 -0.003023028 0.078 -0.02732706 0.003078997 0.07849997 -0.02683019 0.003023028 0.078 -0.02328491 0.01463085 0.07849997 -0.02479159 0.01069462 0.078 -0.02595674 0.009082674 0.07849997 -0.0254848 0.00891751 0.078 -0.0254848 0.00891751 0.078 -0.0268175 0.003133952 0.078 -0.009082674 0.02595674 0.07849997 -0.01436483 0.02286154 0.078 -0.01463085 0.02328491 0.07849997 -0.01436483 0.02286154 0.078 -0.01909184 0.01909184 0.078 -0.01944541 0.01944541 0.07849997 -0.01909184 0.01909184 0.078 -0.02165764 0.01612281 0.078 -0.02328491 0.01463085 0.07849997 -0.02286154 0.01436483 0.078 0.003078997 0.02732706 0.07849997 -0.003023028 0.02683019 0.078 -0.003078997 0.02732706 0.07849997 -0.003133952 0.0268175 0.078 -0.00891751 0.0254848 0.078 0.00891751 0.0254848 0.078 0.003133952 0.0268175 0.078 0.003023028 0.02683019 0.078 0.009082674 0.02595674 0.07849997 0.01463085 0.02328491 0.07849997 0.01436483 0.02286154 0.078 0.01944541 0.01944541 0.07849997 0.01909184 0.01909184 0.078 0.02328491 0.01463085 0.07849997 0.02286154 0.01436483 0.078 0.02595674 0.009082674 0.07849997 0.0254848 0.00891751 0.078 0.0268175 0.003133952 0.078 0.02732706 0.003078997 0.07849997 0.02683019 0.003023028 0.078 0.02732706 -0.003078997 0.07849997 0.02683019 -0.003023028 0.078 0.02328491 -0.01463085 0.07849997 0.02479159 -0.01069462 0.078 0.02595674 -0.009082674 0.07849997 0.0254848 -0.00891751 0.078 0.0268175 -0.003133952 0.078 0.009082674 -0.02595674 0.07849997 0.01436483 -0.02286154 0.078 0.01463085 -0.02328491 0.07849997 0.01436483 -0.02286154 0.078 0.01909184 -0.01909184 0.078 0.01944541 -0.01944541 0.07849997 0.01909184 -0.01909184 0.078 0.02165764 -0.01612281 0.078 0.02165764 -0.01612281 0.078 0.02286154 -0.01436483 0.078 -0.003078997 -0.02732706 0.07849997 0.003023028 -0.02683019 0.078 0.003078997 -0.02732706 0.07849997 0.003133952 -0.0268175 0.078 0.00891751 -0.0254848 0.078 -0.00891751 -0.0254848 0.078 -0.003133952 -0.0268175 0.078 -0.003023028 -0.02683019 0.078 -0.0254848 -0.00891751 0.078 -0.02286154 -0.01436483 0.078 -0.02328491 -0.01463085 0.07849997 -0.02286154 -0.01436483 0.078 -0.01909184 -0.01909184 0.078 -0.01944541 -0.01944541 0.07849997 -0.01909184 -0.01909184 0.078 -0.01436483 -0.02286154 0.078 -0.01463085 -0.02328491 0.07849997 -0.01436483 -0.02286154 0.078 -0.00891751 -0.0254848 0.078 -0.009082674 -0.02595674 0.07849997 -0.05799996 -0.008983135 0.02044934 -0.05499994 -0.008509993 0.02392899 -0.05799996 -0.008509993 0.02392899 -0.05499994 -0.006741344 0.02696269 -0.05799996 -0.006741344 0.02696269 -0.05799996 -0.006741344 0.02696269 -0.05499994 -0.006741344 0.02696269 -0.05499994 -0.003946363 0.02908861 -0.05799996 -0.003946363 0.02908861 -0.05499994 -0.000550616 0.0299831 -0.05799996 -0.000550616 0.0299831 -0.05799996 -0.000550616 0.0299831 -0.05499994 -0.000550616 0.0299831 -0.05499994 0.002928972 0.02951002 -0.05799996 0.002928972 0.02951002 -0.05799996 0.002928972 0.02951002 -0.05499994 0.002928972 0.02951002 -0.05499994 0.005962669 0.02774137 -0.05799996 0.005962669 0.02774137 -0.05499994 0.008088588 0.02494639 -0.05799996 0.008088588 0.02494639 -0.05799996 0.008088588 0.02494639 -0.05499994 0.008088588 0.02494639 -0.05499994 0.008983135 0.02155059 -0.05799996 0.008983135 0.02155059 -0.05799996 0.008983135 0.02155059 -0.05499994 0.008983135 0.02155059 -0.05499994 0.008509993 0.01807099 -0.05799996 0.008509993 0.01807099 -0.05499994 0.006741344 0.01503729 -0.05799996 0.006741344 0.01503729 -0.05799996 0.006741344 0.01503729 -0.05499994 0.006741344 0.01503729 -0.05499994 0.003946363 0.01291131 -0.05799996 0.003946363 0.01291131 -0.05799996 0.003946363 0.01291131 -0.05499994 0.003946363 0.01291131 -0.05499994 0.000550616 0.01201683 -0.05799996 0.000550616 0.01201683 -0.05799996 0.000550616 0.01201683 -0.05499994 0.000550616 0.01201683 -0.05499994 -0.002928972 0.01248991 -0.05799996 -0.002928972 0.01248991 -0.05499994 -0.005962669 0.01425856 -0.05799996 -0.005962669 0.01425856 -0.05799996 -0.005962669 0.01425856 -0.05499994 -0.005962669 0.01425856 -0.05499994 -0.008088588 0.0170536 -0.05799996 -0.008088588 0.0170536 -0.05799996 -0.008088588 0.0170536 -0.05499994 -0.008088588 0.0170536 -0.05499994 -0.008983135 0.02044934 -0.05799996 -0.008983135 0.02044934 -0.05499994 -0.008983135 0.02044934 -0.05849999 -0.003099858 0.01586282 -0.05849999 -0.005631387 0.01463311 -0.05849999 -0.005132138 0.01789182 -0.05849999 -0.007639229 0.01727283 -0.05849999 -0.005988717 0.02063292 -0.05849999 -0.008484065 0.02047997 -0.05849999 -0.005473315 0.02345806 -0.05849999 -0.008037269 0.02376627 -0.05849999 -0.003704071 0.02572011 -0.05849999 0.005902528 0.01992321 -0.05849999 0.008037269 0.01823371 -0.05849999 0.004726052 0.01730346 -0.05849999 0.006366848 0.01536852 -0.05849999 0.002466857 0.01553052 -0.05849999 0.003727138 0.01336073 -0.05849999 -0.000357465 0.01501065 -0.05849999 0.000520026 0.0125159 -0.05849999 -0.002766251 0.01296269 -0.05849999 -0.006366848 0.02663141 -0.05849999 -0.003727138 0.02863925 -0.05849999 -0.001086235 0.02690082 -0.05849999 -0.000520026 0.02948403 -0.05849999 0.00178039 0.02672976 -0.05849999 0.002766251 0.02903723 -0.05849999 0.004239201 0.02524602 -0.05849999 0.005631387 0.02736681 -0.05849999 0.005726873 0.02278959 -0.05849999 0.007639229 0.0247271 -0.05849999 0.008484065 0.02152001 -0.05799996 0.008983135 0.02155059 -0.05849999 0.007639229 0.0247271 -0.05799996 0.008088588 0.02494639 -0.05849999 0.005631387 0.02736681 -0.05799996 0.005962669 0.02774137 -0.05849999 0.002766251 0.02903723 -0.05799996 0.002928972 0.02951002 -0.05849999 -0.000520026 0.02948403 -0.05799996 -0.000550616 0.0299831 -0.05849999 -0.003727138 0.02863925 -0.05799996 -0.003946363 0.02908861 -0.05849999 -0.006366848 0.02663141 -0.05799996 -0.006741344 0.02696269 -0.05849999 -0.008037269 0.02376627 -0.05799996 -0.008509993 0.02392899 -0.05849999 -0.008484065 0.02047997 -0.05799996 -0.008983135 0.02044934 -0.05849999 -0.007639229 0.01727283 -0.05799996 -0.008088588 0.0170536 -0.05849999 -0.005631387 0.01463311 -0.05799996 -0.005962669 0.01425856 -0.05849999 -0.002766251 0.01296269 -0.05799996 -0.002928972 0.01248991 -0.05849999 0.000520026 0.0125159 -0.05799996 0.000550616 0.01201683 -0.05849999 0.003727138 0.01336073 -0.05799996 0.003946363 0.01291131 -0.05849999 0.006366848 0.01536852 -0.05799996 0.006741344 0.01503729 -0.05849999 0.008037269 0.01823371 -0.05799996 0.008509993 0.01807099 -0.05849999 0.008484065 0.02152001 -0.05349999 -0.005988717 0.02063292 -0.05849999 -0.005988717 0.02063292 -0.05349999 -0.005473315 0.02345806 -0.05849999 -0.005473315 0.02345806 -0.05349999 -0.005473315 0.02345806 -0.05849999 -0.005473315 0.02345806 -0.05349999 -0.003704071 0.02572011 -0.05849999 -0.003704071 0.02572011 -0.05349999 -0.003704071 0.02572011 -0.05849999 -0.003704071 0.02572011 -0.05349999 -0.001086235 0.02690082 -0.05849999 -0.001086235 0.02690082 -0.05349999 -0.001086235 0.02690082 -0.05849999 -0.001086235 0.02690082 -0.05349999 0.00178039 0.02672976 -0.05849999 0.00178039 0.02672976 -0.05349999 0.00178039 0.02672976 -0.05849999 0.00178039 0.02672976 -0.05349999 0.004239201 0.02524602 -0.05849999 0.004239201 0.02524602 -0.05349999 0.004239201 0.02524602 -0.05849999 0.004239201 0.02524602 -0.05349999 0.005726873 0.02278959 -0.05849999 0.005726873 0.02278959 -0.05349999 0.005726873 0.02278959 -0.05849999 0.005726873 0.02278959 -0.05349999 0.005902528 0.01992321 -0.05849999 0.005902528 0.01992321 -0.05349999 0.005902528 0.01992321 -0.05849999 0.005902528 0.01992321 -0.05349999 0.004726052 0.01730346 -0.05849999 0.004726052 0.01730346 -0.05349999 0.004726052 0.01730346 -0.05849999 0.004726052 0.01730346 -0.05349999 0.002466857 0.01553052 -0.05849999 0.002466857 0.01553052 -0.05349999 0.002466857 0.01553052 -0.05849999 0.002466857 0.01553052 -0.05349999 -0.000357465 0.01501065 -0.05849999 -0.000357465 0.01501065 -0.05349999 -0.000357465 0.01501065 -0.05849999 -0.000357465 0.01501065 -0.05349999 -0.003099858 0.01586282 -0.05849999 -0.003099858 0.01586282 -0.05349999 -0.003099858 0.01586282 -0.05849999 -0.003099858 0.01586282 -0.05349999 -0.005132138 0.01789182 -0.05849999 -0.005132138 0.01789182 -0.05349999 -0.005132138 0.01789182 -0.05849999 -0.005132138 0.01789182 -0.05349999 -0.005988717 0.02063292 -0.05849999 -0.005988717 0.02063292 -0.05349999 0.001539051 0.01912283 -0.05349999 0.001694142 0.01898568 -0.05349999 -0.000357465 0.01501065 -0.05349999 -0.001322746 0.0193482 -0.05349999 -0.001477837 0.01948535 -0.05349999 0.001257002 0.02284812 -0.05349999 -0.005473315 0.02345806 -0.05349999 -0.001877069 0.01946091 -0.05349999 -0.005988717 0.02063292 -0.05349999 -0.002014279 0.01930582 -0.05349999 -0.005132138 0.01789182 -0.05349999 0.002466857 0.01553052 -0.05349999 0.001897037 0.01894444 -0.05349999 0.004726052 0.01730346 -0.05349999 -0.002055525 0.01910287 -0.05349999 -0.001989781 0.01890653 -0.05349999 -0.003099858 0.01586282 -0.05349999 -0.00183469 0.01876938 -0.05349999 -0.001631796 0.01872813 -0.05349999 -0.002230584 0.02283471 -0.05349999 -0.002271831 0.02263182 -0.05349999 -0.002206087 0.02243548 -0.05349999 -0.002050995 0.02229827 -0.05349999 -0.001680731 0.0195266 -0.05349999 -0.001848101 0.02225703 -0.05349999 0.001473307 0.01931917 -0.05349999 -0.001435458 0.01879382 -0.05349999 -0.001651763 0.02232277 -0.05349999 -0.001848101 0.02225703 -0.05349999 -0.001298248 0.01894891 -0.05349999 -0.001257002 0.01915186 -0.05349999 0.001514554 0.01952213 -0.05349999 0.001651763 0.01967722 -0.05349999 0.001877069 0.02253907 -0.05349999 0.002014279 0.02269417 -0.05349999 0.005726873 0.02278959 -0.05349999 0.002055525 0.02289706 -0.05349999 0.004239201 0.02524602 -0.05349999 0.001322746 0.02265179 -0.05349999 0.001477837 0.02251458 -0.05349999 0.001848101 0.0197429 -0.05349999 0.001680731 0.02247333 -0.05349999 0.002050995 0.01970165 -0.05349999 0.002206087 0.0195645 -0.05349999 0.002271831 0.01936817 -0.05349999 0.005902528 0.01992321 -0.05349999 0.002230584 0.01916521 -0.05349999 0.002093374 0.01901012 -0.05349999 0.001989781 0.0230934 -0.05349999 0.00183469 0.02323061 -0.05349999 0.00178039 0.02672976 -0.05349999 0.001631796 0.02327185 -0.05349999 0.001435458 0.02320611 -0.05349999 -0.001514554 0.02247786 -0.05349999 -0.001473307 0.02268075 -0.05349999 0.001298248 0.02305102 -0.05349999 -0.001539051 0.02287709 -0.05349999 -0.002093374 0.0229898 -0.05349999 -0.003704071 0.02572011 -0.05349999 -0.001897037 0.02305555 -0.05349999 -0.001086235 0.02690082 -0.05349999 -0.001694142 0.0230143 -0.05349999 -0.001257002 0.01915186 -0.05849999 -0.001322746 0.0193482 -0.05349999 -0.001322746 0.0193482 -0.05349999 -0.001322746 0.0193482 -0.05849999 -0.001322746 0.0193482 -0.05849999 -0.001477837 0.01948535 -0.05349999 -0.001477837 0.01948535 -0.05349999 -0.001477837 0.01948535 -0.05849999 -0.001477837 0.01948535 -0.05849999 -0.001680731 0.0195266 -0.05349999 -0.001680731 0.0195266 -0.05349999 -0.001680731 0.0195266 -0.05849999 -0.001680731 0.0195266 -0.05849999 -0.001877069 0.01946091 -0.05349999 -0.001877069 0.01946091 -0.05349999 -0.001877069 0.01946091 -0.05849999 -0.001877069 0.01946091 -0.05849999 -0.002014279 0.01930582 -0.05349999 -0.002014279 0.01930582 -0.05349999 -0.002014279 0.01930582 -0.05849999 -0.002014279 0.01930582 -0.05849999 -0.002055525 0.01910287 -0.05349999 -0.002055525 0.01910287 -0.05349999 -0.002055525 0.01910287 -0.05849999 -0.002055525 0.01910287 -0.05849999 -0.001989781 0.01890653 -0.05349999 -0.001989781 0.01890653 -0.05349999 -0.001989781 0.01890653 -0.05849999 -0.001989781 0.01890653 -0.05849999 -0.00183469 0.01876938 -0.05349999 -0.00183469 0.01876938 -0.05349999 -0.00183469 0.01876938 -0.05849999 -0.00183469 0.01876938 -0.05849999 -0.001631796 0.01872813 -0.05349999 -0.001631796 0.01872813 -0.05349999 -0.001631796 0.01872813 -0.05849999 -0.001631796 0.01872813 -0.05849999 -0.001435458 0.01879382 -0.05349999 -0.001435458 0.01879382 -0.05349999 -0.001435458 0.01879382 -0.05849999 -0.001435458 0.01879382 -0.05849999 -0.001298248 0.01894891 -0.05349999 -0.001298248 0.01894891 -0.05349999 -0.001298248 0.01894891 -0.05849999 -0.001298248 0.01894891 -0.05849999 -0.001257002 0.01915186 -0.05349999 -0.001257002 0.01915186 -0.05849999 -0.001257002 0.01915186 -0.05849999 -0.00183469 0.01876938 -0.05849999 -0.001989781 0.01890653 -0.05849999 -0.001656293 0.01912736 -0.05849999 -0.002055525 0.01910287 -0.05849999 -0.002014279 0.01930582 -0.05849999 -0.001298248 0.01894891 -0.05849999 -0.001435458 0.01879382 -0.05849999 -0.001631796 0.01872813 -0.05849999 -0.001477837 0.01948535 -0.05849999 -0.001322746 0.0193482 -0.05849999 -0.001257002 0.01915186 -0.05849999 -0.001877069 0.01946091 -0.05849999 -0.001680731 0.0195266 -0.05349999 0.002271831 0.01936817 -0.05849999 0.002206087 0.0195645 -0.05349999 0.002206087 0.0195645 -0.05349999 0.002206087 0.0195645 -0.05849999 0.002206087 0.0195645 -0.05849999 0.002050995 0.01970165 -0.05349999 0.002050995 0.01970165 -0.05349999 0.002050995 0.01970165 -0.05849999 0.002050995 0.01970165 -0.05849999 0.001848101 0.0197429 -0.05349999 0.001848101 0.0197429 -0.05349999 0.001848101 0.0197429 -0.05849999 0.001848101 0.0197429 -0.05849999 0.001651763 0.01967722 -0.05349999 0.001651763 0.01967722 -0.05349999 0.001651763 0.01967722 -0.05849999 0.001651763 0.01967722 -0.05849999 0.001514554 0.01952213 -0.05349999 0.001514554 0.01952213 -0.05349999 0.001514554 0.01952213 -0.05849999 0.001514554 0.01952213 -0.05849999 0.001473307 0.01931917 -0.05349999 0.001473307 0.01931917 -0.05349999 0.001473307 0.01931917 -0.05849999 0.001473307 0.01931917 -0.05849999 0.001539051 0.01912283 -0.05349999 0.001539051 0.01912283 -0.05349999 0.001539051 0.01912283 -0.05849999 0.001539051 0.01912283 -0.05849999 0.001694142 0.01898568 -0.05349999 0.001694142 0.01898568 -0.05349999 0.001694142 0.01898568 -0.05849999 0.001694142 0.01898568 -0.05849999 0.001897037 0.01894444 -0.05349999 0.001897037 0.01894444 -0.05349999 0.001897037 0.01894444 -0.05849999 0.001897037 0.01894444 -0.05849999 0.002093374 0.01901012 -0.05349999 0.002093374 0.01901012 -0.05349999 0.002093374 0.01901012 -0.05849999 0.002093374 0.01901012 -0.05849999 0.002230584 0.01916521 -0.05349999 0.002230584 0.01916521 -0.05349999 0.002230584 0.01916521 -0.05849999 0.002230584 0.01916521 -0.05849999 0.002271831 0.01936817 -0.05349999 0.002271831 0.01936817 -0.05849999 0.002271831 0.01936817 -0.05849999 0.001694142 0.01898568 -0.05849999 0.001539051 0.01912283 -0.05849999 0.001872599 0.01934367 -0.05849999 0.001473307 0.01931917 -0.05849999 0.001514554 0.01952213 -0.05849999 0.002230584 0.01916521 -0.05849999 0.002093374 0.01901012 -0.05849999 0.001897037 0.01894444 -0.05849999 0.002050995 0.01970165 -0.05849999 0.002206087 0.0195645 -0.05849999 0.002271831 0.01936817 -0.05849999 0.001651763 0.01967722 -0.05849999 0.001848101 0.0197429 -0.05349999 0.002055525 0.02289706 -0.05849999 0.001989781 0.0230934 -0.05349999 0.001989781 0.0230934 -0.05349999 0.001989781 0.0230934 -0.05849999 0.001989781 0.0230934 -0.05849999 0.00183469 0.02323061 -0.05349999 0.00183469 0.02323061 -0.05349999 0.00183469 0.02323061 -0.05849999 0.00183469 0.02323061 -0.05849999 0.001631796 0.02327185 -0.05349999 0.001631796 0.02327185 -0.05349999 0.001631796 0.02327185 -0.05849999 0.001631796 0.02327185 -0.05849999 0.001435458 0.02320611 -0.05349999 0.001435458 0.02320611 -0.05349999 0.001435458 0.02320611 -0.05849999 0.001435458 0.02320611 -0.05849999 0.001298248 0.02305102 -0.05349999 0.001298248 0.02305102 -0.05349999 0.001298248 0.02305102 -0.05849999 0.001298248 0.02305102 -0.05849999 0.001257002 0.02284812 -0.05349999 0.001257002 0.02284812 -0.05349999 0.001257002 0.02284812 -0.05849999 0.001257002 0.02284812 -0.05849999 0.001322746 0.02265179 -0.05349999 0.001322746 0.02265179 -0.05349999 0.001322746 0.02265179 -0.05849999 0.001322746 0.02265179 -0.05849999 0.001477837 0.02251458 -0.05349999 0.001477837 0.02251458 -0.05349999 0.001477837 0.02251458 -0.05849999 0.001477837 0.02251458 -0.05849999 0.001680731 0.02247333 -0.05349999 0.001680731 0.02247333 -0.05349999 0.001680731 0.02247333 -0.05849999 0.001680731 0.02247333 -0.05849999 0.001877069 0.02253907 -0.05349999 0.001877069 0.02253907 -0.05349999 0.001877069 0.02253907 -0.05849999 0.001877069 0.02253907 -0.05849999 0.002014279 0.02269417 -0.05349999 0.002014279 0.02269417 -0.05349999 0.002014279 0.02269417 -0.05849999 0.002014279 0.02269417 -0.05849999 0.002055525 0.02289706 -0.05349999 0.002055525 0.02289706 -0.05849999 0.002055525 0.02289706 -0.05849999 0.001477837 0.02251458 -0.05849999 0.001322746 0.02265179 -0.05849999 0.001656293 0.02287256 -0.05849999 0.001257002 0.02284812 -0.05849999 0.001298248 0.02305102 -0.05849999 0.002014279 0.02269417 -0.05849999 0.001877069 0.02253907 -0.05849999 0.001680731 0.02247333 -0.05849999 0.00183469 0.02323061 -0.05849999 0.001989781 0.0230934 -0.05849999 0.002055525 0.02289706 -0.05849999 0.001435458 0.02320611 -0.05849999 0.001631796 0.02327185 -0.05349999 -0.001473307 0.02268075 -0.05849999 -0.001539051 0.02287709 -0.05349999 -0.001539051 0.02287709 -0.05349999 -0.001539051 0.02287709 -0.05849999 -0.001539051 0.02287709 -0.05849999 -0.001694142 0.0230143 -0.05349999 -0.001694142 0.0230143 -0.05349999 -0.001694142 0.0230143 -0.05849999 -0.001694142 0.0230143 -0.05849999 -0.001897037 0.02305555 -0.05349999 -0.001897037 0.02305555 -0.05349999 -0.001897037 0.02305555 -0.05849999 -0.001897037 0.02305555 -0.05849999 -0.002093374 0.0229898 -0.05349999 -0.002093374 0.0229898 -0.05349999 -0.002093374 0.0229898 -0.05849999 -0.002093374 0.0229898 -0.05849999 -0.002230584 0.02283471 -0.05349999 -0.002230584 0.02283471 -0.05349999 -0.002230584 0.02283471 -0.05849999 -0.002230584 0.02283471 -0.05849999 -0.002271831 0.02263182 -0.05349999 -0.002271831 0.02263182 -0.05349999 -0.002271831 0.02263182 -0.05849999 -0.002271831 0.02263182 -0.05849999 -0.002206087 0.02243548 -0.05349999 -0.002206087 0.02243548 -0.05349999 -0.002206087 0.02243548 -0.05849999 -0.002206087 0.02243548 -0.05849999 -0.002050995 0.02229827 -0.05349999 -0.002050995 0.02229827 -0.05349999 -0.002050995 0.02229827 -0.05849999 -0.002050995 0.02229827 -0.05849999 -0.001848101 0.02225703 -0.05349999 -0.001848101 0.02225703 -0.05349999 -0.001848101 0.02225703 -0.05849999 -0.001848101 0.02225703 -0.05849999 -0.001651763 0.02232277 -0.05349999 -0.001651763 0.02232277 -0.05349999 -0.001651763 0.02232277 -0.05849999 -0.001651763 0.02232277 -0.05849999 -0.001514554 0.02247786 -0.05349999 -0.001514554 0.02247786 -0.05349999 -0.001514554 0.02247786 -0.05849999 -0.001514554 0.02247786 -0.05849999 -0.001473307 0.02268075 -0.05349999 -0.001473307 0.02268075 -0.05849999 -0.001473307 0.02268075 -0.05849999 -0.002050995 0.02229827 -0.05849999 -0.002206087 0.02243548 -0.05849999 -0.001872599 0.02265626 -0.05849999 -0.002271831 0.02263182 -0.05849999 -0.002230584 0.02283471 -0.05849999 -0.001514554 0.02247786 -0.05849999 -0.001651763 0.02232277 -0.05849999 -0.001848101 0.02225703 -0.05849999 -0.001694142 0.0230143 -0.05849999 -0.001539051 0.02287709 -0.05849999 -0.001473307 0.02268075 -0.05849999 -0.002093374 0.0229898 -0.05849999 -0.001897037 0.02305555 -0.05299997 -0.018 0.05499994 -0.05299997 -0.01899999 0.05526793 -0.05299997 -0.01899999 0.04259997 -0.05299997 0.02424424 0.016725 -0.05299997 0.02449995 0.01704996 -0.05299997 0.02449995 0.02869999 -0.05299997 -0.02404999 0.01599997 -0.05299997 -0.02424424 0.015275 -0.05299997 -0.01899999 0.01549994 -0.05299997 -0.007799983 0.03639996 -0.05299997 -0.007799983 0.03769999 -0.05299997 -0.009274959 0.03769999 -0.05299997 -0.018 0.007999956 -0.05299997 -0.01899999 0.008267939 -0.05299997 -0.01899999 0.004199981 -0.05299997 -0.01599997 0.00999999 -0.05299997 -0.01626795 0.008999943 -0.05299997 -0.01237499 0.009149968 -0.05299997 -0.01237499 0.01549994 -0.05299997 -0.01699995 0.01173204 -0.05299997 -0.01626795 0.01099997 -0.05299997 -0.018 0.01199996 -0.05299997 -0.01899999 0.01173204 -0.05299997 -0.02449995 0.01494997 -0.05299997 -0.02449995 0.004199981 -0.05299997 -0.01973199 0.008999943 -0.05299997 -0.02449995 0.009149968 -0.05299997 -0.02449995 0.009149968 -0.05299997 -0.01999998 0.00999999 -0.05299997 -0.01973199 0.01099997 -0.05299997 -0.01699995 0.008267939 -0.05299997 -0.01237499 0.004199981 -0.05299997 0.01337498 0.009149968 -0.05299997 0.01626795 0.008999943 -0.05299997 0.01599997 0.00999999 -0.05299997 0.018 0.01199996 -0.05299997 0.01899999 0.01173204 -0.05299997 0.02424424 0.015275 -0.05299997 0.01337498 0.01549994 -0.05299997 0.01699995 0.01173204 -0.05299997 0.01626795 0.01099997 -0.05299997 0.02449995 0.01494997 -0.05299997 0.01973199 0.01099997 -0.05299997 0.02449995 0.009149968 -0.05299997 0.01999998 0.00999999 -0.05299997 0.01973199 0.008999943 -0.05299997 0.02449995 0.004199981 -0.05299997 0.01899999 0.008267939 -0.05299997 0.01337498 0.004199981 -0.05299997 0.018 0.007999956 -0.05299997 0.01699995 0.008267939 -0.05299997 -0.008749961 0.04019999 -0.05299997 -0.007799983 0.03899997 -0.05299997 -0.007749974 0.04046791 -0.05299997 -0.007532 0.03999996 -0.05299997 -0.00701791 0.04119998 -0.05299997 -0.006799995 0.04073202 -0.05299997 -0.006749987 0.04219996 -0.05299997 -0.009274959 0.05599999 -0.05299997 -0.009749948 0.04393202 -0.05299997 -0.008749961 0.0442 -0.05299997 0 0.05599999 -0.05299997 -0.005799949 0.041 -0.05299997 0 0.04259997 -0.05299997 -0.00701791 0.04319995 -0.05299997 -0.007749974 0.04393202 -0.05299997 -0.01237499 0.04259997 -0.05299997 -0.01074999 0.04219996 -0.05299997 -0.01048201 0.04319995 -0.05299997 -0.01048201 0.04119998 -0.05299997 -0.01237499 0.03769999 -0.05299997 -0.009749948 0.04046791 -0.05299997 0 0.041 -0.05299997 0.005799949 0.041 -0.05299997 0.006749987 0.04219996 -0.05299997 0.00701791 0.04119998 -0.05299997 0.006799995 0.04073202 -0.05299997 0.007749974 0.04046791 -0.05299997 0.007532 0.03999996 -0.05299997 0.008749961 0.04019999 -0.05299997 0.007799983 0.03899997 -0.05299997 0.007799983 0.03769999 -0.05299997 0.009749948 0.04393202 -0.05299997 0.01048201 0.04319995 -0.05299997 0.01337498 0.04259997 -0.05299997 0.01074999 0.04219996 -0.05299997 0.01337498 0.03769999 -0.05299997 0.01048201 0.04119998 -0.05299997 0.009749948 0.04046791 -0.05299997 0.008749961 0.0442 -0.05299997 0.01320415 0.05599999 -0.05299997 0.007749974 0.04393202 -0.05299997 0.00701791 0.04319995 -0.05299997 -0.005799949 0.03439998 -0.05299997 -0.006285846 0.03346794 -0.05299997 -0.005285859 0.03319996 -0.05299997 0 0.03439998 -0.05299997 0.008531451 0.03518801 -0.05299997 0.009453415 0.0350722 -0.05299997 0.01337498 0.02869999 -0.05299997 0.01032495 0.03196734 -0.05299997 0.01000922 0.03138661 -0.05299997 0 0.03319996 -0.05299997 0.005285859 0.03319996 -0.05299997 0.005799949 0.03439998 -0.05299997 0.006285846 0.03346794 -0.05299997 0.006799995 0.0346679 -0.05299997 0.00701791 0.03419995 -0.05299997 0.007532 0.03539997 -0.05299997 0.0102235 0.03455227 -0.05299997 0.01067554 0.03374052 -0.05299997 0.01071196 0.03281205 -0.05299997 0.007656693 0.03487473 -0.05299997 0.007799983 0.03639996 -0.05299997 -0.01899999 0.02869999 -0.05299997 -0.02449995 0.01704996 -0.05299997 -0.02424424 0.016725 -0.05299997 -0.01899999 0.05526793 -0.05299997 -0.01973199 0.05599999 -0.05299997 -0.02404999 0.05599999 -0.05299997 -0.02424424 0.05672496 -0.05299997 -0.01999998 0.05699998 -0.05299997 -0.02447837 0.05702894 -0.05299997 -0.01391756 0.07616311 -0.05299997 -0.0183385 0.07224649 -0.05299997 -0.01509016 0.07187783 -0.05299997 -0.01699995 0.06493723 -0.05299997 -0.01699995 0.06599998 -0.05299997 -0.01651054 0.06909012 -0.05299997 -0.02378803 0.06186324 -0.05299997 -0.01973199 0.05799996 -0.05299997 -0.02169364 0.06738567 -0.05299997 -0.01949995 0.05832284 -0.05299997 -0.01764583 0.06140166 -0.05299997 -0.01287782 0.07409012 -0.05299997 -0.01009017 0.07551056 -0.05299997 -0.008687794 0.0789079 -0.05299997 -0.002953112 0.08032137 -0.05299997 -0.006999969 0.07599997 -0.05299997 -0.001028954 0.08047837 -0.05299997 0.006999969 0.07599997 -0.05299997 0.000725 0.08024424 -0.05299997 0 0.07599997 -0.05299997 0 0.08004999 -0.05299997 -0.000725 0.08024424 -0.05299997 0.01999998 0.05699998 -0.05299997 0.02447837 0.05702894 -0.05299997 0.01973199 0.05799996 -0.05299997 0.02378803 0.06186324 -0.05299997 0.02449995 0.05494999 -0.05299997 0.02424424 0.05527496 -0.05299997 0.02404999 0.05599999 -0.05299997 0.01973199 0.05599999 -0.05299997 0.02404999 0.05599999 -0.05299997 0.02424424 0.05672496 -0.05299997 0.001028954 0.08047837 -0.05299997 0.002953112 0.08032137 -0.05299997 0.008687794 0.0789079 -0.05299997 0.01009017 0.07551056 -0.05299997 0.01391756 0.07616311 -0.05299997 0.01287782 0.07409012 -0.05299997 0.0183385 0.07224649 -0.05299997 0.01509016 0.07187783 -0.05299997 0.02169364 0.06738567 -0.05299997 0.01651054 0.06909012 -0.05299997 0.01699995 0.06599998 -0.05299997 0.01899999 0.05526793 -0.05299997 0.018 0.05499994 -0.05299997 0.01720064 0.05516666 -0.05299997 0.01524537 0.05578941 -0.05299997 0.01699995 0.06493723 -0.05299997 0.01764583 0.06140166 -0.05299997 0.01949995 0.05832284 -0.05299997 0.02404999 0.01599997 -0.05299997 -0.01720064 0.05516666 -0.05299997 -0.01237499 0.05599999 -0.05299997 -0.01320415 0.05599999 -0.05299997 -0.01524537 0.05578941 -0.05299997 -0.009274959 0.01549994 -0.05299997 -0.009716033 0.01651805 -0.05299997 0 0.009149968 -0.05299997 -0.001732707 0.01044118 -0.05299997 -0.009274959 0.009149968 -0.05299997 -0.005016505 0.01154881 -0.05299997 -0.007773995 0.01364779 -0.05299997 0.009716033 0.01651805 -0.05299997 0.007773995 0.01364779 -0.05299997 0.005016505 0.01154881 -0.05299997 0.001732707 0.01044118 -0.05299997 0.009899973 0.03073471 -0.05299997 0.009899973 0.02869999 -0.05299997 0.009899973 0.01735579 -0.05299997 -0.00701791 0.03419995 -0.05299997 -0.006799995 0.0346679 -0.05299997 -0.007656693 0.03487473 -0.05299997 -0.007532 0.03539997 -0.05299997 -0.008531451 0.03518801 -0.05299997 -0.009453415 0.0350722 -0.05299997 -0.0102235 0.03455227 -0.05299997 -0.01067554 0.03374052 -0.05299997 -0.009899973 0.01735579 -0.05299997 -0.009899973 0.02869999 -0.05299997 -0.01237499 0.02869999 -0.05299997 -0.009899973 0.03073471 -0.05299997 -0.01071196 0.03281205 -0.05299997 -0.01032495 0.03196734 -0.05299997 -0.01000922 0.03138661 -0.05299997 0.02449995 0.02869999 -0.05299997 0.02449995 0.03769999 -0.05299997 0.02449995 0.04259997 -0.05299997 -0.01899999 0.03769999 -0.05299997 -0.02424424 0.05527496 -0.05299997 -0.02449995 0.05494999 -0.05299997 -0.02449995 0.04259997 -0.05299997 -0.02449995 0.04259997 -0.05299997 -0.02449995 0.03769999 -0.05299997 -0.02449995 0.02869999 -0.05299997 -0.01399999 0.02099996 -0.05299997 -0.01426792 0.01999998 -0.05299997 -0.01499998 0.01926791 -0.05299997 -0.01599997 0.01899999 -0.05299997 -0.01699995 0.01926791 -0.05299997 -0.01773202 0.02199995 -0.05299997 -0.018 0.02099996 -0.05299997 -0.01773202 0.01999998 -0.05299997 -0.01426792 0.02199995 -0.05299997 -0.01699995 0.02273201 -0.05299997 -0.01599997 0.023 -0.05299997 -0.01499998 0.02273201 -0.05299997 -0.009274959 0.004199981 -0.05299997 0 0.004199981 -0.05499994 0.02788156 0.05462497 -0.05499994 0.02809995 0.05510413 -0.05499994 0.02809995 0.04563999 -0.05499994 -0.02788156 0.05737495 -0.05499994 -0.02808421 0.05694025 -0.05499994 -0.02739542 0.06225281 -0.05499994 -0.02549999 0.01874995 -0.05499994 -0.02687495 0.01838153 -0.05499994 -0.018 0.02099996 -0.05499994 -0.02687495 0.05361843 -0.05499994 -0.007791817 0.04014998 -0.05499994 -0.008099973 0.03899997 -0.05499994 0.02412497 0.05361843 -0.05499994 0.02549999 0.05324995 -0.05499994 0.02809995 0.03527998 -0.05499994 -0.02809995 0.04563999 -0.05499994 -0.02809995 0.05510413 -0.05499994 -0.02788156 0.05462497 -0.05499994 0.02687495 0.01838153 -0.05499994 0.02809995 0.02491998 -0.05499994 0.02788156 0.01737499 -0.05499994 0.02809995 0.01689577 -0.05499994 0.02788156 0.01462495 -0.05499994 0.02809995 0.01510417 -0.05499994 0.02809995 0.01455998 -0.05499994 0.02687495 0.05361843 -0.05499994 -0.006949961 0.04099184 -0.05499994 -0.02549999 0.05324995 -0.05499994 -0.005799949 0.04129999 -0.05499994 0.000940253 0.08408421 -0.05499994 0.006252825 0.08339548 -0.05499994 0.001374959 0.08388155 -0.05499994 0.002381563 0.08287495 -0.05499994 0.001374959 0.07911843 -0.05499994 0.02274996 0.05599999 -0.05499994 0.02311843 0.05462497 -0.05499994 -0.01599997 0.01899999 -0.05499994 -0.01499998 0.01926791 -0.05499994 -0.008983135 0.02044934 -0.05499994 -0.01426792 0.01999998 -0.05499994 -0.008509993 0.02392899 -0.05499994 -0.006741344 0.02696269 -0.05499994 -0.02412497 0.05361843 -0.05499994 0.006949961 0.04099184 -0.05499994 0.005799949 0.04129999 -0.05499994 0.02808421 0.05694025 -0.05499994 0.02788156 0.05737495 -0.05499994 0.02739542 0.06225281 -0.05499994 0.02687495 0.05838155 -0.05499994 0.02531719 0.06819212 -0.05499994 0.02549999 0.05874997 -0.05499994 0.02196943 0.07352006 -0.05499994 0.02412497 0.05838155 -0.05499994 0.01752001 0.07796943 -0.05499994 0.01219213 0.08131718 -0.05499994 0.002749979 0.08149999 -0.05499994 0.002381563 0.08012497 -0.05499994 0.02311843 0.05737495 -0.05499994 -0.001374959 0.07911843 -0.05499994 0.008099973 0.03899997 -0.05499994 -0.002381563 0.08012497 -0.05499994 0.007791817 0.04014998 -0.05499994 -0.002749979 0.08149999 -0.05499994 -0.006252825 0.08339548 -0.05499994 -0.000940253 0.08408421 -0.05499994 -0.001374959 0.08388155 -0.05499994 -0.02809995 0.01455998 -0.05499994 -0.02809995 0.01510417 -0.05499994 -0.02788156 0.01462495 -0.05499994 -0.02311843 0.05462497 -0.05499994 -0.02274996 0.05599999 -0.05499994 -0.02311843 0.05737495 -0.05499994 -0.02809995 0.004199981 -0.05499994 0.008088588 0.02494639 -0.05499994 0.005962669 0.02774137 -0.05499994 0.02311843 0.01737499 -0.05499994 0.02687495 0.0136184 -0.05499994 0.02809995 0.004199981 -0.05499994 0.02549999 0.01324999 -0.05499994 -0.002381563 0.08287495 -0.05499994 -0.006252825 0.08339548 -0.05499994 -0.01219213 0.08131718 -0.05499994 -0.02196943 0.07352006 -0.05499994 -0.02412497 0.05838155 -0.05499994 -0.02531719 0.06819212 -0.05499994 -0.02549999 0.05874997 -0.05499994 -0.02687495 0.05838155 -0.05499994 -0.01752001 0.07796943 -0.05499994 -0.008099973 0.03899997 -0.05499994 -0.02809995 0.03527998 -0.05499994 -0.008099973 0.03639996 -0.05499994 -0.02809995 0.02491998 -0.05499994 -0.007791817 0.03524994 -0.05499994 -0.01599997 0.023 -0.05499994 0.02549999 0.01874995 -0.05499994 0.02412497 0.01838153 -0.05499994 0.007791817 0.03524994 -0.05499994 0.006949961 0.03440809 -0.05499994 -0.02412497 0.0136184 -0.05499994 -0.01699995 0.01926791 -0.05499994 -0.01399999 0.02099996 -0.05499994 -0.01426792 0.02199995 -0.05499994 -0.003946363 0.02908861 -0.05499994 -0.01699995 0.02273201 -0.05499994 -0.01773202 0.02199995 -0.05499994 0.008099973 0.03639996 -0.05499994 0.008099973 0.03899997 -0.05499994 0.02274996 0.01599997 -0.05499994 0.008509993 0.01807099 -0.05499994 0.008983135 0.02155059 -0.05499994 -0.02809995 0.02491998 -0.05499994 -0.02788156 0.01737499 -0.05499994 -0.02809995 0.01689577 -0.05499994 0 0.07874995 -0.05499994 -0.02311843 0.01462495 -0.05499994 -0.02274996 0.01599997 -0.05499994 -0.01773202 0.01999998 -0.05499994 -0.02311843 0.01737499 -0.05499994 -0.02412497 0.01838153 -0.05499994 -0.008088588 0.0170536 -0.05499994 -0.005962669 0.01425856 -0.05499994 -0.002928972 0.01248991 -0.05499994 0.000550616 0.01201683 -0.05499994 -0.005799949 0.03409999 -0.05499994 -0.006949961 0.03440809 -0.05499994 -0.01426792 0.02199995 -0.05499994 -0.01499998 0.02273201 -0.05499994 -0.02412497 0.0136184 -0.05499994 -0.02549999 0.01324999 -0.05499994 -0.02687495 0.0136184 -0.05499994 0.02412497 0.0136184 -0.05499994 0.02311843 0.01462495 -0.05499994 0.003946363 0.01291131 -0.05499994 0.006741344 0.01503729 -0.05499994 0.005799949 0.03409999 -0.05499994 0.002928972 0.02951002 -0.05499994 -0.000550616 0.0299831 -0.04999995 -0.00701791 0.03419995 -0.05299997 -0.00701791 0.03419995 -0.05299997 -0.007656693 0.03487473 -0.04999995 -0.007656693 0.03487473 -0.04999995 -0.007656693 0.03487473 -0.05299997 -0.007656693 0.03487473 -0.05299997 -0.008531451 0.03518801 -0.04999995 -0.008531451 0.03518801 -0.04999995 -0.008531451 0.03518801 -0.05299997 -0.008531451 0.03518801 -0.05299997 -0.009453415 0.0350722 -0.04999995 -0.009453415 0.0350722 -0.04999995 -0.009453415 0.0350722 -0.05299997 -0.009453415 0.0350722 -0.05299997 -0.0102235 0.03455227 -0.04999995 -0.0102235 0.03455227 -0.04999995 -0.0102235 0.03455227 -0.05299997 -0.0102235 0.03455227 -0.05299997 -0.01067554 0.03374052 -0.04999995 -0.01067554 0.03374052 -0.04999995 -0.01067554 0.03374052 -0.05299997 -0.01067554 0.03374052 -0.05299997 -0.01071196 0.03281205 -0.04999995 -0.01071196 0.03281205 -0.04999995 -0.01071196 0.03281205 -0.05299997 -0.01071196 0.03281205 -0.05299997 -0.01032495 0.03196734 -0.04999995 -0.01032495 0.03196734 -0.04999995 0.01032495 0.03196734 -0.05299997 0.01032495 0.03196734 -0.05299997 0.01071196 0.03281205 -0.04999995 0.01071196 0.03281205 -0.04999995 0.01071196 0.03281205 -0.05299997 0.01071196 0.03281205 -0.05299997 0.01067554 0.03374052 -0.04999995 0.01067554 0.03374052 -0.04999995 0.01067554 0.03374052 -0.05299997 0.01067554 0.03374052 -0.05299997 0.0102235 0.03455227 -0.04999995 0.0102235 0.03455227 -0.04999995 0.0102235 0.03455227 -0.05299997 0.0102235 0.03455227 -0.05299997 0.009453415 0.0350722 -0.04999995 0.009453415 0.0350722 -0.04999995 0.009453415 0.0350722 -0.05299997 0.009453415 0.0350722 -0.05299997 0.008531451 0.03518801 -0.04999995 0.008531451 0.03518801 -0.04999995 0.008531451 0.03518801 -0.05299997 0.008531451 0.03518801 -0.05299997 0.007656693 0.03487473 -0.04999995 0.007656693 0.03487473 -0.04999995 0.007656693 0.03487473 -0.05299997 0.007656693 0.03487473 -0.05299997 0.00701791 0.03419995 -0.04999995 0.00701791 0.03419995 -0.05099999 0.01699995 0.05526793 -0.05099999 0.01720064 0.05516666 -0.04999995 0.018 0.05499994 -0.04999995 0.01699995 0.05526793 -0.05099999 0.01699995 0.05526793 -0.04999995 0.01699995 0.05526793 -0.04999995 0.01626795 0.05599999 -0.05099999 0.01626795 0.05599999 -0.05099999 0.01626795 0.05599999 -0.04999995 0.01626795 0.05599999 -0.04999995 0.01599997 0.05699998 -0.05099999 0.01599997 0.05699998 -0.05099999 0.01599997 0.05699998 -0.04999995 0.01599997 0.05699998 -0.04999995 0.01626795 0.05799996 -0.05099999 0.01626795 0.05799996 -0.05099999 0.01626795 0.05799996 -0.04999995 0.01626795 0.05799996 -0.04999995 0.01699995 0.05873203 -0.05099999 0.01699995 0.05873203 -0.05099999 0.01699995 0.05873203 -0.04999995 0.01699995 0.05873203 -0.04999995 0.018 0.05899995 -0.05099999 0.018 0.05899995 -0.05099999 0.018 0.05899995 -0.04999995 0.018 0.05899995 -0.04999995 0.01899999 0.05873203 -0.05099999 0.01899999 0.05873203 -0.05099999 0.01899999 0.05873203 -0.04999995 0.01899999 0.05873203 -0.05099999 0.01949995 0.05832284 -0.05099999 0.01949995 0.05832284 -0.04999995 0.01973199 0.05799996 -0.05299997 0.01949995 0.05832284 -0.05299997 0.01973199 0.05799996 -0.04999995 0.01999998 0.05699998 -0.05299997 0.01999998 0.05699998 -0.05299997 0.01999998 0.05699998 -0.04999995 0.01999998 0.05699998 -0.04999995 0.01973199 0.05599999 -0.05299997 0.01973199 0.05599999 -0.05299997 0.01973199 0.05599999 -0.04999995 0.01973199 0.05599999 -0.04999995 0.01899999 0.05526793 -0.05299997 0.01899999 0.05526793 -0.05299997 0.01899999 0.05526793 -0.04999995 0.01899999 0.05526793 -0.04999995 0.018 0.05499994 -0.05299997 0.018 0.05499994 -0.05299997 0.018 0.05499994 -0.05299997 0.01720064 0.05516666 -0.05299997 -0.01720064 0.05516666 -0.05099999 -0.01720064 0.05516666 -0.04999995 -0.018 0.05499994 -0.05099999 -0.01720064 0.05516666 -0.04999995 -0.01699995 0.05526793 -0.05099999 -0.01899999 0.05873203 -0.05099999 -0.01949995 0.05832284 -0.04999995 -0.01973199 0.05799996 -0.04999995 -0.01899999 0.05873203 -0.05099999 -0.01899999 0.05873203 -0.04999995 -0.01899999 0.05873203 -0.04999995 -0.018 0.05899995 -0.05099999 -0.018 0.05899995 -0.05099999 -0.018 0.05899995 -0.04999995 -0.018 0.05899995 -0.04999995 -0.01699995 0.05873203 -0.05099999 -0.01699995 0.05873203 -0.05099999 -0.01699995 0.05873203 -0.04999995 -0.01699995 0.05873203 -0.04999995 -0.01626795 0.05799996 -0.05099999 -0.01626795 0.05799996 -0.05099999 -0.01626795 0.05799996 -0.04999995 -0.01626795 0.05799996 -0.04999995 -0.01599997 0.05699998 -0.05099999 -0.01599997 0.05699998 -0.05099999 -0.01599997 0.05699998 -0.04999995 -0.01599997 0.05699998 -0.04999995 -0.01626795 0.05599999 -0.05099999 -0.01626795 0.05599999 -0.05099999 -0.01626795 0.05599999 -0.04999995 -0.01626795 0.05599999 -0.05099999 -0.01699995 0.05526793 -0.05299997 -0.018 0.05499994 -0.05299997 -0.018 0.05499994 -0.04999995 -0.018 0.05499994 -0.04999995 -0.01899999 0.05526793 -0.05299997 -0.01899999 0.05526793 -0.05299997 -0.01899999 0.05526793 -0.04999995 -0.01899999 0.05526793 -0.04999995 -0.01973199 0.05599999 -0.05299997 -0.01973199 0.05599999 -0.05299997 -0.01973199 0.05599999 -0.04999995 -0.01973199 0.05599999 -0.04999995 -0.01999998 0.05699998 -0.05299997 -0.01999998 0.05699998 -0.05299997 -0.01999998 0.05699998 -0.04999995 -0.01999998 0.05699998 -0.04999995 -0.01973199 0.05799996 -0.05299997 -0.01973199 0.05799996 -0.05299997 -0.01949995 0.05832284 -0.05369997 -0.001255691 0.08077496 -0.05299997 -0.001028954 0.08047837 -0.05369997 -0.000725 0.08024424 -0.05299997 -0.000725 0.08024424 -0.05369997 -0.000725 0.08024424 -0.05299997 -0.000725 0.08024424 -0.05369997 0 0.08004999 -0.05299997 0 0.08004999 -0.05369997 0 0.08004999 -0.05299997 0 0.08004999 -0.05369997 0.000725 0.08024424 -0.05299997 0.000725 0.08024424 -0.05369997 0.000725 0.08024424 -0.05299997 0.000725 0.08024424 -0.05299997 0.001028954 0.08047837 -0.05369997 0.001255691 0.08077496 -0.05299997 0.001255691 0.08077496 -0.05369997 0.001449942 0.08149999 -0.05299997 0.001449942 0.08149999 -0.05369997 0.001449942 0.08149999 -0.05299997 0.001449942 0.08149999 -0.05369997 0.001255691 0.08222496 -0.05299997 0.001255691 0.08222496 -0.05369997 0.001255691 0.08222496 -0.05299997 0.001255691 0.08222496 -0.05369997 0.000725 0.08275574 -0.05299997 0.000725 0.08275574 -0.05369997 0.000725 0.08275574 -0.05299997 0.000725 0.08275574 -0.05369997 0 0.08294999 -0.05299997 0 0.08294999 -0.05369997 0 0.08294999 -0.05299997 0 0.08294999 -0.05369997 -0.000725 0.08275574 -0.05299997 -0.000725 0.08275574 -0.05369997 -0.000725 0.08275574 -0.05299997 -0.000725 0.08275574 -0.05369997 -0.001255691 0.08222496 -0.05299997 -0.001255691 0.08222496 -0.05369997 -0.001255691 0.08222496 -0.05299997 -0.001255691 0.08222496 -0.05369997 -0.001449942 0.08149999 -0.05299997 -0.001449942 0.08149999 -0.05369997 -0.001449942 0.08149999 -0.05299997 -0.001449942 0.08149999 -0.05299997 -0.001255691 0.08077496 -0.05369997 0 0.08294999 -0.05369997 -0.000725 0.08275574 -0.05499994 -0.000940253 0.08408421 -0.05492496 0 0.08417499 -0.05499994 0.000940253 0.08408421 -0.05369997 0.000725 0.08275574 -0.05499994 0.001374959 0.08388155 -0.05369997 0.001255691 0.08222496 -0.05499994 0.002381563 0.08287495 -0.05369997 0.001449942 0.08149999 -0.05499994 0.002749979 0.08149999 -0.05369997 0.001255691 0.08077496 -0.05499994 0.002381563 0.08012497 -0.05369997 0.000725 0.08024424 -0.05499994 0.001374959 0.07911843 -0.05369997 0 0.08004999 -0.05499994 0 0.07874995 -0.05369997 -0.000725 0.08024424 -0.05499994 -0.001374959 0.07911843 -0.05369997 -0.001255691 0.08077496 -0.05499994 -0.002381563 0.08012497 -0.05369997 -0.001449942 0.08149999 -0.05499994 -0.002749979 0.08149999 -0.05369997 -0.001255691 0.08222496 -0.05499994 -0.002381563 0.08287495 -0.05499994 -0.001374959 0.08388155 -0.05369997 -0.02477496 0.01474422 -0.05299997 -0.02449995 0.01494997 -0.05369997 -0.02424424 0.015275 -0.05299997 -0.02424424 0.015275 -0.05369997 -0.02424424 0.015275 -0.05299997 -0.02424424 0.015275 -0.05369997 -0.02404999 0.01599997 -0.05299997 -0.02404999 0.01599997 -0.05369997 -0.02404999 0.01599997 -0.05299997 -0.02404999 0.01599997 -0.05369997 -0.02424424 0.016725 -0.05299997 -0.02424424 0.016725 -0.05369997 -0.02424424 0.016725 -0.05299997 -0.02424424 0.016725 -0.05299997 -0.02449995 0.01704996 -0.05369997 -0.02477496 0.01725572 -0.05299997 -0.02477496 0.01725572 -0.05369997 -0.02549999 0.01744997 -0.05299997 -0.02549999 0.01744997 -0.05369997 -0.02549999 0.01744997 -0.05299997 -0.02549999 0.01744997 -0.05369997 -0.02622497 0.01725572 -0.05299997 -0.02622497 0.01725572 -0.05369997 -0.02622497 0.01725572 -0.05299997 -0.02622497 0.01725572 -0.05369997 -0.02675569 0.016725 -0.05299997 -0.02675569 0.016725 -0.05369997 -0.02675569 0.016725 -0.05299997 -0.02675569 0.016725 -0.05369997 -0.02695 0.01599997 -0.05299997 -0.02695 0.01599997 -0.05369997 -0.02695 0.01599997 -0.05299997 -0.02695 0.01599997 -0.05369997 -0.02675569 0.015275 -0.05299997 -0.02675569 0.015275 -0.05369997 -0.02675569 0.015275 -0.05299997 -0.02675569 0.015275 -0.05369997 -0.02622497 0.01474422 -0.05299997 -0.02622497 0.01474422 -0.05369997 -0.02622497 0.01474422 -0.05299997 -0.02622497 0.01474422 -0.05369997 -0.02549999 0.01454997 -0.05299997 -0.02549999 0.01454997 -0.05369997 -0.02549999 0.01454997 -0.05299997 -0.02549999 0.01454997 -0.05299997 -0.02477496 0.01474422 -0.05369997 -0.02695 0.01599997 -0.05369997 -0.02675569 0.015275 -0.05499994 -0.02809995 0.01510417 -0.05492496 -0.02817499 0.01599997 -0.05499994 -0.02809995 0.01689577 -0.05369997 -0.02675569 0.016725 -0.05499994 -0.02788156 0.01737499 -0.05369997 -0.02622497 0.01725572 -0.05499994 -0.02687495 0.01838153 -0.05369997 -0.02549999 0.01744997 -0.05499994 -0.02549999 0.01874995 -0.05369997 -0.02477496 0.01725572 -0.05499994 -0.02412497 0.01838153 -0.05369997 -0.02424424 0.016725 -0.05499994 -0.02311843 0.01737499 -0.05369997 -0.02404999 0.01599997 -0.05499994 -0.02274996 0.01599997 -0.05369997 -0.02424424 0.015275 -0.05499994 -0.02311843 0.01462495 -0.05369997 -0.02477496 0.01474422 -0.05499994 -0.02412497 0.0136184 -0.05369997 -0.02549999 0.01454997 -0.05499994 -0.02549999 0.01324999 -0.05369997 -0.02622497 0.01474422 -0.05499994 -0.02687495 0.0136184 -0.05499994 -0.02788156 0.01462495 -0.05369997 -0.02477496 0.05474424 -0.05299997 -0.02449995 0.05494999 -0.05369997 -0.02424424 0.05527496 -0.05299997 -0.02424424 0.05527496 -0.05369997 -0.02424424 0.05527496 -0.05299997 -0.02424424 0.05527496 -0.05369997 -0.02404999 0.05599999 -0.05299997 -0.02404999 0.05599999 -0.05369997 -0.02404999 0.05599999 -0.05299997 -0.02404999 0.05599999 -0.05369997 -0.02424424 0.05672496 -0.05299997 -0.02424424 0.05672496 -0.05369997 -0.02424424 0.05672496 -0.05299997 -0.02424424 0.05672496 -0.05299997 -0.02447837 0.05702894 -0.05369997 -0.02477496 0.05725574 -0.05299997 -0.02477496 0.05725574 -0.05369997 -0.02549999 0.05744999 -0.05299997 -0.02549999 0.05744999 -0.05369997 -0.02549999 0.05744999 -0.05299997 -0.02549999 0.05744999 -0.05369997 -0.02622497 0.05725574 -0.05299997 -0.02622497 0.05725574 -0.05369997 -0.02622497 0.05725574 -0.05299997 -0.02622497 0.05725574 -0.05369997 -0.02675569 0.05672496 -0.05299997 -0.02675569 0.05672496 -0.05369997 -0.02675569 0.05672496 -0.05299997 -0.02675569 0.05672496 -0.05369997 -0.02695 0.05599999 -0.05299997 -0.02695 0.05599999 -0.05369997 -0.02695 0.05599999 -0.05299997 -0.02695 0.05599999 -0.05369997 -0.02675569 0.05527496 -0.05299997 -0.02675569 0.05527496 -0.05369997 -0.02675569 0.05527496 -0.05299997 -0.02675569 0.05527496 -0.05369997 -0.02622497 0.05474424 -0.05299997 -0.02622497 0.05474424 -0.05369997 -0.02622497 0.05474424 -0.05299997 -0.02622497 0.05474424 -0.05369997 -0.02549999 0.05454999 -0.05299997 -0.02549999 0.05454999 -0.05369997 -0.02549999 0.05454999 -0.05299997 -0.02549999 0.05454999 -0.05299997 -0.02477496 0.05474424 -0.05369997 -0.02695 0.05599999 -0.05369997 -0.02675569 0.05527496 -0.05499994 -0.02809995 0.05510413 -0.05492496 -0.02817499 0.05599999 -0.05499994 -0.02808421 0.05694025 -0.05369997 -0.02675569 0.05672496 -0.05499994 -0.02788156 0.05737495 -0.05369997 -0.02622497 0.05725574 -0.05499994 -0.02687495 0.05838155 -0.05369997 -0.02549999 0.05744999 -0.05499994 -0.02549999 0.05874997 -0.05369997 -0.02477496 0.05725574 -0.05499994 -0.02412497 0.05838155 -0.05369997 -0.02424424 0.05672496 -0.05499994 -0.02311843 0.05737495 -0.05369997 -0.02404999 0.05599999 -0.05499994 -0.02274996 0.05599999 -0.05369997 -0.02424424 0.05527496 -0.05499994 -0.02311843 0.05462497 -0.05369997 -0.02477496 0.05474424 -0.05499994 -0.02412497 0.05361843 -0.05369997 -0.02549999 0.05454999 -0.05499994 -0.02549999 0.05324995 -0.05369997 -0.02622497 0.05474424 -0.05499994 -0.02687495 0.05361843 -0.05499994 -0.02788156 0.05462497 -0.05369997 0.02424424 0.015275 -0.05299997 0.02449995 0.01494997 -0.05369997 0.02477496 0.01474422 -0.05299997 0.02477496 0.01474422 -0.05369997 0.02549999 0.01454997 -0.05299997 0.02549999 0.01454997 -0.05369997 0.02549999 0.01454997 -0.05299997 0.02549999 0.01454997 -0.05369997 0.02622497 0.01474422 -0.05299997 0.02622497 0.01474422 -0.05369997 0.02622497 0.01474422 -0.05299997 0.02622497 0.01474422 -0.05369997 0.02675569 0.015275 -0.05299997 0.02675569 0.015275 -0.05369997 0.02675569 0.015275 -0.05299997 0.02675569 0.015275 -0.05369997 0.02695 0.01599997 -0.05299997 0.02695 0.01599997 -0.05369997 0.02695 0.01599997 -0.05299997 0.02695 0.01599997 -0.05369997 0.02675569 0.016725 -0.05299997 0.02675569 0.016725 -0.05369997 0.02675569 0.016725 -0.05299997 0.02675569 0.016725 -0.05369997 0.02622497 0.01725572 -0.05299997 0.02622497 0.01725572 -0.05369997 0.02622497 0.01725572 -0.05299997 0.02622497 0.01725572 -0.05369997 0.02549999 0.01744997 -0.05299997 0.02549999 0.01744997 -0.05369997 0.02549999 0.01744997 -0.05299997 0.02549999 0.01744997 -0.05369997 0.02477496 0.01725572 -0.05299997 0.02477496 0.01725572 -0.05299997 0.02449995 0.01704996 -0.05369997 0.02424424 0.016725 -0.05299997 0.02424424 0.016725 -0.05369997 0.02424424 0.016725 -0.05299997 0.02424424 0.016725 -0.05369997 0.02404999 0.01599997 -0.05299997 0.02404999 0.01599997 -0.05369997 0.02404999 0.01599997 -0.05299997 0.02404999 0.01599997 -0.05369997 0.02424424 0.015275 -0.05299997 0.02424424 0.015275 -0.05299997 0.02424424 0.015275 -0.05369997 0.02695 0.01599997 -0.05369997 0.02675569 0.016725 -0.05499994 0.02809995 0.01689577 -0.05492496 0.02817499 0.01599997 -0.05499994 0.02809995 0.01510417 -0.05369997 0.02675569 0.015275 -0.05499994 0.02788156 0.01462495 -0.05369997 0.02622497 0.01474422 -0.05499994 0.02687495 0.0136184 -0.05369997 0.02549999 0.01454997 -0.05499994 0.02549999 0.01324999 -0.05369997 0.02477496 0.01474422 -0.05499994 0.02412497 0.0136184 -0.05369997 0.02424424 0.015275 -0.05499994 0.02311843 0.01462495 -0.05369997 0.02404999 0.01599997 -0.05499994 0.02274996 0.01599997 -0.05369997 0.02424424 0.016725 -0.05499994 0.02311843 0.01737499 -0.05369997 0.02477496 0.01725572 -0.05499994 0.02412497 0.01838153 -0.05369997 0.02549999 0.01744997 -0.05499994 0.02549999 0.01874995 -0.05369997 0.02622497 0.01725572 -0.05499994 0.02687495 0.01838153 -0.05499994 0.02788156 0.01737499 -0.05369997 0.02424424 0.05527496 -0.05299997 0.02449995 0.05494999 -0.05369997 0.02477496 0.05474424 -0.05299997 0.02477496 0.05474424 -0.05369997 0.02549999 0.05454999 -0.05299997 0.02549999 0.05454999 -0.05369997 0.02549999 0.05454999 -0.05299997 0.02549999 0.05454999 -0.05369997 0.02622497 0.05474424 -0.05299997 0.02622497 0.05474424 -0.05369997 0.02622497 0.05474424 -0.05299997 0.02622497 0.05474424 -0.05369997 0.02675569 0.05527496 -0.05299997 0.02675569 0.05527496 -0.05369997 0.02675569 0.05527496 -0.05299997 0.02675569 0.05527496 -0.05369997 0.02695 0.05599999 -0.05299997 0.02695 0.05599999 -0.05369997 0.02695 0.05599999 -0.05299997 0.02695 0.05599999 -0.05369997 0.02675569 0.05672496 -0.05299997 0.02675569 0.05672496 -0.05369997 0.02675569 0.05672496 -0.05299997 0.02675569 0.05672496 -0.05369997 0.02622497 0.05725574 -0.05299997 0.02622497 0.05725574 -0.05369997 0.02622497 0.05725574 -0.05299997 0.02622497 0.05725574 -0.05369997 0.02549999 0.05744999 -0.05299997 0.02549999 0.05744999 -0.05369997 0.02549999 0.05744999 -0.05299997 0.02549999 0.05744999 -0.05369997 0.02477496 0.05725574 -0.05299997 0.02477496 0.05725574 -0.05299997 0.02447837 0.05702894 -0.05369997 0.02424424 0.05672496 -0.05299997 0.02424424 0.05672496 -0.05369997 0.02424424 0.05672496 -0.05299997 0.02424424 0.05672496 -0.05369997 0.02404999 0.05599999 -0.05299997 0.02404999 0.05599999 -0.05369997 0.02404999 0.05599999 -0.05299997 0.02404999 0.05599999 -0.05369997 0.02424424 0.05527496 -0.05299997 0.02424424 0.05527496 -0.05299997 0.02424424 0.05527496 -0.05369997 0.02695 0.05599999 -0.05369997 0.02675569 0.05672496 -0.05499994 0.02808421 0.05694025 -0.05492496 0.02817499 0.05599999 -0.05499994 0.02809995 0.05510413 -0.05369997 0.02675569 0.05527496 -0.05499994 0.02788156 0.05462497 -0.05369997 0.02622497 0.05474424 -0.05499994 0.02687495 0.05361843 -0.05369997 0.02549999 0.05454999 -0.05499994 0.02549999 0.05324995 -0.05369997 0.02477496 0.05474424 -0.05499994 0.02412497 0.05361843 -0.05369997 0.02424424 0.05527496 -0.05499994 0.02311843 0.05462497 -0.05369997 0.02404999 0.05599999 -0.05499994 0.02274996 0.05599999 -0.05369997 0.02424424 0.05672496 -0.05499994 0.02311843 0.05737495 -0.05369997 0.02477496 0.05725574 -0.05499994 0.02412497 0.05838155 -0.05369997 0.02549999 0.05744999 -0.05499994 0.02549999 0.05874997 -0.05369997 0.02622497 0.05725574 -0.05499994 0.02687495 0.05838155 -0.05499994 0.02788156 0.05737495 -0.05299997 -0.018 0.02099996 -0.05499994 -0.018 0.02099996 -0.05299997 -0.01773202 0.02199995 -0.05499994 -0.01773202 0.02199995 -0.05299997 -0.01773202 0.02199995 -0.05499994 -0.01773202 0.02199995 -0.05299997 -0.01699995 0.02273201 -0.05499994 -0.01699995 0.02273201 -0.05299997 -0.01699995 0.02273201 -0.05499994 -0.01699995 0.02273201 -0.05299997 -0.01599997 0.023 -0.05499994 -0.01599997 0.023 -0.05299997 -0.01599997 0.023 -0.05499994 -0.01599997 0.023 -0.05299997 -0.01499998 0.02273201 -0.05499994 -0.01499998 0.02273201 -0.05299997 -0.01499998 0.02273201 -0.05499994 -0.01499998 0.02273201 -0.05299997 -0.01426792 0.02199995 -0.05499994 -0.01426792 0.02199995 -0.05299997 -0.01426792 0.02199995 -0.05499994 -0.01426792 0.02199995 -0.05299997 -0.01399999 0.02099996 -0.05499994 -0.01399999 0.02099996 -0.05299997 -0.01399999 0.02099996 -0.05499994 -0.01399999 0.02099996 -0.05299997 -0.01426792 0.01999998 -0.05499994 -0.01426792 0.01999998 -0.05299997 -0.01426792 0.01999998 -0.05499994 -0.01426792 0.01999998 -0.05299997 -0.01499998 0.01926791 -0.05499994 -0.01499998 0.01926791 -0.05299997 -0.01499998 0.01926791 -0.05499994 -0.01499998 0.01926791 -0.05299997 -0.01599997 0.01899999 -0.05499994 -0.01599997 0.01899999 -0.05299997 -0.01599997 0.01899999 -0.05499994 -0.01599997 0.01899999 -0.05299997 -0.01699995 0.01926791 -0.05499994 -0.01699995 0.01926791 -0.05299997 -0.01699995 0.01926791 -0.05499994 -0.01699995 0.01926791 -0.05299997 -0.01773202 0.01999998 -0.05499994 -0.01773202 0.01999998 -0.05299997 -0.01773202 0.01999998 -0.05499994 -0.01773202 0.01999998 -0.05299997 -0.018 0.02099996 -0.05499994 -0.018 0.02099996 -0.05299997 0.007799983 0.03899997 -0.05469995 0.007799983 0.03899997 -0.05299997 0.007799983 0.03769999 -0.05469995 0.007799983 0.03639996 -0.05299997 0.007799983 0.03639996 -0.05299997 -0.005799949 0.041 -0.05469995 -0.005799949 0.041 -0.05299997 0 0.041 -0.05469995 0.005799949 0.041 -0.05299997 0.005799949 0.041 -0.05469995 -0.007799983 0.03899997 -0.05299997 -0.007799983 0.03899997 -0.05469995 -0.007799983 0.03639996 -0.05299997 -0.007799983 0.03769999 -0.05299997 -0.007799983 0.03639996 -0.05299997 0.005799949 0.03439998 -0.05469995 0.005799949 0.03439998 -0.05299997 0 0.03439998 -0.05469995 -0.005799949 0.03439998 -0.05299997 -0.005799949 0.03439998 -0.05469995 0.007532 0.03999996 -0.05299997 0.007532 0.03999996 -0.05469995 0.007532 0.03999996 -0.05299997 0.007532 0.03999996 -0.05469995 0.006799995 0.04073202 -0.05299997 0.006799995 0.04073202 -0.05469995 0.006799995 0.04073202 -0.05299997 0.006799995 0.04073202 -0.05469995 -0.007532 0.03539997 -0.05299997 -0.007532 0.03539997 -0.05469995 -0.007532 0.03539997 -0.05299997 -0.007532 0.03539997 -0.05469995 -0.006799995 0.0346679 -0.05299997 -0.006799995 0.0346679 -0.05469995 -0.006799995 0.0346679 -0.05299997 -0.006799995 0.0346679 -0.05469995 0.006799995 0.0346679 -0.05299997 0.006799995 0.0346679 -0.05469995 0.006799995 0.0346679 -0.05299997 0.006799995 0.0346679 -0.05469995 0.007532 0.03539997 -0.05299997 0.007532 0.03539997 -0.05469995 0.007532 0.03539997 -0.05299997 0.007532 0.03539997 -0.05469995 0.007799983 0.03639996 -0.05469995 -0.006799995 0.04073202 -0.05299997 -0.006799995 0.04073202 -0.05469995 -0.006799995 0.04073202 -0.05299997 -0.006799995 0.04073202 -0.05469995 -0.007532 0.03999996 -0.05299997 -0.007532 0.03999996 -0.05469995 -0.007532 0.03999996 -0.05299997 -0.007532 0.03999996 -0.05299997 0.006749987 0.04219996 -0.04999995 0.00701791 0.04319995 -0.05299997 0.00701791 0.04319995 -0.05299997 0.00701791 0.04319995 -0.04999995 0.00701791 0.04319995 -0.04999995 0.007749974 0.04393202 -0.05299997 0.007749974 0.04393202 -0.05299997 0.007749974 0.04393202 -0.04999995 0.007749974 0.04393202 -0.04999995 0.008749961 0.0442 -0.05299997 0.008749961 0.0442 -0.05299997 0.008749961 0.0442 -0.04999995 0.008749961 0.0442 -0.04999995 0.009749948 0.04393202 -0.05299997 0.009749948 0.04393202 -0.05299997 0.009749948 0.04393202 -0.04999995 0.009749948 0.04393202 -0.04999995 0.01048201 0.04319995 -0.05299997 0.01048201 0.04319995 -0.05299997 0.01048201 0.04319995 -0.04999995 0.01048201 0.04319995 -0.04999995 0.01074999 0.04219996 -0.05299997 0.01074999 0.04219996 -0.05299997 0.01074999 0.04219996 -0.04999995 0.01074999 0.04219996 -0.04999995 0.01048201 0.04119998 -0.05299997 0.01048201 0.04119998 -0.05299997 0.01048201 0.04119998 -0.04999995 0.01048201 0.04119998 -0.04999995 0.009749948 0.04046791 -0.05299997 0.009749948 0.04046791 -0.05299997 0.009749948 0.04046791 -0.04999995 0.009749948 0.04046791 -0.04999995 0.008749961 0.04019999 -0.05299997 0.008749961 0.04019999 -0.05299997 0.008749961 0.04019999 -0.04999995 0.008749961 0.04019999 -0.04999995 0.007749974 0.04046791 -0.05299997 0.007749974 0.04046791 -0.05299997 0.007749974 0.04046791 -0.04999995 0.007749974 0.04046791 -0.04999995 0.00701791 0.04119998 -0.05299997 0.00701791 0.04119998 -0.05299997 0.00701791 0.04119998 -0.04999995 0.00701791 0.04119998 -0.04999995 0.006749987 0.04219996 -0.05299997 0.006749987 0.04219996 -0.04999995 0.006749987 0.04219996 -0.04999995 0.007862269 0.04271245 -0.04999995 0.00701791 0.04319995 -0.04999995 0.007725 0.04219996 -0.04999995 0.006749987 0.04219996 -0.04999995 0.007862269 0.04168748 -0.04999995 0.00701791 0.04119998 -0.04999995 0.008237481 0.04131227 -0.04999995 0.007749974 0.04046791 -0.04999995 0.008749961 0.04117494 -0.04999995 0.008749961 0.04019999 -0.04999995 0.009262442 0.04131227 -0.04999995 0.009749948 0.04046791 -0.04999995 0.009637653 0.04168748 -0.04999995 0.01048201 0.04119998 -0.04999995 0.009774982 0.04219996 -0.04999995 0.01074999 0.04219996 -0.04999995 0.009637653 0.04271245 -0.04999995 0.01048201 0.04319995 -0.04999995 0.009262442 0.04308766 -0.04999995 0.009749948 0.04393202 -0.04999995 0.008749961 0.04322499 -0.04999995 0.008749961 0.0442 -0.04999995 0.008237481 0.04308766 -0.04999995 0.007749974 0.04393202 -0.05299997 -0.01074999 0.04219996 -0.04999995 -0.01048201 0.04319995 -0.05299997 -0.01048201 0.04319995 -0.05299997 -0.01048201 0.04319995 -0.04999995 -0.01048201 0.04319995 -0.04999995 -0.009749948 0.04393202 -0.05299997 -0.009749948 0.04393202 -0.05299997 -0.009749948 0.04393202 -0.04999995 -0.009749948 0.04393202 -0.04999995 -0.008749961 0.0442 -0.05299997 -0.008749961 0.0442 -0.05299997 -0.008749961 0.0442 -0.04999995 -0.008749961 0.0442 -0.04999995 -0.007749974 0.04393202 -0.05299997 -0.007749974 0.04393202 -0.05299997 -0.007749974 0.04393202 -0.04999995 -0.007749974 0.04393202 -0.04999995 -0.00701791 0.04319995 -0.05299997 -0.00701791 0.04319995 -0.05299997 -0.00701791 0.04319995 -0.04999995 -0.00701791 0.04319995 -0.04999995 -0.006749987 0.04219996 -0.05299997 -0.006749987 0.04219996 -0.05299997 -0.006749987 0.04219996 -0.04999995 -0.006749987 0.04219996 -0.04999995 -0.00701791 0.04119998 -0.05299997 -0.00701791 0.04119998 -0.05299997 -0.00701791 0.04119998 -0.04999995 -0.00701791 0.04119998 -0.04999995 -0.007749974 0.04046791 -0.05299997 -0.007749974 0.04046791 -0.05299997 -0.007749974 0.04046791 -0.04999995 -0.007749974 0.04046791 -0.04999995 -0.008749961 0.04019999 -0.05299997 -0.008749961 0.04019999 -0.05299997 -0.008749961 0.04019999 -0.04999995 -0.008749961 0.04019999 -0.04999995 -0.009749948 0.04046791 -0.05299997 -0.009749948 0.04046791 -0.05299997 -0.009749948 0.04046791 -0.04999995 -0.009749948 0.04046791 -0.04999995 -0.01048201 0.04119998 -0.05299997 -0.01048201 0.04119998 -0.05299997 -0.01048201 0.04119998 -0.04999995 -0.01048201 0.04119998 -0.04999995 -0.01074999 0.04219996 -0.05299997 -0.01074999 0.04219996 -0.04999995 -0.01074999 0.04219996 -0.04999995 -0.009637653 0.04294568 -0.04999995 -0.01048201 0.04319995 -0.04999995 -0.009774982 0.04243314 -0.04999995 -0.01074999 0.04219996 -0.04999995 -0.009637653 0.04192066 -0.04999995 -0.01048201 0.04119998 -0.04999995 -0.009262442 0.04154551 -0.04999995 -0.009749948 0.04046791 -0.04999995 -0.008749961 0.04140818 -0.04999995 -0.008749961 0.04019999 -0.04999995 -0.008237481 0.04154551 -0.04999995 -0.007749974 0.04046791 -0.04999995 -0.007862269 0.04192066 -0.04999995 -0.00701791 0.04119998 -0.04999995 -0.007725 0.04243314 -0.04999995 -0.006749987 0.04219996 -0.04999995 -0.007862269 0.04294568 -0.04999995 -0.00701791 0.04319995 -0.04999995 -0.008237481 0.04332083 -0.04999995 -0.007749974 0.04393202 -0.04999995 -0.008749961 0.04345816 -0.04999995 -0.008749961 0.0442 -0.04999995 -0.009262442 0.04332083 -0.04999995 -0.009749948 0.04393202 -0.04999995 0.01748746 0.05788767 -0.04999995 0.01699995 0.05873203 -0.04999995 0.01711231 0.05751246 -0.04999995 0.01626795 0.05799996 -0.04999995 0.01697498 0.05699998 -0.04999995 0.01599997 0.05699998 -0.04999995 0.01711231 0.0564875 -0.04999995 0.01626795 0.05599999 -0.04999995 0.01748746 0.05611228 -0.04999995 0.01699995 0.05526793 -0.04999995 0.018 0.05597496 -0.04999995 0.018 0.05499994 -0.04999995 0.01851248 0.05611228 -0.04999995 0.01899999 0.05526793 -0.04999995 0.01888763 0.0564875 -0.04999995 0.01973199 0.05599999 -0.04999995 0.01902496 0.05699998 -0.04999995 0.01999998 0.05699998 -0.04999995 0.01888763 0.05751246 -0.04999995 0.01973199 0.05799996 -0.04999995 0.01851248 0.05788767 -0.04999995 0.01899999 0.05873203 -0.04999995 0.018 0.058025 -0.04999995 0.018 0.05899995 -0.04999995 -0.01851248 0.05788767 -0.04999995 -0.01899999 0.05873203 -0.04999995 -0.01888763 0.05751246 -0.04999995 -0.01973199 0.05799996 -0.04999995 -0.01902496 0.05699998 -0.04999995 -0.01999998 0.05699998 -0.04999995 -0.01888763 0.0564875 -0.04999995 -0.01973199 0.05599999 -0.04999995 -0.01851248 0.05611228 -0.04999995 -0.01899999 0.05526793 -0.04999995 -0.018 0.05597496 -0.04999995 -0.018 0.05499994 -0.04999995 -0.01748746 0.05611228 -0.04999995 -0.01699995 0.05526793 -0.04999995 -0.01711231 0.0564875 -0.04999995 -0.01626795 0.05599999 -0.04999995 -0.01697498 0.05699998 -0.04999995 -0.01599997 0.05699998 -0.04999995 -0.01711231 0.05751246 -0.04999995 -0.01626795 0.05799996 -0.04999995 -0.01748746 0.05788767 -0.04999995 -0.01699995 0.05873203 -0.04999995 -0.018 0.058025 -0.04999995 -0.018 0.05899995 -0.05299997 0.01599997 0.00999999 -0.04999995 0.01626795 0.01099997 -0.05299997 0.01626795 0.01099997 -0.05299997 0.01626795 0.01099997 -0.04999995 0.01626795 0.01099997 -0.04999995 0.01699995 0.01173204 -0.05299997 0.01699995 0.01173204 -0.05299997 0.01699995 0.01173204 -0.04999995 0.01699995 0.01173204 -0.04999995 0.018 0.01199996 -0.05299997 0.018 0.01199996 -0.05299997 0.018 0.01199996 -0.04999995 0.018 0.01199996 -0.04999995 0.01899999 0.01173204 -0.05299997 0.01899999 0.01173204 -0.05299997 0.01899999 0.01173204 -0.04999995 0.01899999 0.01173204 -0.04999995 0.01973199 0.01099997 -0.05299997 0.01973199 0.01099997 -0.05299997 0.01973199 0.01099997 -0.04999995 0.01973199 0.01099997 -0.04999995 0.01999998 0.00999999 -0.05299997 0.01999998 0.00999999 -0.05299997 0.01999998 0.00999999 -0.04999995 0.01999998 0.00999999 -0.04999995 0.01973199 0.008999943 -0.05299997 0.01973199 0.008999943 -0.05299997 0.01973199 0.008999943 -0.04999995 0.01973199 0.008999943 -0.04999995 0.01899999 0.008267939 -0.05299997 0.01899999 0.008267939 -0.05299997 0.01899999 0.008267939 -0.04999995 0.01899999 0.008267939 -0.04999995 0.018 0.007999956 -0.05299997 0.018 0.007999956 -0.05299997 0.018 0.007999956 -0.04999995 0.018 0.007999956 -0.04999995 0.01699995 0.008267939 -0.05299997 0.01699995 0.008267939 -0.05299997 0.01699995 0.008267939 -0.04999995 0.01699995 0.008267939 -0.04999995 0.01626795 0.008999943 -0.05299997 0.01626795 0.008999943 -0.05299997 0.01626795 0.008999943 -0.04999995 0.01626795 0.008999943 -0.04999995 0.01599997 0.00999999 -0.05299997 0.01599997 0.00999999 -0.04999995 0.01599997 0.00999999 -0.04999995 0.01711231 0.01051247 -0.04999995 0.01626795 0.01099997 -0.04999995 0.01697498 0.00999999 -0.04999995 0.01599997 0.00999999 -0.04999995 0.01711231 0.00948745 -0.04999995 0.01626795 0.008999943 -0.04999995 0.01748746 0.009112298 -0.04999995 0.01699995 0.008267939 -0.04999995 0.018 0.008974969 -0.04999995 0.018 0.007999956 -0.04999995 0.01851248 0.009112298 -0.04999995 0.01899999 0.008267939 -0.04999995 0.01888763 0.00948745 -0.04999995 0.01973199 0.008999943 -0.04999995 0.01902496 0.00999999 -0.04999995 0.01999998 0.00999999 -0.04999995 0.01888763 0.01051247 -0.04999995 0.01973199 0.01099997 -0.04999995 0.01851248 0.01088762 -0.04999995 0.01899999 0.01173204 -0.04999995 0.018 0.01102495 -0.04999995 0.018 0.01199996 -0.04999995 0.01748746 0.01088762 -0.04999995 0.01699995 0.01173204 -0.05299997 -0.01999998 0.00999999 -0.04999995 -0.01973199 0.01099997 -0.05299997 -0.01973199 0.01099997 -0.05299997 -0.01973199 0.01099997 -0.04999995 -0.01973199 0.01099997 -0.04999995 -0.01899999 0.01173204 -0.05299997 -0.01899999 0.01173204 -0.05299997 -0.01899999 0.01173204 -0.04999995 -0.01899999 0.01173204 -0.04999995 -0.018 0.01199996 -0.05299997 -0.018 0.01199996 -0.05299997 -0.018 0.01199996 -0.04999995 -0.018 0.01199996 -0.04999995 -0.01699995 0.01173204 -0.05299997 -0.01699995 0.01173204 -0.05299997 -0.01699995 0.01173204 -0.04999995 -0.01699995 0.01173204 -0.04999995 -0.01626795 0.01099997 -0.05299997 -0.01626795 0.01099997 -0.05299997 -0.01626795 0.01099997 -0.04999995 -0.01626795 0.01099997 -0.04999995 -0.01599997 0.00999999 -0.05299997 -0.01599997 0.00999999 -0.05299997 -0.01599997 0.00999999 -0.04999995 -0.01599997 0.00999999 -0.04999995 -0.01626795 0.008999943 -0.05299997 -0.01626795 0.008999943 -0.05299997 -0.01626795 0.008999943 -0.04999995 -0.01626795 0.008999943 -0.04999995 -0.01699995 0.008267939 -0.05299997 -0.01699995 0.008267939 -0.05299997 -0.01699995 0.008267939 -0.04999995 -0.01699995 0.008267939 -0.04999995 -0.018 0.007999956 -0.05299997 -0.018 0.007999956 -0.05299997 -0.018 0.007999956 -0.04999995 -0.018 0.007999956 -0.04999995 -0.01899999 0.008267939 -0.05299997 -0.01899999 0.008267939 -0.05299997 -0.01899999 0.008267939 -0.04999995 -0.01899999 0.008267939 -0.04999995 -0.01973199 0.008999943 -0.05299997 -0.01973199 0.008999943 -0.05299997 -0.01973199 0.008999943 -0.04999995 -0.01973199 0.008999943 -0.04999995 -0.01999998 0.00999999 -0.05299997 -0.01999998 0.00999999 -0.04999995 -0.01999998 0.00999999 -0.04999995 -0.01888763 0.01051247 -0.04999995 -0.01973199 0.01099997 -0.04999995 -0.01902496 0.00999999 -0.04999995 -0.01999998 0.00999999 -0.04999995 -0.01888763 0.00948745 -0.04999995 -0.01973199 0.008999943 -0.04999995 -0.01851248 0.009112298 -0.04999995 -0.01899999 0.008267939 -0.04999995 -0.018 0.008974969 -0.04999995 -0.018 0.007999956 -0.04999995 -0.01748746 0.009112298 -0.04999995 -0.01699995 0.008267939 -0.04999995 -0.01711231 0.00948745 -0.04999995 -0.01626795 0.008999943 -0.04999995 -0.01697498 0.00999999 -0.04999995 -0.01599997 0.00999999 -0.04999995 -0.01711231 0.01051247 -0.04999995 -0.01626795 0.01099997 -0.04999995 -0.01748746 0.01088762 -0.04999995 -0.01699995 0.01173204 -0.04999995 -0.018 0.01102495 -0.04999995 -0.018 0.01199996 -0.04999995 -0.01851248 0.01088762 -0.04999995 -0.01899999 0.01173204 -0.05299997 0.01699995 0.06493723 -0.05299997 0.01699995 0.06599998 -0.05099999 0.01699995 0.06493723 -0.05099999 0.01699995 0.06599998 -0.05299997 -0.01699995 0.06599998 -0.05299997 -0.01699995 0.06493723 -0.05099999 -0.01699995 0.06599998 -0.05099999 -0.01699995 0.06493723 -0.05099999 -0.01320415 0.05599999 -0.05299997 -0.01320415 0.05599999 -0.05299997 -0.01237499 0.05599999 -0.05299997 -0.009274959 0.05599999 -0.05299997 0 0.05599999 -0.05099999 0.01320415 0.05599999 -0.05299997 0.01320415 0.05599999 -0.05299997 -0.006999969 0.07599997 -0.05099999 -0.006999969 0.07599997 -0.05299997 0 0.07599997 -0.05099999 0.006999969 0.07599997 -0.05299997 0.006999969 0.07599997 -0.05099999 0.01899999 0.05873203 -0.05099999 0.01949995 0.05832284 -0.05099999 0.01764583 0.06140166 -0.05099999 0.01651054 0.06909012 -0.05099999 0.01509016 0.07187783 -0.05099999 0.01287782 0.07409012 -0.05099999 0.01524537 0.05578941 -0.05099999 0.01720064 0.05516666 -0.05099999 0.01699995 0.05526793 -0.05099999 -0.01599997 0.05699998 -0.05099999 -0.01626795 0.05599999 -0.05099999 -0.01524537 0.05578941 -0.05099999 -0.01699995 0.05526793 -0.05099999 -0.01720064 0.05516666 -0.05099999 -0.01699995 0.05873203 -0.05099999 -0.01699995 0.06493723 -0.05099999 -0.018 0.05899995 -0.05099999 -0.01764583 0.06140166 -0.05099999 -0.01899999 0.05873203 -0.05099999 -0.01949995 0.05832284 -0.05099999 -0.01320415 0.05599999 -0.05099999 0.01320415 0.05599999 -0.05099999 0.01599997 0.05699998 -0.05099999 0.01626795 0.05599999 -0.05099999 -0.01699995 0.06599998 -0.05099999 -0.006999969 0.07599997 -0.05099999 0.006999969 0.07599997 -0.05099999 -0.01626795 0.05799996 -0.05099999 0.01009017 0.07551056 -0.05099999 -0.01009017 0.07551056 -0.05099999 -0.01287782 0.07409012 -0.05099999 -0.01651054 0.06909012 -0.05099999 -0.01509016 0.07187783 -0.05099999 0.01599997 0.05699998 -0.05099999 0.01626795 0.05799996 -0.05099999 0.01699995 0.05873203 -0.05099999 0.018 0.05899995 -0.05099999 0.01699995 0.06493723 -0.05099999 0.01699995 0.06599998 -0.05468064 -0.018 0.05699998 -0.05419999 -0.01730716 0.05739998 -0.05419999 -0.01759999 0.05769282 -0.05419999 -0.01719999 0.05699998 -0.05419999 -0.01839995 0.05769282 -0.05419999 -0.01869279 0.05739998 -0.05419999 -0.018 0.05779999 -0.05419999 -0.01869279 0.05659997 -0.05419999 -0.01839995 0.05630713 -0.05419999 -0.01879996 0.05699998 -0.05419999 -0.01759999 0.05630713 -0.05419999 -0.01730716 0.05659997 -0.05419999 -0.018 0.05619996 -0.05419999 -0.01719999 0.05699998 -0.05022495 -0.01719999 0.05699998 -0.05419999 -0.01730716 0.05739998 -0.05022495 -0.01730716 0.05739998 -0.05419999 -0.01730716 0.05739998 -0.05022495 -0.01730716 0.05739998 -0.05419999 -0.01759999 0.05769282 -0.05022495 -0.01759999 0.05769282 -0.05419999 -0.01759999 0.05769282 -0.05022495 -0.01759999 0.05769282 -0.05419999 -0.018 0.05779999 -0.05022495 -0.018 0.05779999 -0.05419999 -0.018 0.05779999 -0.05022495 -0.018 0.05779999 -0.05419999 -0.01839995 0.05769282 -0.05022495 -0.01839995 0.05769282 -0.05419999 -0.01839995 0.05769282 -0.05022495 -0.01839995 0.05769282 -0.05419999 -0.01869279 0.05739998 -0.05022495 -0.01869279 0.05739998 -0.05419999 -0.01869279 0.05739998 -0.05022495 -0.01869279 0.05739998 -0.05419999 -0.01879996 0.05699998 -0.05022495 -0.01879996 0.05699998 -0.05419999 -0.01879996 0.05699998 -0.05022495 -0.01879996 0.05699998 -0.05419999 -0.01869279 0.05659997 -0.05022495 -0.01869279 0.05659997 -0.05419999 -0.01869279 0.05659997 -0.05022495 -0.01869279 0.05659997 -0.05419999 -0.01839995 0.05630713 -0.05022495 -0.01839995 0.05630713 -0.05419999 -0.01839995 0.05630713 -0.05022495 -0.01839995 0.05630713 -0.05419999 -0.018 0.05619996 -0.05022495 -0.018 0.05619996 -0.05419999 -0.018 0.05619996 -0.05022495 -0.018 0.05619996 -0.05419999 -0.01759999 0.05630713 -0.05022495 -0.01759999 0.05630713 -0.05419999 -0.01759999 0.05630713 -0.05022495 -0.01759999 0.05630713 -0.05419999 -0.01730716 0.05659997 -0.05022495 -0.01730716 0.05659997 -0.05419999 -0.01730716 0.05659997 -0.05022495 -0.01730716 0.05659997 -0.05419999 -0.01719999 0.05699998 -0.05022495 -0.01719999 0.05699998 -0.05022495 -0.01730716 0.05739998 -0.04999995 -0.01711231 0.05751246 -0.05022495 -0.01759999 0.05769282 -0.04999995 -0.01748746 0.05788767 -0.05022495 -0.018 0.05779999 -0.04999995 -0.018 0.058025 -0.05022495 -0.01839995 0.05769282 -0.04999995 -0.01851248 0.05788767 -0.05022495 -0.01869279 0.05739998 -0.04999995 -0.01888763 0.05751246 -0.05022495 -0.01879996 0.05699998 -0.04999995 -0.01902496 0.05699998 -0.05022495 -0.01869279 0.05659997 -0.04999995 -0.01888763 0.0564875 -0.05022495 -0.01839995 0.05630713 -0.04999995 -0.01851248 0.05611228 -0.05022495 -0.018 0.05619996 -0.04999995 -0.018 0.05597496 -0.05022495 -0.01759999 0.05630713 -0.04999995 -0.01748746 0.05611228 -0.05022495 -0.01730716 0.05659997 -0.04999995 -0.01711231 0.0564875 -0.05022495 -0.01719999 0.05699998 -0.04999995 -0.01697498 0.05699998 -0.05468064 0.018 0.05699998 -0.05419999 0.01869279 0.05739998 -0.05419999 0.01839995 0.05769282 -0.05419999 0.01879996 0.05699998 -0.05419999 0.01759999 0.05769282 -0.05419999 0.01730716 0.05739998 -0.05419999 0.018 0.05779999 -0.05419999 0.01730716 0.05659997 -0.05419999 0.01759999 0.05630713 -0.05419999 0.01719999 0.05699998 -0.05419999 0.01839995 0.05630713 -0.05419999 0.01869279 0.05659997 -0.05419999 0.018 0.05619996 -0.05419999 0.01879996 0.05699998 -0.05022495 0.01879996 0.05699998 -0.05419999 0.01869279 0.05739998 -0.05022495 0.01869279 0.05739998 -0.05419999 0.01869279 0.05739998 -0.05022495 0.01869279 0.05739998 -0.05419999 0.01839995 0.05769282 -0.05022495 0.01839995 0.05769282 -0.05419999 0.01839995 0.05769282 -0.05022495 0.01839995 0.05769282 -0.05419999 0.018 0.05779999 -0.05022495 0.018 0.05779999 -0.05419999 0.018 0.05779999 -0.05022495 0.018 0.05779999 -0.05419999 0.01759999 0.05769282 -0.05022495 0.01759999 0.05769282 -0.05419999 0.01759999 0.05769282 -0.05022495 0.01759999 0.05769282 -0.05419999 0.01730716 0.05739998 -0.05022495 0.01730716 0.05739998 -0.05419999 0.01730716 0.05739998 -0.05022495 0.01730716 0.05739998 -0.05419999 0.01719999 0.05699998 -0.05022495 0.01719999 0.05699998 -0.05419999 0.01719999 0.05699998 -0.05022495 0.01719999 0.05699998 -0.05419999 0.01730716 0.05659997 -0.05022495 0.01730716 0.05659997 -0.05419999 0.01730716 0.05659997 -0.05022495 0.01730716 0.05659997 -0.05419999 0.01759999 0.05630713 -0.05022495 0.01759999 0.05630713 -0.05419999 0.01759999 0.05630713 -0.05022495 0.01759999 0.05630713 -0.05419999 0.018 0.05619996 -0.05022495 0.018 0.05619996 -0.05419999 0.018 0.05619996 -0.05022495 0.018 0.05619996 -0.05419999 0.01839995 0.05630713 -0.05022495 0.01839995 0.05630713 -0.05419999 0.01839995 0.05630713 -0.05022495 0.01839995 0.05630713 -0.05419999 0.01869279 0.05659997 -0.05022495 0.01869279 0.05659997 -0.05419999 0.01869279 0.05659997 -0.05022495 0.01869279 0.05659997 -0.05419999 0.01879996 0.05699998 -0.05022495 0.01879996 0.05699998 -0.05022495 0.01869279 0.05739998 -0.04999995 0.01888763 0.05751246 -0.05022495 0.01839995 0.05769282 -0.04999995 0.01851248 0.05788767 -0.05022495 0.018 0.05779999 -0.04999995 0.018 0.058025 -0.05022495 0.01759999 0.05769282 -0.04999995 0.01748746 0.05788767 -0.05022495 0.01730716 0.05739998 -0.04999995 0.01711231 0.05751246 -0.05022495 0.01719999 0.05699998 -0.04999995 0.01697498 0.05699998 -0.05022495 0.01730716 0.05659997 -0.04999995 0.01711231 0.0564875 -0.05022495 0.01759999 0.05630713 -0.04999995 0.01748746 0.05611228 -0.05022495 0.018 0.05619996 -0.04999995 0.018 0.05597496 -0.05022495 0.01839995 0.05630713 -0.04999995 0.01851248 0.05611228 -0.05022495 0.01869279 0.05659997 -0.04999995 0.01888763 0.0564875 -0.05022495 0.01879996 0.05699998 -0.04999995 0.01902496 0.05699998 -0.05468064 0.008749961 0.04219996 -0.05419999 0.009442806 0.04259997 -0.05419999 0.009149968 0.04289281 -0.05419999 0.009549975 0.04219996 -0.05419999 0.008349955 0.04289281 -0.05419999 0.008057177 0.04259997 -0.05419999 0.008749961 0.04299998 -0.05419999 0.008057177 0.04179996 -0.05419999 0.008349955 0.04150718 -0.05419999 0.007949948 0.04219996 -0.05419999 0.009149968 0.04150718 -0.05419999 0.009442806 0.04179996 -0.05419999 0.008749961 0.04139995 -0.05419999 0.009549975 0.04219996 -0.05022495 0.009549975 0.04219996 -0.05419999 0.009442806 0.04259997 -0.05022495 0.009442806 0.04259997 -0.05419999 0.009442806 0.04259997 -0.05022495 0.009442806 0.04259997 -0.05419999 0.009149968 0.04289281 -0.05022495 0.009149968 0.04289281 -0.05419999 0.009149968 0.04289281 -0.05022495 0.009149968 0.04289281 -0.05419999 0.008749961 0.04299998 -0.05022495 0.008749961 0.04299998 -0.05419999 0.008749961 0.04299998 -0.05022495 0.008749961 0.04299998 -0.05419999 0.008349955 0.04289281 -0.05022495 0.008349955 0.04289281 -0.05419999 0.008349955 0.04289281 -0.05022495 0.008349955 0.04289281 -0.05419999 0.008057177 0.04259997 -0.05022495 0.008057177 0.04259997 -0.05419999 0.008057177 0.04259997 -0.05022495 0.008057177 0.04259997 -0.05419999 0.007949948 0.04219996 -0.05022495 0.007949948 0.04219996 -0.05419999 0.007949948 0.04219996 -0.05022495 0.007949948 0.04219996 -0.05419999 0.008057177 0.04179996 -0.05022495 0.008057177 0.04179996 -0.05419999 0.008057177 0.04179996 -0.05022495 0.008057177 0.04179996 -0.05419999 0.008349955 0.04150718 -0.05022495 0.008349955 0.04150718 -0.05419999 0.008349955 0.04150718 -0.05022495 0.008349955 0.04150718 -0.05419999 0.008749961 0.04139995 -0.05022495 0.008749961 0.04139995 -0.05419999 0.008749961 0.04139995 -0.05022495 0.008749961 0.04139995 -0.05419999 0.009149968 0.04150718 -0.05022495 0.009149968 0.04150718 -0.05419999 0.009149968 0.04150718 -0.05022495 0.009149968 0.04150718 -0.05419999 0.009442806 0.04179996 -0.05022495 0.009442806 0.04179996 -0.05419999 0.009442806 0.04179996 -0.05022495 0.009442806 0.04179996 -0.05419999 0.009549975 0.04219996 -0.05022495 0.009549975 0.04219996 -0.05022495 0.009442806 0.04259997 -0.04999995 0.009637653 0.04271245 -0.05022495 0.009149968 0.04289281 -0.04999995 0.009262442 0.04308766 -0.05022495 0.008749961 0.04299998 -0.04999995 0.008749961 0.04322499 -0.05022495 0.008349955 0.04289281 -0.04999995 0.008237481 0.04308766 -0.05022495 0.008057177 0.04259997 -0.04999995 0.007862269 0.04271245 -0.05022495 0.007949948 0.04219996 -0.04999995 0.007725 0.04219996 -0.05022495 0.008057177 0.04179996 -0.04999995 0.007862269 0.04168748 -0.05022495 0.008349955 0.04150718 -0.04999995 0.008237481 0.04131227 -0.05022495 0.008749961 0.04139995 -0.04999995 0.008749961 0.04117494 -0.05022495 0.009149968 0.04150718 -0.04999995 0.009262442 0.04131227 -0.05022495 0.009442806 0.04179996 -0.04999995 0.009637653 0.04168748 -0.05022495 0.009549975 0.04219996 -0.04999995 0.009774982 0.04219996 -0.05468064 -0.008749961 0.04243314 -0.05419999 -0.008057177 0.04283314 -0.05419999 -0.008349955 0.04312598 -0.05419999 -0.007949948 0.04243314 -0.05419999 -0.009149968 0.04312598 -0.05419999 -0.009442806 0.04283314 -0.05419999 -0.008749961 0.04323315 -0.05419999 -0.009442806 0.04203313 -0.05419999 -0.009149968 0.04174035 -0.05419999 -0.009549975 0.04243314 -0.05419999 -0.008349955 0.04174035 -0.05419999 -0.008057177 0.04203313 -0.05419999 -0.008749961 0.04163318 -0.05419999 -0.007949948 0.04243314 -0.05022495 -0.007949948 0.04243314 -0.05419999 -0.008057177 0.04283314 -0.05022495 -0.008057177 0.04283314 -0.05419999 -0.008057177 0.04283314 -0.05022495 -0.008057177 0.04283314 -0.05419999 -0.008349955 0.04312598 -0.05022495 -0.008349955 0.04312598 -0.05419999 -0.008349955 0.04312598 -0.05022495 -0.008349955 0.04312598 -0.05419999 -0.008749961 0.04323315 -0.05022495 -0.008749961 0.04323315 -0.05419999 -0.008749961 0.04323315 -0.05022495 -0.008749961 0.04323315 -0.05419999 -0.009149968 0.04312598 -0.05022495 -0.009149968 0.04312598 -0.05419999 -0.009149968 0.04312598 -0.05022495 -0.009149968 0.04312598 -0.05419999 -0.009442806 0.04283314 -0.05022495 -0.009442806 0.04283314 -0.05419999 -0.009442806 0.04283314 -0.05022495 -0.009442806 0.04283314 -0.05419999 -0.009549975 0.04243314 -0.05022495 -0.009549975 0.04243314 -0.05419999 -0.009549975 0.04243314 -0.05022495 -0.009549975 0.04243314 -0.05419999 -0.009442806 0.04203313 -0.05022495 -0.009442806 0.04203313 -0.05419999 -0.009442806 0.04203313 -0.05022495 -0.009442806 0.04203313 -0.05419999 -0.009149968 0.04174035 -0.05022495 -0.009149968 0.04174035 -0.05419999 -0.009149968 0.04174035 -0.05022495 -0.009149968 0.04174035 -0.05419999 -0.008749961 0.04163318 -0.05022495 -0.008749961 0.04163318 -0.05419999 -0.008749961 0.04163318 -0.05022495 -0.008749961 0.04163318 -0.05419999 -0.008349955 0.04174035 -0.05022495 -0.008349955 0.04174035 -0.05419999 -0.008349955 0.04174035 -0.05022495 -0.008349955 0.04174035 -0.05419999 -0.008057177 0.04203313 -0.05022495 -0.008057177 0.04203313 -0.05419999 -0.008057177 0.04203313 -0.05022495 -0.008057177 0.04203313 -0.05419999 -0.007949948 0.04243314 -0.05022495 -0.007949948 0.04243314 -0.05022495 -0.008057177 0.04283314 -0.04999995 -0.007862269 0.04294568 -0.05022495 -0.008349955 0.04312598 -0.04999995 -0.008237481 0.04332083 -0.05022495 -0.008749961 0.04323315 -0.04999995 -0.008749961 0.04345816 -0.05022495 -0.009149968 0.04312598 -0.04999995 -0.009262442 0.04332083 -0.05022495 -0.009442806 0.04283314 -0.04999995 -0.009637653 0.04294568 -0.05022495 -0.009549975 0.04243314 -0.04999995 -0.009774982 0.04243314 -0.05022495 -0.009442806 0.04203313 -0.04999995 -0.009637653 0.04192066 -0.05022495 -0.009149968 0.04174035 -0.04999995 -0.009262442 0.04154551 -0.05022495 -0.008749961 0.04163318 -0.04999995 -0.008749961 0.04140818 -0.05022495 -0.008349955 0.04174035 -0.04999995 -0.008237481 0.04154551 -0.05022495 -0.008057177 0.04203313 -0.04999995 -0.007862269 0.04192066 -0.05022495 -0.007949948 0.04243314 -0.04999995 -0.007725 0.04243314 -0.05468064 0.008749961 0.03319996 -0.05419999 0.009442806 0.03359997 -0.05419999 0.009149968 0.03389281 -0.05419999 0.009549975 0.03319996 -0.05419999 0.008349955 0.03389281 -0.05419999 0.008057177 0.03359997 -0.05419999 0.008749961 0.03399997 -0.05419999 0.008057177 0.03279995 -0.05419999 0.008349955 0.03250718 -0.05419999 0.007949948 0.03319996 -0.05419999 0.009149968 0.03250718 -0.05419999 0.009442806 0.03279995 -0.05419999 0.008749961 0.03239995 -0.05419999 0.009549975 0.03319996 -0.05022495 0.009549975 0.03319996 -0.05419999 0.009442806 0.03359997 -0.05022495 0.009442806 0.03359997 -0.05419999 0.009442806 0.03359997 -0.05022495 0.009442806 0.03359997 -0.05419999 0.009149968 0.03389281 -0.05022495 0.009149968 0.03389281 -0.05419999 0.009149968 0.03389281 -0.05022495 0.009149968 0.03389281 -0.05419999 0.008749961 0.03399997 -0.05022495 0.008749961 0.03399997 -0.05419999 0.008749961 0.03399997 -0.05022495 0.008749961 0.03399997 -0.05419999 0.008349955 0.03389281 -0.05022495 0.008349955 0.03389281 -0.05419999 0.008349955 0.03389281 -0.05022495 0.008349955 0.03389281 -0.05419999 0.008057177 0.03359997 -0.05022495 0.008057177 0.03359997 -0.05419999 0.008057177 0.03359997 -0.05022495 0.008057177 0.03359997 -0.05419999 0.007949948 0.03319996 -0.05022495 0.007949948 0.03319996 -0.05419999 0.007949948 0.03319996 -0.05022495 0.007949948 0.03319996 -0.05419999 0.008057177 0.03279995 -0.05022495 0.008057177 0.03279995 -0.05419999 0.008057177 0.03279995 -0.05022495 0.008057177 0.03279995 -0.05419999 0.008349955 0.03250718 -0.05022495 0.008349955 0.03250718 -0.05419999 0.008349955 0.03250718 -0.05022495 0.008349955 0.03250718 -0.05419999 0.008749961 0.03239995 -0.05022495 0.008749961 0.03239995 -0.05419999 0.008749961 0.03239995 -0.05022495 0.008749961 0.03239995 -0.05419999 0.009149968 0.03250718 -0.05022495 0.009149968 0.03250718 -0.05419999 0.009149968 0.03250718 -0.05022495 0.009149968 0.03250718 -0.05419999 0.009442806 0.03279995 -0.05022495 0.009442806 0.03279995 -0.05419999 0.009442806 0.03279995 -0.05022495 0.009442806 0.03279995 -0.05419999 0.009549975 0.03319996 -0.05022495 0.009549975 0.03319996 -0.05022495 0.009442806 0.03359997 -0.04999995 0.009637653 0.0337125 -0.05022495 0.009149968 0.03389281 -0.04999995 0.009262442 0.03408765 -0.05022495 0.008749961 0.03399997 -0.04999995 0.008749961 0.03422498 -0.05022495 0.008349955 0.03389281 -0.04999995 0.008237481 0.03408765 -0.05022495 0.008057177 0.03359997 -0.04999995 0.007862269 0.0337125 -0.05022495 0.007949948 0.03319996 -0.04999995 0.007725 0.03319996 -0.05022495 0.008057177 0.03279995 -0.04999995 0.007862269 0.03268748 -0.05022495 0.008349955 0.03250718 -0.04999995 0.008237481 0.03231227 -0.05022495 0.008749961 0.03239995 -0.04999995 0.008749961 0.032175 -0.05022495 0.009149968 0.03250718 -0.04999995 0.009262442 0.03231227 -0.05022495 0.009442806 0.03279995 -0.04999995 0.009637653 0.03268748 -0.05022495 0.009549975 0.03319996 -0.04999995 0.009774982 0.03319996 -0.05468064 -0.008749961 0.03319996 -0.05419999 -0.008057177 0.03359997 -0.05419999 -0.008349955 0.03389281 -0.05419999 -0.007949948 0.03319996 -0.05419999 -0.009149968 0.03389281 -0.05419999 -0.009442806 0.03359997 -0.05419999 -0.008749961 0.03399997 -0.05419999 -0.009442806 0.03279995 -0.05419999 -0.009149968 0.03250718 -0.05419999 -0.009549975 0.03319996 -0.05419999 -0.008349955 0.03250718 -0.05419999 -0.008057177 0.03279995 -0.05419999 -0.008749961 0.03239995 -0.05419999 -0.007949948 0.03319996 -0.05022495 -0.007949948 0.03319996 -0.05419999 -0.008057177 0.03359997 -0.05022495 -0.008057177 0.03359997 -0.05419999 -0.008057177 0.03359997 -0.05022495 -0.008057177 0.03359997 -0.05419999 -0.008349955 0.03389281 -0.05022495 -0.008349955 0.03389281 -0.05419999 -0.008349955 0.03389281 -0.05022495 -0.008349955 0.03389281 -0.05419999 -0.008749961 0.03399997 -0.05022495 -0.008749961 0.03399997 -0.05419999 -0.008749961 0.03399997 -0.05022495 -0.008749961 0.03399997 -0.05419999 -0.009149968 0.03389281 -0.05022495 -0.009149968 0.03389281 -0.05419999 -0.009149968 0.03389281 -0.05022495 -0.009149968 0.03389281 -0.05419999 -0.009442806 0.03359997 -0.05022495 -0.009442806 0.03359997 -0.05419999 -0.009442806 0.03359997 -0.05022495 -0.009442806 0.03359997 -0.05419999 -0.009549975 0.03319996 -0.05022495 -0.009549975 0.03319996 -0.05419999 -0.009549975 0.03319996 -0.05022495 -0.009549975 0.03319996 -0.05419999 -0.009442806 0.03279995 -0.05022495 -0.009442806 0.03279995 -0.05419999 -0.009442806 0.03279995 -0.05022495 -0.009442806 0.03279995 -0.05419999 -0.009149968 0.03250718 -0.05022495 -0.009149968 0.03250718 -0.05419999 -0.009149968 0.03250718 -0.05022495 -0.009149968 0.03250718 -0.05419999 -0.008749961 0.03239995 -0.05022495 -0.008749961 0.03239995 -0.05419999 -0.008749961 0.03239995 -0.05022495 -0.008749961 0.03239995 -0.05419999 -0.008349955 0.03250718 -0.05022495 -0.008349955 0.03250718 -0.05419999 -0.008349955 0.03250718 -0.05022495 -0.008349955 0.03250718 -0.05419999 -0.008057177 0.03279995 -0.05022495 -0.008057177 0.03279995 -0.05419999 -0.008057177 0.03279995 -0.05022495 -0.008057177 0.03279995 -0.05419999 -0.007949948 0.03319996 -0.05022495 -0.007949948 0.03319996 -0.05022495 -0.008057177 0.03359997 -0.04999995 -0.007862269 0.0337125 -0.05022495 -0.008349955 0.03389281 -0.04999995 -0.008237481 0.03408765 -0.05022495 -0.008749961 0.03399997 -0.04999995 -0.008749961 0.03422498 -0.05022495 -0.009149968 0.03389281 -0.04999995 -0.009262442 0.03408765 -0.05022495 -0.009442806 0.03359997 -0.04999995 -0.009637653 0.0337125 -0.05022495 -0.009549975 0.03319996 -0.04999995 -0.009774982 0.03319996 -0.05022495 -0.009442806 0.03279995 -0.04999995 -0.009637653 0.03268748 -0.05022495 -0.009149968 0.03250718 -0.04999995 -0.009262442 0.03231227 -0.05022495 -0.008749961 0.03239995 -0.04999995 -0.008749961 0.032175 -0.05022495 -0.008349955 0.03250718 -0.04999995 -0.008237481 0.03231227 -0.05022495 -0.008057177 0.03279995 -0.04999995 -0.007862269 0.03268748 -0.05022495 -0.007949948 0.03319996 -0.04999995 -0.007725 0.03319996 -0.05468064 -0.018 0.00999999 -0.05419999 -0.01730716 0.01039999 -0.05419999 -0.01759999 0.01069277 -0.05419999 -0.01719999 0.00999999 -0.05419999 -0.01839995 0.01069277 -0.05419999 -0.01869279 0.01039999 -0.05419999 -0.018 0.0108 -0.05419999 -0.01869279 0.009599983 -0.05419999 -0.01839995 0.009307146 -0.05419999 -0.01879996 0.00999999 -0.05419999 -0.01759999 0.009307146 -0.05419999 -0.01730716 0.009599983 -0.05419999 -0.018 0.009199976 -0.05419999 -0.01719999 0.00999999 -0.05022495 -0.01719999 0.00999999 -0.05419999 -0.01730716 0.01039999 -0.05022495 -0.01730716 0.01039999 -0.05419999 -0.01730716 0.01039999 -0.05022495 -0.01730716 0.01039999 -0.05419999 -0.01759999 0.01069277 -0.05022495 -0.01759999 0.01069277 -0.05419999 -0.01759999 0.01069277 -0.05022495 -0.01759999 0.01069277 -0.05419999 -0.018 0.0108 -0.05022495 -0.018 0.0108 -0.05419999 -0.018 0.0108 -0.05022495 -0.018 0.0108 -0.05419999 -0.01839995 0.01069277 -0.05022495 -0.01839995 0.01069277 -0.05419999 -0.01839995 0.01069277 -0.05022495 -0.01839995 0.01069277 -0.05419999 -0.01869279 0.01039999 -0.05022495 -0.01869279 0.01039999 -0.05419999 -0.01869279 0.01039999 -0.05022495 -0.01869279 0.01039999 -0.05419999 -0.01879996 0.00999999 -0.05022495 -0.01879996 0.00999999 -0.05419999 -0.01879996 0.00999999 -0.05022495 -0.01879996 0.00999999 -0.05419999 -0.01869279 0.009599983 -0.05022495 -0.01869279 0.009599983 -0.05419999 -0.01869279 0.009599983 -0.05022495 -0.01869279 0.009599983 -0.05419999 -0.01839995 0.009307146 -0.05022495 -0.01839995 0.009307146 -0.05419999 -0.01839995 0.009307146 -0.05022495 -0.01839995 0.009307146 -0.05419999 -0.018 0.009199976 -0.05022495 -0.018 0.009199976 -0.05419999 -0.018 0.009199976 -0.05022495 -0.018 0.009199976 -0.05419999 -0.01759999 0.009307146 -0.05022495 -0.01759999 0.009307146 -0.05419999 -0.01759999 0.009307146 -0.05022495 -0.01759999 0.009307146 -0.05419999 -0.01730716 0.009599983 -0.05022495 -0.01730716 0.009599983 -0.05419999 -0.01730716 0.009599983 -0.05022495 -0.01730716 0.009599983 -0.05419999 -0.01719999 0.00999999 -0.05022495 -0.01719999 0.00999999 -0.05022495 -0.01730716 0.01039999 -0.04999995 -0.01711231 0.01051247 -0.05022495 -0.01759999 0.01069277 -0.04999995 -0.01748746 0.01088762 -0.05022495 -0.018 0.0108 -0.04999995 -0.018 0.01102495 -0.05022495 -0.01839995 0.01069277 -0.04999995 -0.01851248 0.01088762 -0.05022495 -0.01869279 0.01039999 -0.04999995 -0.01888763 0.01051247 -0.05022495 -0.01879996 0.00999999 -0.04999995 -0.01902496 0.00999999 -0.05022495 -0.01869279 0.009599983 -0.04999995 -0.01888763 0.00948745 -0.05022495 -0.01839995 0.009307146 -0.04999995 -0.01851248 0.009112298 -0.05022495 -0.018 0.009199976 -0.04999995 -0.018 0.008974969 -0.05022495 -0.01759999 0.009307146 -0.04999995 -0.01748746 0.009112298 -0.05022495 -0.01730716 0.009599983 -0.04999995 -0.01711231 0.00948745 -0.05022495 -0.01719999 0.00999999 -0.04999995 -0.01697498 0.00999999 -0.05468064 0.018 0.00999999 -0.05419999 0.01869279 0.01039999 -0.05419999 0.01839995 0.01069277 -0.05419999 0.01879996 0.00999999 -0.05419999 0.01759999 0.01069277 -0.05419999 0.01730716 0.01039999 -0.05419999 0.018 0.0108 -0.05419999 0.01730716 0.009599983 -0.05419999 0.01759999 0.009307146 -0.05419999 0.01719999 0.00999999 -0.05419999 0.01839995 0.009307146 -0.05419999 0.01869279 0.009599983 -0.05419999 0.018 0.009199976 -0.05419999 0.01879996 0.00999999 -0.05022495 0.01879996 0.00999999 -0.05419999 0.01869279 0.01039999 -0.05022495 0.01869279 0.01039999 -0.05419999 0.01869279 0.01039999 -0.05022495 0.01869279 0.01039999 -0.05419999 0.01839995 0.01069277 -0.05022495 0.01839995 0.01069277 -0.05419999 0.01839995 0.01069277 -0.05022495 0.01839995 0.01069277 -0.05419999 0.018 0.0108 -0.05022495 0.018 0.0108 -0.05419999 0.018 0.0108 -0.05022495 0.018 0.0108 -0.05419999 0.01759999 0.01069277 -0.05022495 0.01759999 0.01069277 -0.05419999 0.01759999 0.01069277 -0.05022495 0.01759999 0.01069277 -0.05419999 0.01730716 0.01039999 -0.05022495 0.01730716 0.01039999 -0.05419999 0.01730716 0.01039999 -0.05022495 0.01730716 0.01039999 -0.05419999 0.01719999 0.00999999 -0.05022495 0.01719999 0.00999999 -0.05419999 0.01719999 0.00999999 -0.05022495 0.01719999 0.00999999 -0.05419999 0.01730716 0.009599983 -0.05022495 0.01730716 0.009599983 -0.05419999 0.01730716 0.009599983 -0.05022495 0.01730716 0.009599983 -0.05419999 0.01759999 0.009307146 -0.05022495 0.01759999 0.009307146 -0.05419999 0.01759999 0.009307146 -0.05022495 0.01759999 0.009307146 -0.05419999 0.018 0.009199976 -0.05022495 0.018 0.009199976 -0.05419999 0.018 0.009199976 -0.05022495 0.018 0.009199976 -0.05419999 0.01839995 0.009307146 -0.05022495 0.01839995 0.009307146 -0.05419999 0.01839995 0.009307146 -0.05022495 0.01839995 0.009307146 -0.05419999 0.01869279 0.009599983 -0.05022495 0.01869279 0.009599983 -0.05419999 0.01869279 0.009599983 -0.05022495 0.01869279 0.009599983 -0.05419999 0.01879996 0.00999999 -0.05022495 0.01879996 0.00999999 -0.05022495 0.01869279 0.01039999 -0.04999995 0.01888763 0.01051247 -0.05022495 0.01839995 0.01069277 -0.04999995 0.01851248 0.01088762 -0.05022495 0.018 0.0108 -0.04999995 0.018 0.01102495 -0.05022495 0.01759999 0.01069277 -0.04999995 0.01748746 0.01088762 -0.05022495 0.01730716 0.01039999 -0.04999995 0.01711231 0.01051247 -0.05022495 0.01719999 0.00999999 -0.04999995 0.01697498 0.00999999 -0.05022495 0.01730716 0.009599983 -0.04999995 0.01711231 0.00948745 -0.05022495 0.01759999 0.009307146 -0.04999995 0.01748746 0.009112298 -0.05022495 0.018 0.009199976 -0.04999995 0.018 0.008974969 -0.05022495 0.01839995 0.009307146 -0.04999995 0.01851248 0.009112298 -0.05022495 0.01869279 0.009599983 -0.04999995 0.01888763 0.00948745 -0.05022495 0.01879996 0.00999999 -0.04999995 0.01902496 0.00999999 -0.05099999 0.01764583 0.06140166 -0.05299997 0.01764583 0.06140166 -0.05299997 0.01651054 0.06909012 -0.05099999 0.01651054 0.06909012 -0.05299997 0.01509016 0.07187783 -0.05099999 0.01509016 0.07187783 -0.05299997 0.01287782 0.07409012 -0.05099999 0.01287782 0.07409012 -0.05299997 0.01009017 0.07551056 -0.05099999 0.01009017 0.07551056 -0.05099999 -0.006999969 0.07599997 -0.05299997 -0.01009017 0.07551056 -0.05099999 -0.01009017 0.07551056 -0.05299997 -0.01287782 0.07409012 -0.05099999 -0.01287782 0.07409012 -0.05299997 -0.01509016 0.07187783 -0.05099999 -0.01509016 0.07187783 -0.05299997 -0.01651054 0.06909012 -0.05099999 -0.01651054 0.06909012 -0.05099999 -0.01764583 0.06140166 -0.05299997 -0.01764583 0.06140166 -0.05299997 -0.01720064 0.05516666 -0.05099999 -0.01524537 0.05578941 -0.05299997 -0.01524537 0.05578941 -0.05099999 0.01524537 0.05578941 -0.05299997 0.01524537 0.05578941 -0.04999995 -0.009716033 0.01651805 -0.05299997 -0.009716033 0.01651805 -0.05299997 -0.007773995 0.01364779 -0.04999995 -0.007773995 0.01364779 -0.05299997 -0.005016505 0.01154881 -0.04999995 -0.005016505 0.01154881 -0.05299997 -0.001732707 0.01044118 -0.04999995 -0.001732707 0.01044118 -0.05299997 0.001732707 0.01044118 -0.04999995 0.001732707 0.01044118 -0.05299997 0.005016505 0.01154881 -0.04999995 0.005016505 0.01154881 -0.05299997 0.007773995 0.01364779 -0.04999995 0.007773995 0.01364779 -0.05299997 0.009716033 0.01651805 -0.04999995 0.009716033 0.01651805 -0.04999995 0.009899973 0.01735579 -0.05299997 0.009899973 0.01735579 -0.04999995 0.009899973 0.03073471 -0.05299997 0.009899973 0.02869999 -0.05299997 0.009899973 0.03073471 -0.05299997 -0.005285859 0.03319996 -0.04999995 -0.005285859 0.03319996 -0.05299997 0 0.03319996 -0.04999995 0.005285859 0.03319996 -0.05299997 0.005285859 0.03319996 -0.05299997 -0.009899973 0.01735579 -0.04999995 -0.009899973 0.01735579 -0.05299997 -0.009899973 0.02869999 -0.04999995 -0.009899973 0.03073471 -0.05299997 -0.009899973 0.03073471 -0.04999995 -0.01000922 0.03138661 -0.05299997 -0.01000922 0.03138661 -0.04999995 -0.006285846 0.03346794 -0.05299997 -0.006285846 0.03346794 -0.04999995 -0.006285846 0.03346794 -0.05299997 -0.006285846 0.03346794 -0.04999995 0.006285846 0.03346794 -0.05299997 0.006285846 0.03346794 -0.04999995 0.006285846 0.03346794 -0.05299997 0.006285846 0.03346794 -0.04999995 0.01000922 0.03138661 -0.05299997 0.01000922 0.03138661 -0.05319994 0.02829998 0.05599999 -0.05479997 0.02829998 0.05599999 -0.05479997 0.02759045 0.06229734 -0.05319994 0.02759045 0.06229734 -0.05479997 0.02549737 0.0682789 -0.05319994 0.02549737 0.0682789 -0.05479997 0.02212578 0.07364475 -0.05319994 0.02212578 0.07364475 -0.05479997 0.01764476 0.07812583 -0.05319994 0.01764476 0.07812583 -0.05479997 0.01227891 0.08149737 -0.05319994 0.01227891 0.08149737 -0.05479997 0.00629729 0.08359044 -0.05319994 0.00629729 0.08359044 -0.05479997 0 0.08429998 -0.05319994 0 0.08429998 -0.05479997 -0.00629729 0.08359044 -0.05319994 -0.00629729 0.08359044 -0.05479997 -0.01227891 0.08149737 -0.05319994 -0.01227891 0.08149737 -0.05479997 -0.01764476 0.07812583 -0.05319994 -0.01764476 0.07812583 -0.05479997 -0.02212578 0.07364475 -0.05319994 -0.02212578 0.07364475 -0.05479997 -0.02549737 0.0682789 -0.05319994 -0.02549737 0.0682789 -0.05479997 -0.02759045 0.06229734 -0.05319994 -0.02759045 0.06229734 -0.05479997 -0.02829998 0.05599999 -0.05319994 -0.02829998 0.05599999 -0.05479997 -0.02829998 0.01455998 -0.05479997 -0.02829998 0.004199981 -0.05319994 -0.02829998 0.004199981 -0.05479997 -0.02829998 0.04563999 -0.05479997 -0.02829998 0.03527998 -0.05479997 -0.02829998 0.02491998 -0.05499994 0.02809995 0.004199981 -0.05479997 0.02829998 0.004199981 -0.05299997 0.02449995 0.004199981 -0.05319994 0.02829998 0.004199981 -0.05299997 0.02809995 0.004199981 -0.05299997 0.01337498 0.004199981 -0.05299997 0 0.004199981 -0.05499994 -0.02809995 0.004199981 -0.05299997 -0.009274959 0.004199981 -0.05299997 -0.01237499 0.004199981 -0.05299997 -0.01899999 0.004199981 -0.05319994 -0.02829998 0.004199981 -0.05479997 -0.02829998 0.004199981 -0.05299997 -0.02809995 0.004199981 -0.05299997 -0.02449995 0.004199981 -0.05479997 0.02829998 0.04563999 -0.05479997 0.02829998 0.004199981 -0.05479997 0.02829998 0.01455998 -0.05319994 0.02829998 0.004199981 -0.05479997 0.02829998 0.02491998 -0.05479997 0.02829998 0.03527998 -0.05299997 -0.02809995 0.05599999 -0.05319994 -0.02829998 0.05599999 -0.05299997 -0.02809995 0.004199981 -0.05319994 -0.02829998 0.004199981 -0.05299997 0.02809995 0.05599999 -0.05319994 0.02829998 0.05599999 -0.05319994 0.02759045 0.06229734 -0.05299997 0.02739542 0.06225281 -0.05319994 0.02549737 0.0682789 -0.05299997 0.02531719 0.06819212 -0.05319994 0.02212578 0.07364475 -0.05299997 0.02196943 0.07352006 -0.05319994 0.01764476 0.07812583 -0.05299997 0.01752001 0.07796943 -0.05319994 0.01227891 0.08149737 -0.05299997 0.01219213 0.08131718 -0.05319994 0.00629729 0.08359044 -0.05299997 0.006252825 0.08339548 -0.05319994 0 0.08429998 -0.05299997 0 0.0841 -0.05319994 -0.00629729 0.08359044 -0.05299997 -0.006252825 0.08339548 -0.05319994 -0.01227891 0.08149737 -0.05299997 -0.01219213 0.08131718 -0.05319994 -0.01764476 0.07812583 -0.05299997 -0.01752001 0.07796943 -0.05319994 -0.02212578 0.07364475 -0.05299997 -0.02196943 0.07352006 -0.05319994 -0.02549737 0.0682789 -0.05299997 -0.02531719 0.06819212 -0.05319994 -0.02759045 0.06229734 -0.05299997 -0.02739542 0.06225281 -0.05319994 0.02829998 0.004199981 -0.05299997 0.02809995 0.004199981 -0.05479997 -0.02829998 0.02491998 -0.05492496 -0.02817499 0.01599997 -0.05479997 -0.02829998 0.01455998 -0.05499994 -0.02809995 0.01510417 -0.05479997 -0.02829998 0.05599999 -0.05492496 -0.02817499 0.05599999 -0.05499994 -0.02809995 0.05510413 -0.05479997 -0.02829998 0.04563999 -0.05499994 -0.02809995 0.01455998 -0.05479997 -0.02829998 0.01455998 -0.05499994 -0.02809995 0.004199981 -0.05479997 -0.02829998 0.004199981 -0.05499994 -0.02809995 0.04563999 -0.05479997 -0.02829998 0.04563999 -0.05499994 -0.02809995 0.03527998 -0.05479997 -0.02829998 0.03527998 -0.05499994 -0.02809995 0.02491998 -0.05499994 -0.02809995 0.01689577 -0.05479997 -0.00629729 0.08359044 -0.05479997 0 0.08429998 -0.05499994 -0.000940253 0.08408421 -0.05479997 0.02829998 0.05599999 -0.05492496 0.02817499 0.05599999 -0.05499994 0.02808421 0.05694025 -0.05479997 0.02759045 0.06229734 -0.05499994 -0.006252825 0.08339548 -0.05499994 -0.01219213 0.08131718 -0.05479997 -0.01227891 0.08149737 -0.05499994 -0.01752001 0.07796943 -0.05479997 -0.01764476 0.07812583 -0.05499994 -0.02196943 0.07352006 -0.05479997 -0.02212578 0.07364475 -0.05499994 -0.02531719 0.06819212 -0.05479997 -0.02549737 0.0682789 -0.05499994 -0.02739542 0.06225281 -0.05479997 -0.02759045 0.06229734 -0.05499994 -0.02808421 0.05694025 -0.05499994 0.02739542 0.06225281 -0.05499994 0.02531719 0.06819212 -0.05499994 0.02531719 0.06819212 -0.05479997 0.02549737 0.0682789 -0.05499994 0.02196943 0.07352006 -0.05499994 0.02196943 0.07352006 -0.05479997 0.02212578 0.07364475 -0.05499994 0.01752001 0.07796943 -0.05499994 0.01752001 0.07796943 -0.05479997 0.01764476 0.07812583 -0.05499994 0.01219213 0.08131718 -0.05479997 0.01227891 0.08149737 -0.05499994 0.006252825 0.08339548 -0.05479997 0.00629729 0.08359044 -0.05499994 0.000940253 0.08408421 -0.05492496 0 0.08417499 -0.05499994 0.02809995 0.01689577 -0.05479997 0.02829998 0.02491998 -0.05492496 0.02817499 0.01599997 -0.05479997 0.02829998 0.01455998 -0.05499994 0.02809995 0.01510417 -0.05499994 0.02809995 0.02491998 -0.05499994 0.02809995 0.03527998 -0.05479997 0.02829998 0.03527998 -0.05499994 0.02809995 0.04563999 -0.05479997 0.02829998 0.04563999 -0.05499994 0.02809995 0.05510413 -0.05499994 0.02809995 0.01455998 -0.05479997 0.02829998 0.004199981 -0.05499994 0.02809995 0.004199981 -0.03499996 -0.001651763 0.02232277 -0.03499996 -0.001514554 0.02247786 -0.03499996 -0.001872599 0.02265626 -0.03499996 -0.001473307 0.02268075 -0.03499996 -0.001539051 0.02287709 -0.03499996 -0.002206087 0.02243548 -0.03499996 -0.002050995 0.02229827 -0.03499996 -0.001848101 0.02225703 -0.03499996 -0.002093374 0.0229898 -0.03499996 -0.002230584 0.02283471 -0.03499996 -0.002271831 0.02263182 -0.03499996 -0.001694142 0.0230143 -0.03499996 -0.001897037 0.02305555 -0.03499996 0.001877069 0.02253907 -0.03499996 0.002014279 0.02269417 -0.03499996 0.001656293 0.02287256 -0.03499996 0.002055525 0.02289706 -0.03499996 0.001989781 0.0230934 -0.03499996 0.001322746 0.02265179 -0.03499996 0.001477837 0.02251458 -0.03499996 0.001680731 0.02247333 -0.03499996 0.001435458 0.02320611 -0.03499996 0.001298248 0.02305102 -0.03499996 0.001257002 0.02284812 -0.03499996 0.00183469 0.02323061 -0.03499996 0.001631796 0.02327185 -0.03499996 0.002093374 0.01901012 -0.03499996 0.002230584 0.01916521 -0.03499996 0.001872599 0.01934367 -0.03499996 0.002271831 0.01936817 -0.03499996 0.002206087 0.0195645 -0.03499996 0.001539051 0.01912283 -0.03499996 0.001694142 0.01898568 -0.03499996 0.001897037 0.01894444 -0.03499996 0.001651763 0.01967722 -0.03499996 0.001514554 0.01952213 -0.03499996 0.001473307 0.01931917 -0.03499996 0.002050995 0.01970165 -0.03499996 0.001848101 0.0197429 -0.03499996 -0.001435458 0.01879382 -0.03499996 -0.001298248 0.01894891 -0.03499996 -0.001656293 0.01912736 -0.03499996 -0.001257002 0.01915186 -0.03499996 -0.001322746 0.0193482 -0.03499996 -0.001989781 0.01890653 -0.03499996 -0.00183469 0.01876938 -0.03499996 -0.001631796 0.01872813 -0.03499996 -0.001877069 0.01946091 -0.03499996 -0.002014279 0.01930582 -0.03499996 -0.002055525 0.01910287 -0.03499996 -0.001477837 0.01948535 -0.03499996 -0.001680731 0.0195266 -0.03689998 -0.002271831 0.02263182 -0.03499996 -0.002230584 0.02283471 -0.03689998 -0.002230584 0.02283471 -0.03689998 -0.002230584 0.02283471 -0.03499996 -0.002230584 0.02283471 -0.03499996 -0.002093374 0.0229898 -0.03689998 -0.002093374 0.0229898 -0.03689998 -0.002093374 0.0229898 -0.03499996 -0.002093374 0.0229898 -0.03499996 -0.001897037 0.02305555 -0.03689998 -0.001897037 0.02305555 -0.03689998 -0.001897037 0.02305555 -0.03499996 -0.001897037 0.02305555 -0.03499996 -0.001694142 0.0230143 -0.03689998 -0.001694142 0.0230143 -0.03689998 -0.001694142 0.0230143 -0.03499996 -0.001694142 0.0230143 -0.03499996 -0.001539051 0.02287709 -0.03689998 -0.001539051 0.02287709 -0.03689998 -0.001539051 0.02287709 -0.03499996 -0.001539051 0.02287709 -0.03499996 -0.001473307 0.02268075 -0.03689998 -0.001473307 0.02268075 -0.03689998 -0.001473307 0.02268075 -0.03499996 -0.001473307 0.02268075 -0.03499996 -0.001514554 0.02247786 -0.03689998 -0.001514554 0.02247786 -0.03689998 -0.001514554 0.02247786 -0.03499996 -0.001514554 0.02247786 -0.03499996 -0.001651763 0.02232277 -0.03689998 -0.001651763 0.02232277 -0.03689998 -0.001651763 0.02232277 -0.03499996 -0.001651763 0.02232277 -0.03499996 -0.001848101 0.02225703 -0.03689998 -0.001848101 0.02225703 -0.03689998 -0.001848101 0.02225703 -0.03499996 -0.001848101 0.02225703 -0.03499996 -0.002050995 0.02229827 -0.03689998 -0.002050995 0.02229827 -0.03689998 -0.002050995 0.02229827 -0.03499996 -0.002050995 0.02229827 -0.03499996 -0.002206087 0.02243548 -0.03689998 -0.002206087 0.02243548 -0.03689998 -0.002206087 0.02243548 -0.03499996 -0.002206087 0.02243548 -0.03499996 -0.002271831 0.02263182 -0.03689998 -0.002271831 0.02263182 -0.03499996 -0.002271831 0.02263182 -0.03689998 0.001257002 0.02284812 -0.03499996 0.001298248 0.02305102 -0.03689998 0.001298248 0.02305102 -0.03689998 0.001298248 0.02305102 -0.03499996 0.001298248 0.02305102 -0.03499996 0.001435458 0.02320611 -0.03689998 0.001435458 0.02320611 -0.03689998 0.001435458 0.02320611 -0.03499996 0.001435458 0.02320611 -0.03499996 0.001631796 0.02327185 -0.03689998 0.001631796 0.02327185 -0.03689998 0.001631796 0.02327185 -0.03499996 0.001631796 0.02327185 -0.03499996 0.00183469 0.02323061 -0.03689998 0.00183469 0.02323061 -0.03689998 0.00183469 0.02323061 -0.03499996 0.00183469 0.02323061 -0.03499996 0.001989781 0.0230934 -0.03689998 0.001989781 0.0230934 -0.03689998 0.001989781 0.0230934 -0.03499996 0.001989781 0.0230934 -0.03499996 0.002055525 0.02289706 -0.03689998 0.002055525 0.02289706 -0.03689998 0.002055525 0.02289706 -0.03499996 0.002055525 0.02289706 -0.03499996 0.002014279 0.02269417 -0.03689998 0.002014279 0.02269417 -0.03689998 0.002014279 0.02269417 -0.03499996 0.002014279 0.02269417 -0.03499996 0.001877069 0.02253907 -0.03689998 0.001877069 0.02253907 -0.03689998 0.001877069 0.02253907 -0.03499996 0.001877069 0.02253907 -0.03499996 0.001680731 0.02247333 -0.03689998 0.001680731 0.02247333 -0.03689998 0.001680731 0.02247333 -0.03499996 0.001680731 0.02247333 -0.03499996 0.001477837 0.02251458 -0.03689998 0.001477837 0.02251458 -0.03689998 0.001477837 0.02251458 -0.03499996 0.001477837 0.02251458 -0.03499996 0.001322746 0.02265179 -0.03689998 0.001322746 0.02265179 -0.03689998 0.001322746 0.02265179 -0.03499996 0.001322746 0.02265179 -0.03499996 0.001257002 0.02284812 -0.03689998 0.001257002 0.02284812 -0.03499996 0.001257002 0.02284812 -0.03689998 0.001473307 0.01931917 -0.03499996 0.001514554 0.01952213 -0.03689998 0.001514554 0.01952213 -0.03689998 0.001514554 0.01952213 -0.03499996 0.001514554 0.01952213 -0.03499996 0.001651763 0.01967722 -0.03689998 0.001651763 0.01967722 -0.03689998 0.001651763 0.01967722 -0.03499996 0.001651763 0.01967722 -0.03499996 0.001848101 0.0197429 -0.03689998 0.001848101 0.0197429 -0.03689998 0.001848101 0.0197429 -0.03499996 0.001848101 0.0197429 -0.03499996 0.002050995 0.01970165 -0.03689998 0.002050995 0.01970165 -0.03689998 0.002050995 0.01970165 -0.03499996 0.002050995 0.01970165 -0.03499996 0.002206087 0.0195645 -0.03689998 0.002206087 0.0195645 -0.03689998 0.002206087 0.0195645 -0.03499996 0.002206087 0.0195645 -0.03499996 0.002271831 0.01936817 -0.03689998 0.002271831 0.01936817 -0.03689998 0.002271831 0.01936817 -0.03499996 0.002271831 0.01936817 -0.03499996 0.002230584 0.01916521 -0.03689998 0.002230584 0.01916521 -0.03689998 0.002230584 0.01916521 -0.03499996 0.002230584 0.01916521 -0.03499996 0.002093374 0.01901012 -0.03689998 0.002093374 0.01901012 -0.03689998 0.002093374 0.01901012 -0.03499996 0.002093374 0.01901012 -0.03499996 0.001897037 0.01894444 -0.03689998 0.001897037 0.01894444 -0.03689998 0.001897037 0.01894444 -0.03499996 0.001897037 0.01894444 -0.03499996 0.001694142 0.01898568 -0.03689998 0.001694142 0.01898568 -0.03689998 0.001694142 0.01898568 -0.03499996 0.001694142 0.01898568 -0.03499996 0.001539051 0.01912283 -0.03689998 0.001539051 0.01912283 -0.03689998 0.001539051 0.01912283 -0.03499996 0.001539051 0.01912283 -0.03499996 0.001473307 0.01931917 -0.03689998 0.001473307 0.01931917 -0.03499996 0.001473307 0.01931917 -0.03689998 -0.002055525 0.01910287 -0.03499996 -0.002014279 0.01930582 -0.03689998 -0.002014279 0.01930582 -0.03689998 -0.002014279 0.01930582 -0.03499996 -0.002014279 0.01930582 -0.03499996 -0.001877069 0.01946091 -0.03689998 -0.001877069 0.01946091 -0.03689998 -0.001877069 0.01946091 -0.03499996 -0.001877069 0.01946091 -0.03499996 -0.001680731 0.0195266 -0.03689998 -0.001680731 0.0195266 -0.03689998 -0.001680731 0.0195266 -0.03499996 -0.001680731 0.0195266 -0.03499996 -0.001477837 0.01948535 -0.03689998 -0.001477837 0.01948535 -0.03689998 -0.001477837 0.01948535 -0.03499996 -0.001477837 0.01948535 -0.03499996 -0.001322746 0.0193482 -0.03689998 -0.001322746 0.0193482 -0.03689998 -0.001322746 0.0193482 -0.03499996 -0.001322746 0.0193482 -0.03499996 -0.001257002 0.01915186 -0.03689998 -0.001257002 0.01915186 -0.03689998 -0.001257002 0.01915186 -0.03499996 -0.001257002 0.01915186 -0.03499996 -0.001298248 0.01894891 -0.03689998 -0.001298248 0.01894891 -0.03689998 -0.001298248 0.01894891 -0.03499996 -0.001298248 0.01894891 -0.03499996 -0.001435458 0.01879382 -0.03689998 -0.001435458 0.01879382 -0.03689998 -0.001435458 0.01879382 -0.03499996 -0.001435458 0.01879382 -0.03499996 -0.001631796 0.01872813 -0.03689998 -0.001631796 0.01872813 -0.03689998 -0.001631796 0.01872813 -0.03499996 -0.001631796 0.01872813 -0.03499996 -0.00183469 0.01876938 -0.03689998 -0.00183469 0.01876938 -0.03689998 -0.00183469 0.01876938 -0.03499996 -0.00183469 0.01876938 -0.03499996 -0.001989781 0.01890653 -0.03689998 -0.001989781 0.01890653 -0.03689998 -0.001989781 0.01890653 -0.03499996 -0.001989781 0.01890653 -0.03499996 -0.002055525 0.01910287 -0.03689998 -0.002055525 0.01910287 -0.03499996 -0.002055525 0.01910287 -0.03689998 0.002050995 0.01970165 -0.03689998 0.002206087 0.0195645 -0.03689998 0.001877069 0.02253907 -0.03689998 0.004027426 0.0189926 -0.03689998 0.004491567 0.02127528 -0.03689998 -0.001298248 0.01894891 -0.03689998 0.001897037 0.01894444 -0.03689998 -0.001257002 0.01915186 -0.03689998 0.001694142 0.01898568 -0.03689998 0.002014279 0.02269417 -0.03689998 0.002055525 0.02289706 -0.03689998 0.003752112 0.02348417 -0.03689998 0.001989781 0.0230934 -0.03689998 0.002093374 0.01901012 -0.03689998 0.002484202 0.01724779 -0.03689998 0.002230584 0.01916521 -0.03689998 0.002271831 0.01936817 -0.03689998 -0.003752112 0.01851576 -0.03689998 -0.002007305 0.01697248 -0.03689998 -0.00183469 0.01876938 -0.03689998 0.001848101 0.0197429 -0.03689998 0.001680731 0.02247333 -0.03689998 0.001651763 0.01967722 -0.03689998 0.000275308 0.0165084 -0.03689998 -0.001435458 0.01879382 -0.03689998 -0.001631796 0.01872813 -0.03689998 -0.001877069 0.01946091 -0.03689998 -0.004027426 0.02300733 -0.03689998 -0.002014279 0.01930582 -0.03689998 -0.004491567 0.02072465 -0.03689998 -0.002055525 0.01910287 -0.03689998 -0.003752112 0.01851576 -0.03689998 -0.001989781 0.01890653 -0.03689998 -0.001477837 0.01948535 -0.03689998 -0.001322746 0.0193482 -0.03689998 -0.001473307 0.02268075 -0.03689998 0.001477837 0.02251458 -0.03689998 0.00183469 0.02323061 -0.03689998 0.002007305 0.02502745 -0.03689998 0.001631796 0.02327185 -0.03689998 0.001539051 0.01912283 -0.03689998 0.001473307 0.01931917 -0.03689998 0.001514554 0.01952213 -0.03689998 -0.002206087 0.02243548 -0.03689998 -0.002050995 0.02229827 -0.03689998 -0.001848101 0.02225703 -0.03689998 -0.001680731 0.0195266 -0.03689998 -0.001651763 0.02232277 -0.03689998 -0.001514554 0.02247786 -0.03689998 -0.002271831 0.02263182 -0.03689998 -0.004027426 0.02300733 -0.03689998 -0.002230584 0.02283471 -0.03689998 -0.002484202 0.02475214 -0.03689998 -0.002093374 0.0229898 -0.03689998 -0.001897037 0.02305555 -0.03689998 -0.000275308 0.02549153 -0.03689998 -0.001694142 0.0230143 -0.03689998 -0.001539051 0.02287709 -0.03689998 0.001322746 0.02265179 -0.03689998 0.001257002 0.02284812 -0.03689998 0.001298248 0.02305102 -0.03689998 0.001435458 0.02320611 -0.03999996 -0.004491567 0.02072465 -0.03689998 -0.004027426 0.02300733 -0.03999996 -0.004027426 0.02300733 -0.03999996 -0.004027426 0.02300733 -0.03689998 -0.004027426 0.02300733 -0.03689998 -0.002484202 0.02475214 -0.03999996 -0.002484202 0.02475214 -0.03999996 -0.002484202 0.02475214 -0.03689998 -0.002484202 0.02475214 -0.03689998 -0.000275308 0.02549153 -0.03999996 -0.000275308 0.02549153 -0.03999996 -0.000275308 0.02549153 -0.03689998 -0.000275308 0.02549153 -0.03689998 0.002007305 0.02502745 -0.03999996 0.002007305 0.02502745 -0.03999996 0.002007305 0.02502745 -0.03689998 0.002007305 0.02502745 -0.03689998 0.003752112 0.02348417 -0.03999996 0.003752112 0.02348417 -0.03999996 0.003752112 0.02348417 -0.03689998 0.003752112 0.02348417 -0.03689998 0.004491567 0.02127528 -0.03999996 0.004491567 0.02127528 -0.03999996 0.004491567 0.02127528 -0.03689998 0.004491567 0.02127528 -0.03689998 0.004027426 0.0189926 -0.03999996 0.004027426 0.0189926 -0.03999996 0.004027426 0.0189926 -0.03689998 0.004027426 0.0189926 -0.03689998 0.002484202 0.01724779 -0.03999996 0.002484202 0.01724779 -0.03999996 0.002484202 0.01724779 -0.03689998 0.002484202 0.01724779 -0.03689998 0.000275308 0.0165084 -0.03999996 0.000275308 0.0165084 -0.03999996 0.000275308 0.0165084 -0.03689998 0.000275308 0.0165084 -0.03689998 -0.002007305 0.01697248 -0.03999996 -0.002007305 0.01697248 -0.03999996 -0.002007305 0.01697248 -0.03689998 -0.002007305 0.01697248 -0.03689998 -0.003752112 0.01851576 -0.03999996 -0.003752112 0.01851576 -0.03999996 -0.003752112 0.01851576 -0.03689998 -0.003752112 0.01851576 -0.03689998 -0.004491567 0.02072465 -0.03999996 -0.004491567 0.02072465 -0.03689998 -0.004491567 0.02072465 -0.03999996 0.007417738 0.01989239 -0.03999996 0.004491567 0.02127528 -0.03999996 0.004027426 0.0189926 -0.03999996 -0.003752112 0.01851576 -0.03999996 -0.004668056 0.0151298 -0.03999996 -0.002007305 0.01697248 -0.03999996 -0.00187689 0.01373863 -0.03999996 0.000275308 0.0165084 -0.03999996 0.001238822 0.01360297 -0.03999996 0.002484202 0.01724779 -0.03999996 0.004140317 0.01474636 -0.03999996 0.00632596 0.01697105 -0.03999996 -0.000275308 0.02549153 -0.03999996 -0.002749621 0.02797776 -0.03999996 -0.002484202 0.02475214 -0.03999996 -0.005350053 0.02625608 -0.03999996 -0.004027426 0.02300733 -0.03999996 -0.007025361 0.02362561 -0.03999996 -0.004491567 0.02072465 -0.03999996 -0.007485926 0.02054113 -0.03999996 -0.006652116 0.01753598 -0.03999996 0.007485926 0.0214588 -0.03999996 0.007226943 0.02300518 -0.03999996 0.003752112 0.02348417 -0.03999996 0.005786538 0.02577131 -0.03999996 0.002007305 0.02502745 -0.03999996 0.003345549 0.0277124 -0.03999996 0.000326162 0.02849286 -0.03999996 0.007226943 0.02300518 -0.03999996 0.007485926 0.0214588 -0.04999995 0.007485926 0.0214588 -0.04999995 0.007417738 0.01989239 -0.03999996 0.007417738 0.01989239 -0.03999996 0.00632596 0.01697105 -0.04999995 0.00632596 0.01697105 -0.04999995 0.00632596 0.01697105 -0.03999996 0.00632596 0.01697105 -0.03999996 0.004140317 0.01474636 -0.04999995 0.004140317 0.01474636 -0.04999995 0.004140317 0.01474636 -0.03999996 0.004140317 0.01474636 -0.03999996 0.001238822 0.01360297 -0.04999995 0.001238822 0.01360297 -0.04999995 0.001238822 0.01360297 -0.03999996 0.001238822 0.01360297 -0.03999996 -0.00187689 0.01373863 -0.04999995 -0.00187689 0.01373863 -0.04999995 -0.00187689 0.01373863 -0.03999996 -0.00187689 0.01373863 -0.03999996 -0.004668056 0.0151298 -0.04999995 -0.004668056 0.0151298 -0.04999995 -0.004668056 0.0151298 -0.03999996 -0.004668056 0.0151298 -0.03999996 -0.006652116 0.01753598 -0.04999995 -0.006652116 0.01753598 -0.04999995 -0.006652116 0.01753598 -0.03999996 -0.006652116 0.01753598 -0.03999996 -0.007485926 0.02054113 -0.04999995 -0.007485926 0.02054113 -0.04999995 -0.007485926 0.02054113 -0.03999996 -0.007485926 0.02054113 -0.03999996 -0.007025361 0.02362561 -0.04999995 -0.007025361 0.02362561 -0.04999995 -0.007025361 0.02362561 -0.03999996 -0.007025361 0.02362561 -0.03999996 -0.005350053 0.02625608 -0.04999995 -0.005350053 0.02625608 -0.04999995 -0.005350053 0.02625608 -0.03999996 -0.005350053 0.02625608 -0.03999996 -0.002749621 0.02797776 -0.04999995 -0.002749621 0.02797776 -0.04999995 -0.002749621 0.02797776 -0.03999996 -0.002749621 0.02797776 -0.03999996 0.000326162 0.02849286 -0.04999995 0.000326162 0.02849286 -0.04999995 0.000326162 0.02849286 -0.03999996 0.000326162 0.02849286 -0.03999996 0.003345549 0.0277124 -0.04999995 0.003345549 0.0277124 -0.04999995 0.003345549 0.0277124 -0.03999996 0.003345549 0.0277124 -0.03999996 0.005786538 0.02577131 -0.04999995 0.005786538 0.02577131 -0.04999995 0.005786538 0.02577131 -0.03999996 0.005786538 0.02577131 -0.04999995 0.007226943 0.02300518 -0.04999995 -0.009899973 0.01735579 -0.04999995 -0.009716033 0.01651805 -0.04999995 -0.007773995 0.01364779 -0.04999995 -0.009899973 0.03073471 -0.04999995 -0.008749961 0.032175 -0.04999995 -0.009262442 0.03231227 -0.04999995 0.008749961 0.032175 -0.04999995 0.009899973 0.03073471 -0.04999995 0.009262442 0.03231227 -0.04999995 0.01000922 0.03138661 -0.04999995 0.009637653 0.03268748 -0.04999995 0.01032495 0.03196734 -0.04999995 0.009774982 0.03319996 -0.04999995 0.01071196 0.03281205 -0.04999995 0.009637653 0.0337125 -0.04999995 -0.009637653 0.0337125 -0.04999995 -0.01067554 0.03374052 -0.04999995 -0.009774982 0.03319996 -0.04999995 -0.01071196 0.03281205 -0.04999995 -0.009637653 0.03268748 -0.04999995 -0.01032495 0.03196734 -0.04999995 -0.01000922 0.03138661 -0.04999995 -0.008237481 0.03231227 -0.04999995 -0.005350053 0.02625608 -0.04999995 -0.007862269 0.03268748 -0.04999995 -0.002749621 0.02797776 -0.04999995 -0.007862269 0.03268748 -0.04999995 0.000326162 0.02849286 -0.04999995 0.003345549 0.0277124 -0.04999995 0.005786538 0.02577131 -0.04999995 0.007226943 0.02300518 -0.04999995 0.009899973 0.01735579 -0.04999995 0.007485926 0.0214588 -0.04999995 0.007417738 0.01989239 -0.04999995 0.009716033 0.01651805 -0.04999995 0.00632596 0.01697105 -0.04999995 0.007773995 0.01364779 -0.04999995 -0.007485926 0.02054113 -0.04999995 -0.007025361 0.02362561 -0.04999995 -0.007725 0.03319996 -0.04999995 0.008237481 0.03231227 -0.04999995 0.007862269 0.03268748 -0.04999995 0.01067554 0.03374052 -0.04999995 0.0102235 0.03455227 -0.04999995 0.009262442 0.03408765 -0.04999995 0.009453415 0.0350722 -0.04999995 0.008749961 0.03422498 -0.04999995 0.008531451 0.03518801 -0.04999995 0.008237481 0.03408765 -0.04999995 0.007656693 0.03487473 -0.04999995 0.007862269 0.0337125 -0.04999995 0.00701791 0.03419995 -0.04999995 0.007725 0.03319996 -0.04999995 0.005016505 0.01154881 -0.04999995 0.004140317 0.01474636 -0.04999995 0.001732707 0.01044118 -0.04999995 0.001238822 0.01360297 -0.04999995 -0.001732707 0.01044118 -0.04999995 -0.00187689 0.01373863 -0.04999995 -0.005016505 0.01154881 -0.04999995 -0.004668056 0.0151298 -0.04999995 -0.006652116 0.01753598 -0.04999995 0.006285846 0.03346794 -0.04999995 0.005285859 0.03319996 -0.04999995 -0.005285859 0.03319996 -0.04999995 -0.006285846 0.03346794 -0.04999995 -0.007862269 0.0337125 -0.04999995 -0.00701791 0.03419995 -0.04999995 -0.008237481 0.03408765 -0.04999995 -0.007656693 0.03487473 -0.04999995 -0.008749961 0.03422498 -0.04999995 -0.008531451 0.03518801 -0.04999995 -0.009262442 0.03408765 -0.04999995 -0.009453415 0.0350722 -0.04999995 -0.0102235 0.03455227 -0.05299997 0.02449995 0.003999948 -0.05299997 0.02849996 0.003999948 -0.05449998 0.02849996 0.003999948 -0.05449998 -0.02849996 0.003999948 -0.05299997 -0.02849996 0.003999948 -0.05299997 -0.02449995 0.003999948 -0.02047556 0.02449995 0.003999948 -0.01911401 -0.02471089 0.003999948 -0.01911401 0.02471089 0.003999948 -0.01788008 -0.02532392 0.003999948 0.03098386 -0.000998923 0.003999948 0.03074997 0 0.003999948 0 -0.03074997 0.003999948 0.03098386 0.000998923 0.003999948 0.01280933 0.02822977 0.003999948 0.006699144 0.03026747 0.003999948 -0.000998923 0.03098386 0.003999948 -0.006112456 0.03039139 0.003999948 0 -0.03074997 0.003999948 -0.01911401 0.02471089 0.003999948 -0.000998923 -0.03098386 0.003999948 -0.01788008 0.02532392 0.003999948 -0.01226091 0.02847224 0.003999948 0.03083223 -0.003220498 0.003999948 0.000998923 -0.03098386 0.003999948 0.006699144 -0.03026747 0.003999948 0 0.03074997 0.003999948 0.000998923 0.03098386 0.003999948 -0.01226091 -0.02847224 0.003999948 -0.006112456 -0.03039139 0.003999948 0.01836657 -0.02497333 0.003999948 0.02313083 -0.02063882 0.003999948 0.02689659 -0.01541334 0.003999948 -0.04103076 0.02449995 0.003999948 -0.05299997 -0.02449995 0.003999948 -0.04103076 -0.02449995 0.003999948 -0.03999996 0.02424997 0.003999948 -0.03999996 -0.02424997 0.003999948 -0.03896921 0.02449995 0.003999948 -0.03896921 -0.02449995 0.003999948 -0.02047556 -0.02449995 0.003999948 0.01280933 -0.02822977 0.003999948 0.02950119 -0.009522438 0.003999948 0.03083223 0.003220498 0.003999948 0.02950119 0.009522438 0.003999948 0.02689659 0.01541334 0.003999948 0.02313083 0.02063882 0.003999948 0.01836657 0.02497333 0.003999948 0.03134995 -0.03733825 0.003999948 0.02999997 -0.03769999 0.003999948 0.03499996 -0.03949999 0.003999948 -0.03766173 0.03364998 0.003999948 -0.03864997 0.03266173 0.003999948 -0.03155946 0.02999997 0.003999948 -0.03999996 0.03229999 0.003999948 -0.04973214 0.02999997 0.003999948 -0.04134994 0.03266173 0.003999948 -0.04233825 0.03364998 0.003999948 -0.05389708 0.03724998 0.003999948 -0.05449998 0.03499996 0.003999948 -0.04269999 0.03499996 0.003999948 -0.05235409 -0.02965015 0.003999948 -0.05449998 -0.02879017 0.003999948 -0.05449998 -0.03499996 0.003999948 -0.04233825 -0.03364998 0.003999948 -0.04134994 -0.03266173 0.003999948 -0.04973214 -0.02999997 0.003999948 -0.03999996 -0.03229999 0.003999948 -0.03155946 -0.02999997 0.003999948 -0.01916503 0.03156054 0.003999948 -0.01321089 0.03348833 0.003999948 -0.03729999 0.03499996 0.003999948 -0.05235409 0.02965015 0.003999948 -0.05449998 0.02879017 0.003999948 0.02999997 -0.03229999 0.003999948 0.03011125 -0.01973092 0.003999948 0.02864998 -0.03266173 0.003999948 0.02575874 -0.02514922 0.003999948 0.02575874 -0.02514922 0.003999948 0.02766168 -0.03364998 0.003999948 0.02044618 -0.02963024 0.003999948 0.02044618 -0.02963024 0.003999948 0.0273 -0.03499996 0.003999948 -0.04233825 0.03634995 0.003999948 -0.04134994 0.03733825 0.003999948 -0.04999995 0.03949999 0.003999948 -0.03999996 0.03769999 0.003999948 0.02864998 0.03733825 0.003999948 0.02999997 0.03769999 0.003999948 0.03233826 -0.03634995 0.003999948 -0.04973214 -0.02999997 0.003999948 -0.04269999 -0.03499996 0.003999948 -0.04269999 0.03499996 0.003999948 -0.05224996 0.03889709 0.003999948 0.02999997 0.03229999 0.003999948 0.02864998 0.03266173 0.003999948 0.02575874 0.02514922 0.003999948 -0.03729999 -0.03499996 0.003999948 -0.01277512 -0.03365701 0.003999948 -0.01321089 -0.03348833 0.003999948 -0.04999995 -0.03949999 0.003999948 -0.04233825 -0.03634995 0.003999948 -0.05224996 -0.03889709 0.003999948 -0.05389708 -0.03724998 0.003999948 -0.02531331 0.03039163 0.003999948 0.03134995 -0.03266173 0.003999948 0.0353291 -0.006917536 0.003999948 0.03334152 -0.01357722 0.003999948 0.03011125 -0.01973092 0.003999948 0.03724998 -0.03889709 0.003999948 0.03889709 -0.03724998 0.003999948 0.0327 -0.03499996 0.003999948 0.03949999 -0.03499996 0.003999948 0.03233826 -0.03364998 0.003999948 0.02044618 0.02963024 0.003999948 0.02766168 0.03364998 0.003999948 0.01437157 0.0330069 0.003999948 0.0273 0.03499996 0.003999948 0.007761359 0.03515338 0.003999948 -0.03864997 -0.03733825 0.003999948 -0.03999996 -0.03769999 0.003999948 -0.04134994 -0.03733825 0.003999948 -0.01277512 0.03365701 0.003999948 -0.03729999 0.03499996 0.003999948 -0.006069719 0.03548461 0.003999948 -0.006069719 0.03548461 0.003999948 -0.03766173 0.03634995 0.003999948 0.000861878 0.03598964 0.003999948 0.000861878 0.03598964 0.003999948 -0.03864997 0.03733825 0.003999948 -0.03864997 -0.03266173 0.003999948 -0.03766173 -0.03364998 0.003999948 -0.02531331 -0.03039163 0.003999948 -0.01916503 -0.03156054 0.003999948 0.000861878 -0.03598964 0.003999948 0.02766168 -0.03634995 0.003999948 0.007761359 -0.03515338 0.003999948 0.01437157 -0.0330069 0.003999948 0.02864998 -0.03733825 0.003999948 -0.03766173 -0.03634995 0.003999948 0.000861878 -0.03598964 0.003999948 -0.006069719 -0.03548461 0.003999948 0.03499996 0.03949999 0.003999948 0.03134995 0.03733825 0.003999948 0.03724998 0.03889709 0.003999948 0.03233826 0.03634995 0.003999948 0.03889709 0.03724998 0.003999948 0.0327 0.03499996 0.003999948 0.03949999 0.03499996 0.003999948 0.03949999 0.03499996 0.003999948 0.03233826 0.03364998 0.003999948 0.03134995 0.03266173 0.003999948 0.02766168 0.03634995 0.003999948 0.0353291 -0.006917536 0.003999948 0.03599995 0 0.003999948 0.0353291 0.006917536 0.003999948 0.03334152 0.01357722 0.003999948 0.03011125 0.01973092 0.003999948 0.02575874 0.02514922 0.003999948 0.03233826 -0.03634995 0 0.0327 -0.03499996 0 0.03724998 -0.03889709 0 -0.05449998 -0.03499996 0 -0.05449998 -0.03163999 0 -0.04358994 -0.03163999 0 0.03299999 -0.004479944 0 0.03523999 -0.003879785 0 0.03508996 -0.01324999 0 -0.03775995 0.0226202 0 -0.03612017 0.02425998 0 -0.03640997 0.01324999 0 -0.04223996 -0.0226202 0 -0.04387974 -0.02425998 0 -0.04358994 -0.01324999 0 0.03134995 0.03733825 0 0.02999997 0.03769999 0 0.03508996 0.03758996 0 0.03134995 0.03266173 0 0.03233826 0.03364998 0 0.03508996 0.03163999 0 0.01589 0.03758996 0 0.02864998 0.03733825 0 0.02999997 0.03229999 0 0.01589 0.03163999 0 0.02864998 0.03266173 0 0.02766168 0.03634995 0 0.0273 0.03499996 0 0.02766168 0.03364998 0 0.0327 0.03499996 0 0.03233826 0.03634995 0 -0.04358994 0.03758996 0 -0.03999996 0.03769999 0 -0.04134994 0.03733825 0 -0.04233825 0.03364998 0 -0.04358994 0.03163999 0 -0.04269999 0.03499996 0 -0.04233825 0.03634995 0 -0.04134994 0.03266173 0 -0.03999996 0.03229999 0 -0.03640997 0.03163999 0 -0.03864997 0.03266173 0 -0.03766173 0.03364998 0 -0.03729999 0.03499996 0 -0.03766173 0.03634995 0 -0.03640997 0.03758996 0 -0.03864997 0.03733825 0 -0.04387974 -0.02873998 0 -0.04223996 -0.03037977 0 -0.03999996 -0.03097999 0 -0.03640997 -0.03163999 0 -0.05449998 -0.02526998 0 -0.04447996 -0.02649998 0 -0.05449998 -0.01324999 0 -0.01999998 -0.01324999 0 -0.03612017 -0.02425998 0 -0.03640997 -0.01324999 0 -0.03775995 -0.0226202 0 -0.03999996 -0.02201998 0 -0.03612017 -0.02873998 0 -0.03551995 -0.02649998 0 -0.01999998 -0.02526998 0 -0.03775995 -0.03037977 0 -0.01999998 -0.03163999 0 -0.05449998 0.03163999 0 -0.04447996 0.02649998 0 -0.05449998 0.01324999 0 -0.05449998 0.01324999 0 -0.04387974 0.02425998 0 -0.04358994 0.01324999 0 -0.04223996 0.0226202 0 -0.03999996 0.02201998 0 -0.03775995 0.03037977 0 -0.03999996 0.03097999 0 -0.04223996 0.03037977 0 -0.04387974 0.02873998 0 -0.03612017 0.02873998 0 -0.01999998 0.03163999 0 -0.03551995 0.02649998 0 -0.01999998 0.01324999 0 0.03075999 -0.003879785 0 0.03075999 0.003879785 0 0.01589 0.01324999 0 0.03299999 0.004479944 0 0.03508996 0.01324999 0 0.03523999 0.003879785 0 0.0291202 0.002239942 0 0.02851998 0 0 0.01589 -0.01324999 0 0.0291202 -0.002239942 0 0.03687977 0.002239942 0 0.03949999 0.01324999 0 0.03747999 0 0 0.03949999 -0.01324999 0 0.03687977 -0.002239942 0 -0.004479944 -0.03299999 0 -0.003879785 -0.03523999 0 -0.01999998 -0.03949999 0 -0.002239942 -0.03687977 0 0 -0.03747999 0 0.01589 -0.03949999 0 0.002239942 -0.03687977 0 0.003879785 -0.03523999 0 0.01589 -0.03163999 0 0.004479944 -0.03299999 0 0.003879785 -0.03075999 0 0.01589 -0.02526998 0 -0.003879785 -0.03075999 0 -0.002239942 -0.0291202 0 0 -0.02851998 0 0.002239942 -0.0291202 0 0 0.02851998 0 -0.002239942 0.0291202 0 -0.003879785 0.03075999 0 -0.004479944 0.03299999 0 -0.003879785 0.03523999 0 0.002239942 0.0291202 0 0.003879785 0.03075999 0 0.004479944 0.03299999 0 0.003879785 0.03523999 0 -0.002239942 0.03687977 0 -0.01999998 0.03758996 0 0 0.03747999 0 0.002239942 0.03687977 0 -0.05389708 0.03724998 0 -0.05224996 0.03889709 0 -0.03640997 0.03949999 0 -0.04358994 0.03949999 0 -0.04999995 0.03949999 0 -0.05449998 0.03499996 0 -0.04358994 -0.03949999 0 -0.04999995 -0.03949999 0 -0.05224996 -0.03889709 0 -0.05389708 -0.03724998 0 0.03134995 -0.03266173 0 0.02999997 -0.03229999 0 0.03508996 -0.03163999 0 0.03233826 -0.03364998 0 0.03134995 -0.03733825 0 0.03499996 -0.03949999 0 0.02999997 -0.03769999 0 0.02864998 -0.03733825 0 0.02864998 -0.03266173 0 0.02766168 -0.03364998 0 0.0273 -0.03499996 0 0.02766168 -0.03634995 0 0.03949999 0.03499996 0 0.03949999 0.03163999 0 0.03499996 0.03949999 0 0.03724998 0.03889709 0 0.03889709 0.03724998 0 -0.03729999 -0.03499996 0 -0.03766173 -0.03364998 0 -0.04134994 -0.03266173 0 -0.03999996 -0.03229999 0 -0.03864997 -0.03266173 0 -0.04233825 -0.03634995 0 -0.04269999 -0.03499996 0 -0.04233825 -0.03364998 0 -0.04134994 -0.03733825 0 -0.03999996 -0.03769999 0 -0.03640997 -0.03949999 0 -0.03864997 -0.03733825 0 -0.03766173 -0.03634995 0 -0.03640997 -0.03949999 0 -0.01999998 0.03949999 0 0.01589 0.03949999 0 0.03508996 -0.02526998 0 0.03889709 -0.03724998 0 0.03949999 -0.03499996 0 0.03949999 -0.03163999 0 0.03949999 -0.02526998 0 0.03949999 0.01324999 0 -0.04999995 0.03999996 0.0005 -0.04999995 0.03999996 0.003499984 0.03499996 0.03999996 0.0005 0.03499996 0.03999996 0.003499984 -0.05499994 -0.03499996 0.0005 -0.05499994 -0.03499996 0.003499984 -0.05499994 0.03499996 0.0005 -0.05499994 0.03499996 0.003499984 0.03499996 -0.03999996 0.0005 0.03499996 -0.03999996 0.003499984 -0.04999995 -0.03999996 0.0005 -0.04999995 -0.03999996 0.003499984 0.03999996 0.03499996 0.0005 0.03999996 0.03499996 0.003499984 0.03999996 -0.03499996 0.0005 0.03999996 -0.03499996 0.003499984 -0.03999996 0.03229999 0.003999948 -0.03999996 0.03229999 0 -0.04134994 0.03266173 0.003999948 -0.04134994 0.03266173 0 -0.04134994 0.03266173 0.003999948 -0.04134994 0.03266173 0 -0.04233825 0.03364998 0.003999948 -0.04233825 0.03364998 0 -0.04233825 0.03364998 0.003999948 -0.04233825 0.03364998 0 -0.04269999 0.03499996 0.003999948 -0.04269999 0.03499996 0 -0.04269999 0.03499996 0.003999948 -0.04269999 0.03499996 0 -0.04233825 0.03634995 0.003999948 -0.04233825 0.03634995 0 -0.04233825 0.03634995 0.003999948 -0.04233825 0.03634995 0 -0.04134994 0.03733825 0.003999948 -0.04134994 0.03733825 0 -0.04134994 0.03733825 0.003999948 -0.04134994 0.03733825 0 -0.03999996 0.03769999 0.003999948 -0.03999996 0.03769999 0 -0.03999996 0.03769999 0.003999948 -0.03999996 0.03769999 0 -0.03864997 0.03733825 0.003999948 -0.03864997 0.03733825 0 -0.03864997 0.03733825 0.003999948 -0.03864997 0.03733825 0 -0.03766173 0.03634995 0.003999948 -0.03766173 0.03634995 0 -0.03766173 0.03634995 0.003999948 -0.03766173 0.03634995 0 -0.03729999 0.03499996 0.003999948 -0.03729999 0.03499996 0 -0.03729999 0.03499996 0.003999948 -0.03729999 0.03499996 0 -0.03766173 0.03364998 0.003999948 -0.03766173 0.03364998 0 -0.03766173 0.03364998 0.003999948 -0.03766173 0.03364998 0 -0.03864997 0.03266173 0.003999948 -0.03864997 0.03266173 0 -0.03864997 0.03266173 0.003999948 -0.03864997 0.03266173 0 -0.03999996 0.03229999 0.003999948 -0.03999996 0.03229999 0 0.02999997 0.03229999 0.003999948 0.02999997 0.03229999 0 0.02864998 0.03266173 0.003999948 0.02864998 0.03266173 0 0.02864998 0.03266173 0.003999948 0.02864998 0.03266173 0 0.02766168 0.03364998 0.003999948 0.02766168 0.03364998 0 0.02766168 0.03364998 0.003999948 0.02766168 0.03364998 0 0.0273 0.03499996 0.003999948 0.0273 0.03499996 0 0.0273 0.03499996 0.003999948 0.0273 0.03499996 0 0.02766168 0.03634995 0.003999948 0.02766168 0.03634995 0 0.02766168 0.03634995 0.003999948 0.02766168 0.03634995 0 0.02864998 0.03733825 0.003999948 0.02864998 0.03733825 0 0.02864998 0.03733825 0.003999948 0.02864998 0.03733825 0 0.02999997 0.03769999 0.003999948 0.02999997 0.03769999 0 0.02999997 0.03769999 0.003999948 0.02999997 0.03769999 0 0.03134995 0.03733825 0.003999948 0.03134995 0.03733825 0 0.03134995 0.03733825 0.003999948 0.03134995 0.03733825 0 0.03233826 0.03634995 0.003999948 0.03233826 0.03634995 0 0.03233826 0.03634995 0.003999948 0.03233826 0.03634995 0 0.0327 0.03499996 0.003999948 0.0327 0.03499996 0 0.0327 0.03499996 0.003999948 0.0327 0.03499996 0 0.03233826 0.03364998 0.003999948 0.03233826 0.03364998 0 0.03233826 0.03364998 0.003999948 0.03233826 0.03364998 0 0.03134995 0.03266173 0.003999948 0.03134995 0.03266173 0 0.03134995 0.03266173 0.003999948 0.03134995 0.03266173 0 0.02999997 0.03229999 0.003999948 0.02999997 0.03229999 0 0.02999997 -0.03769999 0.003999948 0.02999997 -0.03769999 0 0.02864998 -0.03733825 0.003999948 0.02864998 -0.03733825 0 0.02864998 -0.03733825 0.003999948 0.02864998 -0.03733825 0 0.02766168 -0.03634995 0.003999948 0.02766168 -0.03634995 0 0.02766168 -0.03634995 0.003999948 0.02766168 -0.03634995 0 0.0273 -0.03499996 0.003999948 0.0273 -0.03499996 0 0.0273 -0.03499996 0.003999948 0.0273 -0.03499996 0 0.02766168 -0.03364998 0.003999948 0.02766168 -0.03364998 0 0.02766168 -0.03364998 0.003999948 0.02766168 -0.03364998 0 0.02864998 -0.03266173 0.003999948 0.02864998 -0.03266173 0 0.02864998 -0.03266173 0.003999948 0.02864998 -0.03266173 0 0.02999997 -0.03229999 0.003999948 0.02999997 -0.03229999 0 0.02999997 -0.03229999 0.003999948 0.02999997 -0.03229999 0 0.03134995 -0.03266173 0.003999948 0.03134995 -0.03266173 0 0.03134995 -0.03266173 0.003999948 0.03134995 -0.03266173 0 0.03233826 -0.03364998 0.003999948 0.03233826 -0.03364998 0 0.03233826 -0.03364998 0.003999948 0.03233826 -0.03364998 0 0.0327 -0.03499996 0.003999948 0.0327 -0.03499996 0 0.0327 -0.03499996 0.003999948 0.0327 -0.03499996 0 0.03233826 -0.03634995 0.003999948 0.03233826 -0.03634995 0 0.03233826 -0.03634995 0.003999948 0.03233826 -0.03634995 0 0.03134995 -0.03733825 0.003999948 0.03134995 -0.03733825 0 0.03134995 -0.03733825 0.003999948 0.03134995 -0.03733825 0 0.02999997 -0.03769999 0.003999948 0.02999997 -0.03769999 0 -0.03999996 -0.03769999 0.003999948 -0.03999996 -0.03769999 0 -0.04134994 -0.03733825 0.003999948 -0.04134994 -0.03733825 0 -0.04134994 -0.03733825 0.003999948 -0.04134994 -0.03733825 0 -0.04233825 -0.03634995 0.003999948 -0.04233825 -0.03634995 0 -0.04233825 -0.03634995 0.003999948 -0.04233825 -0.03634995 0 -0.04269999 -0.03499996 0.003999948 -0.04269999 -0.03499996 0 -0.04269999 -0.03499996 0.003999948 -0.04269999 -0.03499996 0 -0.04233825 -0.03364998 0.003999948 -0.04233825 -0.03364998 0 -0.04233825 -0.03364998 0.003999948 -0.04233825 -0.03364998 0 -0.04134994 -0.03266173 0.003999948 -0.04134994 -0.03266173 0 -0.04134994 -0.03266173 0.003999948 -0.04134994 -0.03266173 0 -0.03999996 -0.03229999 0.003999948 -0.03999996 -0.03229999 0 -0.03999996 -0.03229999 0.003999948 -0.03999996 -0.03229999 0 -0.03864997 -0.03266173 0.003999948 -0.03864997 -0.03266173 0 -0.03864997 -0.03266173 0.003999948 -0.03864997 -0.03266173 0 -0.03766173 -0.03364998 0.003999948 -0.03766173 -0.03364998 0 -0.03766173 -0.03364998 0.003999948 -0.03766173 -0.03364998 0 -0.03729999 -0.03499996 0.003999948 -0.03729999 -0.03499996 0 -0.03729999 -0.03499996 0.003999948 -0.03729999 -0.03499996 0 -0.03766173 -0.03634995 0.003999948 -0.03766173 -0.03634995 0 -0.03766173 -0.03634995 0.003999948 -0.03766173 -0.03634995 0 -0.03864997 -0.03733825 0.003999948 -0.03864997 -0.03733825 0 -0.03864997 -0.03733825 0.003999948 -0.03864997 -0.03733825 0 -0.03999996 -0.03769999 0.003999948 -0.03999996 -0.03769999 0 0.03933012 0.03749996 0.0005 0.03933012 0.03749996 0.003499984 0.03933012 0.03749996 0.003499984 0.03933012 0.03749996 0.0005 0.03749996 0.03933012 0.0005 0.03749996 0.03933012 0.003499984 0.03749996 0.03933012 0.003499984 0.03749996 0.03933012 0.0005 -0.05433011 -0.03749996 0.0005 -0.05433011 -0.03749996 0.003499984 -0.05433011 -0.03749996 0.003499984 -0.05433011 -0.03749996 0.0005 -0.05249994 -0.03933012 0.0005 -0.05249994 -0.03933012 0.003499984 -0.05249994 -0.03933012 0.003499984 -0.05249994 -0.03933012 0.0005 -0.05249994 0.03933012 0.0005 -0.05249994 0.03933012 0.003499984 -0.05249994 0.03933012 0.003499984 -0.05249994 0.03933012 0.0005 -0.05433011 0.03749996 0.0005 -0.05433011 0.03749996 0.003499984 -0.05433011 0.03749996 0.003499984 -0.05433011 0.03749996 0.0005 0.03749996 -0.03933012 0.0005 0.03749996 -0.03933012 0.003499984 0.03749996 -0.03933012 0.003499984 0.03749996 -0.03933012 0.0005 0.03933012 -0.03749996 0.0005 0.03933012 -0.03749996 0.003499984 0.03933012 -0.03749996 0.003499984 0.03933012 -0.03749996 0.0005 -0.03999996 -0.02424997 0.002229988 -0.03887498 -0.02455139 0.002229988 -0.03896921 -0.02449995 0.003999948 -0.03999996 -0.02424997 0.003999948 -0.03999996 -0.02424997 0.002229988 -0.03999996 -0.02424997 0.003999948 -0.04103076 -0.02449995 0.003999948 -0.04112499 -0.02455139 0.002229988 -0.04112499 -0.02455139 0.003999948 -0.04194855 -0.02537494 0.002229988 -0.04194855 -0.02537494 0.003999948 -0.04194855 -0.02537494 0.002229988 -0.04194855 -0.02537494 0.003999948 -0.04224997 -0.02649998 0.002229988 -0.04224997 -0.02649998 0.003999948 -0.04224997 -0.02649998 0.002229988 -0.04224997 -0.02649998 0.003999948 -0.04194855 -0.02762496 0.002229988 -0.04194855 -0.02762496 0.003999948 -0.04194855 -0.02762496 0.002229988 -0.04194855 -0.02762496 0.003999948 -0.04112499 -0.02844852 0.002229988 -0.04112499 -0.02844852 0.003999948 -0.04112499 -0.02844852 0.002229988 -0.04112499 -0.02844852 0.003999948 -0.03999996 -0.02875 0.002229988 -0.03999996 -0.02875 0.003999948 -0.03999996 -0.02875 0.002229988 -0.03999996 -0.02875 0.003999948 -0.03887498 -0.02844852 0.002229988 -0.03887498 -0.02844852 0.003999948 -0.03887498 -0.02844852 0.002229988 -0.03887498 -0.02844852 0.003999948 -0.03805142 -0.02762496 0.002229988 -0.03805142 -0.02762496 0.003999948 -0.03805142 -0.02762496 0.002229988 -0.03805142 -0.02762496 0.003999948 -0.03774994 -0.02649998 0.002229988 -0.03774994 -0.02649998 0.003999948 -0.03774994 -0.02649998 0.002229988 -0.03774994 -0.02649998 0.003999948 -0.03805142 -0.02537494 0.002229988 -0.03805142 -0.02537494 0.003999948 -0.03805142 -0.02537494 0.002229988 -0.03805142 -0.02537494 0.003999948 -0.03887498 -0.02455139 0.003999948 -0.04112499 -0.02844852 0.002229988 -0.04223996 -0.03037977 0 -0.04194855 -0.02762496 0.002229988 -0.04387974 -0.02873998 0 -0.04224997 -0.02649998 0.002229988 -0.04447996 -0.02649998 0 -0.04194855 -0.02537494 0.002229988 -0.04387974 -0.02425998 0 -0.04112499 -0.02455139 0.002229988 -0.04223996 -0.0226202 0 -0.03999996 -0.02424997 0.002229988 -0.03999996 -0.02201998 0 -0.03887498 -0.02455139 0.002229988 -0.03775995 -0.0226202 0 -0.03805142 -0.02537494 0.002229988 -0.03612017 -0.02425998 0 -0.03774994 -0.02649998 0.002229988 -0.03551995 -0.02649998 0 -0.03805142 -0.02762496 0.002229988 -0.03612017 -0.02873998 0 -0.03887498 -0.02844852 0.002229988 -0.03775995 -0.03037977 0 -0.03999996 -0.02875 0.002229988 -0.03999996 -0.03097999 0 -0.03999996 0.02424997 0.002229988 -0.04112499 0.02455139 0.002229988 -0.04103076 0.02449995 0.003999948 -0.03999996 0.02424997 0.003999948 -0.03999996 0.02424997 0.002229988 -0.03999996 0.02424997 0.003999948 -0.03896921 0.02449995 0.003999948 -0.03887498 0.02455139 0.002229988 -0.03887498 0.02455139 0.003999948 -0.03805142 0.02537494 0.002229988 -0.03805142 0.02537494 0.003999948 -0.03805142 0.02537494 0.002229988 -0.03805142 0.02537494 0.003999948 -0.03774994 0.02649998 0.002229988 -0.03774994 0.02649998 0.003999948 -0.03774994 0.02649998 0.002229988 -0.03774994 0.02649998 0.003999948 -0.03805142 0.02762496 0.002229988 -0.03805142 0.02762496 0.003999948 -0.03805142 0.02762496 0.002229988 -0.03805142 0.02762496 0.003999948 -0.03887498 0.02844852 0.002229988 -0.03887498 0.02844852 0.003999948 -0.03887498 0.02844852 0.002229988 -0.03887498 0.02844852 0.003999948 -0.03999996 0.02875 0.002229988 -0.03999996 0.02875 0.003999948 -0.03999996 0.02875 0.002229988 -0.03999996 0.02875 0.003999948 -0.04112499 0.02844852 0.002229988 -0.04112499 0.02844852 0.003999948 -0.04112499 0.02844852 0.002229988 -0.04112499 0.02844852 0.003999948 -0.04194855 0.02762496 0.002229988 -0.04194855 0.02762496 0.003999948 -0.04194855 0.02762496 0.002229988 -0.04194855 0.02762496 0.003999948 -0.04224997 0.02649998 0.002229988 -0.04224997 0.02649998 0.003999948 -0.04224997 0.02649998 0.002229988 -0.04224997 0.02649998 0.003999948 -0.04194855 0.02537494 0.002229988 -0.04194855 0.02537494 0.003999948 -0.04194855 0.02537494 0.002229988 -0.04194855 0.02537494 0.003999948 -0.04112499 0.02455139 0.003999948 -0.04112499 0.02455139 0.002229988 -0.04223996 0.0226202 0 -0.04194855 0.02537494 0.002229988 -0.04387974 0.02425998 0 -0.04224997 0.02649998 0.002229988 -0.04447996 0.02649998 0 -0.04194855 0.02762496 0.002229988 -0.04387974 0.02873998 0 -0.04112499 0.02844852 0.002229988 -0.04223996 0.03037977 0 -0.03999996 0.02875 0.002229988 -0.03999996 0.03097999 0 -0.03887498 0.02844852 0.002229988 -0.03775995 0.03037977 0 -0.03805142 0.02762496 0.002229988 -0.03612017 0.02873998 0 -0.03774994 0.02649998 0.002229988 -0.03551995 0.02649998 0 -0.03805142 0.02537494 0.002229988 -0.03612017 0.02425998 0 -0.03887498 0.02455139 0.002229988 -0.03775995 0.0226202 0 -0.03999996 0.02424997 0.002229988 -0.03999996 0.02201998 0 0.03074997 0 0.002229988 0.03105139 0.001124978 0.002229988 0.03098386 0.000998923 0.003999948 0.03074997 0 0.003999948 0.03074997 0 0.002229988 0.03074997 0 0.003999948 0.03098386 -0.000998923 0.003999948 0.03105139 -0.001124978 0.002229988 0.03105139 -0.001124978 0.003999948 0.03187495 -0.001948535 0.002229988 0.03187495 -0.001948535 0.003999948 0.03187495 -0.001948535 0.002229988 0.03187495 -0.001948535 0.003999948 0.03299999 -0.002249956 0.002229988 0.03299999 -0.002249956 0.003999948 0.03299999 -0.002249956 0.002229988 0.03299999 -0.002249956 0.003999948 0.03412497 -0.001948535 0.002229988 0.03412497 -0.001948535 0.003999948 0.03412497 -0.001948535 0.002229988 0.03412497 -0.001948535 0.003999948 0.03494852 -0.001124978 0.002229988 0.03494852 -0.001124978 0.003999948 0.03494852 -0.001124978 0.002229988 0.03494852 -0.001124978 0.003999948 0.03524994 0 0.002229988 0.03524994 0 0.003999948 0.03524994 0 0.002229988 0.03524994 0 0.003999948 0.03494852 0.001124978 0.002229988 0.03494852 0.001124978 0.003999948 0.03494852 0.001124978 0.002229988 0.03494852 0.001124978 0.003999948 0.03412497 0.001948535 0.002229988 0.03412497 0.001948535 0.003999948 0.03412497 0.001948535 0.002229988 0.03412497 0.001948535 0.003999948 0.03299999 0.002249956 0.002229988 0.03299999 0.002249956 0.003999948 0.03299999 0.002249956 0.002229988 0.03299999 0.002249956 0.003999948 0.03187495 0.001948535 0.002229988 0.03187495 0.001948535 0.003999948 0.03187495 0.001948535 0.002229988 0.03187495 0.001948535 0.003999948 0.03105139 0.001124978 0.003999948 0.03187495 -0.001948535 0.002229988 0.03075999 -0.003879785 0 0.03105139 -0.001124978 0.002229988 0.0291202 -0.002239942 0 0.03074997 0 0.002229988 0.02851998 0 0 0.03105139 0.001124978 0.002229988 0.0291202 0.002239942 0 0.03187495 0.001948535 0.002229988 0.03075999 0.003879785 0 0.03299999 0.002249956 0.002229988 0.03299999 0.004479944 0 0.03412497 0.001948535 0.002229988 0.03523999 0.003879785 0 0.03494852 0.001124978 0.002229988 0.03687977 0.002239942 0 0.03524994 0 0.002229988 0.03747999 0 0 0.03494852 -0.001124978 0.002229988 0.03687977 -0.002239942 0 0.03412497 -0.001948535 0.002229988 0.03523999 -0.003879785 0 0.03299999 -0.002249956 0.002229988 0.03299999 -0.004479944 0 0 -0.03074997 0.002229988 0.001124978 -0.03105139 0.002229988 0.000998923 -0.03098386 0.003999948 0 -0.03074997 0.003999948 0 -0.03074997 0.002229988 0 -0.03074997 0.003999948 -0.000998923 -0.03098386 0.003999948 -0.001124978 -0.03105139 0.002229988 -0.001124978 -0.03105139 0.003999948 -0.001948535 -0.03187495 0.002229988 -0.001948535 -0.03187495 0.003999948 -0.001948535 -0.03187495 0.002229988 -0.001948535 -0.03187495 0.003999948 -0.002249956 -0.03299999 0.002229988 -0.002249956 -0.03299999 0.003999948 -0.002249956 -0.03299999 0.002229988 -0.002249956 -0.03299999 0.003999948 -0.001948535 -0.03412497 0.002229988 -0.001948535 -0.03412497 0.003999948 -0.001948535 -0.03412497 0.002229988 -0.001948535 -0.03412497 0.003999948 -0.001124978 -0.03494852 0.002229988 -0.001124978 -0.03494852 0.003999948 -0.001124978 -0.03494852 0.002229988 -0.001124978 -0.03494852 0.003999948 0 -0.03524994 0.002229988 0 -0.03524994 0.003999948 0 -0.03524994 0.002229988 0 -0.03524994 0.003999948 0.001124978 -0.03494852 0.002229988 0.001124978 -0.03494852 0.003999948 0.001124978 -0.03494852 0.002229988 0.001124978 -0.03494852 0.003999948 0.001948535 -0.03412497 0.002229988 0.001948535 -0.03412497 0.003999948 0.001948535 -0.03412497 0.002229988 0.001948535 -0.03412497 0.003999948 0.002249956 -0.03299999 0.002229988 0.002249956 -0.03299999 0.003999948 0.002249956 -0.03299999 0.002229988 0.002249956 -0.03299999 0.003999948 0.001948535 -0.03187495 0.002229988 0.001948535 -0.03187495 0.003999948 0.001948535 -0.03187495 0.002229988 0.001948535 -0.03187495 0.003999948 0.001124978 -0.03105139 0.003999948 -0.001124978 -0.03494852 0.002229988 -0.002239942 -0.03687977 0 -0.001948535 -0.03412497 0.002229988 -0.003879785 -0.03523999 0 -0.002249956 -0.03299999 0.002229988 -0.004479944 -0.03299999 0 -0.001948535 -0.03187495 0.002229988 -0.003879785 -0.03075999 0 -0.001124978 -0.03105139 0.002229988 -0.002239942 -0.0291202 0 0 -0.03074997 0.002229988 0 -0.02851998 0 0.001124978 -0.03105139 0.002229988 0.002239942 -0.0291202 0 0.001948535 -0.03187495 0.002229988 0.003879785 -0.03075999 0 0.002249956 -0.03299999 0.002229988 0.004479944 -0.03299999 0 0.001948535 -0.03412497 0.002229988 0.003879785 -0.03523999 0 0.001124978 -0.03494852 0.002229988 0.002239942 -0.03687977 0 0 -0.03524994 0.002229988 0 -0.03747999 0 0 0.03074997 0.002229988 -0.001124978 0.03105139 0.002229988 -0.000998923 0.03098386 0.003999948 0 0.03074997 0.003999948 0 0.03074997 0.002229988 0 0.03074997 0.003999948 0.000998923 0.03098386 0.003999948 0.001124978 0.03105139 0.002229988 0.001124978 0.03105139 0.003999948 0.001948535 0.03187495 0.002229988 0.001948535 0.03187495 0.003999948 0.001948535 0.03187495 0.002229988 0.001948535 0.03187495 0.003999948 0.002249956 0.03299999 0.002229988 0.002249956 0.03299999 0.003999948 0.002249956 0.03299999 0.002229988 0.002249956 0.03299999 0.003999948 0.001948535 0.03412497 0.002229988 0.001948535 0.03412497 0.003999948 0.001948535 0.03412497 0.002229988 0.001948535 0.03412497 0.003999948 0.001124978 0.03494852 0.002229988 0.001124978 0.03494852 0.003999948 0.001124978 0.03494852 0.002229988 0.001124978 0.03494852 0.003999948 0 0.03524994 0.002229988 0 0.03524994 0.003999948 0 0.03524994 0.002229988 0 0.03524994 0.003999948 -0.001124978 0.03494852 0.002229988 -0.001124978 0.03494852 0.003999948 -0.001124978 0.03494852 0.002229988 -0.001124978 0.03494852 0.003999948 -0.001948535 0.03412497 0.002229988 -0.001948535 0.03412497 0.003999948 -0.001948535 0.03412497 0.002229988 -0.001948535 0.03412497 0.003999948 -0.002249956 0.03299999 0.002229988 -0.002249956 0.03299999 0.003999948 -0.002249956 0.03299999 0.002229988 -0.002249956 0.03299999 0.003999948 -0.001948535 0.03187495 0.002229988 -0.001948535 0.03187495 0.003999948 -0.001948535 0.03187495 0.002229988 -0.001948535 0.03187495 0.003999948 -0.001124978 0.03105139 0.003999948 -0.001124978 0.03105139 0.002229988 -0.002239942 0.0291202 0 -0.001948535 0.03187495 0.002229988 -0.003879785 0.03075999 0 -0.002249956 0.03299999 0.002229988 -0.004479944 0.03299999 0 -0.001948535 0.03412497 0.002229988 -0.003879785 0.03523999 0 -0.001124978 0.03494852 0.002229988 -0.002239942 0.03687977 0 0 0.03524994 0.002229988 0 0.03747999 0 0.001124978 0.03494852 0.002229988 0.002239942 0.03687977 0 0.001948535 0.03412497 0.002229988 0.003879785 0.03523999 0 0.002249956 0.03299999 0.002229988 0.004479944 0.03299999 0 0.001948535 0.03187495 0.002229988 0.003879785 0.03075999 0 0.001124978 0.03105139 0.002229988 0.002239942 0.0291202 0 0 0.03074997 0.002229988 0 0.02851998 0 -0.05449998 -0.01324999 0 -0.05499994 -0.03499996 0.0005 -0.05449998 0.01324999 0 -0.05499994 0.03499996 0.0005 -0.05449998 0.03163999 0 -0.05449998 0.03499996 0 -0.05449998 -0.02526998 0 -0.05449998 -0.03163999 0 -0.05449998 -0.03499996 0 -0.04999995 -0.03949999 0 -0.04999995 -0.03999996 0.0005 -0.05249994 -0.03933012 0.0005 -0.05224996 -0.03889709 0 -0.05433011 -0.03749996 0.0005 -0.05389708 -0.03724998 0 -0.05389708 -0.03724998 0 -0.05433011 0.03749996 0.0005 -0.05389708 0.03724998 0 -0.05249994 0.03933012 0.0005 -0.05224996 0.03889709 0 -0.04999995 0.03999996 0.0005 -0.04999995 0.03949999 0 -0.04358994 -0.03949999 0 -0.03640997 -0.03949999 0 -0.04999995 -0.03999996 0.0005 -0.01999998 -0.03949999 0 0.03499996 -0.03999996 0.0005 0.01589 -0.03949999 0 0.03499996 -0.03999996 0.0005 0.03499996 -0.03949999 0 -0.04358994 0.03949999 0 0.03499996 0.03949999 0 0.01589 0.03949999 0 0.03499996 0.03999996 0.0005 -0.01999998 0.03949999 0 -0.04999995 0.03999996 0.0005 -0.03640997 0.03949999 0 0.03949999 -0.03499996 0 0.03999996 -0.03499996 0.0005 0.03933012 -0.03749996 0.0005 0.03889709 -0.03724998 0 0.03749996 -0.03933012 0.0005 0.03724998 -0.03889709 0 0.03749996 0.03933012 0.0005 0.03724998 0.03889709 0 0.03933012 0.03749996 0.0005 0.03889709 0.03724998 0 0.03999996 0.03499996 0.0005 0.03949999 0.03499996 0 0.03949999 0.03163999 0 0.03949999 -0.03163999 0 0.03949999 -0.02526998 0 0.03999996 -0.03499996 0.0005 0.03949999 -0.01324999 0 0.03999996 0.03499996 0.0005 0.03949999 0.01324999 0 -0.05499994 -0.03499996 0.003499984 -0.05449998 -0.03499996 0.003999948 -0.05449998 -0.02879017 0.003999948 -0.05449998 -0.02849996 0.003999948 -0.05449998 0.02849996 0.003999948 -0.05499994 0.03499996 0.003499984 -0.05449998 0.02879017 0.003999948 -0.05449998 0.03499996 0.003999948 -0.05433011 -0.03749996 0.003499984 -0.05389708 -0.03724998 0.003999948 -0.05249994 -0.03933012 0.003499984 -0.05224996 -0.03889709 0.003999948 -0.04999995 -0.03999996 0.003499984 -0.04999995 -0.03949999 0.003999948 -0.04999995 0.03949999 0.003999948 -0.04999995 0.03999996 0.003499984 -0.05249994 0.03933012 0.003499984 -0.05224996 0.03889709 0.003999948 -0.05224996 0.03889709 0.003999948 -0.05433011 0.03749996 0.003499984 -0.05389708 0.03724998 0.003999948 0.03499996 -0.03999996 0.003499984 0.03499996 -0.03949999 0.003999948 0.03499996 0.03949999 0.003999948 0.03499996 0.03999996 0.003499984 0.03749996 -0.03933012 0.003499984 0.03724998 -0.03889709 0.003999948 0.03933012 -0.03749996 0.003499984 0.03889709 -0.03724998 0.003999948 0.03999996 -0.03499996 0.003499984 0.03949999 -0.03499996 0.003999948 0.03949999 0.03499996 0.003999948 0.03999996 0.03499996 0.003499984 0.03933012 0.03749996 0.003499984 0.03889709 0.03724998 0.003999948 0.03749996 0.03933012 0.003499984 0.03724998 0.03889709 0.003999948 -0.05499994 0.008099973 0.03639996 -0.05469995 0.007799983 0.03639996 -0.05499994 0.008099973 0.03899997 -0.05469995 0.007799983 0.03899997 -0.05469995 0.007532 0.03539997 -0.05499994 0.007791817 0.03524994 -0.05469995 0.006799995 0.0346679 -0.05499994 0.006949961 0.03440809 -0.05469995 0.005799949 0.03439998 -0.05499994 0.005799949 0.03409999 -0.05469995 0.005799949 0.041 -0.05499994 0.005799949 0.04129999 -0.05469995 0.006799995 0.04073202 -0.05499994 0.006949961 0.04099184 -0.05469995 0.007532 0.03999996 -0.05499994 0.007791817 0.04014998 -0.05499994 -0.005799949 0.03409999 -0.05469995 -0.005799949 0.03439998 -0.05469995 -0.005799949 0.041 -0.05499994 -0.005799949 0.04129999 -0.05469995 -0.006799995 0.0346679 -0.05499994 -0.006949961 0.03440809 -0.05469995 -0.007532 0.03539997 -0.05499994 -0.007791817 0.03524994 -0.05469995 -0.007799983 0.03639996 -0.05499994 -0.008099973 0.03639996 -0.05469995 -0.007799983 0.03899997 -0.05499994 -0.008099973 0.03899997 -0.05469995 -0.007532 0.03999996 -0.05499994 -0.007791817 0.04014998 -0.05469995 -0.006799995 0.04073202 -0.05499994 -0.006949961 0.04099184 -0.05469995 -0.005799949 0.041 -0.05469995 -0.00619018 0.04096156 -0.05299997 -0.005799949 0.041 -0.05299997 -0.006317615 0.04093182 -0.05469995 -0.006317615 0.04093182 -0.05469995 -0.006565332 0.04084771 -0.05299997 -0.006799995 0.04073202 -0.05469995 -0.006799995 0.04073202 -0.05299997 -0.006799995 0.04073202 -0.05469995 -0.006799995 0.04073202 -0.05469995 -0.006911098 0.04066294 -0.05299997 -0.007214188 0.04041421 -0.05469995 -0.007214188 0.04041421 -0.05469995 -0.007462918 0.04011112 -0.05299997 -0.007532 0.03999996 -0.05469995 -0.007532 0.03999996 -0.05299997 -0.007532 0.03999996 -0.05469995 -0.007532 0.03999996 -0.05469995 -0.007647752 0.03976535 -0.05299997 -0.007731795 0.03951764 -0.05469995 -0.007799983 0.03899997 -0.05299997 -0.007799983 0.03899997 -0.05469995 -0.007761538 0.03939014 -0.05469995 -0.007731795 0.03951764 -0.05469995 -0.007799983 0.03639996 -0.05299997 -0.007799983 0.03639996 -0.05469995 -0.007799983 0.03899997 -0.05299997 -0.007799983 0.03899997 -0.05469995 -0.007799983 0.03639996 -0.05469995 -0.007761538 0.03600978 -0.05299997 -0.007799983 0.03639996 -0.05299997 -0.007731795 0.03588235 -0.05469995 -0.007731795 0.03588235 -0.05469995 -0.007647752 0.03563463 -0.05299997 -0.007532 0.03539997 -0.05469995 -0.007532 0.03539997 -0.05299997 -0.007532 0.03539997 -0.05469995 -0.007532 0.03539997 -0.05469995 -0.007462918 0.03528881 -0.05299997 -0.007214188 0.03498578 -0.05469995 -0.007214188 0.03498578 -0.05469995 -0.006911098 0.03473705 -0.05299997 -0.006799995 0.0346679 -0.05469995 -0.006799995 0.0346679 -0.05299997 -0.006799995 0.0346679 -0.05469995 -0.006799995 0.0346679 -0.05469995 -0.006565332 0.03455221 -0.05299997 -0.006317615 0.03446811 -0.05469995 -0.005799949 0.03439998 -0.05299997 -0.005799949 0.03439998 -0.05469995 -0.00619018 0.03443843 -0.05469995 -0.006317615 0.03446811 -0.05469995 0.005799949 0.03439998 -0.05299997 0.005799949 0.03439998 -0.05469995 -0.005799949 0.03439998 -0.05299997 -0.005799949 0.03439998 -0.05469995 0.005799949 0.03439998 -0.05469995 0.00619018 0.03443843 -0.05299997 0.005799949 0.03439998 -0.05299997 0.006317615 0.03446811 -0.05469995 0.006317615 0.03446811 -0.05469995 0.006565332 0.03455221 -0.05299997 0.006799995 0.0346679 -0.05469995 0.006799995 0.0346679 -0.05299997 0.006799995 0.0346679 -0.05469995 0.006799995 0.0346679 -0.05469995 0.006911098 0.03473705 -0.05299997 0.007214188 0.03498578 -0.05469995 0.007214188 0.03498578 -0.05469995 0.007462918 0.03528881 -0.05299997 0.007532 0.03539997 -0.05469995 0.007532 0.03539997 -0.05299997 0.007532 0.03539997 -0.05469995 0.007532 0.03539997 -0.05469995 0.007647752 0.03563463 -0.05299997 0.007731795 0.03588235 -0.05469995 0.007799983 0.03639996 -0.05299997 0.007799983 0.03639996 -0.05469995 0.007761538 0.03600978 -0.05469995 0.007731795 0.03588235 -0.05469995 0.007799983 0.03899997 -0.05299997 0.007799983 0.03899997 -0.05469995 0.007799983 0.03639996 -0.05299997 0.007799983 0.03639996 -0.05469995 0.007799983 0.03899997 -0.05469995 0.007761538 0.03939014 -0.05299997 0.007799983 0.03899997 -0.05299997 0.007731795 0.03951764 -0.05469995 0.007731795 0.03951764 -0.05469995 0.007647752 0.03976535 -0.05299997 0.007532 0.03999996 -0.05469995 0.007532 0.03999996 -0.05299997 0.007532 0.03999996 -0.05469995 0.007532 0.03999996 -0.05469995 0.007462918 0.04011112 -0.05299997 0.007214188 0.04041421 -0.05469995 0.007214188 0.04041421 -0.05469995 0.006911098 0.04066294 -0.05299997 0.006799995 0.04073202 -0.05469995 0.006799995 0.04073202 -0.05299997 0.006799995 0.04073202 -0.05469995 0.006799995 0.04073202 -0.05469995 0.006565332 0.04084771 -0.05299997 0.006317615 0.04093182 -0.05469995 0.005799949 0.041 -0.05299997 0.005799949 0.041 -0.05469995 0.00619018 0.04096156 -0.05469995 0.006317615 0.04093182 -0.05469995 -0.005799949 0.041 -0.05299997 -0.005799949 0.041 -0.05469995 0.005799949 0.041 -0.05299997 0.005799949 0.041 -0.05299997 -0.006317615 0.03446811 -0.05299997 -0.005799949 0.03439998 -0.05299997 -0.007799983 0.03639996 -0.05299997 0.007214188 0.04041421 -0.05299997 0.006799995 0.04073202 -0.05299997 0.006317615 0.04093182 -0.05299997 -0.007799983 0.03899997 -0.05299997 0.007799983 0.03899997 -0.05299997 0.005799949 0.041 -0.05299997 -0.005799949 0.03439998 -0.05299997 0.007799983 0.03639996 -0.05299997 0.007532 0.03999996 -0.05299997 -0.007799983 0.03639996 -0.05299997 -0.007731795 0.03588235 -0.05299997 -0.007532 0.03539997 -0.05299997 0.007731795 0.03951764 -0.05299997 -0.007532 0.03999996 -0.05299997 -0.006317615 0.04093182 -0.05299997 -0.007214188 0.04041421 -0.05299997 -0.006799995 0.04073202 -0.05299997 -0.005799949 0.041 -0.05299997 -0.006317615 0.04093182 -0.05299997 -0.007731795 0.03951764 -0.05299997 -0.007532 0.03539997 -0.05299997 -0.007214188 0.03498578 -0.05299997 -0.006799995 0.0346679 -0.05299997 0.007214188 0.03498578 -0.05299997 0.007532 0.03539997 -0.05299997 0.006799995 0.0346679 -0.05299997 0.006799995 0.0346679 -0.05299997 0.007532 0.03539997 -0.05299997 0.006317615 0.03446811 -0.05299997 0.005799949 0.03439998 -0.05299997 0.006317615 0.03446811 -0.05299997 0.007731795 0.03588235 -0.05499994 0.006131649 0.03473263 -0.05499994 0.005799949 0.03469997 -0.05499994 0.007370591 0.03574943 -0.05499994 -0.007213473 0.03545552 -0.05499994 -0.007370591 0.03574943 -0.05499994 -0.005799949 0.03469997 -0.05499994 -0.005799949 0.04069995 -0.05499994 0.005799949 0.04069995 -0.05499994 -0.006131649 0.03473263 -0.05499994 -0.006450533 0.03482937 -0.05499994 -0.006744444 0.03498649 -0.05499994 -0.006744444 0.04041349 -0.05499994 -0.006450533 0.04057055 -0.05499994 -0.007499992 0.03899997 -0.05499994 -0.007467329 0.03606832 -0.05499994 -0.007499992 0.03639996 -0.05499994 -0.006131649 0.04066729 -0.05499994 0.006450533 0.04057055 -0.05499994 0.007499992 0.03899997 -0.05499994 0.006131649 0.04066729 -0.05499994 0.007467329 0.03606832 -0.05499994 -0.007002055 0.03519791 -0.05499994 -0.007467329 0.03933161 -0.05499994 -0.007370591 0.03965055 -0.05499994 0.007002055 0.04020208 -0.05499994 0.007213473 0.03994446 -0.05499994 0.007370591 0.03965055 -0.05499994 0.007499992 0.03639996 -0.05499994 -0.007213473 0.03994446 -0.05499994 -0.007002055 0.04020208 -0.05499994 0.006744444 0.04041349 -0.05499994 0.007467329 0.03933161 -0.05499994 0.007213473 0.03545552 -0.05499994 0.007002055 0.03519791 -0.05499994 0.006744444 0.03498649 -0.05499994 0.006450533 0.03482937 -0.05469995 0.007799983 0.03899997 -0.05469995 0.007799983 0.03639996 -0.05481475 0.007777154 0.03899997 -0.05481475 0.007777154 0.03639996 -0.05484998 0.007759749 0.03899997 -0.05484998 0.007759749 0.03639996 -0.05491209 0.007712125 0.03899997 -0.05491209 0.007712125 0.03639996 -0.05495977 0.007649958 0.03899997 -0.05495977 0.007649958 0.03639996 -0.05497711 0.007614791 0.03899997 -0.05497711 0.007614791 0.03639996 -0.05495977 0.005799949 0.03454995 -0.05497711 0.005799949 0.03458517 -0.05497711 0.006154 0.03462004 -0.05497711 0.007579922 0.0360459 -0.05497711 0.007476627 0.0357055 -0.05497711 0.0073089 0.03539174 -0.05497711 0.007083237 0.03511673 -0.05497711 0.006808221 0.034891 -0.05497711 0.006494462 0.03472334 -0.05484998 0.005799949 0.03444015 -0.05491209 0.005799949 0.03448784 -0.05491209 0.006173014 0.03452455 -0.05497711 0.006154 0.03462004 -0.05497711 0.006494462 0.03472334 -0.05491209 0.006531715 0.03463339 -0.05497711 0.006808221 0.034891 -0.05491209 0.006862282 0.03481006 -0.05491209 0.006862282 0.03481006 -0.05497711 0.007083237 0.03511673 -0.05491209 0.00715208 0.03504788 -0.05497711 0.0073089 0.03539174 -0.05491209 0.007389843 0.03533762 -0.05497711 0.007476627 0.0357055 -0.05491209 0.007566571 0.03566825 -0.05491209 0.007675349 0.03602695 -0.05481475 0.00618571 0.03446078 -0.05481475 0.00655657 0.03457331 -0.05481475 0.006898403 0.034756 -0.05481475 0.007198035 0.03500193 -0.05481475 0.007443904 0.0353015 -0.05481475 0.007626652 0.03564333 -0.05481475 0.007739126 0.03601425 -0.05469995 0.005799949 0.03439998 -0.05481475 0.005799949 0.03442281 -0.05497711 0.007579922 0.03935402 -0.05497711 0.006154 0.04077988 -0.05497711 0.006494462 0.04067665 -0.05497711 0.006808221 0.04050892 -0.05497711 0.007083237 0.04028326 -0.05497711 0.0073089 0.04000824 -0.05497711 0.007476627 0.03969448 -0.05497711 0.007579922 0.03935402 -0.05491209 0.007675349 0.03937304 -0.05497711 0.007476627 0.03969448 -0.05491209 0.007566571 0.03973174 -0.05497711 0.0073089 0.04000824 -0.05491209 0.007389843 0.0400623 -0.05497711 0.007083237 0.04028326 -0.05491209 0.00715208 0.04035204 -0.05491209 0.00715208 0.04035204 -0.05497711 0.006808221 0.04050892 -0.05491209 0.006862282 0.04058986 -0.05497711 0.006494462 0.04067665 -0.05491209 0.006531715 0.04076653 -0.05491209 0.006173014 0.04087537 -0.05497711 0.005799949 0.04081475 -0.05495977 0.005799949 0.04084998 -0.05491209 0.005799949 0.04091209 -0.05484998 0.005799949 0.04095977 -0.05481475 0.007739126 0.03938567 -0.05481475 0.007626652 0.03975659 -0.05481475 0.007443904 0.04009842 -0.05481475 0.007198035 0.04039806 -0.05481475 0.006898403 0.04064393 -0.05481475 0.00655657 0.04082661 -0.05481475 0.00618571 0.04093915 -0.05481475 0.005799949 0.04097712 -0.05469995 0.005799949 0.041 -0.05469995 -0.005799949 0.03439998 -0.05481475 -0.005799949 0.03442281 -0.05484998 -0.005799949 0.03444015 -0.05491209 -0.005799949 0.03448784 -0.05495977 -0.005799949 0.03454995 -0.05497711 -0.005799949 0.03458517 -0.05469995 -0.005799949 0.041 -0.05481475 -0.005799949 0.04097712 -0.05484998 -0.005799949 0.04095977 -0.05491209 -0.005799949 0.04091209 -0.05495977 -0.005799949 0.04084998 -0.05497711 -0.005799949 0.04081475 -0.05495977 -0.007649958 0.03639996 -0.05497711 -0.007614791 0.03639996 -0.05497711 -0.007579922 0.0360459 -0.05497711 -0.006154 0.03462004 -0.05497711 -0.006154 0.03462004 -0.05497711 -0.006494462 0.03472334 -0.05497711 -0.006808221 0.034891 -0.05497711 -0.007083237 0.03511673 -0.05497711 -0.0073089 0.03539174 -0.05497711 -0.007476627 0.0357055 -0.05497711 -0.007579922 0.0360459 -0.05484998 -0.007759749 0.03639996 -0.05491209 -0.007712125 0.03639996 -0.05491209 -0.007675349 0.03602695 -0.05497711 -0.007476627 0.0357055 -0.05491209 -0.007566571 0.03566825 -0.05497711 -0.0073089 0.03539174 -0.05491209 -0.007389843 0.03533762 -0.05491209 -0.007389843 0.03533762 -0.05497711 -0.007083237 0.03511673 -0.05491209 -0.00715208 0.03504788 -0.05497711 -0.006808221 0.034891 -0.05491209 -0.006862282 0.03481006 -0.05491209 -0.006862282 0.03481006 -0.05497711 -0.006494462 0.03472334 -0.05491209 -0.006531715 0.03463339 -0.05491209 -0.006173014 0.03452455 -0.05481475 -0.007739126 0.03601425 -0.05481475 -0.007626652 0.03564333 -0.05481475 -0.007443904 0.0353015 -0.05481475 -0.007198035 0.03500193 -0.05481475 -0.006898403 0.034756 -0.05481475 -0.00655657 0.03457331 -0.05481475 -0.00618571 0.03446078 -0.05469995 -0.007799983 0.03639996 -0.05481475 -0.007777154 0.03639996 -0.05497711 -0.006154 0.04077988 -0.05497711 -0.007579922 0.03935402 -0.05497711 -0.007476627 0.03969448 -0.05497711 -0.0073089 0.04000824 -0.05497711 -0.007083237 0.04028326 -0.05497711 -0.006808221 0.04050892 -0.05497711 -0.006494462 0.04067665 -0.05497711 -0.006154 0.04077988 -0.05491209 -0.006173014 0.04087537 -0.05497711 -0.006494462 0.04067665 -0.05491209 -0.006531715 0.04076653 -0.05497711 -0.006808221 0.04050892 -0.05491209 -0.006862282 0.04058986 -0.05497711 -0.007083237 0.04028326 -0.05491209 -0.00715208 0.04035204 -0.05491209 -0.00715208 0.04035204 -0.05497711 -0.0073089 0.04000824 -0.05491209 -0.007389843 0.0400623 -0.05497711 -0.007476627 0.03969448 -0.05491209 -0.007566571 0.03973174 -0.05491209 -0.007675349 0.03937304 -0.05497711 -0.007614791 0.03899997 -0.05495977 -0.007649958 0.03899997 -0.05491209 -0.007712125 0.03899997 -0.05484998 -0.007759749 0.03899997 -0.05481475 -0.00618571 0.04093915 -0.05481475 -0.00655657 0.04082661 -0.05481475 -0.006898403 0.04064393 -0.05481475 -0.007198035 0.04039806 -0.05481475 -0.007443904 0.04009842 -0.05481475 -0.007626652 0.03975659 -0.05481475 -0.007739126 0.03938567 -0.05481475 -0.007777154 0.03899997 -0.05469995 -0.007799983 0.03899997</float_array>
          <technique_common>
            <accessor source="#mesh-aaafeaa4-f99e-41be-b43d-b6cd66d95594_001-mesh-positions-array" count="11895" stride="3">
              <param name="X" type="float"/>
              <param name="Y" type="float"/>
              <param name="Z" type="float"/>
            </accessor>
          </technique_common>
        </source>
        <source id="mesh-aaafeaa4-f99e-41be-b43d-b6cd66d95594_001-mesh-normals">
          <float_array id="mesh-aaafeaa4-f99e-41be-b43d-b6cd66d95594_001-mesh-normals-array" count="23022">0 0 -1 0.000115914999 0 -0.999999993 -2.08195e-05 0 -1 -1.3195e-05 0 -1 -2.08203e-05 0 -1 1.40213e-05 0 -1 1.25175e-06 0 -1 -3.53447e-06 0 -1 -2.49521e-07 0 -1 8.98247e-07 0 -1 1.99617e-06 0 -1 -1.79652e-06 0 -1 -3.43936e-07 0 -1 -1.25175e-06 0 -1 3.53447e-06 0 -1 2.49521e-07 0 -1 -8.98247e-07 0 -1 -1.99617e-06 0 -1 1.79652e-06 0 -1 3.43936e-07 0 -1 -1.56472e-07 0 -1 1.79653e-06 0 -1 -4.99038e-07 0 -1 8.9826e-07 0 -1 -1.99612e-06 0 -1 -1.79652e-06 0 -1 4.99035e-07 0 -1 -8.98268e-07 0 -1 1.99615e-06 0 -1 2.34208e-06 0 -1 1.177e-06 0 -1 -1.79654e-06 0 -1 3.59306e-06 0 -1 -3.99224e-06 0 -1 -1.74168e-07 0 -1 -1 0 0 -0.999999998 5.61450999e-05 0 -1 -2.86747e-05 0 -1 4.07618e-06 0 -1 1.43373e-05 0 -1 -1.43382e-05 0 -1 2.86747e-05 0 -1 -9.68579e-06 0 -1 3.04794e-05 0 -1 -6.11416e-06 0 -1 -1.43369e-05 0 -1 2.86742e-05 0 -1 2.03812e-06 0 -0.999999999 -4.41803e-05 0 -1 -4.84308e-06 0 -1 -3.04785e-05 0 -1 -1.43373e-05 0 -0.999999998 6.52208999e-05 0 -1 -2.86738e-05 0 -1 -1.43365e-05 0 -1 -2.35029e-05 0 -1 9.68579e-06 0 -0.999999999 4.41799e-05 0 -1 -2.55353e-05 0 -1 8.0291e-06 0 -1 8.62563e-06 0 -1 8.85324e-06 0 -1 -1.43501e-05 0 -1 -9.86174e-06 0 -1 6.34727e-06 0 -1 -1.3657e-06 0 -1 2.97832e-06 0 -1 2.90914e-06 0 -1 -2.7923e-06 0 -1 1.36128e-05 0 -1 -9.80757e-06 0 -1 9.19118e-06 0 0 0 1 -5.84158e-06 0 1 -1.64603e-05 0 1 3.07301e-06 0 1 2.9667e-06 0 1 8.23011e-06 0 1 4.68444e-06 0 1 5.84158e-06 0 1 1.64603e-05 0 1 1.16831e-05 0 1 2.05753e-06 0 1 -6.03619e-06 0 1 3.89566e-06 0 1 -6.49949e-06 0 1 -9.7498e-06 0 1 1.11635e-05 0 1 5.09782e-06 0 1 4.31383e-06 0 1 -4.24383e-06 0 1 4.16697e-06 0 1 -1.1176e-05 0 1 6.72772e-06 0 1 -1.56752e-05 0 1 4.98654e-06 0 1 1.03902e-05 0 1 1.39478e-05 0 1 -1.07643e-05 0 1 -1.56752e-05 0 1 9.97306e-06 0 1 7.93043e-07 0 1 1.65466e-05 0 1 1.82644e-05 0 1 -9.49422e-06 0 1 8.62762e-06 0 1 -8.48772e-06 0 1 1.15372e-05 0 1 -8.95245e-06 0 1 4.84414e-06 0 1 -9.86424e-06 0 1 -4.31383e-06 0 1 4.24383e-06 0 1 -4.16697e-06 0 1 1.1176e-05 0 1 -6.72772e-06 0 1 1.56752e-05 0 1 -2.08361e-06 0 1 2.07956e-06 0 1 -2.07586e-06 0 1 2.13728e-06 0 1 -2.12192e-06 0 1 -4.68444e-06 0 1 9.0836e-06 0 1 -8.09517e-06 0 1 1.11372e-05 0 1 -4.98654e-06 0 1 -1.16831e-05 0 1 -2.05753e-06 0 1 6.03619e-06 0 1 -1.41702e-05 0 1 -5.70698e-06 0 1 -1.47769e-05 0 1 8.49195997e-05 0 0.999999996 -7.96123e-06 0 1 -1.47768e-05 0 1 8.49191997e-05 0 0.999999996 1.47769e-05 0 1 -8.49202997e-05 0 0.999999996 7.96119e-06 0 1 1.47769e-05 0 1 -2.10885e-05 0 1 2.10888e-05 0 1 -2.28278e-05 0 1 -5.70695e-06 0 1 -1.14139e-05 0 1 -1.47769e-05 0 1 4.24592e-05 0 0.999999999 -7.96111e-06 0 1 -1.47769e-05 0 1 1.47769e-05 0 1 8.49199997e-05 0 0.999999996 -1.47769e-05 0 1 -2.28279e-05 0 1 5.27218e-06 0 1 2.10887e-05 0 1 -8.31203e-06 0 1 -5.70699e-06 0 1 7.96123e-06 0 1 1.47768e-05 0 1 -8.49191997e-05 0 0.999999996 8.49202997e-05 0 0.999999996 -7.96119e-06 0 1 2.10885e-05 0 1 -4.24592e-05 0 0.999999999 7.96111e-06 0 1 8.49188997e-05 0 0.999999996 -1.47768e-05 0 1 -8.49199997e-05 0 0.999999996 1.4777e-05 0 1 -2.10887e-05 0 1 5.70695e-06 0 1 1.1414e-05 0 1 0.999462998 0.0321983567 -0.00608128238 0.999018391 0.0442317652 -0.00240939774 0.993716639 0.111895893 -0.00255954184 0.995939554 0.0898266958 -0.00596403972 0.983060297 0.183265799 -0.00246983699 0.993289338 0.115491093 -0.00617247761 0.993893467 0.110343896 0 0.999993711 0.00354325668 -0.000153164986 -0.3376135 0.941284599 0.000654847999 -0.34044196 0.94026389 0.00175756179 -0.383667678 0.923459348 0.00468456674 -0.312360482 0.949963646 0 -0.334612117 0.942355947 0 -0.342684484 0.939445456 0.00309502986 -0.345770553 0.938308472 0.00446504239 -0.349863094 0.936781885 0.0059595099 -0.355403713 0.934682233 0.00757122027 -0.362431786 0.931963065 0.00938326065 -0.370680555 0.928689886 0.0114464686 -0.380775374 0.924562437 0.0139432491 -0.393042207 0.919363216 0.0170029903 -0.40679489 0.913280078 0.0209144895 -0.420874901 0.906760302 0.02549654 -0.432467625 0.901139652 0.0303163517 -0.449139462 0.891750724 0.0552665453 -0.409310606 -0.912107814 0.0228946203 -0.37487838 -0.92706675 0.0036662808 -0.422283789 -0.906028577 0.0280823693 -0.454743907 -0.888440313 0.0623040109 -0.396561964 -0.917818517 0.0186487983 -0.384588703 -0.922963608 0.0151561401 -0.374242 -0.927247999 0.01241266 -0.365972283 -0.930569756 0.0102087195 -0.358962261 -0.933314699 0.00835275509 -0.353063861 -0.935575496 0.00666344026 -0.348218878 -0.937399142 0.00514405868 -0.344780774 -0.93867533 0.00385272471 -0.342491573 -0.939517027 0.00269788479 -0.340661654 -0.940184873 0.00142919981 -0.339308604 -0.940675011 0.000442063005 -0.34601149 -0.938230273 5.20292985e-05 0.999780566 -0.0197070813 -0.00710290647 0.995041655 -0.0973268656 -0.0204837891 0.993002015 -0.11805269 -0.00324976372 0.999975062 0.00706219503 -1.19755984e-05 0.999466073 -0.0325530691 -0.00280481492 0.999925726 -0.00918954624 -0.00800591721 0.989715238 -0.139058891 -0.0335614579 0.987513738 -0.15695799 -0.0134464492 0.993291233 -0.115475792 -0.00615364259 0.993893467 -0.110343896 0 0.937852928 -0.347032974 0 0.913487642 -0.406866474 0 0.853692301 -0.52077774 -1.23808986e-05 0.818283397 -0.574814998 0 0.737713837 -0.675113542 0 0.692581516 -0.721339617 1.23809003e-05 0.594240679 -0.804287272 0 0.54106695 -0.840979522 0 0.428619904 -0.903484908 1.23709001e-06 0.369386484 -0.929275861 -1.23708995e-06 0.247024109 -0.969009334 0 0.183938685 -0.982937719 0 0.0562216008 -0.998418315 -1.23809002e-05 -0.00836443915 -0.999965017 0 -0.136676281 -0.990615765 -1.26714983e-05 -0.200355992 -0.979723163 -1.23708995e-06 -0.328654297 -0.944450291 0 -0.33069466 -0.943737686 0.000470429943 -0.200355992 0.979723163 1.23708995e-06 -0.136676281 0.990615765 1.26714983e-05 -0.00836443915 0.999965017 0 0.0562216008 0.998418315 1.23809002e-05 0.183938685 0.982937719 -1.2380899e-05 0.247024109 0.969009334 0 0.369386484 0.929275861 1.23708995e-06 0.428619865 0.903484926 0 0.541066995 0.840979492 0 0.594240679 0.804287272 0 0.692581568 0.721339567 0 0.737713837 0.675113542 0 0.818283477 0.574814884 1.23708997e-06 0.853692274 0.520777784 0 0.913487679 0.406866391 0 0.937852916 0.347033006 1.54845003e-05 3.51151e-06 0 1 -1.36139e-05 0 1 -0.0527533822 0.00917273738 0.998565442 2.50498e-05 0 1 -0.0428882181 0.0090644946 0.999038756 1.19506e-05 0 1 -0.0675433124 0.0205935177 0.997503788 -1.41404e-06 0 1 -0.106439193 0.043909007 0.993349232 4.68698e-07 0 1 -0.103905895 0.0366684684 0.993910956 -0.10527049 0.0397214761 0.993650003 3.9887e-06 0 1 -0.0222080878 -0.00406640659 0.9997451 -0.0357318504 -0.00481569705 0.999349811 1.64177e-07 0 1 -0.0473583858 -0.011025539 0.998817111 -0.0621803358 -0.0183171588 0.997896832 -0.0797863039 -0.0275809113 0.996430348 0 0 1 -0.0877336788 -0.0276090996 0.995761286 -0.122148789 -0.0500566255 0.991248711 1.68281e-05 0 1 1.18727e-05 0 1 -3.94425e-06 0 1 -6.38885e-07 0 1 0 0 1 -0.00877135856 -0.00177836391 0.99995995 8.18656e-06 0 1 7.73677e-06 0 1 -0.16132739 0.100675794 0.981752442 2.58344e-05 0 1 -1.99881e-05 0 1 -2.46632e-06 0 1 -5.58626e-06 0 1 0.000112646999 0 0.999999994 -4.18759e-05 0 0.999999999 -0.0513466466 0.0121207792 0.998607335 1.2692e-06 0 1 -0.0125502298 0.000958559984 0.999920783 4.95817e-07 0 1 -0.000334289981 6.86372962e-06 0.999999944 -0.000335499981 6.80548962e-06 0.999999944 -2.01739e-05 0 1 -0.000160598998 0 0.999999987 -5.25899e-06 0 1 1.33567e-05 0 1 -0.188117896 -0.110023597 0.975964377 -0.161510481 -0.0878319597 0.982954684 1.54501e-06 0 1 -0.209238497 -0.134657698 0.968548685 3.13459e-06 0 1 -0.17591659 0.0980241143 0.979512443 -0.130573096 0.066101368 0.98923267 -0.139394701 0.0644789903 0.988135404 -5.56058e-06 0 1 1.16129e-05 0 1 -2.40596e-05 0 1 4.95068e-06 0 1 2.34765e-05 0 1 -5.77578e-06 0 1 -1.14824e-05 0 1 1.08087e-05 0 1 -1.17377e-05 0 1 -3.17571e-06 0 1 -1.63824e-06 0 1 2.42245e-06 0 1 8.47469e-07 0 1 -1.1824e-06 0 1 5.76782e-07 0 1 -7.32601e-06 0 1 2.24966e-06 0 1 -1.08408e-05 0 1 5.86965e-06 0 1 -0.135236385 -0.0608707535 0.988941794 -0.125271687 -0.0610994037 0.990239298 -0.169437375 -0.0907533568 0.981353557 1.68074e-05 0 1 -1.67383e-05 0 1 1.76073e-05 0 1 1.63731e-05 0 1 2.52483e-06 0 1 -1.15936e-05 0 1 -5.22612e-06 0 1 -5.17383e-06 0 1 -2.56479e-06 0 1 3.07535e-06 0 1 -1.90985e-06 0 1 1.26591e-06 0 1 -1.94828e-07 0 1 5.02232e-06 0 1 0.856766641 -0.172038288 -0.486162267 0.856749214 -0.172051203 -0.486188408 0.856745856 -0.172053891 -0.486193375 0.972080942 -0.200756988 0.121471293 0.955520983 -0.280557624 0.0909234279 0.975002704 -0.202742501 0.0909131704 0.971254926 0.204697305 0.121502603 0.960934025 0.208045184 0.182545886 0.975614888 0.199793577 0.0908741796 0.85674587 0.172053794 -0.486193383 0.856749187 0.172051097 -0.486188493 0.856766641 0.172038288 -0.486162267 0.623159598 0.782094697 0 0.663538681 0.748141978 -9.40635972e-06 0.634613656 0.772829546 0 0.588019834 0.808846509 0 0.663597029 0.74809022 -7.70362918e-05 0.733490501 0.679699701 2.38674e-05 0.623159989 -0.782094386 0 0.588019834 -0.808846509 0 0.623159329 -0.782094911 0 0.623145967 -0.782105558 1.9473999e-06 0.699400439 -0.714730037 1.33728988e-06 0.733489829 -0.679700427 1.87327007e-06 -0.998786973 -5.76302984e-07 0.0492400487 -0.961749201 0.269469672 0.0492399249 -0.990156538 0.136092905 0.0326917712 -0.853382825 0.518953955 0.0492396857 -0.916721643 0.398186775 0.032691288 -0.96291698 0.269797867 0 -0.681725177 0.729949475 0.0492396883 -0.775296611 0.630750709 0.0326911204 -0.854420103 0.519582802 0 -0.459506642 0.886808388 0.0492395038 -0.576372466 0.816532951 0.0326912881 -0.682552276 0.730836774 0 -0.203209181 0.977894209 0.0492843254 -0.334702361 0.94175669 0.0326904562 -0.460065173 0.887885148 0 0.0681586156 0.996456436 0.0492846268 -0.0682070175 0.997135464 0.0326905188 -0.203455403 0.979084214 0 0.334473708 0.941117823 0.0492400512 0.203345697 0.978561084 0.0326914695 0.0682418238 0.99766881 0 0.575980383 0.815979176 0.0492400486 0.459820264 0.88741003 0.0326919474 0.334879222 0.942261061 0 0.774769833 0.630323045 0.0492398657 0.68218641 0.73044501 0.0327382005 0.57668021 0.816969972 0 0.916099 0.397917157 0.0492398046 0.853963051 0.51930567 0.0326914081 0.775711041 0.631088252 0 0.9894843 0.136001 0.04923969 0.962402126 0.269654279 0.0326912375 0.917211742 0.398400075 0 0.989484316 -0.136000888 0.0492396858 0.999465502 -1.09502e-06 0.0326911201 0.990685952 0.136166607 0 0.916099073 -0.397916988 0.0492398086 0.962402204 -0.269654001 0.0326912401 0.990685952 -0.136166607 0 0.774769793 -0.630323094 0.0492398696 0.853963194 -0.519305436 0.0326914059 0.917211742 -0.398400075 0 0.575980495 -0.815979093 0.0492401096 0.682186566 -0.730444864 0.0327381984 0.775711041 -0.631088252 0 0.334473708 -0.941117823 0.0492400512 0.459820541 -0.887409886 0.0326919458 0.57668021 -0.816969972 0 0.0681586753 -0.996456432 0.0492846266 0.203345793 -0.978561064 0.0326914688 0.334879222 -0.942261061 0 -0.203209086 -0.977894232 0.0492842666 -0.0682068383 -0.997135476 0.0326905192 0.0682418238 -0.99766881 0 -0.459505373 -0.886806549 0.0492844472 -0.334699857 -0.94175758 0.0326904558 -0.203455403 -0.979084214 0 -0.681725129 -0.729949524 0.0492396249 -0.576372242 -0.816533118 0.0326910567 -0.460065173 -0.887885148 0 -0.853382751 -0.51895407 0.0492397472 -0.775296424 -0.630750938 0.0326911168 -0.682552276 -0.730836774 0 -0.961749193 -0.269469698 0.0492399297 -0.916721464 -0.398187184 0.0326913487 -0.854420103 -0.519582802 0 -0.990156195 -0.136095399 0.0326917698 -0.96291698 -0.269797867 0 -0.0315384771 -0.00307464472 0.999497809 -0.00147730087 -0.00661718744 0.999977015 -0.00322997449 -0.0269508857 0.999631541 -0.0199005572 -0.191437373 0.981303062 -0.0145887096 -0.161477396 0.986768575 -0.0428702181 -0.181569792 0.982443156 -0.0101465495 -0.125551194 0.992035254 -0.0662807779 -0.093561877 0.993404768 -0.00793570154 -0.0813972853 0.996650143 -0.00777280292 -0.0565503794 0.99836949 -0.0893004479 -0.310525893 0.946360978 -0.0361385285 -0.275331488 0.960669859 -0.0669601431 -0.250416174 0.9658199 -0.0165746199 -0.238928099 0.970895795 -0.0277424997 -0.215259297 0.976162788 -0.0297592191 0.997856368 0.0582842781 -0.0538891465 0.998034135 0.0319972579 -0.0243217283 0.996957332 0.0740576249 -0.0504367261 0.992445024 0.111843691 -0.0285349997 0.994309189 0.102640099 -0.0288839282 0.998854838 0.0381409476 -0.0283232888 0.999436958 0.0179877192 -0.0187697991 0.99981605 0.0039448138 -0.0575761068 0.956413547 0.286283284 -0.0264992687 0.970412853 0.239993088 -0.0505332263 0.978298229 0.200945185 -0.0312430197 0.977348591 0.209316998 -0.029344668 0.983203134 0.180140188 -0.0249785701 0.988503806 0.149118401 -0.0294127968 0.99156019 0.126266686 -0.0459992168 0.894993637 0.443700869 -0.0899523406 0.868779405 0.486960903 -0.0160537888 0.89636083 0.443034466 -0.02806985 0.9236765 0.3821437 -0.0568372004 0.905081407 0.421422803 -0.0482575746 0.916694298 0.396664556 -0.0422376279 0.928138355 0.369831282 -0.0352353963 0.940416202 0.338194965 -0.0283811573 0.95010571 0.310634271 -0.0330973206 0.959989916 0.278071805 0 1 0 0.00480395507 0.995610414 -0.0934709913 0.0640029884 0.997949674 -0.000255108993 0.0512723851 0.998560005 -0.0157815785 0.0853101503 -0.996354386 -0.000339368961 0.0507746895 -0.99858979 -0.0155036398 0 -1 0 0.00334715797 -0.996244692 -0.0865176893 -0.0256673575 0.62981814 -0.776318426 -0.0152290994 0.632229273 -0.774631668 0.00763678495 0.689863595 -0.723899095 -0.00199866198 0.619590994 -0.784922293 -0.00642216176 0.635619876 -0.771975471 -0.00710648201 0.638003101 -0.770001001 -0.0601085937 0.588738839 -0.806085316 -0.0405024776 0.572228366 -0.819093552 -0.0513571467 0.542950765 -0.838192645 -0.0370938081 0.507818074 -0.860665355 -0.00107711495 0.70977407 -0.70442857 0.0399698036 0.759748868 -0.648986958 0.00978308916 0.712295412 -0.701811611 0.0827260528 0.725278237 -0.683467541 -0.00280511285 0.685609764 -0.727963861 0.0500752292 0.708869589 -0.703559789 0.0141701603 0.634164113 -0.773068616 -0.0755169256 0.585039366 -0.807481353 0.00275892 0.5600444 -0.828458 -0.070734912 0.483757014 -0.872339225 0.00470924256 0.364906366 -0.931032313 -0.0717868199 0.4087941 -0.909798899 0.00446796386 0.129313696 -0.991593669 -0.0798206909 0.222397803 -0.971683011 -0.0930402756 0.324790084 -0.941198655 -0.0951349613 -0.140808287 -0.98545541 -0.0711565558 -0.0495688271 -0.996232742 0.00490564093 -0.103502598 -0.994617086 -0.0705653923 0.0330589964 -0.996959191 -0.0861596315 0.137387386 -0.986763003 -0.0559968899 -0.2359976 -0.970138898 0.00396799994 -0.342749694 -0.939418385 -0.0930398057 -0.324788185 -0.941199357 -0.0704012473 -0.424961584 -0.902469566 0.00496590074 -0.548111771 -0.836390355 -0.0704030271 -0.49704048 -0.864866565 0.0472946078 -0.707793867 -0.704834067 -0.00224739292 -0.686164675 -0.727442773 0.0990542069 -0.722982078 -0.683728879 0.00623834094 -0.711695693 -0.702460193 0.055395595 -0.752457832 -0.656306741 -0.000413303987 -0.710780278 -0.703413979 0.00565028096 -0.720338295 -0.693599895 -0.0326080886 -0.573888975 -0.818283665 -0.0566850254 -0.587670252 -0.807112435 0.00668066691 -0.703813491 -0.71035339 -0.00713360287 -0.638860788 -0.769289286 -0.00623750525 -0.635351223 -0.772198107 -0.00516974889 -0.628476387 -0.777811484 -0.0771325205 -0.576581703 -0.813390505 0.060493165 -0.812885933 -0.579272852 0.0027842521 -0.869189032 -0.494472118 0.0849333947 -0.849646947 -0.520467467 0.0794106088 -0.885762986 -0.457294093 0.0727490647 -0.96027403 -0.26940928 0.0728507544 -0.935217728 -0.346497573 0.00312691888 -0.958321163 -0.285675989 0.0500134802 -0.918202304 -0.392941702 0.0766433351 -0.901839342 -0.425219473 0.0616918177 -0.995746563 -0.0684317275 0.0646020086 -0.989069879 -0.132541897 0.0442493458 -0.984182506 -0.171542384 0.0525571074 -0.972502651 -0.226883989 0.0623619458 0.996462833 -0.0563276962 0.0659973617 0.990652226 -0.119383903 0.0753241689 0.940961486 -0.330026895 0.057254189 0.959887383 -0.274477995 0.00603109464 0.946390743 -0.322967781 0.0555367988 0.976687679 -0.207356796 0.069954151 0.981889614 -0.176065903 0.00503051209 0.850899816 -0.52530391 0.10171679 0.811070719 -0.576036443 0.0873056594 0.859958694 -0.502840697 0.0674828141 0.887379222 -0.45607476 0.0529480455 0.908832823 -0.413786665 0.088813353 0.915111928 -0.393296769 -1.81076e-05 0 1 1.81077e-05 0 1 -1.78489e-05 0 1 3.62152e-05 0 0.999999999 -3.56977e-05 0 0.999999999 1.81076e-05 0 1 -1.81077e-05 0 1 1.78489e-05 0 1 -3.62152e-05 0 0.999999999 3.56977e-05 0 0.999999999 -1.177e-06 0 -1 -3.59301e-06 0 -1 3.99232e-06 0 -1 1.74165e-07 0 -1 0.509190768 -0.860652047 -0.0016781679 0.484665854 -0.874699317 -0.000340340968 0.488095588 -0.872790179 0 0.531189445 -0.846812513 -0.0273192472 0.558229041 -0.829592012 -0.0125471887 0.557971776 -0.829366165 -0.0286227388 0.656722312 -0.753970014 -0.0156531903 0.594042627 -0.803486101 -0.0390313152 0.518657748 -0.854814614 -0.0169149583 0.476514294 -0.879162988 -0.00256287997 0.509626065 -0.860360841 -0.00777804746 0.701967167 -0.706561866 -0.0895121557 0.658804097 -0.748346796 -0.0771636896 0.636525405 -0.768910685 -0.060097981 0.618919533 -0.783952015 -0.0485576848 0.625298858 0.778828447 -0.0492705667 0.643678628 0.762883914 -0.0607120832 0.656722216 0.753970104 -0.015652888 0.669165567 0.739907464 -0.0689520766 0.683396474 0.720703073 -0.116431696 0.506332663 0.862334736 -0.00245702182 0.511406406 0.85927801 -0.0102366201 0.507774156 0.861467025 -0.00632238245 0.522247974 0.852573758 -0.019365959 0.536823192 0.843176987 -0.0295538296 0.564182088 0.825098682 -0.0301784193 0.602956192 0.796746289 -0.0404868094 0.370972781 -0.928643452 -0.000731320962 0.266729392 -0.96377087 -0.00106847197 0.277172559 -0.960820156 0 0.166374889 -0.986062334 -0.000685984954 0.0565012564 -0.998402036 -0.000991033937 0.0690761126 -0.997611393 0 -0.0457337983 -0.998953462 -0.000632908976 -0.156340485 -0.987702804 -0.000907246912 -0.142105586 -0.989851505 0 -0.255777664 -0.966735465 -0.00057241192 -0.36208359 -0.932145275 -0.000812479978 -0.346939471 -0.937887522 0 -0.454268053 -0.890864907 -0.000504110947 -0.515517265 -0.856879042 -0.000505622966 -0.550402893 -0.834899189 1.00904999e-05 -0.59268918 -0.805431273 -9.94867967e-06 -0.621551077 -0.783373471 0.000514407981 -0.655584472 -0.755121468 0.000754443968 -0.701807407 -0.712366507 0.000569546005 -0.965633308 -0.259865002 -0.00474298004 -0.989032166 -0.14768708 -0.00197487973 -0.949796625 -0.312851375 -0.00322294175 -0.937325148 -0.348455881 -0.000256456986 -0.895827648 -0.444401574 -0.000258545985 -0.870701011 -0.49181265 -0.000257785974 -0.835603722 -0.549332249 0.000706558934 -0.804839737 -0.593492053 0.000424976967 -0.772453712 -0.63507081 0.000573848009 -0.743845774 -0.668351277 -0.000187108994 -0.701831622 -0.712342822 0.000280043009 -0.994599828 -0.103784303 -2.91889008e-06 -0.994502617 0.104711691 -8.01170933e-05 -0.994401497 0.1056677 0 -0.969828125 0.243789681 8.13984937e-06 -0.960597314 0.277943875 -4.65319958e-05 -0.937897685 0.346911995 3.74323994e-06 -0.925501507 0.378743903 -0.000132275001 -0.895851936 0.444352668 -0.000120394991 -0.880014948 0.474945972 -0.000121027993 -0.833416719 0.552645012 -0.000250804006 -0.835729941 0.549140661 0 -0.781706274 0.623646679 -0.000348583988 -0.753576835 0.657359743 -0.00034797197 -0.701351869 0.712814968 0.000614404973 -0.713905771 0.700241771 0.000108245996 -0.531774718 0.84688577 -0.000375807942 -0.59924924 0.80056252 -1.40944986e-05 -0.610939089 0.791677486 0.000433446992 -0.653056469 0.757308664 0.000914427956 -0.690506864 0.723325563 0.000632925967 -0.536280395 0.844039891 0 -0.454268053 0.890864907 -0.000504053947 -0.362083624 0.932145262 -0.000812554054 -0.346939471 0.937887522 0 -0.255777664 0.966735465 -0.00057235792 -0.156340485 0.987702804 -0.000907626912 -0.142105586 0.989851505 0 -0.0457337983 0.998953462 -0.000632855976 0.0565013218 0.998402032 -0.000991943031 0.0690761126 0.997611393 0 0.166374889 0.986062334 -0.000685932954 0.266729392 0.96377087 -0.00106835297 0.484665854 0.874699317 -0.000340222968 0.488095588 0.872790179 0 0.370972695 0.928643487 -0.000731274989 0.277172559 0.960820156 0 7.18738e-06 0 -1 -5.26893e-07 0 -1 -3.6724e-06 0 -1 3.8505e-06 0 -1 0.0424932178 0.0730236062 -0.996424548 -0.0267450174 0.0194113781 -0.999453802 -6.46011e-06 0 -1 2.87723e-06 0 -1 -0.0981632352 0.0220934689 -0.994925051 -0.0619756519 -0.00569212417 -0.99806143 -1.71958e-05 0 -1 -1.58774e-05 0 -1 6.68717e-06 0 -1 7.48265e-06 0 -1 -7.28919e-06 0 -1 5.21641e-06 0 -1 6.07106e-06 0 -1 -5.26047e-06 0 -1 -1.92576e-06 0 -1 7.73387e-06 0 -1 -2.56782e-06 0 -1 1.61605e-06 0 -1 5.5726e-06 0 -1 -6.89185e-07 0 -1 6.16174e-06 0 -1 -6.13453e-06 0 -1 8.62864e-06 0 -1 3.88111e-06 0 -1 -1.06389e-06 0 -1 -2.43223e-06 0 -1 -0.0566669033 0.0208941575 -0.998174482 7.53922e-06 0 -1 1.58863e-05 0 -1 1.73741e-05 0 -1 -1.05328e-06 0 -1 -0.0401438976 0.000733438956 -0.99919364 -0.0987828864 0.026157429 -0.994765163 -0.0879434783 0.0165923778 -0.995987268 -0.0914328025 0.0114145203 -0.995745827 3.04128e-06 0 -1 -1.46591e-05 0 -1 -1.11874e-05 0 -1 9.70793e-06 0 -1 -7.90348e-06 0 -1 -0.0105628292 0.000418384968 -0.999944124 8.58149e-06 0 -1 -7.85138e-07 0 -1 1.77302e-06 0 -1 0 0 -1 -1.56483e-06 0 -1 -5.73744e-06 0 -1 1.58774e-05 0 -1 -1.29516e-06 0 -1 1.38104e-06 0 -1 -0.0157020601 -0.00479787502 -0.999865204 -5.95403e-06 0 -1 1.55442e-05 0 -1 -5.74513e-06 0 -1 -3.19879e-06 0 -1 0.00178581373 0.000343175947 -0.999998347 0.00179022507 0.000344178013 -0.999998338 1.40795e-06 0 -1 0.0018404119 0.00035395698 -0.999998244 -0.0101092994 -0.00917106747 -0.999906842 -0.106887792 -0.0160258388 -0.994141928 -0.0851736602 -0.0178675 -0.996205902 -7.12562e-07 0 -1 -0.0942482226 -0.0281233078 -0.995151422 -0.0718148873 -0.0291418989 -0.996992162 -0.092340693 -0.0357907973 -0.995084024 -1.77698e-06 0 -1 6.13453e-06 0 -1 2.73882e-06 0 -1 -3.26389e-06 0 -1 2.73021e-07 0 -1 9.83613e-06 0 -1 -1.51132e-05 0 -1 -7.38896e-06 0 -1 8.67446e-06 0 -1 -3.4689e-06 0 -1 -2.37401e-06 0 -1 7.2707e-06 0 -1 -1.81529e-06 0 -1 1.38061e-06 0 -1 -8.68104e-07 0 -1 8.53004e-07 0 -1 3.17142e-06 0 -1 5.71533e-06 0 -1 -3.25955e-06 0 -1 1.91375e-05 0 -1 -5.59514e-07 0 -1 -1.84266e-06 0 -1 -8.19467e-06 0 -1 0.0399711117 -0.0606420025 -0.997358941 -3.34059e-06 0 -1 9.45558e-07 0 -1 0.00178980807 0.000343802013 -0.999998339 0.00178885407 0.000343898014 -0.999998341 -1.82672e-05 0 -1 0.00181835797 0.000349482995 -0.999998286 9.85441e-07 0 -1 3.99506e-07 0 -1 -1.6324e-05 0 -1 -0.0677455567 0.0336930084 -0.997133552 0 0 -1 -0.0795880503 0.0332871601 -0.996271904 -9.73568e-06 0 -1 1.09614e-06 0 -1 -8.86296e-07 0 -1 -5.24196e-06 0 -1 -3.86695e-06 0 -1 3.88754e-06 0 -1 -3.88754e-06 0 -1 3.86694e-06 0 -1 -2.14928e-06 0 -1 6.19863e-06 0 -1 1.47928e-06 0 -1 -7.99171e-06 0 -1 2.13401e-06 0 -1 -3.8533e-06 0 -1 1.48508e-05 0 -1 -1.56491e-07 0 -1 -1.9205e-06 0 -1 2.16553e-06 0 -1 -9.51736e-06 0 -1 -8.61855e-06 0 -1 -7.68788e-07 0 -1 3.39393e-07 0 -1 1.48032e-06 0 -1 -4.27363e-06 0 -1 1.63563e-06 0 -1 -2.13267e-06 0 -1 2.15054e-06 0 -1 1.08771e-05 0 -1 -7.18624998e-05 0 -0.999999997 7.24307998e-05 0 -0.999999997 -2.53712e-05 0 -1 2.87505e-05 0 -1 -2.45619e-06 0 -1 2.44968e-06 0 -1 2.40525e-06 0 -1 -1.49125e-06 0 -1 -2.84859e-05 0 -1 9.57727996e-05 0 -0.999999995 -3.36554e-05 0 -0.999999999 -1.19446e-05 0 -1 1.22828e-05 0 -1 8.46257e-06 0 -1 -4.65821e-07 0 -1 5.95773e-06 0 -1 1.48426e-06 0 -1 -4.44281e-06 0 -1 -3.07069e-06 0 -1 -2.98619e-06 0 -1 1.75586e-06 0 -1 3.09508e-06 0 -1 -2.58686e-06 0 -1 -4.7177e-06 0 -1 -3.09728e-06 0 -1 1.5727e-06 0 -1 -6.34284e-06 0 -1 -5.11189e-06 0 -1 1.52891e-07 0 -1 5.96499e-06 0 -1 0.965926621 0.258816079 0 0.965924449 0.258824186 0 0.707109731 0.707103831 0 0.707105281 0.707108281 0 0.258818773 0.965925899 0 0.258820111 0.965925541 0 -0.258818773 0.965925899 0 -0.258820111 0.965925541 0 -0.707105281 0.707108281 0 -0.707108281 0.707105281 0 -0.965925146 0.258821585 0 -0.965926653 0.258815961 0 -0.965926276 -0.258817367 0 -0.965925541 -0.258820111 0 -0.707106781 -0.707106781 0 -0.258818773 -0.965925899 0 -0.258820111 -0.965925541 0 0.258818773 -0.965925899 0 0.258820111 -0.965925541 0 0.707103831 -0.707109731 0 0.707111181 -0.707102381 0 0.965924054 -0.258825661 0 0.965927016 -0.258814604 0 -0.341493091 -0.612512784 0.712888882 -0.218733805 -0.671088514 0.708375415 -0.0491891974 -0.700367762 0.712085262 -0.149977096 -0.69910978 0.69910828 -0.0491012846 -0.700377123 0.712082122 0.186156604 -0.694746315 0.694746915 0.298278091 -0.642661581 0.70570268 0.407410479 -0.57965327 0.705704463 0.579645052 -0.407423766 0.705703541 0.642656454 -0.298287079 0.70570355 0.705703306 -0.0630465105 0.705696806 0.694747395 -0.186157499 0.694745595 0.705705754 -0.0629928059 0.705699154 0.694746993 0.186156398 0.694746293 0.613713689 0.342333594 0.711451487 0.621446819 0.337598156 0.706987508 0.530459389 0.47943559 0.699109685 0.613655202 0.342417201 0.711461702 0.441454498 0.546665597 0.711529796 0.359693065 0.602004142 0.712889831 0.253575782 0.664877152 0.702593549 0.0630181376 0.705700273 0.705702373 -0.063003831 0.705700212 0.705703712 -0.29827558 0.642663656 0.705701852 -0.407414858 0.57965194 0.705703027 -0.579645271 0.40742428 0.705703065 -0.642656481 0.298287191 0.705703479 -0.70569999 0.0630155191 0.70570289 -0.705701104 -0.0630040103 0.705702804 -0.642662374 -0.298277588 0.705702171 -0.579664052 -0.407388766 0.705708141 -0.508588847 -0.508592347 0.694745428 -0.579638378 -0.407452085 0.705692673 -0.418076093 -0.57277919 0.705078988 0.965926276 0.258817367 0 0.965925541 0.258820111 0 0.707106781 0.707106781 0 -0.707103831 0.707109731 0 -0.707111181 0.707102381 0 -0.965924054 0.258825661 0 -0.965927016 0.258814604 0 -0.965926621 -0.258816079 0 -0.965924449 -0.258824186 0 -0.707109731 -0.707103831 0 -0.707105281 -0.707108281 0 0.707105281 -0.707108281 0 0.707108281 -0.707105281 0 0.965925146 -0.258821585 0 0.965926653 -0.258815961 0 0.341493091 0.612512784 0.712888882 0.218733805 0.671088514 0.708375415 0.0491891974 0.700367762 0.712085262 0.149977096 0.69910978 0.69910828 0.0491012846 0.700377123 0.712082122 -0.186156604 0.694746315 0.694746915 -0.298256188 0.642678674 0.705696371 -0.186150386 0.694747448 0.694747448 -0.298297607 0.642657315 0.705698316 -0.508588651 0.508590351 0.694747033 -0.579632604 0.407452103 0.705697405 -0.508588193 0.508590593 0.69474719 -0.579661874 0.407407582 0.705699068 -0.694747025 0.186156907 0.694746125 -0.705703306 0.0630465105 0.705696806 -0.694747395 0.186157499 0.694745595 -0.705705754 0.0629928059 0.705699154 -0.694746993 -0.186156398 0.694746293 -0.613713689 -0.342333594 0.711451487 -0.621446819 -0.337598156 0.706987508 -0.530459389 -0.47943559 0.699109685 -0.613655202 -0.342417201 0.711461702 -0.441454498 -0.546665597 0.711529796 -0.359693065 -0.602004142 0.712889831 -0.253575782 -0.664877152 0.702593549 -0.0630181376 -0.705700273 0.705702373 0.063003831 -0.705700212 0.705703712 0.29827558 -0.642663656 0.705701852 0.407414858 -0.57965194 0.705703027 0.579645271 -0.40742428 0.705703065 0.642656481 -0.298287191 0.705703479 0.70569999 -0.0630155191 0.70570289 0.705701104 0.0630040103 0.705702804 0.642662374 0.298277588 0.705702171 0.579664052 0.407388766 0.705708141 0.508588847 0.508592347 0.694745428 0.579638378 0.407452085 0.705692673 0.418076093 0.57277919 0.705078988 0.965925516 0.258820204 0 0.965926194 0.258817672 0 0.707106281 0.707107281 0 0.707109281 0.707104281 0 0.258817392 0.965926269 0 0.258818798 0.965925893 0 -0.258817392 0.965926269 0 -0.258818798 0.965925893 0 -0.707106281 0.707107281 0 -0.707109281 0.707104281 0 -0.965925416 0.258820577 0 -0.965926301 0.258817273 0 -0.965925516 -0.258820204 0 -0.965926194 -0.258817672 0 -0.707104881 -0.707108681 0 -0.707106281 -0.707107281 0 -0.258818798 -0.965925893 0 -0.258820179 -0.965925522 0 0.258818798 -0.965925893 0 0.258820179 -0.965925522 0 0.707104881 -0.707108681 0 0.707106281 -0.707107281 0 0.965925416 -0.258820577 0 0.965926301 -0.258817273 0 -0.701198477 -0.0105086496 0.712888676 -0.69054616 -0.146111292 0.708376659 -0.631113109 -0.307615104 0.71208791 -0.573113568 -0.417563277 0.70511116 -0.407424884 -0.579646177 0.705701972 -0.29828759 -0.642656078 0.705703676 -0.063018142 -0.705699923 0.705702723 0.0630040103 -0.705700204 0.705703704 0.298275501 -0.642662101 0.705703301 0.407414997 -0.579651395 0.705703394 0.603344685 -0.360263291 0.711467183 0.603092187 -0.369388992 0.706987685 0.679254353 -0.200670886 0.705935351 0.701196993 -0.0105588399 0.712889393 0.701198804 -0.0104644801 0.712889004 0.706656381 -0.0357041891 0.706655481 0.702591904 0.112798985 0.702595904 0.642662424 0.298274511 0.705703426 0.579651989 0.407413992 0.705703486 0.407423387 0.579645882 0.705703078 0.298286089 0.642656777 0.705703675 0.0630181331 0.705699823 0.705702823 -0.0630023978 0.705700176 0.705703876 -0.29827479 0.642662678 0.705703076 -0.407412292 0.579652089 0.705704386 -0.579644943 0.40742446 0.705703231 -0.642638912 0.298309106 0.705710214 -0.694746525 0.18615728 0.694746525 -0.642683589 0.298252895 0.705693287 -0.705079363 0.075677146 0.705078763 0.998067041 0.0618304501 -0.006259201 0.991863214 -0.126536602 -0.0139947502 0.889672369 -0.456441133 -0.0120236182 0.962342836 -0.271024082 -0.0210288686 0.882721619 -0.46989631 0 0.861887463 0.506998678 -0.0101163896 0.951728468 0.306831358 -0.00821220686 0.992566019 0.12166199 -0.00332540173 0.670747648 0.741604843 -0.0109475792 0.721362581 0.692518882 -0.00732290681 0.857867962 0.513870177 0 0.811951215 -0.583715539 -0.00337541065 0.709819582 -0.704318482 -0.00957268376 0.670747703 -0.741604793 -0.0109475784 0.632792409 -0.774321488 0 -0.965925918 -0.258818705 0 -0.9659274 0.258813173 0 -0.707102381 0.707111181 0 0.632792409 0.774321488 0 0.360265401 0.603344701 0.711466101 0.146112703 0.690546316 0.708376216 0.0105082888 0.701197623 0.712889521 -0.112795794 0.702593061 0.702595261 -0.2982675 0.6426634 0.7057055 -0.407413197 0.579652295 0.705703694 -0.579642812 0.407426308 0.705703914 -0.642659494 0.298285397 0.705701493 -0.705699423 0.0630181331 0.705703223 -0.705700682 -0.0630056184 0.705703082 -0.642663082 -0.298275092 0.705702581 -0.579653087 -0.407413991 0.705702585 -0.407423971 -0.579646359 0.70570235 -0.298310203 -0.642640607 0.705708207 -0.186154789 -0.694748058 0.694745658 -0.298255881 -0.642681359 0.705694055 -0.0757220304 -0.705076803 0.705076503 0.0105076998 -0.701199189 0.712887989 0.146111794 -0.690547373 0.708375373 0.307610406 -0.631113813 0.712089315 0.417562054 -0.573114137 0.705111422 0.579642916 -0.407425111 0.705704519 0.642658743 -0.298286673 0.705701637 0.705698945 -0.0630165251 0.705703845 0.705700258 0.0630050263 0.705703558 0.642662474 0.298276188 0.705702671 0.579653072 0.40741318 0.705703066 0.369388602 0.603092403 0.706987704 0.707104881 0.707108681 0 0.258820179 0.965925522 0 -0.258820179 0.965925522 0 -0.707104881 0.707108681 0 -0.707109281 -0.707104281 0 -0.258817392 -0.965926269 0 0.258817392 -0.965926269 0 0.707109281 -0.707104281 0 -0.603366712 0.360236607 0.711462014 -0.694154951 0.108968692 0.71152985 -0.70119765 0.0105045992 0.712889549 -0.702591904 -0.112798985 0.702595904 -0.642662424 -0.298274511 0.705703426 -0.579651989 -0.407413992 0.705703486 -0.407423387 -0.579645882 0.705703078 -0.298286089 -0.642656777 0.705703675 -0.0630181331 -0.705699823 0.705702823 0.0630023978 -0.705700176 0.705703876 0.29827479 -0.642662678 0.705703076 0.407412292 -0.579652089 0.705704386 0.579644943 -0.40742446 0.705703231 0.642638912 -0.298309106 0.705710214 0.694746525 -0.18615728 0.694746525 0.642683296 -0.298252798 0.705693595 0.705079266 -0.0756770863 0.705078866 0.701198427 0.0105086489 0.712888725 0.69054616 0.146111292 0.708376659 0.631113109 0.307615104 0.71208791 0.573113568 0.417563277 0.70511116 0.407424884 0.579646177 0.705701972 0.29828759 0.642656078 0.705703676 0.063018142 0.705699923 0.705702723 -0.0630040103 0.705700204 0.705703704 -0.298275501 0.642662101 0.705703301 -0.407415714 0.57965122 0.705703124 -0.603326373 0.360325184 0.711451368 -0.603092596 0.369388497 0.706987595 -0.680433172 0.219674591 0.699109271 0.965925918 0.258818705 0 -0.965925918 0.258818705 0 -0.965925146 -0.258821585 0 -0.707111181 -0.707102381 0 0.707102381 -0.707111181 0 0.9659274 -0.258813173 0 -0.0105076998 0.701199189 0.712887989 -0.146111794 0.690547373 0.708375373 -0.307610406 0.631113813 0.712089315 -0.417562054 0.573114137 0.705111422 -0.579642916 0.407425111 0.705704519 -0.642658743 0.298286673 0.705701637 -0.705698945 0.0630165251 0.705703845 -0.705700258 -0.0630050263 0.705703558 -0.642662474 -0.298276188 0.705702671 -0.579653072 -0.40741318 0.705703066 -0.360285766 -0.603347243 0.711453633 -0.369388602 -0.603092403 0.706987704 -0.2196708 -0.680435599 0.699108099 -0.360241875 -0.603363759 0.711461851 -0.108972595 -0.694152067 0.711532066 -0.0105082888 -0.701197623 0.712889521 0.112795794 -0.702593061 0.702595261 0.2982675 -0.6426634 0.7057055 0.407413197 -0.579652295 0.705703694 0.579642812 -0.407426308 0.705703914 0.642659494 -0.298285397 0.705701493 0.705699423 -0.0630181331 0.705703223 0.705700682 0.0630056184 0.705703082 0.642663082 0.298275092 0.705702581 0.579653087 0.407413991 0.705702585 0.407423971 0.579646359 0.70570235 0.298310203 0.642640607 0.705708207 0.186154789 0.694748058 0.694745658 0.298255881 0.642681359 0.705694055 0.0757220304 0.705076803 0.705076503 0.965925177 0.258821467 0 0.965926219 0.258817578 0 0.707109581 0.707103981 0 0.258819501 0.965925704 0 0.258818891 0.965925868 0 -0.258819501 0.965925704 0 -0.258818891 0.965925868 0 -0.707109581 0.707103981 0 -0.707103981 0.707109581 0 -0.965926571 0.258816265 0 -0.965924794 0.258822898 0 -0.965924982 -0.258822195 0 -0.965926031 -0.258818281 0 -0.707105381 -0.707108181 0 -0.258819501 -0.965925704 0 -0.258818891 -0.965925868 0 0.258819501 -0.965925704 0 0.258818891 -0.965925868 0 0.707110981 -0.707102581 0 0.707103981 -0.707109581 0 0.965926383 -0.258816969 0 0.965924612 -0.258823576 0 0.965924982 0.258822195 0 0.965926031 0.258818281 0 0.707105381 0.707108181 0 0.258821001 0.965925302 0 -0.258821001 0.965925302 0 -0.707108181 0.707105381 0 -0.707105381 0.707108181 0 -0.965926383 0.258816969 0 -0.965924612 0.258823576 0 -0.965926219 -0.258817578 0 -0.707108181 -0.707105381 0 -0.258820179 -0.965925522 0 -0.258821001 -0.965925302 0 0.258820179 -0.965925522 0 0.258821001 -0.965925302 0 0.707105381 -0.707108181 0 0.965924794 -0.258822898 0 0.965926056 0.258818188 0 0.965925302 0.258821001 0 0.707108181 0.707105381 0 0.707106081 0.707107481 0 0.258820179 0.965925522 0 0.258819196 0.965925786 0 -0.258819874 0.965925604 0 -0.258819196 0.965925786 0 -0.707106781 0.707106781 0 -0.965925704 0.258819501 0 -0.965924957 0.258822289 0 -0.965925352 -0.258820814 0 -0.965925302 -0.258821001 0 -0.707109581 -0.707103981 0 -0.258819874 -0.965925604 0 -0.258819196 -0.965925786 0 0.258819874 -0.965925604 0 0.258819594 -0.965925679 0 0.707108881 -0.707104681 0 0.965925704 -0.258819501 0 0.965925686 -0.258819569 0 -0.707110981 0.707102581 0 -0.965925177 -0.258821467 0 0.707109581 -0.707103981 0 0.965926571 -0.258816265 0 0.258820179 0.965925522 0 -0.258820179 0.965925522 0 0.707108181 -0.707105381 0 0.965925352 0.258820814 0 0.258819874 0.965925604 0 -0.258819594 0.965925679 0 -0.707108881 0.707104681 0 -0.965925686 0.258819569 0 -0.965926056 -0.258818188 0 -0.707106081 -0.707107481 0 -0.258820179 -0.965925522 0 0.258819196 -0.965925786 0 0.707106781 -0.707106781 0 0.965924957 -0.258822289 0 0.96648359 0.256728397 0 0.966631259 0.256171789 -0.000152944994 0.881404865 0.472361581 0 0.847692652 0.53048767 0 0.769204086 0.639003188 1.61062997e-05 0.724522475 0.689251176 0 0.625996374 0.779825968 0 0.572174979 0.82013157 0 0.457494878 0.889212256 0 0.396661073 0.917965137 0 0.270530171 0.962711497 0 0.205177093 0.978724865 0 0.0726475085 0.997357679 -1.28850997e-06 0.00541293573 0.99998535 0 -0.128167197 0.991752575 0 -0.194569988 0.980888638 0 -0.323809889 0.946122168 0 -0.386701067 0.922205121 0 -0.506383686 0.862308276 0 -0.563225057 0.826303537 0 -0.668520878 0.743693375 1.61281995e-05 -0.717018716 0.697053915 0 -0.803704981 0.595027986 0 -0.841874912 0.539672708 0 -0.906399794 0.422420897 -1.28850999e-06 -0.932754739 0.360511576 0 -0.972541844 0.232728087 0 -0.985990735 0.166800089 0 -0.999433918 0.0336428806 0 -0.999433918 -0.0336428806 0 -0.985990851 -0.166799409 0 -0.972541917 -0.23272778 0 -0.932755081 -0.360510693 0 -0.906399699 -0.4224211 -1.61282e-05 -0.841875467 -0.539671843 0 -0.8037046 -0.5950285 -1.2878e-05 -0.717018962 -0.697053663 1.61281991e-05 -0.668554 -0.7436636 -1.2878e-05 -0.563225699 -0.826303099 0 -0.506383257 -0.862308528 0 -0.386701152 -0.922205085 0 -0.323852405 -0.946107615 -1.28780002e-05 -0.194569988 -0.980888638 0 -0.128212084 -0.991746773 0 0.00541329326 -0.999985348 -1.28851006e-06 0.0726477969 -0.997357658 1.28850995e-06 0.205222892 -0.978715262 1.28779995e-05 0.270530382 -0.962711438 0 0.396661603 -0.917964908 0 0.457494202 -0.889212604 0 0.572137165 -0.82015795 1.28954992e-05 0.625995595 -0.779826593 0 0.724523449 -0.689250152 1.28954991e-05 0.76923367 -0.638967575 -1.48366994e-05 0.8476681 -0.5305269 0 0.881425829 -0.472322462 0 0.966512106 -0.256620975 -0.000153663985 0.966660233 -0.256062482 0 -2.54924e-06 0 1 1.1832e-06 0 1 5.86851e-06 0 1 -5.32986e-06 0 1 4.91102e-06 0 1 -2.67631e-06 0 1 1.72103e-05 0 1 8.41165e-06 0 1 4.21211e-06 0 1 0.000108248999 0 0.999999994 -2.13711e-06 0 1 -2.36598e-06 0 1 -6.28447e-06 0 1 7.74821e-06 0 1 -3.01736e-05 0 1 1.56072e-06 0 1 -2.54924e-06 0 1 2.37236e-06 0 1 6.35735e-06 0 1 -4.92081e-06 0 1 4.94177e-06 0 1 1.45574e-06 0 1 -1.10179e-06 0 1 -3.91063e-06 0 1 -2.92134e-06 0 1 5.09993e-06 0 1 7.45208e-06 0 1 -5.63884e-06 0 1 -4.37038e-06 0 1 1.05084e-06 0 1 -1.86576e-06 0 1 -1.65973e-06 0 1 -6.61036e-06 0 1 2.93425e-06 0 1 1.30267e-06 0 1 -7.8585e-07 0 1 1.41501e-06 0 1 1.49436e-06 0 1 -1.44242e-06 0 1 1.43523e-06 0 1 2.55737e-06 0 1 1.79536e-06 0 1 8.94347e-07 0 1 -2.87109e-06 0 1 -6.03465999e-05 0 0.999999998 7.31217e-07 0 1 1.60395e-05 0 1 -6.42702e-06 0 1 -2.7148e-06 0 1 2.74196e-06 0 1 -1.69101e-05 0 1 1.57821e-06 0 1 0.995663659 -0.0930262068 -5.88114917e-05 0.995555534 -0.0941756237 -0.000362241976 0.933103427 0.359608072 -0.000172875986 0.932367824 0.36151087 0.00036327497 0.933103427 0.359608072 -0.000172846986 0.933142485 0.359506694 -0.000201256997 0.933142497 0.35950666 -0.000201384978 0.933856926 0.357646072 -0.000727613942 0.676931984 0.736045483 0.000368279991 0.67594105 0.736955345 0.000719083946 0.676931935 0.736045529 0.000368167964 0.676980693 0.736000692 0.000350914996 0.676980693 0.736000692 0.000350965996 0.677970194 0.735089393 0 0.676932613 -0.736044915 0.000347110007 0.675941229 -0.736955531 0 0.676932613 -0.736044915 0.000347164007 0.676945535 -0.736033029 0.000351591966 0.67694548 -0.736033079 0.00035170799 0.677969807 -0.735089407 0.000710517007 0.933105689 -0.359602196 -0.000186537998 0.932369199 -0.3615068 -0.000714936999 0.933105655 -0.359602283 -0.000186507991 0.9331237 -0.359555462 -0.000173517981 0.933123734 -0.359555374 -0.000173775988 0.933855724 -0.357649771 0.000357075971 0.995607215 0.093628272 -0.000142957988 0.995684349 0.0928038159 -0.000360124945 0.260717602 -0.965415109 0 0.342622279 -0.939473243 0 0.260719474 -0.965414603 1.74704982e-06 0.382969787 -0.923760869 0 0.260721489 -0.965414059 2.89484988e-06 0.422577174 0.906326945 0 0.260716993 0.965415273 0 0.383000974 0.923747938 8.83208941e-07 0.260715587 0.965415653 0 0.260721489 0.965414059 2.17113991e-06 0.657084946 0.753816538 0 0.657086712 0.753814999 0 0.910243513 0.41407336 0 0.910243718 0.414072908 0 1 0 0 0.910243513 -0.41407336 0 0.910243718 -0.414072908 0 0.657086712 -0.753814999 0 0.657084946 -0.753816538 0 -0.0883459358 -0.996089853 0 -0.0274099077 -0.999624215 0.00035556897 -0.0300925885 -0.999249649 0.0243838988 -0.0281758286 -0.99960015 0.00237971488 -0.0442085167 0.999022326 0 -0.0365453894 0.999331883 0.000470511992 0.672564244 -0.218363382 0.707088941 0.695252387 -0.142652297 0.704467487 0.706912476 0.0425388786 0.706020676 0.691609712 0.152351703 0.706020513 0.614069691 0.352860295 0.705980189 0.550120072 0.378739981 0.744260662 0.484412379 0.434631082 0.759236768 0.478641619 0.335933314 0.811203433 0.695249638 0.142668408 0.704466938 0.64583341 0.292268805 0.705321311 0.623441585 0.334071992 0.706906283 0.599580545 0.375214466 0.706906836 0.544087666 0.451943272 0.706905856 0.512484475 0.487486176 0.706906565 0.442779081 0.551570676 0.70690627 0.404672008 0.580106912 0.706906314 0.323591077 0.628944655 0.70690695 0.280549182 0.649287959 0.706906856 0.19135618 0.680930229 0.706906526 0.145161888 0.692248345 0.706908944 0.0513905762 0.705435148 0.706908948 0.0038198817 0.707297745 0.706905445 -0.0906475653 0.701475464 0.706905363 -0.137630394 0.693790471 0.70690357 -0.229027874 0.669201523 0.706905619 -0.273482602 0.652296405 0.706906406 -0.35819938 0.609898266 0.70690686 -0.398338857 0.584472937 0.706907024 -0.472842821 0.526024824 0.706907032 -0.507125144 0.493057646 0.706907523 -0.568446742 0.420895157 0.706905628 -0.595446957 0.381741373 0.706906249 -0.641117864 0.298745983 0.70690786 -0.659745922 0.254985008 0.706907323 -0.687885292 0.164616498 0.706905392 -0.697392433 0.118015489 0.706906032 -0.706908985 0.0238030495 0.706903885 -0.706908665 -0.0238042388 0.706904165 -0.697392063 -0.118017494 0.706906063 -0.68788478 -0.164618695 0.706905379 -0.65974633 -0.254987273 0.706906125 -0.641116897 -0.298747498 0.706908096 -0.595443064 -0.381746877 0.706906557 -0.568442107 -0.420899605 0.706906708 -0.507126869 -0.49305697 0.706906757 -0.472844804 -0.526022404 0.706907506 -0.398378664 -0.584447847 0.706905336 -0.358200588 -0.60989858 0.706905977 -0.273522692 -0.652280382 0.70690568 -0.229025101 -0.669202702 0.706905402 -0.137627393 -0.693790564 0.706904063 -0.0906445247 -0.701475559 0.706905659 0.00386673183 -0.707295168 0.706907768 0.0513914213 -0.705435518 0.706908518 0.14516319 -0.692247553 0.706909452 0.19131309 -0.680941364 0.706907463 0.280553591 -0.649285378 0.706907476 0.323596386 -0.628943474 0.70690557 0.404705412 -0.580082017 0.70690762 0.442775692 -0.55157299 0.706906587 0.512453959 -0.487520461 0.706905043 0.479764873 -0.52188297 0.70531116 0.512493679 -0.48747678 0.706906371 0.574393571 -0.415457679 0.705313365 0.59958124 -0.375215063 0.70690593 0.623441398 -0.334072099 0.706906398 0.478581708 -0.521800708 0.706175311 0.530229552 -0.465401258 0.708701836 0.580274886 -0.39925359 0.709843383 0.578749668 -0.406261177 0.707107261 0.580301497 -0.399212398 0.709844796 0.668132273 -0.25905289 0.697488972 0.691607658 -0.152370091 0.706018557 0.700339983 -0.0976093376 0.707104183 0.695260449 0.142637889 0.704462448 0.695259396 0.142633399 0.704464396 0.713502279 0.0664998181 0.69748998 -0.0331905354 0.273748462 0.961228468 -0.0834747515 0.306687405 0.948142817 -0.0655594918 0.24026037 0.968492079 -0.0464314167 0.160944789 0.98587063 -0.0116915092 0.13633479 0.990593829 -0.0146381806 0.171094108 0.985145944 -0.0198836904 0.199172904 0.979762621 -0.0183246093 0.223815891 0.974459161 -0.0258387903 0.261675003 0.964810111 -0.00143688885 0.0105042389 0.999943797 -0.00357252254 0.0369893853 0.999309273 -0.00804764026 0.0662615821 0.997769832 -0.0073196876 0.0939358348 0.995551345 -0.0789855689 0.072151059 0.994261286 -0.037086118 -0.93643765 0.348868381 -0.0409659069 -0.924825229 0.378179971 -0.0408897897 -0.931393993 0.361708797 -0.0469123646 -0.913323294 0.404524153 -0.0353312956 -0.902137988 0.429998547 -0.0681861554 -0.898464139 0.433719771 -0.0406225891 -0.891060981 0.45206209 -0.0959784881 -0.869287083 0.48490009 -0.057523479 -0.963551284 0.261266096 -0.0262944098 -0.958682094 0.283261798 -0.03225523 -0.949662799 0.311609 -0.0275621995 -0.987409283 0.155766597 -0.028088919 -0.982866967 0.182163494 -0.0503584096 -0.983000992 0.176558999 -0.0242874578 -0.97645731 0.21433908 -0.02940905 -0.969105801 0.2448858 -0.0233627475 -0.990968193 0.132046286 -0.0502704269 -0.994576138 0.0910559743 -0.0275789989 -0.993756159 0.108111496 -0.0280610282 -0.999531035 0.0122592392 -0.0281537682 -0.999164735 0.0296175381 -0.0286182076 -0.998459715 0.047530996 -0.0236912307 -0.997803231 0.061866282 -0.0273365877 -0.995928417 0.0859028528 -1.09173e-06 -3.26865e-07 -1 -0.446036248 0.25751937 -0.857167101 -0.257520482 0.446034569 -0.857167641 -0.515037476 0 -0.85716766 0.257519203 0.446036905 -0.85716681 0.446034962 0.257520178 -0.857167528 0 0.515038402 -0.857167104 0.446034913 -0.257520607 -0.857167424 0.257519086 -0.446037275 -0.857166652 0.515035477 0 -0.857168862 -0.257521186 -0.446035676 -0.857166853 -0.44603687 -0.257520483 -0.857166443 0 -0.515038402 -0.857167104 -0.965926106 0.258818002 0 -0.96592431 0.258824703 0 -0.707110931 0.707102631 0 -0.707107381 0.707106181 0 -0.258821915 0.965925057 0 -0.258818468 0.965925981 0 0.258818468 0.965925981 0 0.707103931 0.707109631 0 0.707110931 0.707102631 0 0.965922603 0.258831074 0 0.965926081 0.258818095 0 0.965926106 -0.258818002 0 0.965922565 -0.258831217 0 0.707109881 -0.707103681 0 0.707102781 -0.707110781 0 0.258818468 -0.965925981 0 -0.258818468 -0.965925981 0 -0.258821915 -0.965925057 0 -0.707106331 -0.707107231 0 -0.707109781 -0.707103781 0 -0.96592436 -0.258824516 0 -0.965926081 -0.258818095 0 -0.155880603 0.676058712 -0.720170713 -0.172339089 0.643175357 -0.746072851 -0.362317885 0.591964875 -0.71993287 -0.155875295 0.67606828 -0.720162879 1.52018007e-07 0.707105331 -0.707108231 0.0577551094 0.688472793 -0.722958893 0.155861295 0.676049779 -0.720183277 0.31051377 0.616272541 -0.72373293 0.238091393 0.672125581 -0.70111318 0.310561595 0.616251191 -0.723730589 0.508591212 0.508587812 -0.694747016 0.579632563 0.407452074 -0.705697455 0.508587096 0.508592096 -0.694746894 0.579652381 0.407407387 -0.705706977 0.694747537 0.186158683 -0.694745137 0.705705672 0.0630472775 -0.705694372 0.694750051 0.186155587 -0.694743451 0.705703376 0.0629900579 -0.705701776 0.694750075 -0.186159893 -0.694742275 0.642682117 -0.298252208 -0.705694918 0.694747526 -0.18615578 -0.694745926 0.642657412 -0.298300006 -0.705697213 0.508590292 -0.508591092 -0.694745289 0.407453085 -0.579633779 -0.705695874 0.508591773 -0.508589373 -0.694745463 0.40740787 -0.579660357 -0.705700148 0.186157196 -0.694746386 -0.694746686 0.0630482336 -0.705704829 -0.705695129 0.186159108 -0.69474963 -0.69474293 0.0629960165 -0.70570116 -0.70570346 -0.186157306 -0.694747921 -0.694745121 -0.298252501 -0.642678703 -0.705697903 -0.186158793 -0.694742972 -0.694749672 -0.298299166 -0.642657027 -0.70569792 -0.508590374 -0.508588174 -0.694747365 -0.579660661 -0.407403272 -0.705702552 -0.612371071 -0.353555183 -0.707107067 -0.705701325 -0.0630460833 -0.705698825 -0.70569123 -0.0630515737 -0.70570843 -0.694744348 -0.186161586 -0.694747548 -0.705704473 -0.0629957276 -0.705700173 -0.694743918 0.186157705 -0.694749018 -0.642676872 0.298253687 -0.705699069 -0.694743594 0.186160498 -0.694748594 -0.642659285 0.298292493 -0.705698684 -0.508590361 0.508586161 -0.694748847 -0.378075802 0.597882602 -0.706820403 -1.09827e-06 3.17059e-07 -1 -0.44603687 0.257520483 -0.857166443 -0.257521186 0.446035676 -0.857166853 0.257519086 0.446037275 -0.857166652 0.446034913 0.257520607 -0.857167424 0.446034962 -0.257520178 -0.857167528 0.257519203 -0.446036905 -0.85716681 -0.257520482 -0.446034569 -0.857167641 -0.446036248 -0.25751937 -0.857167101 -0.707109881 0.707103681 0 -0.707106281 0.707107281 0 0.707102781 0.707110781 0 0.707109781 0.707103781 0 0.707110931 -0.707102631 0 0.707103881 -0.707109681 0 -0.707107431 -0.707106131 0 -0.707110931 -0.707102631 0 0.155879289 -0.676060253 -0.72016955 0.172337704 -0.643173913 -0.746074415 0.362352999 -0.591980198 -0.719902597 0.155875908 -0.676062433 -0.720168236 1.21138997e-07 -0.707103281 -0.707110281 -0.0577554658 -0.68847155 -0.722960048 -0.155859893 -0.676049471 -0.72018387 -0.31051618 -0.61627306 -0.723731454 -0.238088984 -0.672114155 -0.701124953 -0.310562282 -0.616260864 -0.723722058 -0.508589373 -0.508586173 -0.694749563 -0.579637492 -0.407438594 -0.70570119 -0.612372783 -0.35355639 -0.70710498 -0.705702027 -0.0630460324 -0.705698127 -0.705689733 -0.0630503829 -0.705710033 -0.694742771 -0.186160292 -0.694749471 -0.694744214 0.186158104 -0.694748614 -0.642677394 0.298254397 -0.705698294 -0.694744348 0.186161586 -0.694747548 -0.642658123 0.298293264 -0.705699416 -0.508590504 0.508587304 -0.694747906 -0.407451603 0.579632104 -0.705698105 -0.508588562 0.508589462 -0.694747748 -0.407408289 0.579655884 -0.70570358 -0.186157692 0.694744369 -0.694748569 -0.0630482979 0.705704976 -0.705694976 -0.186158683 0.694751337 -0.694741337 -0.0629953646 0.70569914 -0.70570554 0.186157402 0.694747808 -0.694745208 0.298252183 0.642680764 -0.70569616 0.186157911 0.69474644 -0.69474644 0.298299396 0.642650692 -0.705703591 0.508593191 0.508590791 -0.694743387 0.57963383 0.407453421 -0.705695637 0.508587772 0.508591872 -0.694746562 0.579652369 0.407407778 -0.705706762 0.69474803 0.186159481 -0.69474443 0.705702229 0.0630482336 -0.705697729 0.694751576 0.186156894 -0.694741576 0.70569945 0.0629906555 -0.70570565 0.694747907 -0.186158902 -0.694744707 0.642681653 -0.298251478 -0.705695649 0.694748455 -0.186155188 -0.694745155 0.642650386 -0.298294393 -0.705705984 0.508590184 -0.508589984 -0.694746178 0.378074864 -0.597883043 -0.706820532 0 -7.91013e-07 -1 -0.446036192 0.257518195 -0.857167484 -0.25751791 0.446034917 -0.857168233 -0.515036712 0 -0.85716812 0.25751791 0.446034917 -0.857168233 0.446036192 0.257518195 -0.857167484 0 0.515036668 -0.857168146 0.446035775 -0.257518686 -0.857167553 0.257516972 -0.446036852 -0.857167507 0.515036712 0 -0.85716812 -0.257516972 -0.446036852 -0.857167507 -0.446035775 -0.257518686 -0.857167553 0 -0.515039593 -0.857166388 -0.965925736 0.258819383 0 -0.965925793 0.258819171 0 -0.707110181 0.707103381 0 -0.707110281 0.707103281 0 -0.258815681 0.965926728 0 -0.258815681 0.965926728 0 0.258815681 0.965926728 0 0.258815681 0.965926728 0 0.707110281 0.707103281 0 0.707110181 0.707103381 0 0.965925793 0.258819171 0 0.965925736 0.258819383 0 0.965925736 -0.258819383 0 0.965925793 -0.258819171 0 0.707107981 -0.707105581 0 0.707108031 -0.707105531 0 0.258811605 -0.96592782 0 0.25881158 -0.965927826 0 -0.258811605 -0.96592782 0 -0.25881158 -0.965927826 0 -0.707108081 -0.707105481 0 -0.707107981 -0.707105581 0 -0.965925793 -0.258819171 0 -0.965925736 -0.258819383 0 0.154852303 -0.676621114 -0.719864315 -2.72877996e-07 -0.68110679 -0.732184089 0.362023506 -0.592426611 -0.719701113 -2.01431995e-07 -0.707096481 -0.707117081 -0.154851701 -0.676622006 -0.719863606 -0.310059192 -0.616861883 -0.72342568 -0.236506892 -0.672858476 -0.700946475 -0.310121585 -0.616837571 -0.723419666 -0.508591087 -0.508590987 -0.694744783 -0.579636082 -0.407438888 -0.705702179 -0.612371388 -0.353558593 -0.707105087 -0.70570349 -0.0630468602 -0.70569659 -0.705690672 -0.0630461475 -0.705709472 -0.694744209 -0.186155902 -0.694749209 -0.705698147 -0.0629951942 -0.705706547 -0.694747212 0.186157003 -0.694745912 -0.642649387 0.298295594 -0.705706386 -0.579651143 0.40741356 -0.705704431 -0.407438164 0.579637249 -0.705701638 -0.298286484 0.642658365 -0.705702061 -0.0629923233 0.705699325 -0.705705625 0.0630043689 0.705698888 -0.705704988 0.298263085 0.642670868 -0.705700565 0.407417183 0.579650375 -0.70570297 0.579632909 0.407449407 -0.705698711 0.508587663 0.508586263 -0.694750749 0.579654377 0.407404384 -0.705707072 0.694747189 0.186156797 -0.694745989 0.70570384 0.0630468646 -0.70569624 0.694747441 0.186156784 -0.694745741 0.705703571 0.0629957874 -0.705701071 0.694744706 -0.186156302 -0.694748606 0.642671192 -0.298260196 -0.705701491 0.579651844 -0.40741516 -0.705702931 0.377314193 -0.598344888 -0.706836186 0 7.87744e-07 -1 -0.446035775 0.257518686 -0.857167553 -0.257516972 0.446036852 -0.857167507 0.257516972 0.446036852 -0.857167507 0.446035775 0.257518686 -0.857167553 0 0.515039593 -0.857166388 0.446036192 -0.257518195 -0.857167484 0.25751791 -0.446034917 -0.857168233 -0.25751791 -0.446034917 -0.857168233 -0.446036192 -0.257518195 -0.857167484 0 -0.515036668 -0.857168146 -0.707107981 0.707105581 0 -0.707108031 0.707105531 0 -0.258811605 0.96592782 0 -0.25881158 0.965927826 0 0.258811605 0.96592782 0 0.25881158 0.965927826 0 0.707108081 0.707105481 0 0.707107981 0.707105581 0 0.707110181 -0.707103381 0 0.707110281 -0.707103281 0 0.258815681 -0.965926728 0 0.258815681 -0.965926728 0 -0.258815681 -0.965926728 0 -0.258815681 -0.965926728 0 -0.707110281 -0.707103281 0 -0.707110181 -0.707103381 0 -0.154852303 0.676621114 -0.719864315 2.72877996e-07 0.68110679 -0.732184089 -0.362023506 0.592426611 -0.719701113 2.01431995e-07 0.707096481 -0.707117081 0.154851701 0.676622006 -0.719863606 0.310059192 0.616861883 -0.72342568 0.236506892 0.672858476 -0.700946475 0.310121585 0.616837571 -0.723419666 0.508591087 0.508590987 -0.694744783 0.579632737 0.407452056 -0.705697323 0.508587499 0.508589499 -0.694748499 0.579662068 0.407408877 -0.705698161 0.694745728 0.186156508 -0.694747528 0.705701314 0.0630463223 -0.705698814 0.694744209 0.186155902 -0.694749209 0.705698147 0.0629951942 -0.705706547 0.694747212 -0.186157003 -0.694745912 0.642649387 -0.298295594 -0.705706386 0.579651143 -0.40741356 -0.705704431 0.407438164 -0.579637249 -0.705701638 0.298286484 -0.642658365 -0.705702061 0.0629923233 -0.705699325 -0.705705625 -0.0630043689 -0.705698888 -0.705704988 -0.298263085 -0.642670868 -0.705700565 -0.407417183 -0.579650375 -0.70570297 -0.579636581 -0.407437487 -0.705702577 -0.612371388 -0.353556593 -0.707106087 -0.705702635 -0.0630469842 -0.705697435 -0.705693945 -0.0630467451 -0.705706145 -0.694747441 -0.186156784 -0.694745741 -0.705703571 -0.0629957874 -0.705701071 -0.694744706 0.186156302 -0.694748606 -0.642671192 0.298260196 -0.705701491 -0.579651844 0.40741516 -0.705702931 -0.377314193 0.598344888 -0.706836186 6.34118e-07 0 -1 -0.446034726 0.257517515 -0.85716845 -0.257518297 0.446036695 -0.857167191 -0.51503752 0 -0.857167634 0.257518679 0.446037363 -0.857166729 0.446036459 0.257514276 -0.857168522 0 0.515040857 -0.857165629 0.446036459 -0.257514276 -0.857168522 0.257518679 -0.446037363 -0.857166729 0.515039211 0 -0.857166618 -0.257518297 -0.446036695 -0.857167191 -0.446034726 -0.257517515 -0.85716845 0 -0.515040857 -0.857165629 -0.96592777 0.258811792 0 -0.965926024 0.258818306 0 -0.707107231 0.707106331 0 -0.707100181 0.707113381 0 -0.258819383 0.965925736 0 -0.258819383 0.965925736 0 0.258817672 0.965926194 0 0.258821094 0.965925277 0 0.707103681 0.707109881 0 0.707107231 0.707106331 0 0.96592777 0.258811792 0 0.96592777 -0.258811792 0 0.707107231 -0.707106331 0 0.707103681 -0.707109881 0 0.258821187 -0.965925252 0 0.258817578 -0.965926219 0 -0.258819383 -0.965925736 0 -0.258819383 -0.965925736 0 -0.707100181 -0.707113381 0 -0.707107231 -0.707106331 0 -0.965926024 -0.258818306 0 -0.96592777 -0.258811792 0 0.676621183 0.154851696 -0.719864381 0.681108967 3.13389985e-07 -0.732182064 0.592412965 0.361990878 -0.719728757 0.707101031 -1.62092984e-06 -0.707112531 0.676622046 -0.154852288 -0.719863443 0.616858796 -0.310057598 -0.723428995 0.672852256 -0.236505684 -0.700952854 0.616836162 -0.310120681 -0.723421255 0.508590344 -0.508590444 -0.694745724 0.40745204 -0.579632415 -0.705697597 0.508589976 -0.508587476 -0.694748167 0.407408769 -0.579660456 -0.705699547 0.186156784 -0.694745941 -0.694747241 0.0630466854 -0.705703248 -0.705696848 0.186156495 -0.69474748 -0.69474578 0.0629963197 -0.705698097 -0.705706497 -0.186156205 -0.694746919 -0.694746419 -0.298251188 -0.642679675 -0.705697573 -0.186156784 -0.694745341 -0.694747841 -0.298291465 -0.642660824 -0.705697717 -0.508587401 -0.508592601 -0.694746301 -0.579634976 -0.407437183 -0.705704071 -0.642659422 -0.298285264 -0.705701614 -0.705698937 -0.0629942944 -0.705705837 -0.705698603 0.0630051403 -0.705705203 -0.642671496 0.298261898 -0.705700495 -0.579647757 0.40741627 -0.705705648 -0.407449898 0.579634897 -0.705696796 -0.50858757 0.50859167 -0.694746859 -0.407408769 0.579660456 -0.705699547 -0.186156784 0.694745941 -0.694747241 -0.0630466854 0.705703248 -0.705696848 -0.186156495 0.69474748 -0.69474578 -0.0629963197 0.705698097 -0.705706497 0.186156205 0.694746919 -0.694746419 0.298297484 0.642649965 -0.705705061 0.407414794 0.579650691 -0.705704089 0.5983443 0.3773151 -0.7068362 -0.140429397 -0.890647183 0.432466392 -0.159490796 -0.866153879 0.473645589 -0.116279293 -0.845596949 0.521003768 -0.16399999 -0.850673346 0.499458568 -0.119028293 -0.830295554 0.54446447 -0.168475702 -0.830212708 0.531378205 -0.134073497 -0.80701888 0.575104186 -0.171692197 -0.808205687 0.563316391 -0.133032883 -0.792587301 0.595069426 -0.174311803 -0.785981015 0.593168811 -0.150089286 -0.769836727 0.620342341 -0.167191496 -0.758484982 0.629878985 -0.15692799 -0.755021651 0.636644259 -0.147720799 -0.737884996 0.658562296 -0.17688 -0.730867099 0.659201599 -0.14924599 -0.719705351 0.678048554 -0.176879198 -0.702880691 0.688964791 -0.163280401 -0.692990205 0.702213705 -0.175649404 -0.672304016 0.719134617 -0.154140796 -0.670085982 0.72610288 -0.174040498 -0.642459793 0.746294392 -0.156871494 -0.638293374 0.75363977 -0.172971402 -0.606422906 0.776100608 -0.155614695 -0.586338481 0.794978775 -0.175036884 -0.568484549 0.803857828 -0.15970918 -0.536875831 0.828406494 -0.150004483 -0.520147741 0.840800204 -0.109042403 -0.359540211 0.926736527 -0.1137965 -0.399229499 0.909761597 -0.126288104 -0.393272312 0.910707529 -0.134045594 -0.42696558 0.894277458 -0.135358686 -0.427230457 0.89395311 -0.142911693 -0.467036078 0.872613059 -0.14761869 -0.46486077 0.872990943 -0.163262286 -0.496800357 0.852370126 -0.401284483 -0.908221062 0.118765595 -0.485601555 -0.86606182 0.118861489 -0.272655583 -0.939317741 0.208185287 -0.396268681 -0.905072156 0.154322793 -0.122910393 -0.938438044 0.322842181 -0.147099397 -0.922435981 0.357034493 -0.1509598 -0.907122102 0.392862101 -0.499271644 -0.850170474 0.167146615 -0.422766593 -0.882312885 0.206863196 -0.510680994 -0.832602091 0.214426398 -0.432898491 -0.865606783 0.251642195 -0.520165144 -0.812980612 0.261707372 -0.441474604 -0.846807108 0.296678103 -0.527148567 -0.79218925 0.307490781 -0.447786368 -0.828172842 0.337071376 -0.532252416 -0.772571378 0.346180345 -0.452807282 -0.809379368 0.373992785 -0.535838274 -0.750400563 0.387009481 -0.456309614 -0.786154424 0.416824613 -0.537816296 -0.724203594 0.431604896 -0.458722363 -0.760356839 0.459816563 -0.552752544 -0.662352433 0.505721149 -0.53028033 -0.713141605 0.458510439 -0.459301585 -0.732493876 0.502488583 -0.53610507 -0.666151362 0.518491771 -0.458024471 -0.702525756 0.544675266 -0.532354022 -0.634437106 0.560436217 -0.455008896 -0.671167094 0.585236394 -0.526460028 -0.601815318 0.600548218 -0.450214472 -0.63853956 0.624158761 -0.518735176 -0.568439474 0.638584671 -0.443732752 -0.604847735 0.661256729 -0.509058802 -0.534158202 0.674932702 -0.435371306 -0.569862908 0.696927609 -0.497410974 -0.498914774 0.709694562 -0.425249572 -0.533894665 0.730834652 -0.483975916 -0.464366315 0.741708324 -0.414113772 -0.498068767 0.761864349 -0.470543076 -0.433651278 0.768463261 -0.408841583 -0.448488982 0.794799467 -0.456232291 -0.369249993 0.809633584 -0.455055255 -0.361711064 0.81368902 -0.448976946 -0.404982851 0.796497704 -0.384263473 -0.422040371 0.821111143 -0.431857353 -0.354111261 0.829520609 -0.367025079 -0.383999178 0.847252751 -0.41070677 -0.317813177 0.854584538 -0.348066799 -0.345992899 0.871285497 -0.38774939 -0.282034193 0.877557477 -0.327463372 -0.308411674 0.893112523 -0.36353971 -0.248658007 0.897779525 -0.30700266 -0.272688865 0.911805982 -0.288373382 -0.227901786 0.930000843 -0.25626129 -0.200848492 0.945510462 -0.229466289 -0.167458392 0.958802852 -0.20476188 -0.139440686 0.968828606 -0.185496406 -0.116252604 0.975744032 -0.158817506 -0.0851153134 0.98363224 -0.12157659 -0.064203605 0.990503422 -0.0929547513 -0.0425691006 0.994759914 -0.0625801553 -0.0224850083 0.997786625 -0.00306797004 -0.00381565005 0.999988014 -0.00715517885 -0.0047793979 0.99996298 -0.0253417974 -0.0103662589 0.999625097 -0.0240304394 -0.0180717095 0.999547873 -0.0454642092 -0.0399334993 0.998167482 -0.0666199257 -0.0640608559 0.995719836 -0.0875589828 -0.0910080029 0.991993431 -0.1081691 -0.1204206 0.986812203 -0.126344293 -0.149095391 0.980717943 -0.141872898 -0.175874797 0.974135584 -0.159301797 -0.206710196 0.965346483 -0.177225694 -0.242023692 0.95394737 -0.194187892 -0.278233989 0.940678962 -0.210178685 -0.315219978 0.925451936 -0.225165288 -0.352771381 0.908214152 -0.239113796 -0.390688493 0.888924684 -0.251966475 -0.428736157 0.867581813 -0.263659098 -0.466605396 0.844253093 -0.274146615 -0.504015328 0.819031246 -0.283430271 -0.540767845 0.791983219 -0.291504398 -0.576817995 0.763089894 -0.2983753 -0.611995901 0.732416001 -0.304011369 -0.646058133 0.700132828 -0.308373576 -0.678811848 0.666423449 -0.311570253 -0.710527293 0.630931805 -0.313487907 -0.740874817 0.593994813 -0.314136479 -0.769541849 0.555988863 -0.313546998 -0.796460896 0.517047697 -0.311725598 -0.821611795 0.477264297 -0.309151699 -0.843419198 0.439396499 -0.305306995 -0.861590585 0.405523493 -0.300772306 -0.880097216 0.367375707 -0.294559201 -0.898221402 0.326241001 -0.287270768 -0.914352698 0.285367568 -0.245965071 -0.938836991 0.241010972 -0.137721693 -0.946051554 0.293290286 -0.103686195 -0.319267585 0.941975256 -0.088930592 -0.280137275 0.955831814 -0.0795621178 -0.246972293 0.965750773 -0.0708611538 -0.213369681 0.974398315 -0.0625398076 -0.185161493 0.980716062 -0.0536212908 -0.155080002 0.986445614 -0.0432450653 -0.122041887 0.991582393 -0.0327907787 -0.0906067964 0.99534676 -0.0223042281 -0.0608708749 0.997896416 -0.0116526998 -0.0326632794 0.999398481 -0.00357705258 -0.00874286697 0.999955382 -0.103895104 -0.350940215 0.93061634 -0.115591094 -0.376352982 0.919237256 -0.135067691 -0.959255135 0.248165883 -0.199561986 -0.979884533 0.00114667392 -0.29063817 -0.956832901 0.000503421948 -0.271905584 -0.962318142 0.0033388128 -0.0750675611 -0.997176882 0.00176858879 -0.0881286757 -0.996035451 -0.0121126694 -0.384798486 -0.919861666 0.0760568272 -0.357392181 -0.93076075 0.0771703058 -0.341408485 -0.937467958 0.067779597 -0.327425757 -0.943051376 0.0587066923 -0.315415491 -0.947613372 0.0504178985 -0.306109911 -0.951018033 0.0431442215 -0.298618987 -0.953671558 0.0365685784 -0.292474204 -0.955796115 0.0302097205 -0.287485715 -0.957482649 0.0240612012 -0.283889488 -0.95868236 0.0183000492 -0.281379608 -0.959501627 0.0134961004 -0.279484383 -0.960112243 0.0085416425 -0.271225504 -0.949268713 0.159140302 -0.237270586 -0.959031844 0.154792091 -0.226531388 -0.964480047 0.135874093 -0.217064407 -0.969049133 0.117587504 -0.209497601 -0.972589704 0.1008961 -0.203517005 -0.975275623 0.086129482 -0.198805608 -0.977331641 0.072795563 -0.194906775 -0.978990876 0.0599017024 -0.191912697 -0.980261486 0.0475072193 -0.189661109 -0.981182644 0.0361840116 -0.188400006 -0.981736834 0.0264239909 -0.187367794 -0.982159269 0.0160149895 -0.173556884 -0.984739711 -0.0128728088 -0.133639306 -0.990793546 -0.021649121 -0.118963488 -0.967748606 0.222059279 -0.113545797 -0.974272975 0.194677995 -0.10884169 -0.979704613 0.168322185 -0.105045401 -0.983932107 0.144371301 -0.101989496 -0.987097463 0.123437195 -0.0996743924 -0.989585325 0.103855192 -0.0978080539 -0.991570438 0.0849802947 -0.096296189 -0.993118889 0.0666476993 -0.0953277822 -0.994155819 0.0506638159 -0.0944984412 -0.994862907 0.0363020766 -0.0940722175 -0.995352674 0.0205784395 -0.128815603 -0.991668221 0.000824707017 -0.242854995 -0.970062279 0.000791233983 -0.269097479 0.963110225 0.00228923482 -0.315459373 0.948938618 0.000939975919 -0.209784009 0.97774764 0.000470446019 -0.184200782 0.982845302 -0.00922953908 -0.128815603 0.991668221 0.000824669017 -0.132669294 0.991045458 -0.0150916494 -0.0703300204 0.997512406 0.00476324503 -0.0113094992 0.00293880679 0.999931727 -0.00519400764 0.00677949052 0.99996353 -0.0780895847 0.234743084 0.968915735 -0.0801408823 0.272179808 0.958903327 -0.208327996 0.316693894 0.925367183 -0.192158393 0.279730289 0.940651964 -0.284564789 0.25874689 0.923077964 -0.133434201 0.379811802 0.915389704 -0.11249939 0.34317427 0.932510219 -0.282617597 0.542394594 0.791160792 -0.273181574 0.505591752 0.818381823 -0.394880786 0.489256883 0.777622573 -0.168184407 0.594460426 0.786340134 -0.162795194 0.56218978 0.810826971 -0.312076874 0.917819223 0.245389279 -0.427586527 0.891889957 0.147316209 -0.384616793 0.917906584 0.0975572982 -0.136242993 0.444900476 0.885156152 -0.135068495 0.416821984 0.898897066 -0.142364696 0.458143086 0.877403673 -0.110974597 0.381196989 0.917809073 -0.110452798 0.307581894 0.94508918 -0.146254698 0.487882894 0.860569489 -0.149980288 0.492724862 0.857162834 -0.156954888 0.518045061 0.840829637 -0.156912789 0.526946963 0.835287541 -0.153886294 0.542821779 0.825629169 -0.150809296 0.570922685 0.807033979 -0.155454495 0.60215828 0.783095975 -0.167176393 0.724241868 0.66897367 -0.153447594 0.699939171 0.697523471 -0.175195092 0.693356568 0.698973068 -0.165202393 0.67554937 0.718568868 -0.173666389 0.66415506 0.727143756 -0.164141184 0.638653036 0.751784525 -0.174194301 0.629447205 0.757266506 -0.166233501 0.751551805 0.638385704 -0.149046893 0.733315467 0.663350171 -0.157625903 0.719880414 0.675963213 -0.161143397 0.803338187 0.573306691 -0.139110089 0.778084038 0.612563151 -0.173342005 0.777501422 0.604519717 -0.153812075 0.758303977 0.633495797 -0.162377398 0.739644593 0.653115194 -0.148687794 0.861235664 0.48596818 -0.113890098 0.839093584 0.53193139 -0.163711385 0.845048424 0.509010554 -0.130441683 0.822944296 0.55294453 -0.167115511 0.825885452 0.538503134 -0.128067788 0.809925327 0.572380648 -0.136478598 0.79845629 0.586379693 -0.131363802 0.948273517 0.288999805 -0.261386086 0.945146548 0.195896189 -0.155564892 0.929633651 0.334037182 -0.145553284 0.916139902 0.37349956 -0.149110995 0.90024937 0.409043986 -0.152241708 0.883250544 0.443498522 -0.110838687 0.852668001 0.510560541 -0.288035971 0.914706908 0.283454672 -0.295211278 0.898729033 0.324247476 -0.301334795 0.880738985 0.365371294 -0.305721398 0.862246394 0.403813797 -0.309452474 0.84418923 0.437702764 -0.311989054 0.822675578 0.47525543 -0.313708301 0.797659603 0.515098302 -0.314198012 0.770853629 0.554133821 -0.313437213 0.742307932 0.592229725 -0.311401279 0.712064853 0.629279658 -0.308091695 0.680409088 0.664923289 -0.303618183 0.647652964 0.698828761 -0.297851787 0.613623273 0.731266567 -0.290843974 0.578435447 0.762116931 -0.420428605 0.88804921 0.186033302 -0.431255093 0.872214886 0.230781796 -0.440537894 0.854297589 0.275865896 -0.447576462 0.835167929 0.319640173 -0.453100897 0.816911795 0.356867898 -0.457352496 0.795806894 0.396887997 -0.460437382 0.770430971 0.440946183 -0.461836659 0.743456334 0.483714357 -0.461400479 0.714409267 0.526050376 -0.459071979 0.683306668 0.567754274 -0.454962592 0.650930388 0.607699489 -0.44916007 0.617519459 0.645697258 -0.441540803 0.582855904 0.682144204 -0.43209847 0.547025962 0.71697525 -0.43320485 0.481519445 0.761887513 -0.488489792 0.479402092 0.729075687 -0.501222569 0.515175368 0.695248356 -0.512037174 0.550303972 0.659532767 -0.52079278 0.584321178 0.622369377 -0.527676312 0.617582514 0.583223413 -0.532511095 0.650333094 0.541755295 -0.535525504 0.681748606 0.498428804 -0.536204742 0.710432723 0.45581775 -0.535136795 0.737662893 0.411681996 -0.532401436 0.762669808 0.367264856 -0.527926851 0.783073227 0.328769769 -0.521909976 0.803284263 0.286957087 -0.513279654 0.824094227 0.239609479 -0.502708533 0.842816087 0.192211274 -0.490001553 0.859648918 0.144575986 -0.465479077 0.436779878 0.769774361 -0.472846006 0.394544705 0.787877611 -0.474369693 0.409401694 0.779335388 -0.262525088 0.468148879 0.843751862 -0.250654777 0.43027066 0.867202019 -0.237623398 0.392179396 0.888667791 -0.223495199 0.354186998 0.908075694 -0.393120689 0.435136587 0.810007577 -0.376560766 0.396960164 0.837033224 -0.358250591 0.358740791 0.861952179 -0.338264688 0.320810288 0.884679467 -0.321407378 0.261401882 0.910146337 -0.438735397 0.369954798 0.818928995 -0.418268669 0.333283875 0.844969336 -0.397202001 0.281060001 0.873633703 -0.39524968 0.304878684 0.866502555 -0.371829291 0.261351494 0.890751579 -0.346915304 0.234569502 0.90808971 -0.342645514 0.196220608 0.918744537 -0.345930792 0.208014795 0.914910778 -0.175010983 0.243553476 0.953966907 -0.156914901 0.208368002 0.965381008 -0.139818294 0.177264492 0.974180756 -0.26893178 0.211643784 0.93961833 -0.242805271 0.177601179 0.953678888 -0.21608701 0.147134507 0.965224244 -0.194326997 0.109875298 0.974763785 -0.0696441516 0.203523505 0.976589922 -0.0614354584 0.175362095 0.982585274 -0.124129792 0.15056029 0.980776934 -0.105371496 0.122520095 0.986856461 -0.16117779 0.103764794 0.981455342 -0.137007506 0.070677753 0.988045342 -0.0419788875 0.110829694 0.992952442 -0.0522648558 0.143381788 0.98828642 -0.0846714209 0.0932594399 0.992034993 -0.102571599 0.0406694995 0.993893887 -0.00455260217 0.0056214332 0.999973836 -0.0105531189 0.0225994477 0.9996889 -0.0209534684 0.0210168284 0.999559526 -0.0211183988 0.0505891971 0.998496243 -0.0425958618 0.0423090418 0.998196142 -0.0315613098 0.0798377296 0.996308095 -0.0640565091 0.0664946991 0.995728486 -0.0424582866 0.012397399 0.99902132 -0.0694197979 0.0317590191 0.99708187 -0.365876583 0.925654858 0.0964230756 -0.355332167 0.931374514 0.0792500227 -0.338628207 0.938371618 0.0692072514 -0.324136702 0.944139607 0.0594626004 -0.312327462 0.948622384 0.0506668538 -0.303177772 0.951968512 0.0428857761 -0.295688402 0.954618908 0.0356526303 -0.289651476 0.956697321 0.0288488776 -0.285162999 0.958215997 0.0224536599 -0.281897015 0.95930275 0.0165017209 -0.27968469 0.960032365 0.0106926496 -0.287500782 0.95776764 0.00494456169 -0.202561889 0.979211848 0.0106225594 -0.188318992 0.981846256 0.022669069 -0.190001596 0.981184082 0.0343102194 -0.192515901 0.980198507 0.0463520803 -0.195921776 0.97883718 0.0590968028 -0.200351702 0.977012911 0.0728352008 -0.205839499 0.974687696 0.0872582097 -0.212684697 0.971699886 0.102783999 -0.221423303 0.967724311 0.120338601 -0.232039486 0.962637043 0.139597992 -0.243927606 0.956573724 0.159580804 -0.233155684 0.953081536 0.193064787 -0.103510801 0.994601614 0.0072900051 -0.0940996968 0.994881367 0.0368281588 -0.0947500914 0.99401501 0.0543744451 -0.0957935436 0.992763138 0.0724220228 -0.09713637 0.9910166 0.09192728 -0.0992365351 0.988656451 0.112740994 -0.101730193 0.985674536 0.134523891 -0.104961895 0.981772754 0.158446393 -0.109277001 0.976594409 0.185261702 -0.114439002 0.97004722 0.214271104 -0.120443489 0.962329414 0.243752878 -0.111826788 0.954987096 0.27476247 -0.0999870736 0.994988736 0 -0.0960955507 0.995264103 -0.0146632086 -1.86100999e-06 0.999951292 -0.00986981292 -0.0951092693 -0.995358688 -0.0146734084 -0.129905694 -0.991526354 -8.75559959e-06 0 -0.999930537 -0.0117864593 0 -0.999930465 -0.0117925984 0 -1 -2.3778e-07 0 -1 -1.21071e-07 -1 9.26303e-06 0 -1 1.43365e-05 0 -0.999999999 -3.26094e-05 0 -1 2.86755e-05 0 -0.999999999 4.41813e-05 0 -0.0240720488 0.99613735 -0.0844447557 -0.151856403 -0.117300803 -0.981417421 -0.117399585 -0.221963772 -0.967961477 -0.0628582827 -0.204455109 -0.976855642 -0.137838997 -0.360675493 -0.922449782 -0.0510188302 -0.402732602 -0.913894704 -0.144952384 -0.321681265 -0.935686898 -0.141940995 -0.291702989 -0.945918665 -0.126700396 -0.0267799392 -0.99157947 -0.0321721405 0.0178959303 -0.999322115 -0.11102329 0.0982994313 -0.988944412 -0.0570902181 0.243947492 -0.968106569 -0.114004998 0.201695197 -0.972790783 -0.04776734 0.4614297 -0.885889899 -0.134244876 0.38603053 -0.912665735 -0.156486304 0.301318208 -0.940595224 -0.0291506589 0.626311277 -0.779027871 -0.134766286 0.553737844 -0.821713118 -0.154879594 0.489862981 -0.857931566 -0.130072491 0.628411356 -0.766929146 -0.106094503 0.618067017 -0.778933321 -0.0908452174 0.603574583 -0.792114177 -0.0431651407 0.772871113 -0.633093211 -0.103680984 0.75935298 -0.642365399 -0.128515694 0.704779568 -0.697688668 -0.146233387 0.65591934 -0.740530632 -0.04887896 0.8855102 -0.4620417 -0.1174253 0.879099902 -0.461946601 -0.1281527 0.855591798 -0.501537199 -0.135483893 0.843310554 -0.520068672 -0.135587499 0.821173195 -0.554337996 -0.119210387 0.793163612 -0.597227234 -0.113924601 0.990355107 -0.0788539606 -0.110979389 0.978501907 -0.173832083 -0.0321712374 0.96666052 -0.254032379 -0.126687089 0.94708612 -0.294920775 -0.151842986 0.912738117 -0.379279366 -0.0635088042 -0.990749865 -0.119922208 -0.0950016333 -0.993844335 -0.056992352 -0.133343294 -0.846658059 -0.515159875 -0.113955299 -0.886504989 -0.448467495 -0.0320855261 -0.902083689 -0.430366747 -0.110993096 -0.925137766 -0.363043587 -0.0321733296 -0.956945288 -0.288479796 -0.126705105 -0.961621739 -0.24337101 0 -0.98610494 -0.16612359 -0.151793202 -0.976421213 -0.153494102 -0.0700840224 -0.825455811 -0.56009904 -0.126867687 -0.805926118 -0.578262641 -0.0769593666 -0.823524563 -0.562036075 -0.0337187001 -0.728017902 -0.684728402 -0.103735092 -0.759041539 -0.642724648 -0.125459897 -0.611704686 -0.781074382 -0.12888889 -0.629001252 -0.766645341 -0.0345223484 -0.605177271 -0.795341862 -0.128954193 -0.671558162 -0.729644058 -0.116208892 -0.717228053 -0.687080355 -0.124203988 -0.42608116 -0.896118415 -0.120214192 -0.511234367 -0.850992344 -0.126213205 -0.581138424 -0.803957933 -1 -2.74567e-07 -2.15731e-07 -0.857170688 0.446030742 -0.257516966 -0.857167729 0.257519679 -0.446034863 -0.857165373 0.515041284 6.92334978e-07 -0.857164268 -0.25752129 -0.446040583 -0.857169124 -0.446032761 -0.257518677 -0.857163571 -2.68000991e-07 -0.515044282 -0.857167954 -0.446035176 0.257518386 -0.85716568 -0.257517794 0.44603989 -0.857166945 -0.515038667 0 -0.857168402 0.257517201 0.446035001 -0.857167169 0.446036684 0.257518391 -0.857165143 -2.67999982e-07 0.515041666 0 0.965926508 -0.258816502 0 0.707103981 -0.707109581 0 0.707107931 -0.707105631 0 0.258819476 -0.965925711 0 0.258821772 -0.965925096 0 -0.258821772 -0.965925096 0 -0.707103981 -0.707109581 0 -0.707103381 -0.707110181 0 -0.965924235 -0.258824983 0 -0.965928762 -0.25880809 0 -0.965928762 0.25880809 0 -0.965924235 0.258824983 0 -0.707107381 0.707106181 0 -0.707107931 0.707105631 0 -0.258815214 0.965926853 0 0.258815214 0.965926853 0 0.258812962 0.965927456 0 0.707111831 0.707101731 0 0.707107931 0.707105631 0 0.965926508 0.258816502 -0.71803334 -0.335155972 -0.609998849 -0.691155904 -0.626239004 -0.360732902 -0.695108397 -0.651939797 -0.302983198 -0.657041586 -0.724343684 -0.208860196 -0.694724466 -0.694768366 -0.186158091 -0.637723474 -0.73671687 0.224848891 -0.686679786 -0.686637586 0.238746095 -0.637692751 -0.736746243 0.224839783 -0.585509698 -0.783043598 0.209812099 -0.74156658 -0.474378687 0.474387887 -0.721684729 -0.470772619 0.50748822 -0.722133298 -0.380838299 0.577482199 -0.700722657 -0.466447772 0.539827967 -0.722129484 -0.380812491 0.577503987 -0.694742245 -0.186154885 0.694751445 -0.705692533 -0.063040304 0.705708133 -0.694752161 -0.18614469 0.694744261 -0.70570418 -0.0629765282 0.70570218 -0.694731959 0.186164489 0.694759159 -0.705691293 0.298243597 0.642690093 -0.69472038 0.186145295 0.69477588 -0.705701651 0.298293079 0.642655755 -0.694752773 0.50858178 0.50858938 -0.705702257 0.579652865 0.407414875 -0.707105188 0.61236619 0.353567394 -0.70569634 0.70570414 0.0630423946 -0.705706177 0.705693077 0.0630561079 -0.694753365 0.694737565 0.186165191 -0.705698291 0.705706591 0.0629930992 -0.694741863 0.694750863 -0.18615849 -0.705693276 0.642684578 -0.29825079 -0.694734501 0.694758301 -0.1861582 -0.70570335 0.642653054 -0.298294879 -0.694732745 0.508601559 -0.508596959 -0.705693431 0.40745836 -0.579633044 -0.694733215 0.508600938 -0.508596938 -0.705703078 0.407405887 -0.579658182 -0.694744876 0.186158393 -0.694747876 -0.705694643 0.0630512749 -0.705705043 -0.694733698 0.186164199 -0.694757498 -0.705705 0.06299513 -0.7056997 -0.694747159 -0.186158889 -0.694745459 -0.718026802 -0.335133301 -0.610019002 -0.70691005 -0.333049477 -0.623984156 -0.700167367 -0.471007678 -0.536579375 -1 -3.3994e-07 -3.3994e-07 -0.857166805 0.446037203 -0.257518702 -0.857166571 0.257521591 -0.446035985 -0.857168517 0.51503605 0 -0.857165023 -0.257520807 -0.446039412 -0.857166443 -0.446038123 -0.257518313 -0.857165947 -2.68000015e-07 -0.515040328 -0.857167604 -0.446036302 0.257517601 -0.857165457 -0.257520287 0.446038878 -0.857167731 -0.515037359 -3.01499976e-07 -0.857166956 0.257521187 0.446035477 -0.857167256 0.446036577 0.257518287 -0.857165947 -2.73584015e-07 0.515040328 0 0.707105631 -0.707107931 0 0.707110181 -0.707103381 0 0.258816359 -0.965926546 0 0.258818375 -0.965926006 0 -0.258818611 -0.965925943 0 -0.258818375 -0.965926006 0 -0.707105631 -0.707107931 0 -0.965928975 0.258807293 0 -0.96592448 0.258824068 0 -0.707104581 0.707108981 0 -0.258818611 0.965925943 0 -0.258818375 0.965926006 0 0.258818611 0.965925943 0 0.258816079 0.965926621 0 0.707108981 0.707104581 0 0.707104581 0.707108981 0 0.965926728 0.258815681 -0.718768908 -0.333309804 -0.610144107 -0.721677477 -0.470770085 -0.507500884 -0.741547891 -0.474395595 -0.474400195 -0.651382696 -0.728494284 -0.212124166 -0.605615262 -0.759543352 -0.237326885 -0.651376313 -0.728498815 -0.212128204 -0.69473579 -0.69475779 -0.186155297 -0.637736417 -0.73670322 0.224856906 -0.686655142 -0.686665642 0.23873628 -0.637723124 -0.736716812 0.224850073 -0.585514365 -0.783038853 0.209816787 -0.741541493 -0.474407495 0.474398295 -0.72167724 -0.470770261 0.507501058 -0.722131888 -0.380837194 0.577484691 -0.700724258 -0.466434372 0.539837467 -0.722127378 -0.380811488 0.577507282 -0.694742245 -0.186154885 0.694751445 -0.70569753 -0.0630448427 0.70570273 -0.694742962 -0.18615439 0.694750862 -0.705703005 -0.0629950105 0.705701705 -0.694742122 0.186156179 0.694751222 -0.705693051 0.298250079 0.642685155 -0.694742962 0.18615439 0.694750862 -0.70570533 0.29829217 0.642652136 -0.694740683 0.508596088 0.508591588 -0.705703338 0.579654649 0.407410464 -0.707106495 0.612370395 0.353557497 -0.705696205 0.705704305 0.0630420405 -0.705704211 0.705695011 0.063056461 -0.694751361 0.694739461 0.18616559 -0.694742227 0.694750527 -0.18615838 -0.70569874 0.642679745 -0.298248275 -0.694735479 0.694757379 -0.186157994 -0.705703235 0.642651141 -0.298299272 -0.694739706 0.508593705 -0.508595305 -0.705693707 0.407455804 -0.579634506 -0.694737299 0.508598099 -0.508594199 -0.70570399 0.407400594 -0.579660792 -0.694744063 0.18615289 -0.694750163 -0.705695789 0.063043529 -0.705704589 -0.694747043 0.186153412 -0.694747043 -0.705700622 0.062994643 -0.705704122 -0.694744341 -0.186156784 -0.694748841 -0.706859758 -0.33057178 -0.625357163 -1 3.30134e-07 -3.4566e-07 -0.857166443 0.446038123 -0.257518313 -0.857165023 0.257520807 -0.446039412 -0.857167731 0.515037359 -3.01499976e-07 -0.857166571 -0.257521591 -0.446035985 -0.857166805 -0.446037203 -0.257518702 -0.857165947 2.68000015e-07 -0.515040328 -0.857167256 -0.446036577 0.257518287 -0.857166956 -0.257521187 0.446035477 -0.857168517 -0.51503605 0 -0.857165457 0.257520287 0.446038878 -0.857167604 0.446036302 0.257517601 -0.857165947 2.73584015e-07 0.515040328 0 0.965928762 -0.25880809 0 0.965924235 -0.258824983 0 0.258818611 -0.965925943 0 -0.258816079 -0.965926621 0 -0.707110181 -0.707103381 0 -0.965926508 -0.258816502 0 -0.965926728 0.258815681 0 -0.707108981 0.707104581 0 -0.258816359 0.965926546 0 0.258818375 0.965926006 0 0.96592448 0.258824068 0 0.965928975 0.258807293 -0.718769958 0.333310181 0.610142664 -0.721677933 0.470769957 0.507500353 -0.741540871 0.474410281 0.474396481 -0.651373807 0.728500707 0.212129402 -0.605602085 0.759555981 0.237320094 -0.651371359 0.728502755 0.212129887 -0.694732996 0.694760396 0.186155999 -0.637723595 0.736716794 -0.224848798 -0.68668159 0.68663599 -0.238745496 -0.637723128 0.736716717 -0.224850375 -0.585503236 0.783048114 -0.209813277 -0.741549998 0.474391598 -0.474400898 -0.721702672 0.470774582 -0.507460881 -0.722131069 0.380872584 -0.577462375 -0.700724258 0.466434372 -0.539837467 -0.722123623 0.380814912 -0.577509719 -0.694745452 0.186154087 -0.694748452 -0.705694341 0.0630445948 -0.705705941 -0.694742962 0.18615439 -0.694750862 -0.705698381 0.0629955483 -0.705706281 -0.694745277 -0.186155394 -0.694748277 -0.705694544 -0.298249576 -0.642683749 -0.694742962 -0.18615439 -0.694750862 -0.705702769 -0.298312587 -0.642645472 -0.694746143 -0.508580158 -0.508600058 -0.705694106 -0.579635005 -0.407454403 -0.694731681 -0.508609886 -0.508590086 -0.705698551 -0.57966736 -0.407400672 -0.694741134 -0.694751934 -0.186157209 -0.705696716 -0.705702916 -0.0630518715 -0.694750371 -0.694740371 -0.186165892 -0.705705356 -0.705699556 -0.0629927461 -0.694741398 -0.694751298 0.186158599 -0.705694652 -0.642683257 0.29825038 -0.694737595 -0.694755395 0.186157499 -0.70570371 -0.642655709 0.298288304 -0.694736113 -0.508602309 0.508591609 -0.705693538 -0.407459164 0.579632349 -0.694739339 -0.508596755 0.508592755 -0.705704053 -0.407400673 0.579660661 -0.694742459 -0.186153289 0.694751659 -0.705697665 -0.0630440669 0.705702665 -0.70570048 -0.0629933382 0.70570438 -0.694741082 0.186157595 0.694751882 -0.706859032 0.330533268 0.62537834 -1 2.81104e-07 -1.99388e-07 -0.857169124 0.446032761 -0.257518677 -0.857164268 0.25752129 -0.446040583 -0.857166945 0.515038667 0 -0.857167729 -0.257519679 -0.446034863 -0.857170688 -0.446030742 -0.257516966 -0.857163571 2.68000991e-07 -0.515044282 -0.857167169 -0.446036684 0.257518391 -0.857168402 -0.257517201 0.446035001 -0.857165373 -0.515041284 6.92334978e-07 -0.85716568 0.257517794 0.44603989 -0.857167954 0.446035176 0.257518386 -0.857165143 2.67999982e-07 0.515041666 0 0.707103381 -0.707110181 0 -0.258819476 -0.965925711 0 -0.707108431 -0.707105131 0 -0.965926508 0.258816502 0 -0.707112381 0.707101181 0 -0.258812962 0.965927456 0 0.707107381 0.707106181 0 0.965924235 0.258824983 0 0.965928762 0.25880809 -0.718774641 0.333312373 0.61013595 -0.721684109 0.470772506 0.507489206 -0.741562875 0.474383884 0.474388484 -0.651383788 0.728493386 0.212123896 -0.605616588 0.759542385 0.237326595 -0.651376686 0.728498484 0.212128195 -0.69473579 0.69475779 0.186155297 -0.64589841 0.730944611 -0.220307103 -0.687665453 0.687600853 -0.233069284 -0.645895553 0.730948347 -0.220303084 -0.601698673 0.771509666 -0.206716091 -0.738538293 0.476741896 -0.476737196 -0.719831088 0.474171192 -0.506956492 -0.721042484 0.383226738 -0.577265107 -0.700167367 0.471007678 -0.536579375 -0.721041763 0.38318838 -0.57729147 -0.694747882 0.186159095 -0.694744682 -0.705695969 0.0630518072 -0.705703669 -0.705702758 0.0629960762 -0.705701858 -0.694744876 -0.186158393 -0.694747876 -0.705694253 -0.29825348 -0.642682257 -0.694733698 -0.186164199 -0.694757498 -0.705697126 -0.298297369 -0.642658732 -0.694732745 -0.508601559 -0.508596959 -0.705694294 -0.579638295 -0.407449396 -0.694727581 -0.508612686 -0.508592886 -0.705702124 -0.579657538 -0.407408456 -0.694746294 -0.694746294 -0.186158999 -0.705697443 -0.705702343 -0.0630501449 -0.694738064 -0.694753964 -0.18616109 -0.70569821 -0.70570681 -0.0629915509 -0.694737052 -0.694755352 0.186159687 -0.705697933 -0.642680539 0.298248472 -0.694738586 -0.694754486 0.186157196 -0.705698912 -0.642656011 0.298299005 -0.694755912 -0.508579636 0.508587236 -0.705695477 -0.407446087 0.579639181 -0.694755232 -0.50857795 0.50858985 -0.705702112 -0.407404107 0.57966061 -0.694733038 -0.186155684 0.694760438 -0.705694203 -0.0630421002 0.705706303 -0.694735762 -0.18614879 0.694759562 -0.705696984 -0.0629742085 0.705709584 -0.694740327 0.186163607 0.694751027 -0.706859981 0.330574291 0.625355583 -1 -1.00021e-06 -2.19e-06 -0.857168437 0.446034367 -0.257518181 -0.857166498 0.257515399 -0.446039699 -0.857170134 0.51503336 -1.62474987e-06 -0.857166498 -0.257515399 -0.446039699 -0.857165231 -0.446039664 -0.257519679 -0.857162325 0 -0.515046355 -0.857168481 -0.446034142 0.257518424 -0.857166011 -0.257520303 0.446037805 -0.857166945 -0.515038667 -3.00941981e-06 -0.857166011 0.257520303 0.446037805 -0.857168481 0.446034142 0.257518424 -0.857165488 0 0.515041093 0 0.965925196 -0.258821399 0 0.965925352 -0.258820814 0 0.707104981 -0.707108581 0 0.707104331 -0.707109231 0 0.258814978 -0.965926916 0 -0.258814978 -0.965926916 0 -0.707104881 -0.707108681 0 -0.707104431 -0.707109131 0 -0.965925277 -0.258821094 0 -0.965925277 -0.258821094 0 -0.965926188 0.258817697 0 -0.965926263 0.258817417 0 -0.707111681 0.707101881 0 -0.707112231 0.707101331 0 -0.258814978 0.965926916 0 0.258814978 0.965926916 0 0.707111631 0.707101931 0 0.707112281 0.707101281 0 0.965926263 0.258817417 0 0.965926188 0.258817697 -0.717999134 -0.610052244 0.335132069 -0.698509764 -0.422702278 0.57741397 -0.695107012 -0.302987205 0.651939411 -0.657047456 -0.208859186 0.724338651 -0.694737096 -0.186155999 0.694756296 -0.645910641 0.22031198 0.730932333 -0.687632155 0.233056885 0.687638355 -0.645873904 0.220300001 0.730968405 -0.60173267 0.20671829 0.771482561 -0.738540017 0.476735111 0.476741311 -0.719806874 0.506987982 0.474174283 -0.721041489 0.577278991 0.383207694 -0.70690606 0.623992464 0.333042381 -0.705694972 0.705705072 0.0630472775 -0.705704022 0.705696122 0.0630461519 -0.694738757 0.694754557 0.186156289 -0.705697804 0.705707204 0.0629916704 -0.694735565 0.694756865 -0.186159591 -0.705704526 0.642658033 -0.298281369 -0.70570384 0.579657551 -0.407405466 -0.705701631 0.40742026 -0.579649843 -0.705705278 0.298293491 -0.64265158 -0.705707279 0.0630213581 -0.705695079 -0.705705847 -0.0629895853 -0.705699347 -0.705703289 -0.298283095 -0.64265859 -0.705703309 -0.407413705 -0.579652407 -0.705697653 -0.579636261 -0.407446473 -0.694744328 -0.508601648 -0.508581048 -0.705705704 -0.579652304 -0.407409703 -0.694741438 -0.694750538 -0.186161283 -0.705693183 -0.705706683 -0.0630492485 -0.694734573 -0.694758473 -0.186157293 -0.705698217 -0.705706217 -0.0629981115 -0.694737648 -0.694755748 0.186155986 -0.706908485 -0.623984587 0.333051993 -0.596910756 0.80230764 0 -0.580721367 0.813830354 0.0210439488 -0.417746865 0.908563424 0.000247851979 -0.30499388 0.952051338 0.0240204884 -0.213633803 0.976913813 0 -0.527326949 0.843057718 0.10573539 -0.238170577 0.968015006 0.0788779123 -0.264809484 0.949480243 0.16841379 -0.548350017 0.805291825 0.225427007 -0.268733882 0.926941538 0.261842483 -0.528792896 0.780234594 0.334083898 -0.242430606 0.910471622 0.335065408 -0.263163591 0.869623671 0.417731486 -0.516859868 0.741460254 0.427893174 -0.226246084 0.834045739 0.503170363 -0.561069157 0.26275748 0.784958539 -0.269167502 0.299814903 0.915237608 -0.285003961 0.377073748 0.881242379 -0.531516763 0.346753776 0.772820646 -0.302711268 0.442842953 0.84395261 -0.54737517 0.405979177 0.731820559 -0.313647907 0.493640311 0.811137617 -0.557672588 0.46300109 0.688934885 -0.285280168 0.559428038 0.778238714 -0.542714002 0.538524902 0.644556003 -0.533987886 0.691980382 0.485818987 -0.25367737 0.776411909 0.576916232 -0.282434694 0.685151585 0.671414886 -0.312374474 0.713967841 0.626635548 -0.306471072 0.632021642 0.711775334 -0.540540757 0.642267049 0.543423157 -0.553463078 0.587753977 0.590104977 -0.525682896 0.182124399 0.830956194 -0.237401001 0.238942001 0.941566506 -0.262933697 0.160830998 0.951314491 -0.547318141 0.0836167211 0.832737111 -0.262552273 0.0796760818 0.961622601 -0.545689362 -1.4749799e-05 0.837987542 -0.263795095 -0.00112712298 0.964578083 -0.267785395 -0.0830402284 0.959893381 -0.544060269 -0.0848899351 0.834740752 -0.526294378 -0.172767593 0.832565665 -0.242662383 -0.147440989 0.958841031 -0.262695396 -0.227634597 0.937642586 -0.515855096 -0.259991998 0.816270593 -0.264561118 -0.303273321 0.915441264 -0.244314082 -0.376633372 0.893564733 -0.259200594 -0.804820981 0.533927187 -0.547509602 -0.629758403 0.551033202 -0.27703911 -0.762098427 0.585196821 -0.275658475 -0.711136336 0.646759242 -0.558858393 -0.571862092 0.600542292 -0.294294393 -0.635004884 0.714254582 -0.544007293 -0.513625693 0.663509391 -0.301055851 -0.562482909 0.770050876 -0.318923698 -0.509264296 0.799335694 -0.551745697 -0.448616798 0.703078697 -0.303450108 -0.448199412 0.840853922 -0.537380147 -0.388230161 0.748665426 -0.5334089 -0.3222944 0.7820494 -0.266987883 -0.835496547 0.48027387 -0.562088567 -0.711193558 0.422208675 -0.532947091 -0.682749789 0.499820092 -0.527441627 -0.777303993 0.342934153 -0.238470204 -0.870180414 0.431182107 -0.264968881 -0.900155836 0.345703576 -0.548165684 -0.806608176 0.221128093 -0.26913019 -0.928893166 0.254413891 -0.528811784 -0.840874875 0.115271597 -0.243040076 -0.952524007 0.183383582 -0.262957489 -0.96058316 0.0901850962 -0.512202686 -0.858528277 0.0240334194 -0.241428674 -0.970231594 0.0190486279 -0.254079391 -0.967183366 0 -0.417746865 -0.908563424 0.000247880979 -0.627105965 -0.778933957 -2.54496986e-06 0.914144887 0.403434594 -0.0397448494 0.955887663 0.293732489 -8.97810966e-07 0.985968938 0.166928889 0 0.996509853 0.083475226 1.61288992e-05 0.996506316 -0.0835174314 0 0.98596181 -0.166970985 0 0.944443796 -0.328672964 0 0.913461466 -0.40692524 0 0.813333615 -0.57762514 -0.0695530627 0.819984784 -0.572385319 0 0.714250451 -0.693766152 -0.0923840837 0.643224015 -0.760043918 -0.0927152022 0.581000226 -0.813903396 0 0.463476901 -0.886109001 0 0.387365474 -0.921926239 0 0.228550892 -0.973531966 0 0.145879187 -0.989302412 0 -0.0207381188 -0.999784942 0 -0.104733997 -0.994500271 0 -0.268724706 -0.963217022 0 -0.348724877 -0.937225138 1.61115989e-05 -0.499821977 -0.866128161 0 -0.570882144 -0.82103202 0 -0.69951804 -0.714614939 0 -0.757101342 -0.65329745 0 -0.855260526 -0.518198255 -2.01720983e-05 -0.895785222 -0.444487161 -1.60985986e-06 -0.957271972 -0.289189161 0 -0.978189393 -0.207714977 1.61288982e-05 -0.999116097 -0.0420359857 0 -0.999116097 0.0420359857 0 -0.978181705 0.20775118 -1.61115984e-05 -0.957260967 0.28922559 0 -0.895802137 0.444453069 0 -0.855279704 0.518166602 0 -0.757101342 0.65329745 0 -0.69951804 0.714614939 0 -0.570849098 0.821054997 0 -0.49982578 0.866125966 0 -0.348723188 0.937225767 0 -0.268722206 0.96321772 0 -0.104730285 0.994500662 0 -0.0207342484 0.999785022 0 0.145883091 0.989301837 0 0.228510087 0.973541545 0 0.3873282 0.921941899 0 0.463479435 0.886107676 0 0.604467613 0.796629717 0 0.669279202 0.743011002 0 0.783590392 0.621277794 -3.64465996e-07 0.828922741 0.55684256 -0.0530419862 0.895759661 0.437412481 -0.0792776865 -2.31022e-06 0 -1 -2.29464e-06 0 -1 4.54115e-06 0 -1 4.39216e-06 0 -1 -4.3987e-06 0 -1 -1.28375e-06 0 -1 1.9251e-06 0 -1 1.15848e-06 0 -1 -4.43654e-06 0 -1 -4.2575e-06 0 -1 -0.271268699 0.365112698 -0.890564995 -0.30337369 0.492417783 -0.815775172 -0.553173663 -0.368823075 -0.74697285 -0.463691279 -0.432149481 -0.773457965 -0.433373887 -0.433354587 -0.790184077 -0.760244982 -0.200027195 -0.618074986 -0.707723086 -0.25137606 -0.660256094 -0.698887346 -0.25961358 -0.666451249 -0.736630558 0.213449088 -0.641728064 -0.742587422 0.230825576 -0.628715734 -0.77499956 0.164853791 -0.610081068 -0.769289536 0.150269807 -0.620977129 -0.797091428 0.126301689 -0.590502446 -0.810077527 0.0962123713 -0.578374948 -0.829234567 0.0626560375 -0.555377578 -0.761032084 0.0582570988 -0.646093087 -0.850044667 -0.00142526594 -0.526708679 -0.760685987 -0.0396051393 -0.647910689 -0.828214158 -0.0613150469 -0.557047372 -0.785123144 -0.151680289 -0.600478757 -0.763284165 -0.146004393 -0.629348871 -0.807252475 -0.108844197 -0.580083082 -0.62662751 -0.314359305 -0.713103212 -0.543000049 -0.32169437 -0.775669827 -0.346936362 -0.479994947 -0.805754312 -0.245429311 -0.505638522 -0.827099836 -0.274667971 -0.520025546 -0.808783616 -0.0403356468 -0.605840552 -0.794562937 -0.093913362 -0.579791951 -0.809334031 -0.148616692 -0.557073171 -0.817057257 -0.206451375 -0.541003635 -0.815287002 -0.0428115684 0.610765177 -0.79065357 -0.0777780381 0.588966686 -0.80440588 -0.42273397 0.453080468 -0.784865645 -0.326285363 0.492957444 -0.806554908 -0.258526604 0.525208408 -0.810752813 -0.187560593 0.546386679 -0.816261368 -0.139243092 0.559058868 -0.817352154 -0.531163934 0.381584124 -0.756477648 -0.520616757 0.412693166 -0.747423938 -0.593829791 0.334476195 -0.731773089 -0.569933274 0.319130485 -0.757186765 -0.6793406 0.275668 -0.6800761 -0.55067501 0.195638503 -0.811469414 -0.550675664 0.0671511157 -0.832013846 -0.292083178 0.220588483 -0.930606328 -0.274791699 0.0818397399 -0.958014498 -0.292010679 -0.372628974 -0.880839038 -0.276703265 -0.23386847 -0.932062681 -0.550675882 -0.191559194 -0.812441474 -0.272744287 -0.0770302964 -0.958997856 -0.550640673 -0.0629940569 -0.832362059 -0.12097659 -0.484863558 -0.866182426 -0.111878987 -0.109072787 -0.987717682 -0.0608940092 -0.123138398 -0.990519487 -0.0599849198 -0.341300399 -0.938038297 0.00498193493 -0.227777397 -0.973700487 -0.038561155 -0.261732266 -0.964369876 0.0407568817 -0.198563408 -0.979240241 -0.0380848614 -0.226716308 -0.973215936 -0.133684304 -0.466954715 -0.874117727 -0.169642491 -0.413027477 -0.894779151 -0.227642071 -0.38387585 -0.894884584 -0.284314186 -0.326108284 -0.901564657 -0.344408683 -0.232596589 -0.909550156 -0.659113936 -0.0881270615 -0.746861728 -0.351500668 -0.0488281156 -0.934913416 -0.636413742 -0.121643589 -0.761695731 -0.337604487 -0.0667412174 -0.938918964 -0.313432197 -0.0879638692 -0.945527692 -0.287758175 -0.11084099 -0.951267317 -0.246022888 -0.100737795 -0.964014852 -0.596456763 -0.16215249 -0.786095351 -0.5516139 -0.2067267 -0.808075601 -0.49152603 -0.245570215 -0.835522251 -0.121626993 -0.0194881489 -0.992384546 -0.311754399 0.00505059898 -0.950149297 -0.306720299 -0.00467824899 -0.951788197 -0.247234483 0.0530850763 -0.967500432 -0.356524595 0.00985234887 -0.934233988 -0.197230876 0.0446538246 -0.979339582 -0.114516198 0.066138739 -0.991217286 -0.237495711 0.00921827544 -0.971344846 -0.219341873 -0.00618123925 -0.975628482 -0.167976095 -0.035181699 -0.985163073 -0.682594207 -0.0493459105 -0.729129707 -0.695048816 -0.0043944711 -0.718949116 -0.540773573 0.0189171991 -0.840955458 -0.728993658 0.051832067 -0.682555261 -0.820079712 0.00485145948 -0.572228739 -0.658929092 0.0880237789 -0.747036991 -0.355956559 0.0445563648 -0.933439692 -0.342414599 0.0640213397 -0.937365196 -0.640344475 0.119128395 -0.75879337 -0.320189194 0.0847106484 -0.943558682 -0.294476814 0.108289505 -0.949503444 -0.263608403 0.131441702 -0.955632612 -0.240241178 0.138149387 -0.960832412 -0.601774582 0.159271395 -0.782623776 -0.55682555 0.204680681 -0.805016227 -0.501042693 0.250517896 -0.828370088 -0.428304255 0.28003447 -0.859148509 -0.00227260479 0.203515382 -0.979069111 -0.0761295464 0.293695186 -0.952862755 -0.0340387203 0.224230902 -0.973941409 -0.129614203 0.502244811 -0.854956319 -0.110902998 0.150269697 -0.982404979 0.076510242 0.203867579 -0.976004197 -0.1532629 0.469775 -0.8693802 -0.189658591 0.426556381 -0.88435246 -0.237658578 0.388921965 -0.890088819 -0.446748287 0.392540189 -0.803945377 -0.147413802 0.275105905 -0.950045216 -0.707105881 0.707107681 0 -0.707102831 0.707110731 0 -0.722189239 0.691318242 -0.0228427581 -0.707081981 0.707131581 0 -0.707086881 0.707126681 5.66528985e-07 -0.707098005 0.707093505 -0.00558447804 -0.707105181 0.707108381 0 -0.707100581 0.707112981 0 -0.707114881 0.707098681 2.37348994e-07 -0.707080681 0.707132881 0 -0.707052629 0.707160929 0 -0.707048079 0.707165479 0 -0.707082481 0.707131081 0 -0.707093531 0.707120031 -1.27299006e-07 -0.707109631 0.707103931 0 -0.707095731 0.707117831 0 -0.712621471 -0.701307471 -0.0183975592 -0.707098007 -0.707093507 -0.00558388206 -0.715049302 -0.698809902 -0.0192149801 -0.733964038 0.0407670666 -0.677963743 -0.756705714 0.0257682171 -0.653247626 -0.782128301 0.01719599 -0.6228801 -0.780295769 -2.4102599e-06 -0.625410675 -0.753868834 -0.0560098151 -0.654633242 -0.756705718 -0.0257680372 -0.653247629 -0.733947137 -0.0407753465 -0.677981542 -0.706299484 -0.132584597 -0.695386485 -0.706817548 -0.223900684 -0.671027151 -0.706817451 -0.277387581 -0.650742055 -0.70681833 -0.377978863 -0.597946341 -0.70682 -0.4250565 -0.5654489 -0.706818625 -0.510095718 -0.490112017 -0.706818501 -0.5480285 -0.4472945 -0.706817415 -0.612564526 -0.353799157 -0.706818381 -0.639144583 -0.303153392 -0.704510716 -0.663574515 -0.251661506 -0.707106144 -0.686557745 -0.169231687 -0.706813219 -0.639151727 -0.303150365 -0.732039022 -0.66616712 -0.142619204 -0.749246117 -0.659806015 -0.0573260713 -0.712621269 0.70130767 -0.0183977992 -0.731330526 0.678646631 -0.0677820931 -0.728598648 0.669719452 -0.14359619 -0.706708644 0.678137246 -0.201724484 -0.706817882 0.639146083 -0.303151392 -0.706817872 0.612562076 -0.353802486 -0.706817581 0.548023085 -0.447302588 -0.706819085 0.510088189 -0.49011919 -0.706819691 0.425054895 -0.565450493 -0.706819075 0.377977886 -0.597946079 -0.706817766 0.277382287 -0.650743969 -0.706817515 0.223896105 -0.671028714 -0.706299984 0.132566197 -0.695389485 -0.706815209 0.113776385 -0.69818851 -0.733945375 0.0407748786 -0.677983477 -0.707105881 -0.707107681 0 -0.715053152 -0.698806053 -0.0192116987 -0.707052629 -0.707160929 0 -0.707080681 -0.707132881 0 -0.707114881 -0.707098681 3.16464992e-07 -0.707100581 -0.707112981 0 -0.707105181 -0.707108381 0 -0.707086881 -0.707126681 7.5537198e-07 -0.707096481 -0.707117081 0 -0.707095831 -0.707117731 0 -0.707109431 -0.707104131 0 -0.707093681 -0.707119881 0 -0.707093581 -0.707119981 0 -0.707082481 -0.707131081 0 -0.707084181 -0.707129381 0 0.1824997 0.722905599 -0.666409299 0.315810604 0.77185891 -0.551812907 0.239034289 0.780250163 -0.577989872 0.512772879 0.781846868 -0.354653986 0.643588243 0.735504734 -0.211723781 0.58011327 0.77222026 -0.259122487 0.553140913 0.808784019 -0.199758705 0.416555787 0.794798976 -0.441334187 0.363064816 0.819261036 -0.443841519 0.277984289 0.870055666 -0.407096884 0.228014182 0.90309263 -0.363913772 0.273768666 0.915060085 -0.296168463 0.235510274 0.934986696 -0.26520707 0.205375803 0.955905616 -0.209917204 0.502761459 0.844101332 -0.186343385 0.483118987 0.860159476 -0.163467795 0.458985775 0.877485753 -0.139107193 0.43594583 0.893436257 -0.108272283 0.418467871 0.904783138 -0.0790703146 0.40680531 0.912051323 -0.0516896813 0.400515542 0.915909966 -0.0263862561 0.390609669 0.920528427 -0.00717651743 0.211831501 0.966032503 -0.1480156 0.207035388 0.973351341 -0.098607884 0.203871892 0.977752861 -0.049351748 0.177904982 0.983963798 -0.0128476587 0.302570976 0.953126623 -0.000667185946 0.157170004 -0.714212217 -0.682054616 0.274810782 -0.746198751 -0.60635506 0.26164647 -0.785925609 -0.560233935 0.43951004 -0.790276093 -0.426959742 0.305504079 -0.825172843 -0.475138967 0.556020346 -0.770811825 -0.31095097 0.532898913 -0.80091567 -0.273043656 0.69320774 -0.707953539 -0.135147388 0.567582081 -0.799579573 -0.196272993 0.285156393 -0.870591378 -0.40094449 0.266302783 -0.898131642 -0.349917677 0.234286701 -0.917418206 -0.321642002 0.241020881 -0.935145528 -0.25963778 0.186900898 -0.968819191 -0.162657398 0.249367415 -0.947442256 -0.200422212 0.209309779 -0.973263102 -0.0945957205 0.204843483 -0.977725918 -0.0457293862 0.211835292 -0.977242665 -0.0110716796 0.506212497 -0.843226396 -0.180881599 0.486236075 -0.859323155 -0.158550292 0.463606987 -0.876153276 -0.131999996 0.439851284 -0.892269268 -0.101913696 0.421562059 -0.903823212 -0.0734100229 0.408854399 -0.911397897 -0.0468183098 0.401551097 -0.915571192 -0.0220478698 0.422250754 -0.906465001 -0.00505000245 0.302570976 -0.953126623 -0.000667185946 0.999038963 -0.0438309284 0 0.999039003 0.0438300257 0 0.976342062 0.216231769 -1.67871976e-06 0.953653594 0.300906667 0 0.887108541 0.461560869 0 0.843277392 0.537478595 0 0.737419993 0.675434493 0 0.675433764 0.737420661 0 0.537479203 0.843277005 0 0.461562059 0.887107922 1.67871985e-06 0.300907179 0.953653433 0 0.2162325 0.9763419 0 0.0438301455 0.999038997 0 -0.0438309839 0.999038961 0 -0.216234089 0.976341548 -1.67871991e-06 -0.300907992 0.953653176 0 -0.461560791 0.887108582 0 -0.537477495 0.843278093 0 -0.675435694 0.737418893 0 -0.737421188 0.675433189 0 -0.843278138 0.537477424 0 -0.887108376 0.461561187 1.67871995e-06 -0.953653081 0.300908294 -1.67871997e-06 -0.976341438 0.216234586 0 -0.999038963 0.0438309284 0 -0.999039003 -0.0438300257 0 -0.976342062 -0.216231769 -1.67871976e-06 -0.953653594 -0.300906667 0 -0.887108541 -0.461560869 0 -0.843277392 -0.537478595 0 -0.737419993 -0.675434493 0 -0.675433764 -0.737420661 0 -0.537479203 -0.843277005 0 -0.461562059 -0.887107922 1.67871985e-06 -0.300907179 -0.953653433 0 -0.2162325 -0.9763419 0 -0.0438301455 -0.999038997 0 0.0438309839 -0.999038961 0 0.216234089 -0.976341548 -1.67871991e-06 0.300907992 -0.953653176 0 0.461560791 -0.887108582 0 0.537477495 -0.843278093 0 0.675435694 -0.737418893 0 0.737421188 -0.675433189 0 0.843278138 -0.537477424 0 0.887108376 -0.461561187 1.67871995e-06 0.953653081 -0.300908294 -1.67871997e-06 0.976341438 -0.216234586 0 6.21222e-06 0 1 -3.76721e-06 0 1 -9.64747e-06 0 1 3.7774e-06 0 1 1.89725e-06 0 1 -4.77336e-07 0 1 9.62562e-07 0 1 -1.16981e-06 0 1 8.62148e-06 0 1 8.87162e-06 0 1 -1.26936e-06 0 1 9.03819e-07 0 1 -1.75575e-06 0 1 6.61214e-06 0 1 -2.65234e-05 0 1 0.945941015 0.324338705 0 0.962494907 0.271295974 0.00143152386 0.96882014 0.247765085 0 0.988679915 0.150038587 0.000668799943 0.962509755 0.271243287 0.00143229893 0.974021717 0.226453581 0.000686511941 0.96931333 -0.245548908 0.0117218404 0.966040456 -0.258390861 0 0.98053756 -0.196331592 0 0.980538299 -0.1963279 0 0.991195061 -0.132408681 -0.000541021924 0.974927909 -0.221826402 0.0175675702 0.971520166 -0.236857667 0.00685661905 0.35785818 0.933775949 0 0.357856759 0.933776494 0 0.377511171 0.92600503 1.42099989e-06 0.445141116 0.895460433 0 0.571980985 0.820266879 -1.42214996e-05 0.631234638 0.775591924 0 0.738424671 0.674335974 0 0.786398507 0.617719506 1.42215001e-05 0.868685793 0.495363496 1.42099999e-06 0.903028784 0.429580045 0 0.752849314 0.658192912 0 0.752849314 0.658192912 0 0.751996778 0.659166781 0 0.752881356 0.658156261 0 0.7519972 0.6591663 0 0.406511858 0.913645505 0 0.406511941 0.913645468 0 -0.752965076 0.658060479 0 -0.752965027 0.658060536 0 -0.753816211 0.657085322 0 -0.753815376 0.657086279 0 -0.752932711 0.65809751 0 -0.414074053 0.910243197 0 -0.414074091 0.91024318 0 0.414074091 0.91024318 0 0.414074053 0.910243197 0 0.753816211 0.657085322 0 0.752965076 0.658060479 0 0.752932662 0.658097566 0 0.753815376 0.657086279 0 0.752932711 0.65809751 0 -0.356062186 0.934462262 0 -0.356063903 0.934461608 0 -0.406511858 0.913645505 0 -0.406511941 0.913645468 0 -0.7519972 0.6591663 0 -0.752881356 0.658156261 0 -0.751996778 0.659166781 0 -0.752849314 0.658192912 0 -0.752849314 0.658192912 0 -0.631235293 0.775591391 0 -0.631236673 0.775590267 0 -0.618223307 0.786002508 1.37143001e-06 -0.560380449 0.828235324 0 -0.437082468 0.899421434 1.3714299e-06 -0.371586065 0.928398512 0 -0.193585809 0.981083347 0 -0.193585809 0.981083347 0 -0.194855492 0.980831962 0 -0.193587099 0.981083093 0 -0.194856781 0.980831706 0 -0.587983689 0.808872785 0 -0.946426687 -0.322918761 0 -0.946426676 -0.322918792 0 -0.945961292 -0.324279563 0 -0.945959743 -0.32428408 0 -0.946425114 -0.322923371 0 -0.995330589 0.0965247089 0 -0.995330623 0.0965243522 0 -0.866026346 0.499998369 0 -0.86602536 0.500000077 0 -0.581257377 0.813719768 0 -0.58125645 0.81372043 0 -0.192145086 0.98136653 0 -0.193509193 0.981098462 0 -0.193509597 0.981098382 0 -0.19214549 0.981366451 0 -0.193509597 0.981098382 0 -0.983231517 0.182361685 0 -0.983232554 0.182356092 0 -0.994496184 0.104772798 0 -0.994495595 0.104778389 0 -0.946852977 -0.321666658 0 -0.946420365 -0.322937288 0 -0.946853679 -0.321664593 0 -0.946405567 -0.322980655 0 -0.946405567 -0.322980655 0 -0.942682732 0.333690376 0 -0.942683904 0.333687066 0 -0.658122859 0.752910554 0 -0.658122859 0.752910554 0 -0.659168917 0.751994906 0 -0.658190731 0.752851221 0 -0.659164645 0.751998651 0 -0.913645452 0.406511978 0 -0.913645906 0.406510958 0 -0.658132733 -0.752901923 0 -0.658132726 -0.752901929 0 -0.657085428 -0.753816118 0 -0.657085584 -0.753815982 0 -0.658060692 -0.75296489 0 -0.910242217 -0.414076208 0 -0.910243588 -0.414073195 0 -0.91024294 0.414074618 0 -0.910242865 0.414074784 0 -0.657084464 0.753816959 0 -0.65813177 0.752902765 0 -0.658097779 0.752932476 0 -0.657086549 0.753815141 0 -0.658097729 0.752932519 0 -0.936213298 -0.351432299 0 -0.936212697 -0.351433899 0 -0.913645798 -0.406511199 0 -0.913645344 -0.40651222 0 -0.659165607 -0.751997808 0 -0.658119438 -0.752913544 0 -0.659167955 -0.751995749 0 -0.658121896 -0.752911396 0 -0.658121896 -0.752911396 0 -0.351433987 -0.936212664 0 -0.351432179 -0.936213343 0 -0.356264396 -0.934385188 0 -0.41615097 -0.909295535 0 -0.529997502 -0.847999203 0 -0.583911283 -0.811817476 0 -0.68377728 -0.729690778 0 -0.729689229 -0.683778933 0 -0.811817639 -0.583911056 0 -0.847999467 -0.529997079 1.24427995e-05 -0.909295852 -0.416150278 0 -0.934385155 -0.356264483 0 -0.752849314 -0.658192912 0 -0.752849314 -0.658192912 0 -0.751996778 -0.659166781 0 -0.752881356 -0.658156261 0 -0.7519972 -0.6591663 0 -0.406511858 -0.913645505 0 -0.406511941 -0.913645468 0 0.752965076 -0.658060479 0 0.752965027 -0.658060536 0 0.753816211 -0.657085322 0 0.753815376 -0.657086279 0 0.752932711 -0.65809751 0 0.414074053 -0.910243197 0 0.414074091 -0.91024318 0 -0.414074091 -0.91024318 0 -0.414074053 -0.910243197 0 -0.753816211 -0.657085322 0 -0.752965076 -0.658060479 0 -0.752932662 -0.658097566 0 -0.753815376 -0.657086279 0 -0.752932711 -0.65809751 0 0.356062186 -0.934462262 0 0.356063903 -0.934461608 0 0.406511858 -0.913645505 0 0.406511941 -0.913645468 0 0.7519972 -0.6591663 0 0.752881356 -0.658156261 0 0.751996778 -0.659166781 0 0.752849314 -0.658192912 0 0.752849314 -0.658192912 0 0.631235293 -0.775591391 0 0.631236673 -0.775590267 0 0.618223307 -0.786002508 1.37143001e-06 0.560380449 -0.828235324 0 0.437082468 -0.899421434 1.3714299e-06 0.371586065 -0.928398512 0 0.193585809 -0.981083347 0 0.193585809 -0.981083347 0 0.194855492 -0.980831962 0 0.193587099 -0.981083093 0 0.194856781 -0.980831706 0 0.587983689 -0.808872785 0 0.946426687 0.322918761 0 0.946426676 0.322918792 0 0.945961292 0.324279563 0 0.945959743 0.32428408 0 0.946425114 0.322923371 0 0.995330589 -0.0965247089 0 0.995330623 -0.0965243522 0 0.866026346 -0.499998369 0 0.86602536 -0.500000077 0 0.581257377 -0.813719768 0 0.58125645 -0.81372043 0 0.192145086 -0.98136653 0 0.193509193 -0.981098462 0 0.193509597 -0.981098382 0 0.19214549 -0.981366451 0 0.193509597 -0.981098382 0 0.994496184 -0.104772798 0 0.994495595 -0.104778389 0 0.946852977 0.321666658 0 0.946420365 0.322937288 0 0.946853679 0.321664593 0 0.946405567 0.322980655 0 0.946405567 0.322980655 0 0.876127269 -0.482079828 -0.000218527967 0.86668364 -0.498858165 0 0.93743422 0.34816217 -0.000432508963 0.974016881 0.226474396 0.000680367987 0.898859824 0.438236163 -0.000288750975 0.844482698 0.535582835 -1.48105982e-05 0.998621858 0.0524794325 -0.000542918923 0.999586785 -0.0287333096 -0.000810591987 0.999078006 -0.042931786 0 0.862019306 -0.506875445 0 0.862013056 -0.506886074 0 0.498840847 -0.866693608 0 0.498833709 -0.866697716 0 0.998620423 -0.0525067359 -0.000542623958 0.999586785 0.0287333096 -0.000810595987 0.999078006 0.042931786 0 0.862019306 0.506875445 0 0.862013056 0.506886074 0 0.498839611 0.866694319 0 0.498834945 0.866697005 0 0.985182101 -0.1354082 0.1052656 0.693107207 -0.144033081 0.706298005 0.680860186 -0.190777796 0.707130285 0.680860199 -0.1907777 0.707130299 0.667022924 -0.237076873 0.70631082 0.912116941 -0.396183674 0.105267193 0.628541824 -0.325695512 0.706298527 0.604145822 -0.367401114 0.707123926 0.604145692 -0.367401395 0.707123891 0.578338878 -0.408249085 0.706297973 0.771409668 -0.627572974 0.105258196 0.517358175 -0.483202976 0.706296965 0.48262409 -0.51677819 0.707116886 0.48262409 -0.51677819 0.707116886 0.446763316 -0.54914702 0.706286125 0.57348852 -0.812423228 0.105258804 0.367826783 -0.604866472 0.706286067 0.325301981 -0.627825562 0.707116458 0.325302113 -0.627825526 0.707116429 0.282017415 -0.649317935 0.706294838 0.333028005 -0.937024914 0.105245702 0.190996309 -0.681671631 0.706289032 0.143864193 -0.692310669 0.707113168 0.143864194 -0.69231077 0.707113069 0.0963960755 -0.701333067 0.706285867 0.0678654921 -0.99212343 0.105287103 0 -0.707916966 0.706295667 -0.0482537088 -0.705443782 0.707121382 -0.0963947661 -0.701323272 0.706295772 -0.202340495 -0.973641274 0.105266297 -0.1909848 -0.681675098 0.706288798 -0.236776479 -0.666272042 0.707119838 -0.236776574 -0.666272026 0.707119821 -0.282015491 -0.649313179 0.706299977 -0.457526186 -0.882944974 0.105251897 -0.367822876 -0.60486326 0.706290853 -0.40776858 -0.577678671 0.707115364 -0.407768413 -0.577678718 0.707115422 -0.446761768 -0.549145161 0.706288549 -0.678775455 -0.726762152 0.105264693 -0.5173608 -0.4832007 0.7062966 -0.548491258 -0.446246766 0.707121746 -0.548491321 -0.446246717 0.707121728 -0.5783409 -0.4082505 0.7062955 -0.849684513 -0.516678208 0.105260902 -0.628541461 -0.32569528 0.706298957 -0.648539728 -0.281714269 0.707130322 -0.648539832 -0.28171427 0.707130226 -0.66702381 -0.237075304 0.706310511 -0.95756736 -0.268297417 0.105267507 -0.693094884 -0.144035597 0.706309584 -0.700497563 -0.0962857549 0.707129562 -0.700497563 -0.0962857549 0.707129562 -0.706264124 -0.0483109317 0.706298124 -0.99444409 0 0.105266099 -0.706259414 0.048311231 0.706302814 -0.700492699 0.0962863499 0.707134299 -0.70049265 0.0962863431 0.707134349 -0.693089895 0.144036499 0.706314295 -0.957567417 0.268297377 0.105267091 -0.667032576 0.237072792 0.706303075 -0.648549248 0.281711377 0.707122743 -0.648549248 0.281711377 0.707122743 -0.628551685 0.325692192 0.706291283 -0.849684513 0.516678208 0.105260902 -0.578340077 0.408249984 0.706296472 -0.548490981 0.446246585 0.707122075 -0.548491051 0.44624656 0.707122037 -0.517360981 0.483200982 0.706296274 -0.678775455 0.726762152 0.105264693 -0.446763082 0.549143678 0.706288871 -0.407769985 0.577677178 0.707115774 -0.407769878 0.577677269 0.707115762 -0.367824463 0.604861739 0.706291329 -0.457526186 0.882944974 0.105251897 -0.28201599 0.649314378 0.706298676 -0.236776979 0.66627314 0.707118636 -0.236776979 0.66627314 0.707118636 -0.190985178 0.68167632 0.706287517 -0.202340495 0.973641274 0.105266297 -0.0963947066 0.701323075 0.706295975 -0.0482537088 0.705443582 0.707121582 -0.0482536489 0.705443584 0.707121584 0 0.707916717 0.706295917 0.0678654921 0.99212343 0.105287103 0.0963933991 0.701331293 0.706287993 0.143861387 0.692309037 0.707115336 0.143861397 0.692309086 0.707115286 0.190993386 0.68167005 0.706291349 0.333028005 0.937024914 0.105245702 0.28201749 0.649318078 0.706294676 0.325302096 0.627825691 0.70711629 0.325302274 0.62782565 0.707116244 0.367826787 0.604866578 0.706285974 0.57348852 0.812423228 0.105258804 0.446766654 0.549144944 0.706285628 0.482627172 0.51677617 0.707116259 0.482627095 0.516776195 0.707116293 0.517360981 0.483200982 0.706296274 0.771409668 0.627572974 0.105258196 0.578350973 0.408245281 0.706290267 0.604156876 0.367397285 0.707116472 0.604156639 0.367397563 0.707116529 0.628551779 0.325691589 0.706291476 0.912116855 0.396183637 0.105268083 0.667024275 0.237076491 0.706309673 0.680861655 0.190777487 0.707128953 0.680861668 0.190777391 0.707128967 0.693108698 0.1440328 0.706296598 0.985182101 0.1354082 0.1052656 0.707086731 0 0.707126831 0.706261131 0.0483107453 0.706301131 0.707086731 0 0.707126831 0.706261131 -0.0483107453 0.706301131 0.690710233 0.152993285 0.706761932 0.656076315 0.271762606 0.704066016 0.62759438 0.32651789 0.706761177 0.656081409 0.271761204 0.70406181 0.627575756 0.326550277 0.706762751 0.563389756 0.432313166 0.704057745 0.521709566 0.477818169 0.706759454 0.563402951 0.432303962 0.704052838 0.521669147 0.477857751 0.706762528 0.432293172 0.563400963 0.704061054 0.380245897 0.596574595 0.706761494 0.326521288 0.627592277 0.706761474 0.212885002 0.674661507 0.706761507 0.152962813 0.690717361 0.706761562 0.031019982 0.706771146 0.706761846 -0.0310158095 0.706771388 0.706761788 -0.152971002 0.69071601 0.70676111 -0.212892196 0.674657687 0.706762986 -0.326515497 0.627597295 0.706759694 -0.271759498 0.656085995 0.704058195 -0.326543296 0.627577992 0.706763991 -0.432311069 0.563399859 0.704050949 -0.47781871 0.521708311 0.706760015 -0.432303172 0.563399663 0.704055954 -0.477841992 0.521684991 0.706761488 -0.563389781 0.432313085 0.704057776 -0.596574747 0.380247066 0.706760737 -0.627590869 0.326520984 0.706762865 -0.674659297 0.212885399 0.706763497 -0.690717548 0.152963888 0.706761146 -0.706771937 0.0310158672 0.706761237 -0.706771952 -0.0310197379 0.706761052 -0.690715364 -0.152968592 0.706762263 -0.674659308 -0.212890303 0.706762009 -0.62759438 -0.32651789 0.706761177 -0.656081409 -0.271761204 0.70406181 -0.627575756 -0.326550277 0.706762751 -0.563389756 -0.432313166 0.704057745 -0.521709566 -0.477818169 0.706759454 -0.563402951 -0.432303962 0.704052838 -0.521669147 -0.477857751 0.706762528 -0.432293172 -0.563400963 0.704061054 -0.380245897 -0.596574595 0.706761494 -0.326521288 -0.627592277 0.706761474 -0.212885002 -0.674661507 0.706761507 -0.152962813 -0.690717361 0.706761562 -0.031019982 -0.706771146 0.706761846 0.0310158095 -0.706771388 0.706761788 0.152971002 -0.69071601 0.70676111 0.212892196 -0.674657687 0.706762986 0.326515497 -0.627597295 0.706759694 0.271759498 -0.656085995 0.704058195 0.326543296 -0.627577992 0.706763991 0.432311069 -0.563399859 0.704050949 0.47781871 -0.521708311 0.706760015 0.432303172 -0.563399663 0.704055954 0.477841992 -0.521684991 0.706761488 0.563389781 -0.432313085 0.704057776 0.596573854 -0.380252171 0.706758745 0.563402951 -0.432303962 0.704052838 0.596583904 -0.380234803 0.706759605 0.656077303 -0.271763101 0.704064904 0.674659297 -0.212885399 0.706763497 0.682999963 -0.18307769 0.707102262 0.706773079 -0.0310276091 0.706759579 0.706773179 -0.0310276091 0.706759479 0.704074315 -0.092692012 0.704050815 0.706772106 -0.0309944703 0.706762006 0.704071708 0.0926921179 0.704053408 0.690721592 0.152954198 0.706759291 0.704072085 0.092691708 0.704053085 -0.844868975 0.534973284 -4.26490987e-06 -0.847461353 0.530800471 -0.00775337157 -0.845757294 0.533542433 -0.00520312635 -0.842240324 0.539102251 -7.31585934e-06 -0.565397004 0.824818906 8.05841006e-06 -0.61622056 0.787459348 -0.0134162891 -0.565278618 0.82486018 -0.00810968682 -0.56539714 0.824818813 8.05843915e-06 -0.194031885 0.980995223 -4.34662966e-06 -0.189130376 0.981845874 -0.0144354081 -0.997336225 0.0721844945 -0.0104811092 -0.99733755 0.0726268164 -0.00656932467 -0.995264788 0.0965341288 -0.0113650499 -0.935463883 0.339700194 -0.0975248782 -0.713952965 0.675697267 -0.183587491 -0.953047331 0.29562671 -0.0656173221 -0.693691995 0.675770895 -0.249249098 -0.636734862 0.668256361 -0.384710477 -0.582856434 0.699561621 -0.413390753 -0.610096161 0.683052656 -0.401524274 -0.189024402 0.980361911 -0.0562165306 -0.188868601 0.971137807 -0.145670901 -0.189077674 0.94973867 -0.249491666 -0.189023886 0.917332933 -0.350385874 -0.189064499 0.878638694 -0.438461697 -0.583639011 0.715989814 -0.383045807 -0.424461701 0.795952301 -0.431615801 -0.432841916 0.792326629 -0.429960916 -0.50733686 0.756155541 -0.413325668 -0.597696564 0.701617457 -0.387932676 -0.849791194 0.453147397 -0.269281198 -0.729405169 0.595676475 -0.336359386 -0.507181496 0.754536394 -0.416463397 -0.465118697 0.777541594 -0.423194597 -0.444542655 0.787123421 -0.427572857 0.62865024 0.690145034 -0.358467166 -0.486968647 0.779837214 -0.393338857 -0.454597178 0.789249462 -0.41282768 -0.563323695 0.742928194 -0.361557897 -0.98357793 0.163875588 -0.0756257046 -0.958770479 0.261676294 -0.110836298 -0.976535831 0.198299586 -0.0839943141 -0.67689938 0.734385579 -0.0498502786 -0.200324483 0.848554627 -0.489719458 -0.583691205 0.715942506 -0.383054703 -0.662952031 0.688621029 -0.29376127 -0.616303491 0.754860889 -0.224399297 -0.665099119 0.733587711 -0.139614583 -0.711038966 0.695238167 -0.105202095 -0.760669006 0.648077505 -0.0371242703 -0.760701594 0.648040795 -0.0370973297 -0.894116653 0.294306584 -0.337548582 -0.922865838 0.245065583 -0.29708838 -0.861731988 0.321125558 -0.392805749 -0.926268102 0.236457175 -0.293454269 -0.862482021 0.313962108 -0.396928909 -0.939941426 0.210059184 -0.269045079 -0.863784073 0.306464291 -0.399945888 -0.306084298 0.561700197 -0.768638596 -0.958961369 0.156664995 -0.236324292 -0.364196607 0.480707509 -0.797672315 -0.955328961 0.137725094 -0.261492589 -0.569221394 0.360790796 -0.738794292 -0.94314744 0.122156605 -0.309112713 -0.957659862 0.110611596 -0.265805689 -0.882377066 0.145784878 -0.447389632 -0.958405758 0.0897213761 -0.270939988 -0.849783361 0.450084879 -0.274393587 -0.582774183 0.69401808 -0.422744788 -0.849803316 0.449127608 -0.275896205 -0.849882803 0.445946802 -0.280768001 -0.184132603 0.819768714 -0.542286309 -0.912595232 0.333383012 -0.236697508 -0.588983069 0.631227967 -0.504628773 -0.588983004 0.631228004 -0.504628803 -0.588983069 0.631227967 -0.504628773 -0.954178222 0.228060005 -0.193733204 -0.388494861 0.666310833 -0.636475936 -0.388494861 0.666310833 -0.636475936 -0.388494886 0.666310875 -0.636475876 -0.966362284 0.177438379 -0.186170778 -0.922585527 0.261396079 -0.283739378 -0.935196224 0.232144306 -0.267426707 -0.205973211 0.835754546 -0.509008228 -0.205871383 0.819233231 -0.535232555 -0.206028812 0.787739946 -0.580532434 0.553652205 0.639378306 -0.533539705 -0.206436795 0.704993082 -0.678504683 -0.206637087 0.662206859 -0.720266055 -0.207018292 0.623549876 -0.753875971 -0.16527729 0.611251364 -0.773986555 -0.582836557 0.690975449 -0.427614869 -0.582843286 0.680079183 -0.444731389 -0.583081845 0.671887736 -0.456708257 -0.583224857 0.650188252 -0.486933264 -0.583712864 0.636098361 -0.504636669 -0.584211138 0.602631939 -0.543628635 -0.584854288 0.582642588 -0.564334188 -0.585011967 0.548578669 -0.597346166 -0.585507878 0.53443128 -0.609560277 -0.585469395 0.516647996 -0.624740295 -0.585449466 0.51310117 -0.627675164 -0.585448542 0.50397915 -0.635023638 -0.585372226 0.498529222 -0.639380928 -0.585379722 0.477194718 -0.655450824 -0.585001592 0.461335294 -0.667040391 -0.584725562 0.421935373 -0.692868355 -0.584045639 0.398519858 -0.707158126 -0.583757991 0.348996195 -0.733094989 -0.583142142 0.323218168 -0.745302126 -0.578603755 0.25725448 -0.77397534 -0.582838893 0.256548497 -0.77102639 -0.151195102 0.577846306 -0.802018508 -0.20669631 0.508125924 -0.83611284 -0.206270587 0.419829874 -0.883852545 -0.205885282 0.324823272 -0.92309322 -0.833077736 0.0534752559 -0.550565058 -0.847197522 0.0268910475 -0.530597051 -0.875489221 0.0251927306 -0.482580512 -0.194768009 0.22601611 -0.954453844 -0.189114802 0.0529855407 -0.980524413 -0.189165979 0.123389786 -0.97416179 -0.564672541 0.0445344953 -0.824112614 -0.565161929 0.0741600207 -0.821639997 -0.564672217 0.0445346814 -0.824112825 -0.565096169 0.0890541552 -0.820204655 -0.765899907 0.0915763789 -0.636404823 -0.730174982 0.108801397 -0.674541883 -0.569609941 0.175214413 -0.803022058 -0.718878969 0.147019894 -0.67941017 -0.569605993 0.175199598 -0.80302809 -0.765890013 0.0915791796 -0.636416328 -0.845670999 0.121545986 -0.519679838 -0.189068897 -0.0530036593 -0.980532286 -0.18892479 -0.0882381155 -0.97801915 -0.189210695 -0.192419995 -0.962898675 -0.573506939 -0.216970477 -0.789945316 -0.582703374 -0.235332689 -0.777865865 -0.578345577 -0.236255991 -0.780832569 -0.819690739 -0.118774706 -0.560356727 -0.849657497 -0.153157781 -0.504603639 -0.855587609 -0.150286684 -0.495362247 -0.718673941 -0.12517729 -0.683987144 -0.765879775 -0.0915789571 -0.63642868 -0.833097784 -0.053469409 -0.550535289 -0.875488895 -0.0251947599 -0.482580997 -0.847197522 -0.0268910475 -0.530597051 -0.200277478 -0.275619169 -0.940171796 -0.565167281 -0.176118394 -0.805957974 -0.565167705 -0.176070201 -0.805968207 -0.565125478 -0.103671596 -0.818465268 -0.564672541 -0.0445344953 -0.824112614 -0.56512524 -0.103652789 -0.818467814 -0.564633834 -0.0445480248 -0.824138403 -0.935158943 -0.294349513 -0.197068809 -0.97223903 -0.198176606 -0.124407804 -0.885612648 -0.391896577 -0.249213385 -0.894057973 -0.265439292 -0.360835589 -0.922757229 -0.236718507 -0.304110909 -0.861676619 -0.313606607 -0.398954009 -0.92625386 -0.23502979 -0.294643487 -0.862450444 -0.319048816 -0.39292122 -0.939942992 -0.216925898 -0.263534298 -0.863638977 -0.323727991 -0.38642969 -0.310865152 -0.626647304 -0.71461599 -0.958660009 -0.197238581 -0.20510468 -0.849778522 -0.169255004 -0.499228613 -0.582858385 -0.260977793 -0.76952368 -0.849872932 -0.170983986 -0.49847816 -0.849799071 -0.176527494 -0.496668483 -0.183479284 -0.350417269 -0.918446019 -0.183479284 -0.350417269 -0.918446019 -0.183479277 -0.350417357 -0.918445987 -0.912385135 -0.158174006 -0.377537215 -0.586807061 -0.355276977 -0.727623352 -0.954392505 -0.138839801 -0.264307501 -0.381192861 -0.477345852 -0.79172782 -0.381192843 -0.477345929 -0.791727782 -0.381192843 -0.477345929 -0.791727782 -0.966707375 -0.142362496 -0.212625894 -0.922674317 -0.219880204 -0.316740906 -0.93488559 -0.210994475 -0.285429966 -0.582847986 -0.266430094 -0.767660882 -0.582895571 -0.285495386 -0.760739862 -0.583019535 -0.299003067 -0.755437216 -0.583157205 -0.333228503 -0.740868706 -0.5835863 -0.3535957 -0.7310247 -0.584067572 -0.399048781 -0.706841666 -0.584662585 -0.423668989 -0.691862883 -0.584940321 -0.463357617 -0.665691024 -0.585423854 -0.478410963 -0.654524149 -0.585435779 -0.497130882 -0.640410677 -0.585487124 -0.50069962 -0.637577226 -0.58550018 -0.509856183 -0.630266779 -0.585457283 -0.515254285 -0.625901582 -0.585471119 -0.535562917 -0.608601619 -0.584995589 -0.55037369 -0.595708789 -0.584822387 -0.584059387 -0.562900887 -0.584143318 -0.603082115 -0.543202123 -0.206715187 -0.698282658 -0.685324858 -0.207043393 -0.646569979 -0.734220876 -0.207005897 -0.615293191 -0.760633189 -0.207012798 -0.599673293 -0.773005591 -0.206812693 -0.558424182 -0.803362274 -0.206400396 -0.48016429 -0.852549782 -0.206295592 -0.400647884 -0.892705664 -0.206011796 -0.343525993 -0.916269083 -0.205995007 -0.314284811 -0.926709833 -0.371700477 -0.671484758 -0.64105146 -0.955125494 -0.225535175 -0.192013479 -0.58378745 -0.639197445 -0.500618457 -0.583041082 -0.656785879 -0.478221085 0.559783055 -0.635673649 -0.531565558 -0.206095484 -0.78765114 -0.580629256 -0.205755977 -0.825244008 -0.525962741 -0.619083226 -0.67064902 -0.408614551 -0.582870666 -0.68322386 -0.439848774 -0.943321358 -0.274550288 -0.186458992 -0.571126688 -0.641190587 -0.512531889 -0.935468619 -0.339688471 -0.0975202816 -0.713943342 -0.671229345 -0.199339084 -0.688885528 -0.671208027 -0.273708811 -0.953041155 -0.295644886 -0.0656251269 -0.997337738 -0.0726241955 -0.00656986159 -0.997337777 -0.0721637583 -0.0104762298 -0.995264061 -0.0965415065 -0.0113660584 -0.194747393 -0.865887869 -0.460772884 -0.18898459 -0.904116253 -0.38322138 -0.189042587 -0.940145035 -0.28353168 -0.188889391 -0.965260954 -0.180532791 -0.189013603 -0.978420615 -0.0834683112 -0.845773604 -0.53351634 -0.00522738541 -0.847514121 -0.53071515 -0.00782585027 -0.847386263 -0.530746814 -0.0156314275 -0.676974723 -0.734384125 -0.0488383117 -0.565289684 -0.824876176 -0.00518339785 -0.616282814 -0.78743269 -0.0120520483 -0.693548638 -0.626037235 -0.35646552 -0.885606999 -0.391913355 -0.249207072 -0.454492898 -0.781014896 -0.428312898 -0.43283105 -0.792332709 -0.42996065 -0.444513599 -0.787115199 -0.427618199 -0.59776941 -0.701569312 -0.387907506 -0.507345283 -0.756152175 -0.413321486 -0.465125011 -0.777538518 -0.42319331 -0.594570226 -0.710378532 -0.376627917 -0.504177529 -0.774161892 -0.382724946 -0.594541713 -0.710400916 -0.376630708 -0.484893138 -0.7810829 -0.39343125 -0.423105067 -0.796509738 -0.431919366 -0.424458869 -0.795954642 -0.431614268 -0.191527674 -0.981380666 -0.014461628 -0.711043253 -0.701356254 -0.0501686867 -0.711031139 -0.695380741 -0.104308891 -0.665173746 -0.73338344 -0.140330389 -0.616307216 -0.76087112 -0.203077705 -0.665098986 -0.698435585 -0.264255694 -0.976532245 -0.198314389 -0.0840010553 -0.958755985 -0.261734269 -0.110824787 -0.981376088 -0.175359898 -0.0784211691 -0.486968647 -0.779837214 -0.393338857 0.628636263 -0.690137759 -0.358505679 -0.84213811 -0.539261906 0 -0.844870132 -0.534971457 -3.65621971e-06 -0.565292124 -0.824890789 7.96765893e-06 -0.565292103 -0.824890804 7.96772004e-06 -0.198928174 -0.980014072 -7.25200905e-06 -0.989929837 0.141551691 -0.00142681491 -0.990995633 0.133894191 0 -0.990202337 0.139640005 -3.33732013e-06 -0.989924355 0.141590094 -0.00142019894 -0.990204622 0.139623803 -3.20941007e-06 -0.989365564 0.145434995 -0.00210803692 -0.944237167 -0.329108389 0.0101902396 -0.944205086 -0.329358095 5.51876992e-06 -0.944205128 -0.329357975 5.51875958e-06 -0.944241174 -0.329107991 0.00982522873 -0.686293362 -0.726987259 0.0221573088 -0.692896989 -0.721036589 -5.07248992e-06 -0.989927827 0.141565704 -0.00143134504 -0.989365337 0.145435805 -0.00215774708 -0.989411119 0.145076803 -0.00428462008 0.994579151 0.103790395 -0.00631391969 -0.98930914 0.144838306 -0.0170085407 0.997449727 0.0700098149 -0.013880489 -0.98939077 0.139909996 -0.0391292488 -0.989368991 0.137718899 -0.0467172796 0.995917058 0.084967975 -0.0304902718 -0.998046085 -0.0541006892 0.0312590495 -0.998593026 0.0451819266 -0.0277590079 -0.98935893 0.127047891 -0.070906565 -0.816368722 -0.495384613 0.296877408 -0.847291371 -0.483361383 0.220134292 -0.953724786 -0.260207796 0.150668298 -0.684198999 -0.697852299 0.2118346 -0.684156591 -0.721060291 0.109552799 -0.944246523 -0.327399273 0.0347594572 -0.94421909 -0.325583462 0.0494542043 -0.944234652 -0.319416284 0.0799634959 -0.944229097 -0.315097099 0.0956306997 -0.847332173 -0.483305384 0.220100193 -0.943983186 -0.310627962 0.111382287 -0.982126166 0.119610308 -0.14533261 0.983162861 0.120917195 -0.137002995 -0.999588334 -0.0215530886 0.0189374587 -0.935209969 0.232141592 -0.267380991 -0.984600732 0.122392892 -0.124825391 -0.999933683 0.00489526892 -0.0104242498 -0.982875027 0.13926559 -0.120672191 -0.996434179 -0.0715366585 0.044737389 -0.981591168 0.153419095 -0.113760096 -0.982873214 0.139278988 -0.120671489 -0.984257338 0.143323091 -0.103421393 -0.989163758 0.123918095 -0.0787360566 -0.998467271 -0.0181155195 0.0522966285 -0.999945376 0.00344610192 -0.00986760776 -0.999913933 0.00577247119 -0.0117815704 -0.983772753 0.0896549157 -0.155412893 -0.999976491 0.00290888497 -0.00620937294 -0.985370531 0.097451923 -0.139814304 -0.99999116 -0.00126969795 -0.00400841184 -0.933867012 -0.112203989 0.339562468 -0.941546422 -0.134583489 0.308832674 -0.944893864 -0.156656411 0.287461919 -0.944908022 -0.181901804 0.272140706 -0.944607685 -0.206965597 0.254718596 -0.944258023 -0.230559981 0.234986981 -0.943768599 -0.252041573 0.213952977 -0.946708072 -0.262677364 0.186398575 -0.75916271 -0.202654776 0.618549126 -0.881792348 -0.16742709 0.440919974 -0.71184316 -0.290604484 0.639396864 -0.777206801 -0.3004614 0.552876601 -0.782389693 -0.345130197 0.518412495 -0.783447029 -0.389921715 0.483913018 -0.782190154 -0.433457875 0.447540874 -0.775113116 -0.478539148 0.412552955 -0.775295033 -0.512669756 0.368900168 -0.759104503 -0.202677174 0.618613221 -0.993838373 -0.0214026494 0.108752997 -0.989361544 0.0284240184 -0.142673792 -0.989359284 -0.00244104796 -0.145472498 -0.989338097 0.00736993423 -0.145450385 -0.989359442 0.0024121991 -0.145471906 -0.989359219 0.0024560088 -0.145472688 -0.989360557 0.0153441393 -0.144672894 -0.989359363 0.0178961693 -0.144387595 -0.944261583 0.0055620069 0.329149094 -0.944261247 -0.0286121284 0.327951282 -0.944261578 -0.00555121787 0.329149292 -0.944237396 -0.0405483198 0.326759199 -0.684220703 0.0122861201 0.729171503 -0.684320161 -0.0634306564 0.726417558 -0.684346491 -0.142249598 0.715146791 -0.929173236 -0.0865154741 0.359377475 -0.989377976 -0.041712519 -0.139252597 -0.989366894 -0.0335639698 -0.141515399 -0.998586786 -0.0173052498 -0.0502489793 -0.989361394 -0.0283870098 -0.142682199 -0.998590789 -0.0172791981 -0.0501783344 -0.957555553 0.0648430536 0.280860716 -0.953747423 0.0918506225 0.286232977 -0.847306612 0.119649588 0.517450946 -0.816311173 0.183976994 0.547529482 -0.989359326 -0.0178973605 -0.144387704 -0.989360155 -0.0126805294 -0.144933393 -0.94423761 0.0405524262 0.326758069 -0.94426078 0.0286044994 0.327953293 -0.684348793 0.0898601391 0.723596493 -0.982095385 -0.116087098 -0.148365898 0.981854309 -0.11100359 -0.153754086 0.981854335 -0.111003493 -0.15375399 0.981854342 -0.111003293 -0.153754091 -0.999614694 0.0131620086 0.0244381974 -0.934924659 -0.210931291 -0.285348687 -0.98437072 -0.0958781219 -0.147721603 -0.999924419 -0.00944304324 -0.00787305736 -0.982640496 -0.0878415607 -0.163405983 -0.996474399 0.0279873572 0.079091592 -0.981450472 -0.0774910378 -0.175357095 -0.982644306 -0.0878499016 -0.163378584 -0.98418899 -0.0696822993 -0.162838598 -0.989159647 -0.0498318574 -0.138130293 -0.998464606 0.0472245155 0.0289530073 -0.999948819 -0.00853174916 -0.0054376721 -0.982557762 -0.144019094 -0.117638195 -0.999925363 -0.00951319865 -0.00766593172 -0.984027973 -0.131000783 -0.120531084 -0.999981646 -0.00495296673 -0.00348925481 -0.985494226 -0.114813791 -0.124975691 -0.999990181 -0.00440233848 0.00050665094 -0.933876083 0.307746094 0.182120297 -0.941594806 0.271989102 0.198547601 -0.944942497 0.246291499 0.215462699 -0.944877315 0.225835004 0.237076804 -0.944505329 0.203386606 0.257960408 -0.944218849 0.17893169 0.276467385 -0.943801706 0.153769101 0.292563502 -0.946714097 0.1247088 0.296951399 -0.759173863 0.561090572 0.329897584 -0.881881474 0.393672888 0.259435392 -0.712190793 0.560363895 0.422819796 -0.778027684 0.47326849 0.413146292 -0.783228627 0.429774415 0.449273715 -0.783223405 0.387124802 0.486513603 -0.781256015 0.342709563 0.521717543 -0.774600362 0.298517285 0.557567673 -0.775175792 0.248296797 0.580905494 -0.759116949 0.561143762 0.329938078 -0.929174489 0.33465336 0.156977381 -0.684152659 0.729003656 0.0221090287 -0.68427678 0.725150079 0.0769587677 -0.993832665 0.103140486 0.0407268344 0.995917844 -0.0849597952 -0.0304874083 -0.989345371 -0.137890496 -0.0467113186 -0.989364403 -0.140097286 -0.0391257962 0.997449727 -0.0700098149 -0.013880489 -0.989333939 -0.144668806 -0.0170086607 0.994579151 -0.103790395 -0.00631391969 -0.989410871 -0.145078496 -0.00428467887 -0.989924677 -0.141587697 -0.00143444497 -0.989403795 -0.145173885 -0.00216197877 -0.684191993 0.707494093 0.177012498 -0.684171089 0.674781889 0.276729695 -0.944231703 0.315086868 0.0956386802 -0.944234542 0.319422381 0.0799404251 -0.944218908 0.325583203 0.0494593904 -0.944246548 0.327397282 0.0347775181 -0.944184547 0.329261882 0.0101071494 -0.944244614 0.329087005 0.0101907802 -0.990208644 -0.139595278 -2.23259965e-06 -0.990995633 -0.133894191 -4.99170966e-06 -0.944205128 0.329357975 5.48355958e-06 -0.944205086 0.329358095 5.48354992e-06 -0.68863149 0.725111489 -3.39254995e-06 0 0.707105581 -0.707107981 0 0.706989621 -0.707223921 0 0.707328596 -0.706884896 0.0726768267 0.705240068 -0.705233668 0 0.707106931 -0.707106631 0.0545212629 0.706055537 -0.706054537 6.59518982e-07 0.707087281 -0.707126281 0 0.707110131 -0.707103431 -1.58369996e-06 0.70707268 -0.70714088 0 0.707124781 -0.707088781 0.179061682 0.684545732 -0.70663573 0.248562671 0.662482122 -0.706635717 0.333383473 0.62676085 -0.704291344 0.362183065 0.654151537 -0.664009936 -0.0486534212 0.681602516 -0.730103318 -0.00933778202 0.707029801 -0.707122101 -0.000669246939 0.704625535 -0.709579035 -0.0486759508 0.681587311 -0.730116011 -0.0787940614 0.741109113 -0.666744912 -0.130186592 0.713787856 -0.688155758 -0.632579313 0.0113651684 -0.774412194 -0.654626515 0.0436326144 -0.754692202 -0.617604908 -1.09652001e-06 -0.786488511 -0.654634165 -0.0436413777 -0.75468506 -0.632579363 -0.0113650493 -0.774412155 -0.173844504 -0.724646916 -0.666832015 -0.0986634395 -0.715538896 -0.691570397 -0.0579320073 -0.719920967 -0.691634068 -0.00817829301 -0.6988065 -0.715264 0.00921845349 -0.701570461 -0.712540461 9.34325977e-05 -0.706045283 -0.708166683 -0.00885981208 -0.707036527 -0.707121527 0.0368706504 -0.708294208 -0.704953808 0.0605021091 -0.70981519 -0.70178479 0.143403587 -0.725039934 -0.673611539 0.295150974 0.702875839 -0.647187344 0.357340273 0.65528745 -0.665512049 0.266381569 0.655094425 -0.707030519 0.211839588 0.713042058 -0.668352461 0.161896291 0.725368961 -0.669051164 0.110153297 0.706144482 -0.699447082 0.0615293908 0.71069791 -0.700801409 0.0383799009 0.709535417 -0.703623817 0.0101668189 0.702455726 -0.711654825 9.33246977e-05 0.706045283 -0.708166683 -0.105956296 0.758791474 -0.642657578 -0.200609788 0.713077856 -0.671770559 -0.276429971 0.677773628 -0.681329128 -0.260082302 0.710284705 -0.654104605 -0.342078163 0.64976743 -0.678811327 -0.409191778 0.601020968 -0.686539063 -0.398831003 0.631492704 -0.664944205 -0.466187794 0.559229093 -0.685515691 -0.52232608 0.499001981 -0.691500173 -0.516475698 0.526707198 -0.675153598 -0.567930113 0.445870611 -0.691848816 -0.611186962 0.376486276 -0.696210156 -0.608390677 0.401117685 -0.684810475 -0.643292585 0.314938393 -0.697845584 -0.672224762 0.239061187 -0.700687961 -0.672727708 0.0308526103 -0.739246608 -0.698472196 0.113858799 -0.706521596 -0.686856811 0.171385003 -0.706296611 -0.671175471 0.260774389 -0.69391657 -0.683608448 -0.202895385 -0.701079847 -0.70057517 -0.0973838458 -0.706902269 -0.672728188 -0.0308522494 -0.739246186 -0.693717827 -0.146519006 -0.705186328 -0.683244727 -0.183808307 -0.706676128 -0.683607616 -0.202905205 -0.701077817 -0.671752662 -0.220804788 -0.70710226 -0.683602704 -0.202898301 -0.701084604 -0.658285931 -0.293132414 -0.693349133 -0.634559151 -0.345695773 -0.691251847 -0.629007181 -0.32381409 -0.706749179 -0.596307644 -0.40470183 -0.693277451 -0.588666163 -0.428126273 -0.685696757 -0.546874141 -0.448728551 -0.706803623 -0.517254435 -0.520433835 -0.679408915 -0.547053454 -0.448886162 -0.70656474 -0.50174657 -0.523816069 -0.688380059 -0.446803163 -0.585445951 -0.676476143 -0.440461027 -0.553493433 -0.706851543 -0.383467201 -0.620874102 -0.683716502 -0.317654482 -0.671385362 -0.669579962 -0.314236709 -0.633679217 -0.706898819 -0.246592785 -0.691144457 -0.679346258 -0.173988097 -0.685538687 -0.706940486 0.122713406 -0.696479032 -0.707006632 0.211837795 -0.713040883 -0.668354284 0.295149298 -0.702876495 -0.647187395 0.341751974 -0.621571152 -0.704879345 0.350856406 -0.65009551 -0.673999711 0.357338975 -0.655288254 -0.665511954 0.266381681 -0.655094454 -0.70703045 0.248555489 -0.66248487 -0.706635668 0.179053704 -0.684547316 -0.706636217 0.0436577692 -0.706431787 -0.706433387 0.0545332342 -0.706055025 -0.706054125 0 -0.707106381 -0.707107181 0 -0.706917556 -0.707295956 0 -0.707256565 -0.706956965 0 -0.707132031 -0.707081531 -1.58369996e-06 -0.70707268 -0.70714088 0 -0.707110131 -0.707103431 0.0436100276 -0.706437561 -0.706430561 6.59518982e-07 -0.707087281 -0.707126281 6.51453982e-07 -0.707087481 -0.707126081 0 -0.997848184 0.065566769 0.00868272635 -0.995154125 0.0979432327 0.0115509002 -0.965830021 0.258918806 0.0117940907 -0.88734455 0.460956126 -0.000642675969 -0.792864162 0.60939807 0.00876659026 -0.528284556 0.849022129 0 -0.555540006 0.831489809 0.0114005791 -0.258825479 0.965856821 0.0115160284 -0.0873973779 0.996106962 0 5.01659999e-05 0.999999999 0.0114238794 0.258851586 0.965849549 0.0114308492 0.258899481 0.965836629 0.0340698276 0.258673382 0.965363832 0.0116496 0.460926201 0.887362003 0.000670900026 0.609368024 0.792887231 0 0.707112931 0.707100631 0 0.707113331 0.707100231 0 0.991444876 0.130526084 0.0171748308 0.995045745 0.0979233944 0.0229196489 0.965648254 0.258839988 0.0344702558 0.965320782 0.258780968 0 0.923926764 0.382569385 1 -4.96939e-06 0 1 2.86924e-06 0 7.83838e-06 0 -1 5.49859e-06 0 -1 2.20589e-06 0 -1 -4.33175e-05 0 -0.999999999 -9.47227e-06 0 -1 3.29696e-06 0 -1 -1.56767e-05 0 -1 6.14952e-06 0 -1 -3.29696e-06 0 -1 -5.49859e-06 0 -1 -2.20589e-06 0 -1 4.33175e-05 0 -0.999999999 9.47227e-06 0 -1 -0.697773586 -0.697771986 0.161945297 -0.860155883 -0.483637891 0.161945197 -0.792190812 -0.600747433 0.107406888 -0.958742618 -0.233637204 0.161945203 -0.924893036 -0.364741575 0.107407893 -0.871659038 -0.490112765 0 -0.986224687 0.0336860396 0.161944798 -0.989001651 -0.101682885 0.107407284 -0.971566193 -0.236768098 0 -0.940564019 0.298518406 0.161944703 -0.979761289 0.168915981 0.107402088 -0.999416953 0.0341431384 0 -0.825145043 0.541211062 0.161945189 -0.89784888 0.427002843 0.107405586 -0.953143579 0.302518293 0 -0.648527867 0.743764362 0.161944992 -0.74936028 0.653393182 0.107408197 -0.836179092 0.548456495 0 -0.423817905 0.891152212 0.161944802 -0.54527655 0.831347123 0.10740319 -0.657197081 0.753718778 0 -0.167672195 0.972450371 0.161945395 -0.300765461 0.947630676 0.107406886 -0.429480555 0.903076106 0 0.100916796 0.981625958 0.161945293 -0.0339528893 0.993634879 0.107410098 -0.169908685 0.985459811 0 0.362008673 0.917999732 0.161945088 0.235388579 0.965948416 0.107405191 0.102260693 0.994757634 0 0.596262338 0.786285519 0.161945383 0.487265873 0.866623052 0.107407894 0.366844526 0.930282266 0 0.786287501 0.596259725 0.16194538 0.703017704 0.703014504 0.107409101 0.604234298 0.796806697 0 0.917999015 0.362010306 0.161945503 0.866614199 0.487281443 0.107408687 0.796801827 0.604240721 0 0.981626543 0.100910794 0.161945491 0.965944062 0.235404391 0.107409696 0.930276632 0.366858813 0 0.972452232 -0.167661988 0.161944789 0.993635634 -0.0339352377 0.107408693 0.994757058 0.102266296 0 0.89115499 -0.423812148 0.16194458 0.947631955 -0.300763786 0.107400295 0.985459224 -0.169912087 0 0.743765819 -0.648526217 0.161944904 0.831349903 -0.545271502 0.1074073 0.903072418 -0.429488309 0 0.541211754 -0.825144629 0.161944986 0.653401387 -0.749353785 0.107403598 0.75371016 -0.657206965 0 0.298524687 -0.940561959 0.161945093 0.427008432 -0.897845968 0.107407708 0.548444551 -0.836186925 0 0.0336855585 -0.986224655 0.161945093 0.168937385 -0.979757214 0.107405591 0.302511481 -0.953145741 0 -0.233637182 -0.958742626 0.161945188 -0.101665995 -0.989003354 0.107407595 0.03414177 -0.999417 0 -0.483641557 -0.860153824 0.161945186 -0.364731072 -0.924897329 0.107406592 -0.23675528 -0.971569317 0 -0.707103181 -0.707110381 0 -0.600734663 -0.792200251 0.107408693 -0.490104883 -0.871663469 0 2.00667e-06 0 1 -2.81503e-05 0 1 -1.27598e-05 0 1 4.67161e-06 0 1 -8.11288e-06 0 1 2.65724e-06 0 1 -1.11731e-05 0 1 5.07372e-06 0 1 3.51877e-06 0 1 6.26005e-06 0 1 -1.87189e-06 0 1 9.04205e-07 0 1 2.83879e-06 0 1 5.65731e-06 0 1 8.99078e-06 0 1 -4.60004e-06 0 1 1.85547e-06 0 1 6.94692e-06 0 1 -6.57684e-06 0 1 3.35523e-06 0 1 1.72e-06 0 1 -3.04515e-06 0 1 1.05629e-06 0 1 6.58731e-06 0 1 2.89626e-06 0 1 1.87465e-06 0 1 1.15934e-05 0 1 -2.66843e-06 0 1 -3.02943e-06 0 1 4.47366e-06 0 1 -3.68825e-06 0 1 8.82732e-06 0 1 -5.49329e-06 0 1 2.64073e-06 0 1 -9.17333e-06 0 1 1.27598e-05 0 1 1.11731e-05 0 1 -5.07372e-06 0 1 -3.51877e-06 0 1 -7.38959e-07 0 1 -2.3358e-06 0 1 -4.01334e-06 0 1 1.86644e-06 0 1 -9.04205e-07 0 1 1.04346e-06 0 1 -2.65724e-06 0 1 2.76626e-05 0 1 6.57684e-06 0 1 -3.35523e-06 0 1 -6.26005e-06 0 1 1.27082e-06 0 1 2.22237e-06 0 1 -2.18658e-06 0 1 -1.72e-06 0 1 3.04515e-06 0 1 -1.05629e-06 0 1 9.3882e-07 0 1 2.66843e-06 0 1 3.02943e-06 0 1 -4.47366e-06 0 1 7.43138e-06 0 1 -1.35237e-06 0 1 2.81268e-06 0 1 -5.05311e-06 0 -1 1.53738e-06 0 -1 6.5939e-06 0 -1 0.733128856 0.680089759 1.43737991e-05 0.826175197 0.563413298 0 0.866082051 0.499901872 0 0.930832468 0.365446188 -1.43737995e-05 0.955606169 0.294646991 0 0.988813994 0.149153899 -1.29432999e-05 0.997212261 0.0746170696 0 0.997212261 -0.0746170696 0 0.988813994 -0.149153899 1.29432999e-05 0.955606263 -0.294646688 0 0.930832468 -0.365446188 0 0.866082051 -0.499901872 0 0.826174994 -0.563413596 0 0.733128856 -0.680089759 -1.43737991e-05 0.680089759 -0.733128856 1.43737991e-05 0.563413251 -0.826175229 0 0.49990199 -0.866081983 0 0.365446154 -0.930832482 0 0.294647293 -0.955606076 0 0.149153997 -0.988813979 0 0.0746173082 -0.997212243 0 -0.0746173082 -0.997212243 0 -0.149153997 -0.988813979 0 -0.294646991 -0.955606169 0 -0.365446188 -0.930832468 1.43737995e-05 -0.499901947 -0.866082008 0 -0.563413481 -0.826175072 0 -0.680089759 -0.733128856 -1.43737991e-05 -0.733128856 -0.680089759 1.43737991e-05 -0.826175197 -0.563413298 0 -0.866082051 -0.499901872 0 -0.930832468 -0.365446188 -1.43737995e-05 -0.955606169 -0.294646991 0 -0.988813994 -0.149153899 -1.29432999e-05 -0.997212261 -0.0746170696 0 -0.997212261 0.0746170696 0 -0.988813994 0.149153899 1.29432999e-05 -0.955606263 0.294646688 0 -0.930832468 0.365446188 0 -0.866082051 0.499901872 0 -0.826174994 0.563413596 0 -0.733128856 0.680089759 -1.43737991e-05 -0.680089759 0.733128856 1.43737991e-05 -0.563413251 0.826175229 0 -0.49990199 0.866081983 0 -0.365446154 0.930832482 0 -0.294647293 0.955606076 0 -0.149153997 0.988813979 0 -0.0746173082 0.997212243 0 0.0746173082 0.997212243 0 0.149153997 0.988813979 0 0.294646991 0.955606169 0 0.365446188 0.930832468 1.43737995e-05 0.499901947 0.866082008 0 0.563413481 0.826175072 0 0.680089759 0.733128856 -1.43737991e-05 -0.675443 -0.7374122 -1.67939e-05 -0.737412296 -0.675442896 0 -0.843284235 -0.537467859 0 -0.887103008 -0.461571504 0 -0.953656897 -0.300896199 0 -0.976339109 -0.216245102 1.67939002e-05 -0.999039515 -0.0438183506 0 -0.999039515 0.0438183506 0 -0.976339109 0.216245102 -1.67939002e-05 -0.953656897 0.300896199 0 -0.887103008 0.461571504 0 -0.843284235 0.537467859 0 -0.737411769 0.675443471 -1.93218992e-05 -0.675443055 0.737412151 0 -0.537467787 0.84328428 0 -0.46157186 0.887102823 0 -0.300896079 0.953656935 -1.5122499e-05 -0.216244795 0.976339177 0 -0.0438186457 0.999039502 0 0.0438185259 0.999039507 0 0.216245102 0.976339109 -1.67939002e-05 0.300896108 0.953656926 -1.67803005e-06 0.461571186 0.887103173 -1.67938995e-05 0.537467438 0.843284503 0 0.675443 0.7374122 -1.67939e-05 0.737412296 0.675442896 0 0.843284235 0.537467859 0 0.887103008 0.461571504 0 0.953656897 0.300896199 0 0.976339109 0.216245102 1.67939002e-05 0.999039515 0.0438183506 0 0.999039515 -0.0438183506 0 0.976339109 -0.216245102 -1.67939002e-05 0.953656897 -0.300896199 0 0.887103008 -0.461571504 0 0.843284235 -0.537467859 0 0.737411769 -0.675443471 -1.93218992e-05 0.675443055 -0.737412151 0 0.537467787 -0.84328428 0 0.46157186 -0.887102823 0 0.300896079 -0.953656935 -1.5122499e-05 0.216244795 -0.976339177 0 0.0438186457 -0.999039502 0 -0.0438185259 -0.999039507 0 -0.216245102 -0.976339109 -1.67939002e-05 -0.300896108 -0.953656926 -1.67803005e-06 -0.461571186 -0.887103173 -1.67938995e-05 -0.537467438 -0.843284503 0 4.3813e-06 0 -1 -5.32171e-06 0 -1 5.95231e-06 0 -1 5.3315e-06 0 -1 5.34788e-06 0 -1 5.88286e-06 0 -1 -1.35953e-06 0 -1 -1.71332e-07 0 -1 7.11405e-07 0 -1 -7.03478e-07 0 -1 1.186e-05 0 -1 -5.32493e-06 0 -1 5.23921e-06 0 -1 -6.16431e-06 0 -1 -4.96556e-06 0 -1 2.38686e-06 0 -1 -1.75754e-06 0 -1 5.84522e-07 0 -1 5.72255e-07 0 -1 -2.23982e-06 0 -1 0.500001591 0.866024485 0 0.500000238 0.866025266 0 -0.500001591 0.866024485 0 -0.500000238 0.866025266 0 -0.866023387 0.500003493 0 -0.866026972 0.499997284 0 -0.866026526 -0.499998057 0 -0.86602379 -0.500002794 0 -0.500001591 -0.866024485 0 -0.500000238 -0.866025266 0 0.500001591 -0.866024485 0 0.500000238 -0.866025266 0 0.866026526 -0.499998057 0 0.866025385 -0.500000033 0 0.866024956 0.500000775 0 0.866026972 0.499997284 0 7.46252e-06 0 1 6.58457e-06 0 1 -2.63383e-05 0 1 -6.58457e-06 0 1 -7.46252e-06 0 1 -7.46253e-06 0 1 0.499998992 0.866025986 0 -0.499998992 0.866025986 0 -0.500000152 0.866025316 0 -0.866024777 0.500001086 0 -0.866025986 0.499998992 0 -0.866025316 -0.500000152 0 -0.866025471 -0.499999883 0 -0.500000152 -0.866025316 0 -0.500001086 -0.866024777 0 0.499998992 -0.866025986 0 0.500001086 -0.866024777 0 0.866025316 -0.500000152 0 0.866025471 -0.499999883 0 0.866024777 0.500001086 0 0.866025986 0.499998992 0 -0.234787388 0 0.972046749 -0.694631746 -0.136201989 0.706353845 -0.682991368 -0.183066092 0.707113567 -0.6829916 -0.1830651 0.7071136 -0.669760187 -0.229460596 0.706235886 -0.203284879 -0.117409188 0.9720547 -0.482354872 -0.51742577 0.706826959 -0.592500669 -0.398161679 0.700292963 -0.442437891 -0.554502089 0.704823486 -0.24352019 -0.665402973 0.705646371 -0.121786993 -0.698020457 0.705645357 0.121788488 -0.698021031 0.705644531 0.243516473 -0.665405127 0.705645622 0.454489695 -0.543605894 0.705642792 0.543625612 -0.45447461 0.705637316 0.665414018 -0.243531307 0.705632119 0.69802797 -0.121801795 0.70563537 0.698034977 0.121781296 0.705631977 0.665410081 0.243547393 0.70563028 0.543612396 0.454496197 0.705633595 0.454496975 0.54360517 0.705638661 0.243526004 0.665402711 0.705644612 0.121800591 0.698013848 0.705649548 -0.121751899 0.698031897 0.705640097 0 0.719305887 0.694693487 -0.121827797 0.698010683 0.705647982 -0.359850985 0.622906675 0.694618272 -0.454452385 0.543652682 0.705630776 -0.359800995 0.622924491 0.69462819 -0.454501374 0.543609669 0.70563236 -0.622964648 0.35964407 0.694673442 -0.660422289 0.258998196 0.704813688 -0.676449113 0.206933904 0.706820314 -0.712172759 0.0486801772 0.700314359 0.500000775 0.866024956 0 0.499999453 0.866025719 0 -0.500000775 0.866024956 0 -0.499999453 0.866025719 0 -0.866025719 0.499999453 0 -0.866025266 0.500000238 0 -0.866025719 -0.499999453 0 -0.866025266 -0.500000238 0 -0.500000775 -0.866024956 0 -0.499999453 -0.866025719 0 0.500000775 -0.866024956 0 0.499999453 -0.866025719 0 0.866025719 -0.499999453 0 0.866024485 -0.500001591 0 0.866025266 0.500000238 0 6.58454e-06 0 1 -7.46249e-06 0 1 -6.58458e-06 0 1 7.46253e-06 0 1 0.500001398 0.866024597 0 -0.499999603 0.866025633 0 -0.500001086 0.866024777 0 -0.866025068 0.500000582 0 -0.866024665 -0.50000128 0 -0.866025068 -0.500000582 0 -0.499998992 -0.866025986 0 -0.500001666 -0.866024442 0 0.499999303 -0.866025806 0 0.866024981 -0.500000732 0 0.866025539 -0.499999765 0 0.866025539 0.499999765 0 0.866025719 0.499999453 0 -0.117391398 -0.203352597 0.972042685 -0.229534811 -0.669873133 0.706104635 -0.183133989 -0.683093359 0.706997458 -0.183132985 -0.683093644 0.706997442 -0.136305797 -0.694723185 0.706243885 0 -0.234811483 0.972040929 0.206898083 -0.676460145 0.706820243 0.0487074798 -0.712150597 0.700334997 0.259020287 -0.660417066 0.704810464 0.454491695 -0.543616294 0.705633492 0.543625362 -0.454475168 0.70563715 0.665389604 -0.243593701 0.705633604 0.622950353 -0.359675773 0.694669847 0.665416951 -0.243506982 0.705637748 0.719271445 0 0.694729147 0.698023282 0.121775297 0.705644581 0.665397256 0.243543684 0.705643653 0.543602939 0.454499549 0.705638721 0.454502779 0.543608875 0.705632068 0.243595101 0.665398002 0.705625202 0.359376314 0.623054724 0.694731226 0.243500101 0.665421002 0.705636302 0 0.71930908 0.694690181 -0.121793493 0.698031958 0.705632858 -0.243558907 0.66540402 0.705632021 -0.454484145 0.543616734 0.705638015 -0.543597599 0.454497899 0.705643898 -0.665398124 0.243526909 0.705648625 -0.698016087 0.121802598 0.705646987 -0.698022569 -0.121781195 0.705644269 -0.665394619 -0.243536207 0.70564872 -0.554521905 -0.442412704 0.704823706 -0.517388685 -0.482393886 0.70682748 -0.398253583 -0.592441374 0.70029087 0.49999868 0.866026166 0 0.500001785 0.866024373 0 -0.49999868 0.866026166 0 -0.500001785 0.866024373 0 -0.866026526 0.499998057 0 -0.866024485 0.500001591 0 -0.866024956 -0.500000775 0 -0.866026054 -0.499998874 0 -0.500003181 -0.866023567 0 -0.49999868 -0.866026166 0 0.500003181 -0.866023567 0 0.49999868 -0.866026166 0 0.866024956 -0.500000775 0 0.866026054 -0.499998874 0 0.866026526 0.499998057 0 0.866024485 0.500001591 0 6.58462e-06 0 1 0.499997789 0.86602668 0 0.500001086 0.866024777 0 -0.500001666 0.866024442 0 -0.866024665 0.50000128 0 -0.866026097 -0.499998799 0 -0.499997552 -0.866026817 0 0.499996897 -0.866027195 0 0.499999883 -0.866025471 0 0.86602668 -0.499997789 0 0.866025316 0.500000152 0 0.117396399 -0.203362099 0.972040093 0.465207849 -0.533684341 0.706231323 0.499904787 -0.500151887 0.707066682 0.499904787 -0.500151887 0.707066682 0.53343757 -0.465454474 0.70625526 0.203290276 -0.117412386 0.972053185 0.689271998 -0.159095699 0.706818698 0.64107018 -0.31387029 0.700367378 0.689284919 -0.159032504 0.706820319 0.719257296 0 0.694743796 0.698036487 0.121777798 0.705631087 0.665406623 0.243544272 0.705634618 0.543609587 0.454492589 0.705638083 0.454486911 0.543610913 0.705640718 0.243515596 0.665403788 0.705647188 0.121794401 0.698018206 0.705646306 -0.121783995 0.698021471 0.705644871 -0.243511585 0.665401259 0.705650957 -0.454477267 0.543602061 0.705653749 -0.543587667 0.454493072 0.705654657 -0.665394457 0.243524384 0.705652954 -0.698016794 0.121801399 0.705646494 -0.698021503 -0.121770301 0.705647203 -0.665395844 -0.243539179 0.70564654 -0.543614084 -0.454478987 0.705643379 -0.454492973 -0.543609168 0.705638158 -0.24355679 -0.665403574 0.705633172 -0.121791799 -0.698030094 0.705634994 0.105901497 -0.701440479 0.704816379 0.1590486 -0.689280301 0.706821201 0.313791294 -0.641064487 0.700407986 -0.866025385 0.500000033 0 -0.866026972 -0.499997284 0 0.866023387 -0.500003493 0 0.866026972 -0.499997284 0 0.86602379 0.500002794 0 2.63383e-05 0 1 7.46253e-06 0 1 0.500000152 0.866025316 0 -0.866025316 0.500000152 0 -0.866025471 0.499999883 0 -0.866024777 -0.500001086 0 -0.866025986 -0.499998992 0 0.500000152 -0.866025316 0 0.866024777 -0.500001086 0 0.866025986 -0.499998992 0 0.866025471 0.499999883 0 0.234787388 0 0.972046749 0.694631746 0.136201989 0.706353845 0.682991368 0.183066092 0.707113567 0.6829916 0.1830651 0.7071136 0.669760187 0.229460596 0.706235886 0.203284879 0.117409188 0.9720547 0.482419043 0.517367639 0.706825716 0.592500669 0.398161679 0.700292963 0.482353005 0.517425805 0.706828207 0.359397505 0.623021109 0.69475041 0.243591101 0.665386103 0.705637803 0.359819387 0.622896377 0.694643874 0.243499283 0.665412554 0.705644551 0 0.719309669 0.694689571 -0.121788488 0.698021031 0.705644531 -0.243516473 0.665405127 0.705645622 -0.454489695 0.543605894 0.705642792 -0.543625612 0.45447461 0.705637316 -0.665400129 0.243590674 0.705624725 -0.622928735 0.35966282 0.694695939 -0.665420963 0.243504386 0.70563486 -0.719284907 0 0.69471521 -0.698046306 -0.121757901 0.705624807 -0.719509008 0 0.694483108 -0.698027658 -0.121822193 0.705632158 -0.622986168 -0.359656582 0.694647664 -0.543644863 -0.454471869 0.705624251 -0.623095981 -0.359604989 0.694575878 -0.543597099 -0.454513399 0.705634299 -0.359624264 -0.622963938 0.694684331 -0.243560904 -0.66539821 0.705636811 -0.359587575 -0.622953757 0.694712453 -0.243499095 -0.665412586 0.705644585 0 -0.719310357 0.694688859 0.121789203 -0.698020215 0.705645215 0.243543886 -0.665400462 0.70564056 0.454478006 -0.543625508 0.70563521 0.543623788 -0.45448569 0.705631585 0.660422289 -0.258998196 0.704813688 0.676449113 -0.206933904 0.706820314 0.712172759 -0.0486801772 0.700314359 0.866025266 -0.500000238 0 0.866025719 0.499999453 0 6.58458e-06 0 1 -7.46253e-06 0 1 -6.58454e-06 0 1 7.46249e-06 0 1 0.500001666 0.866024442 0 -0.499999303 0.866025806 0 -0.866024981 0.500000732 0 -0.866025539 0.499999765 0 -0.866025539 -0.499999765 0 -0.866025719 -0.499999453 0 -0.500001398 -0.866024597 0 0.499999603 -0.866025633 0 0.866025068 -0.500000582 0 0.866024665 0.50000128 0 0.866025068 0.500000582 0 0.117391398 0.203352597 0.972042685 0.229534811 0.669873133 0.706104635 0.183133989 0.683093359 0.706997458 0.183132985 0.683093644 0.706997442 0.136305797 0.694723185 0.706243885 0 0.234811483 0.972040929 -0.206898083 0.676460145 0.706820243 -0.0487074798 0.712150597 0.700334997 -0.259020287 0.660417066 0.704810464 -0.454491695 0.543616294 0.705633492 -0.543625362 0.454475168 0.70563715 -0.665389604 0.243593701 0.705633604 -0.622950353 0.359675773 0.694669847 -0.665416951 0.243506982 0.705637748 -0.719271445 0 0.694729147 -0.698023282 -0.121775297 0.705644581 -0.665397256 -0.243543684 0.705643653 -0.543602939 -0.454499549 0.705638721 -0.454502779 -0.543608875 0.705632068 -0.243595101 -0.665398002 0.705625202 -0.359376314 -0.623054724 0.694731226 -0.243500101 -0.665421002 0.705636302 0 -0.71930908 0.694690181 0.121793493 -0.698031958 0.705632858 0.243558907 -0.66540402 0.705632021 0.454484145 -0.543616734 0.705638015 0.543597599 -0.454497899 0.705643898 0.665398124 -0.243526909 0.705648625 0.698016087 -0.121802598 0.705646987 0.698022569 0.121781195 0.705644269 0.665394619 0.243536207 0.70564872 0.554521905 0.442412704 0.704823706 0.517388685 0.482393886 0.70682748 0.398253583 0.592441374 0.70029087 0.500003181 0.866023567 0 -0.500003181 0.866023567 0 -0.866024956 0.500000775 0 -0.866026054 0.499998874 0 -0.866024485 -0.500001591 0 -0.500001785 -0.866024373 0 0.500001785 -0.866024373 0 0.866026054 0.499998874 0 -6.58462e-06 0 1 0.499997552 0.866026817 0 -0.499996897 0.866027195 0 -0.499999883 0.866025471 0 -0.86602668 0.499997789 0 -0.499997789 -0.86602668 0 0.500001666 -0.866024442 0 0.866024665 -0.50000128 0 0.866026097 0.499998799 0 -0.117396399 0.203362099 0.972040093 -0.465207849 0.533684341 0.706231323 -0.499904787 0.500151887 0.707066682 -0.499904787 0.500151887 0.707066682 -0.53343757 0.465454474 0.70625526 -0.203290276 0.117412386 0.972053185 -0.689271998 0.159095699 0.706818698 -0.64107018 0.31387029 0.700367378 -0.689284919 0.159032504 0.706820319 -0.719257296 0 0.694743796 -0.698036487 -0.121777798 0.705631087 -0.665406623 -0.243544272 0.705634618 -0.543609587 -0.454492589 0.705638083 -0.454486911 -0.543610913 0.705640718 -0.243515596 -0.665403788 0.705647188 -0.121794401 -0.698018206 0.705646306 0.121783995 -0.698021471 0.705644871 0.243511585 -0.665401259 0.705650957 0.454477267 -0.543602061 0.705653749 0.543587667 -0.454493072 0.705654657 0.665394457 -0.243524384 0.705652954 0.698016794 -0.121801399 0.705646494 0.698021503 0.121770301 0.705647203 0.665395844 0.243539179 0.70564654 0.543614084 0.454478987 0.705643379 0.454492973 0.543609168 0.705638158 0.24355679 0.665403574 0.705633172 0.121791799 0.698030094 0.705634994 -0.105901497 0.701440479 0.704816379 -0.1590486 0.689280301 0.706821201 -0.313791294 0.641064487 0.700407986 -0.596570165 -0.380242878 -0.706766858 -0.627570405 -0.326552003 -0.706766706 -0.674656475 -0.212884792 -0.706766373 -0.690714979 -0.152956395 -0.706765279 -0.706767424 -0.031016461 -0.706765724 -0.706765871 0.0310256987 -0.706766871 -0.690712778 0.152964495 -0.706765677 -0.674653534 0.212891911 -0.706767036 -0.62758507 0.326524985 -0.706766166 -0.596588959 0.380215074 -0.706765952 -0.521692668 0.47782567 -0.706766856 -0.477823989 0.521695388 -0.706765984 -0.380247183 0.596568474 -0.706765969 -0.32651808 0.627589462 -0.706765457 -0.212888703 0.674655308 -0.706766309 -0.152961295 0.690713279 -0.706765879 -0.031018549 0.706767078 -0.706765978 0.0310235586 0.706767268 -0.706765568 0.152965493 0.690712567 -0.706765667 0.212893602 0.674654707 -0.706765407 0.326518488 0.627587878 -0.706766675 0.380249187 0.596566479 -0.706766575 0.477824596 0.521693195 -0.706767194 0.521696795 0.477821996 -0.706766294 0.596570165 0.380242878 -0.706766858 0.627570405 0.326552003 -0.706766706 0.674656475 0.212884792 -0.706766373 0.690714979 0.152956395 -0.706765279 0.706767424 0.031016461 -0.706765724 0.706765871 -0.0310256987 -0.706766871 0.690712778 -0.152964495 -0.706765677 0.674653534 -0.212891911 -0.706767036 0.62758507 -0.326524985 -0.706766166 0.596588959 -0.380215074 -0.706765952 0.521692668 -0.47782567 -0.706766856 0.477823989 -0.521695388 -0.706765984 0.380247183 -0.596568474 -0.706765969 0.32651808 -0.627589462 -0.706765457 0.212888703 -0.674655308 -0.706766309 0.152961295 -0.690713279 -0.706765879 0.031018549 -0.706767078 -0.706765978 -0.0310235586 -0.706767268 -0.706765568 -0.152965493 -0.690712567 -0.706765667 -0.212893602 -0.674654707 -0.706765407 -0.326518488 -0.627587878 -0.706766675 -0.380249187 -0.596566479 -0.706766575 -0.477824596 -0.521693195 -0.706767194 -0.521696795 -0.477821996 -0.706766294 -0.600168537 -0.374595861 -0.706735926 -0.631905382 -0.318153991 -0.70673448 -0.678978368 -0.198781091 -0.706735066 -0.69430892 -0.135868204 -0.70673542 -0.70742913 -0.00822454519 -0.706736431 -0.705220121 0.0564917917 -0.706734221 -0.683415836 0.18294211 -0.706735438 -0.663826208 0.244662103 -0.706735609 -0.608718259 0.360538976 -0.706734553 -0.573202705 0.414685603 -0.706735106 -0.488868079 0.511403778 -0.70673487 -0.440060703 0.553960604 -0.706734905 -0.332765184 0.62433327 -0.706735666 -0.274286893 0.652143784 -0.706735583 -0.151982388 0.690959444 -0.706736443 -0.0881698134 0.701961227 -0.706736528 0.0400699877 0.706340659 -0.706737059 0.104484597 0.699718279 -0.706737079 0.229160207 0.669335021 -0.706736322 0.289398386 0.645579468 -0.706735965 0.401247217 0.582688825 -0.706735031 0.452841275 0.54356237 -0.706735261 0.543572587 0.452829289 -0.706735083 0.582697164 0.401233476 -0.706735957 0.645587586 0.289379494 -0.706736285 0.669342107 0.229141403 -0.706735708 0.699718187 0.104478398 -0.706738087 0.706342069 0.0400643283 -0.706735969 0.701960103 -0.0881813703 -0.706736203 0.690958269 -0.151994593 -0.706734968 0.652140599 -0.2742952 -0.706735299 0.624328335 -0.332773465 -0.706736126 0.553950545 -0.440070756 -0.70673653 0.511393977 -0.488878478 -0.706734769 0.414681661 -0.573205646 -0.706735033 0.3605346 -0.6087201 -0.7067352 0.244654104 -0.66382841 -0.70673631 0.182933591 -0.683417365 -0.706736164 0.0564806971 -0.705220164 -0.706735064 -0.0082355726 -0.707430566 -0.706734866 -0.135877885 -0.694307225 -0.706735224 -0.198793089 -0.678974862 -0.70673506 -0.260616289 -0.660876572 -0.70379067 -0.34656852 -0.616354036 -0.707105341 -0.198810877 -0.678972922 -0.706731919 -0.374608875 -0.60016156 -0.706734953 -0.476849284 -0.522627983 -0.706735277 -0.522635213 -0.476840412 -0.706735917 0.666436687 0.50537189 0.548143589 0.558816846 0.504776351 0.657970036 0.600602787 0.45545269 0.657144686 0.600600465 0.455448574 0.657149662 0.616358794 0.346562197 0.707104293 0.67428564 0.33529007 0.657966142 0.701214095 0.276520498 0.657141695 0.778073764 0.306826986 0.548140875 0.701209679 0.276513192 0.657149481 0.686993641 0.167418786 0.707114339 0.73973278 0.140940896 0.657974982 0.749836524 0.0770903122 0.657116634 0.831994333 0.0855314631 0.548151256 0.749789309 0.0770570609 0.657174408 0.706694962 -0.0241417187 0.707106362 0.750332638 -0.0638700047 0.657967746 0.742808169 -0.128077595 0.657139372 0.824228149 -0.142107291 0.548136366 0.742795013 -0.128081285 0.657153523 0.673970249 -0.213912684 0.707110647 0.705277471 -0.263933789 0.657968573 0.680708679 -0.32373069 0.657140879 0.755324272 -0.359206087 0.54813888 0.680692591 -0.323737496 0.657154191 0.591264555 -0.38781537 0.707110646 0.607914481 -0.444428186 0.657969279 0.568146954 -0.49539116 0.657112347 0.630392648 -0.549672155 0.548147455 0.568112369 -0.495371773 0.657156864 0.464705408 -0.532958609 0.707109613 0.465464477 -0.591963771 0.657967868 0.413399986 -0.630286179 0.657145178 0.458720597 -0.699366395 0.548144196 0.413399492 -0.630276588 0.657154687 0.303684377 -0.638571852 0.707108046 0.288495497 -0.695593494 0.657966594 0.228028385 -0.718444051 0.657146255 0.253020678 -0.797193332 0.548145353 0.228023687 -0.718438859 0.657153562 0.120142597 -0.696825785 0.707106485 0.0901278204 -0.747633603 0.657967303 0.0257409815 -0.753350843 0.657114837 0.0285564586 -0.835891959 0.548150673 0.0257382885 -0.753317156 0.657153561 -0.0723134157 -0.703398658 0.707107558 -0.114923196 -0.744224876 0.657968079 -0.178461785 -0.732329339 0.657149245 -0.198025674 -0.812599893 0.548148928 -0.17847089 -0.73232836 0.657147864 -0.259397696 -0.65780739 0.707108389 -0.31144729 -0.685620378 0.657970579 -0.369430974 -0.657028854 0.657140654 -0.467858414 -0.616965819 0.632820419 -0.427254293 -0.563428091 0.707108588 -0.532994451 -0.532988051 0.657145839 -0.591418015 -0.591406515 0.548145114 -0.532988203 -0.532951803 0.657180304 -0.563422394 -0.427262295 0.707108292 -0.622345857 -0.423982671 0.657969854 -0.657028247 -0.36943367 0.657139747 -0.729052343 -0.409913268 0.548136657 -0.657021458 -0.369421176 0.657153558 -0.65779953 -0.259407172 0.707112224 -0.713653764 -0.240352288 0.657973467 -0.732338429 -0.178463183 0.657138736 -0.812610064 -0.198020891 0.548135576 -0.732325562 -0.178456591 0.657154865 -0.70339311 -0.072312111 0.70711321 -0.752036583 -0.0388997091 0.657972485 -0.753332612 0.025731137 0.657136123 -0.835904157 0.0285545485 0.548132172 -0.753292611 0.0257558204 0.65718101 -0.69682579 0.120144898 0.70710609 -0.734647382 0.165444896 0.657967484 -0.718451635 0.228027879 0.65713814 -0.797202407 0.253013202 0.548135605 -0.718432934 0.228036079 0.65715574 -0.638567782 0.303692391 0.70710828 -0.662768231 0.357513563 0.657968331 -0.630284049 0.413405667 0.657143647 -0.699373261 0.458711475 0.54814307 -0.63027337 0.413399181 0.657157969 -0.532949785 0.464716187 0.70710918 -0.541736703 0.523068103 0.657967404 -0.495378881 0.568121079 0.657143975 -0.549683984 0.630386481 0.548142684 -0.495367499 0.568124499 0.657149599 -0.38781118 0.59127027 0.707108164 -0.380523897 0.649829794 0.657968694 -0.323727702 0.680703704 0.657147504 -0.359219689 0.755311777 0.548147183 -0.323721998 0.680698895 0.657155295 -0.213906094 0.673976082 0.707107081 -0.191089496 0.728397783 0.657967685 -0.128074395 0.742832072 0.657112975 -0.142113293 0.824218862 0.548148775 -0.128072596 0.742795577 0.657154579 -0.0241397599 0.706695496 0.707105896 0.01251405 0.752943301 0.657966401 0.0770814988 0.749810389 0.65714749 0.085533383 0.831996729 0.548147319 0.0770896004 0.749808404 0.657148804 0.167417002 0.687001107 0.707107507 0.215189892 0.721644873 0.657968075 0.27653428 0.70123625 0.657112253 0.306837297 0.778064893 0.548147695 0.276525679 0.701206846 0.65714725 0.346562199 0.616358098 0.707104898 0.401909804 0.636828206 0.657965307 0.455451089 0.600603785 0.657144884 0.505374697 0.666433895 0.548144396 0.455454111 0.600596315 0.657149617 0.499996544 0.500001844 0.707107921 -0.724854779 -0.221184894 0.652428381 -0.742184047 -0.197312586 0.640492454 -0.759678268 -0.168726593 0.628028874 -0.736256653 -0.078341235 0.672152357 0.380011369 -0.605696151 0.699087643 0.521301865 -0.497099567 0.693639954 0.465648679 -0.547297376 0.695440069 0.606322365 -0.380429878 0.69831676 0.544788492 -0.478060493 0.68895839 0.500000809 -0.499997309 0.707108112 0.766127242 0.193499785 0.612867753 0.742184047 0.197312586 0.640492454 0.759678268 0.168726593 0.628028874 0.736267054 0.0783455851 0.672140458 -0.380011369 0.605696151 0.699087643 -0.487684883 0.526849382 0.696127276 -0.465648679 0.547297376 0.695440069 -0.606322365 0.380429878 0.69831676 -0.544773809 0.478067108 0.688965411 -0.569708065 0.450698972 0.687243157 -0.544743371 0.478085575 0.688976664 -0.500000809 0.499997309 0.707108112 -0.373806505 0.600230908 0.707100809 -0.258489698 0.658435996 0.706855795 -0.208393691 0.675964272 0.70685527 -0.105491289 0.699446525 0.706856525 -0.0527511154 0.705388239 0.706855539 0.0421630681 0.706340068 0.706615868 0.104507396 0.744009171 0.659945875 0.168725889 0.759681249 0.628025457 0.193498273 0.766141093 0.612850915 0.197312287 0.74218585 0.640490457 0.207610178 0.697427126 0.685925227 -0.704364939 -0.0632504146 0.707014439 -0.70933785 0 0.70486865 -0.736272535 -0.0783526337 0.672133632 -0.702656724 0.0792204015 0.707105124 -0.699442182 0.105533097 0.706854582 -0.675951259 0.208432887 0.706856157 -0.658420442 0.258528377 0.706856138 -0.598718447 0.376207067 0.707109938 -0.20761449 -0.697416166 0.685935066 -0.26099061 -0.657504026 0.706804328 -0.198857987 -0.744362952 0.637478859 -0.307775097 -0.639088894 0.704868693 -0.261022882 -0.657492156 0.706803452 -0.353583479 -0.612642963 0.706857357 -0.398535565 -0.584399049 0.706857238 -0.442281968 -0.554574659 0.704864248 -0.398567495 -0.584377693 0.706856891 -0.500003334 -0.499999034 0.707105107 -0.518604574 -0.481045076 0.706855665 -0.584408986 -0.398521091 0.706857183 -0.612644886 -0.353583692 0.706855584 -0.651541454 -0.27667988 0.70635825 -0.697416639 -0.207614312 0.685934639 0.373806505 -0.600230908 0.707100809 0.258489698 -0.658435996 0.706855795 0.208393691 -0.675964272 0.70685527 0.105491289 -0.699446525 0.706856525 0.0527511154 -0.705388239 0.706855539 -0.0421630681 -0.706340068 0.706615868 -0.104507396 -0.744009171 0.659945875 -0.168725889 -0.759681249 0.628025457 -0.197312287 -0.74218585 0.640490457 0.704364939 0.0632504146 0.707014439 0.705383975 -0.0527928981 0.706856675 0.699442182 -0.105533097 0.706854582 0.675951259 -0.208432887 0.706856157 0.658420442 -0.258528377 0.706856138 0.598718447 -0.376207067 0.707109938 0.207617288 0.697395961 0.685954762 0.261095694 0.657465684 0.706801183 0.276714196 0.65152879 0.706356489 0.307775908 0.639088917 0.704868319 0.276691989 0.651539974 0.706354872 0.376211593 0.598720388 0.707105886 0.398535565 0.584399049 0.706857238 0.442281968 0.554574659 0.704864248 0.398567495 0.584377693 0.706856891 0.500003334 0.499999034 0.707105107 0.518604574 0.481045076 0.706855665 0.554574567 0.442265174 0.704874858 0.612629037 0.353612264 0.706855027 0.612633074 0.353600385 0.706857471 0.639102284 0.307764493 0.704861183 0.651541454 0.27667988 0.70635825 0.65749248 0.261023892 0.706802778 0.697406156 0.207613787 0.685945457 0.697414935 0.207616081 0.685935836 -0.669440418 -0.234385271 -0.704920614 -0.705492701 -0.0803022902 -0.704153101 -0.698417412 -0.133295102 -0.703168212 -0.707569951 -0.0269200782 -0.706130351 -0.704370497 0.0801339696 -0.705294797 -0.706485685 0.0404490791 -0.706570485 -0.652322977 0.363174587 -0.665266077 -0.677189796 0.315242698 -0.664857896 -0.700124563 0.258201386 -0.665700864 -0.676126442 0.207901382 -0.706845139 -0.704358888 0.0802008487 -0.705298788 -0.700007143 0.161290687 -0.695683343 -0.701831191 0.121046098 -0.701983491 -0.234387205 0.669471013 -0.704890914 -0.307763977 0.639088453 -0.704873948 -0.39853477 0.584404056 -0.706853547 -0.398579783 0.584368975 -0.706857169 -0.442270969 0.554577962 -0.704868551 -0.442260098 0.554581997 -0.704872197 -0.544539251 0.513999654 -0.662783041 -0.544564663 0.513989865 -0.662769754 -0.535729558 0.462954064 -0.706163845 -0.590812889 0.461104792 -0.662059288 -0.645292135 0.514615748 -0.564596043 -0.590792965 0.461085273 -0.662090661 -0.605641721 0.365075813 -0.707048624 0.0801723447 0.704351153 -0.705309753 -0.0268919994 0.707570885 -0.706130485 -0.0802956177 0.70549498 -0.70415158 -0.133317493 0.698409663 -0.703171663 -0.234274277 0.667172836 -0.707103932 0.234395193 0.669512579 -0.704848778 0.121069101 0.701830507 -0.701980207 0.0403249191 0.706496684 -0.706566584 0.233541004 0.667426711 -0.707106912 0.353586984 0.612642773 -0.706855769 0.398526389 0.584406584 -0.706856181 0.481041395 0.518608495 -0.706855293 0.518606395 0.481044395 -0.706854793 0.584384825 0.398556649 -0.70685711 0.612623777 0.353617687 -0.706856873 0.669510593 0.234389697 -0.704852492 0.667177783 0.234269394 -0.707100882 0.698418011 0.133294602 -0.703167711 0.705492988 0.0803016387 -0.704152888 0.707569951 0.0269200782 -0.706130351 0.704353134 -0.0801691925 -0.705308134 0.706485685 -0.0404490791 -0.706570485 0.652599679 -0.402395587 -0.642021379 0.677189796 -0.315242698 -0.664857896 0.700124563 -0.258201386 -0.665700864 0.68434885 -0.192289386 -0.703343048 0.701831191 -0.121046098 -0.701983491 0.234387205 -0.669471013 -0.704890914 0.307763977 -0.639088453 -0.704873948 0.39853477 -0.584404056 -0.706853547 0.398579783 -0.584368975 -0.706857169 0.442270969 -0.554577962 -0.704868551 0.442260098 -0.554581997 -0.704872197 0.544539251 -0.513999654 -0.662783041 0.544564663 -0.513989865 -0.662769754 0.535729558 -0.462954064 -0.706163845 0.593102881 -0.490927084 -0.63813758 0.652604949 -0.402447869 -0.64198325 0.583657759 -0.399686172 -0.706820051 0.605641721 -0.365075813 -0.707048624 -0.0801722354 -0.70435116 -0.705309759 0.0268919994 -0.707570885 -0.706130485 0.0802956177 -0.70549498 -0.70415158 0.133317493 -0.698409663 -0.703171663 0.234274277 -0.667172836 -0.707103932 -0.159563097 -0.695770489 -0.700316389 -0.121069101 -0.701830507 -0.701980207 -0.0403249191 -0.706496684 -0.706566584 -0.667179465 -0.234269188 -0.707099363 -0.639082654 -0.307770978 -0.70487615 -0.584396379 -0.398542786 -0.706855374 -0.584379973 -0.398568982 -0.706854167 -0.554591322 -0.442259238 -0.7048654 -0.554569982 -0.442267386 -0.704877077 -0.481055378 -0.518594877 -0.706855768 -0.481036567 -0.518613165 -0.706855152 -0.442271974 -0.554579567 -0.704866658 -0.442259382 -0.554579677 -0.704874471 -0.353604471 -0.612635249 -0.706853542 -0.353571992 -0.612650486 -0.706856583 -0.307775869 -0.639089035 -0.704868229 -0.30776567 -0.639088538 -0.704873132 -0.233561407 -0.667424221 -0.707102523 -0.233518288 -0.667433967 -0.707107565 0 -0.990883587 0.134720885 0 -0.965015059 0.262194462 0 -0.921966895 0.387268698 0 -0.863901887 0.503660134 0 -0.863902198 0.503659599 0 -0.605398636 0.795922416 0 -0.605398509 0.795922512 0 -0.496969848 0.867767809 -2.53274983e-06 -0.378089275 0.92576914 0 -0.254729487 0.967012352 0 -0.2547293 0.967012401 0 0.1347215 0.990883503 0 0.1347215 0.990883503 0 0.503660638 0.863901593 0 0.503661067 0.863901343 0 0.611530938 0.79122052 0 0.710610557 0.703585557 0 0.795922028 0.605399145 0 0.795921943 0.605399257 0 0.967012642 0.254728385 0 0.967012537 0.254728783 0 0.990883587 -0.134720885 0 0.990883627 -0.13472059 -2.53479987e-05 0.965015052 -0.262194487 0 0.921966788 -0.387268953 0 0.863901524 -0.503660756 0 0.605398509 -0.795922512 0 0.605397888 -0.795922984 0 0.254729182 -0.967012432 0 0.254728596 -0.967012586 0 -0.134720885 -0.990883587 0 -0.134720786 -0.9908836 2.53274996e-06 -0.262193996 -0.965015186 -2.53274989e-06 -0.387268783 -0.921966859 0 -0.503660681 -0.863901568 0 -0.503661141 -0.863901299 0 -0.795922113 -0.605399034 0 -0.795923021 -0.60539784 0 -0.967012642 -0.254728385 0 -0.967012537 -0.254728783 0 -0.990883627 0.13472059 -1 3.70241e-06 0 -1 4.17508e-06 0 -1 -3.39861e-06 0 -1 2.29348e-06 0 -1 -9.99398e-07 0 -1 -8.32274e-07 0 -1 -7.75564e-07 0 -1 -1.8772e-06 0 -1 1.89749e-06 0 -1 -9.32052e-07 0 -1 3.87938e-06 0 -1 -1.81362e-06 0 -1 3.25607e-06 0 -1 -3.74563e-06 0 -0.706329113 0.702142813 0.0899702917 -0.706329166 0.655331669 0.267655587 -0.706327621 0.614266619 0.351820711 -0.706329784 0.503019489 0.498065889 -0.706330189 0.432911193 0.560076391 -0.706330333 0.274128974 0.652649038 -0.706329496 0.185577899 0.683124796 -0.706329217 0.00350451408 0.707874817 -0.706328001 -0.0899689702 0.702144101 -0.706330093 -0.267656997 0.655330094 -0.706328381 -0.351821691 0.614265184 -0.706329192 -0.498063895 0.503022295 -0.706328239 -0.560106852 0.432874963 -0.706330073 -0.652649775 0.274127889 -0.706329174 -0.683125375 0.185576993 -0.706328367 -0.707875666 0.00350421583 -0.706327959 -0.70214406 -0.0899696248 -0.706328839 -0.655331943 -0.267655777 -0.706329634 -0.614290043 -0.351775767 -0.706329081 -0.503019786 -0.498066586 -0.706329284 -0.43291099 -0.560077688 -0.706330951 -0.274127581 -0.652648954 -0.706331119 -0.185625005 -0.683110319 -0.706328317 -0.00350409708 -0.707875717 -0.706332084 0.089918308 -0.702146484 -0.706329401 0.2676566 -0.655331001 -0.706329734 0.351776267 -0.614289643 -0.706329087 0.498068291 -0.50301809 -0.706329726 0.560078241 -0.432909554 -0.706329072 0.652650774 -0.274128089 -0.706328186 0.683126287 -0.185577396 -0.706330272 0.707873771 -0.00350302386 0 0.983764269 -0.179465494 0 0.983764121 -0.179466304 0 0.787678626 -0.616086342 0 0.787678108 -0.616087006 0 0.411143762 -0.911570517 0 0.411143762 -0.911570517 0 -0.0595765723 -0.998223738 0 -0.516651568 -0.856195747 0 -0.516650995 -0.856196093 0 -0.855365785 -0.518024491 0 -0.855365901 -0.5180243 0 -0.998126776 -0.0611795624 0 -0.998126791 -0.0611793233 0 -0.912228806 0.409681103 0 -0.912228731 0.409681269 0 -0.617350966 0.786687857 0 -0.617350339 0.786688349 0 -0.181044483 0.983474908 0 -0.181044193 0.983474962 0 0.296736801 0.954959303 0 0.296736801 0.954959303 0 0.706539754 0.707673354 0 0.706539003 0.707674103 0 0.954481789 0.298269197 0 0.954481846 0.298269014 -1 -1.19082e-06 0 -1 2.27814e-06 0 -1 -1.49135e-06 0 -1 1.42707e-05 0 -1 -1.66827e-06 0 -1 5.32107e-06 0 -0.999999999 -3.20481e-05 0 -1 2.19599e-05 0 -1 2.18522e-05 0 -0.999999999 -5.11901999e-05 0 -1 2.57667e-05 0 -1 -2.58287e-05 0 -1 -2.57667e-05 0 -1 -6.64947e-06 0 -1 3.19935e-06 0 -1 -8.74111e-06 0 -1 3.0437e-06 0 -1 3.28541e-06 0 -0.999999999 -4.80748999e-05 0 -1 2.57668e-05 0 -1 -2.31956e-05 0 -0.999999998 6.99272998e-05 0 -1 -1.7348e-06 0 -1 1.01935e-05 0 -1 -2.49541e-05 0 -1 1.41573e-06 0 -1 -1.3493e-05 0 -1 1.97072e-05 0 -1 -9.59693e-06 0 -1 3.32481e-06 0 -1 6.1823e-06 0 -0.999999999 -4.53376e-05 0 -1 1.59753e-06 0 -1 -6.4701e-07 0 -1 2.76419e-05 0 -1 -4.37053e-06 0 0 0.948282479 0.317427693 0 0.662521555 0.749042849 0 0.662520491 0.74904379 0 0.199240389 0.979950645 0 0.199241177 0.979950485 0 -0.317428203 0.948282308 0 -0.317429192 0.948281977 0 -0.749038673 0.662526276 0 -0.979951075 0.199238275 0 -0.979950341 0.199241888 0 -0.948283182 -0.317425594 0 -0.662521076 -0.749043273 0 -0.662520118 -0.74904412 0 -0.199240793 -0.979950563 0 -0.199240793 -0.979950563 0 0.317428203 -0.948282308 0 0.317429402 -0.948281907 0 0.749042051 -0.662522457 0 0.749042805 -0.662521604 0 0.979950927 -0.199239005 0 0.979950684 -0.199240197 0 0.948281746 0.317429882 -1 2.27372e-05 0 -1 -1.13686e-05 0 -1 -2.27376e-05 0 -1 -2.27375e-05 0 -1 -2.27375e-05 0 -1 1.13687e-05 0 0 0.662521076 0.749043273 0 0.66252097 0.749043366 0 0.199240793 0.979950563 0 -0.749042475 0.662521978 0 -0.749042805 0.662521604 0 -0.979951255 0.199237391 0 -0.979951095 0.199238179 0 -0.948279979 -0.31743516 0 -0.948280542 -0.31743348 0 -0.662530786 -0.749034684 0 -0.662530413 -0.749035014 0 -0.199231971 -0.979952357 0 -0.199232298 -0.97995229 0 0.317429192 -0.948281977 0 0.749041633 -0.662522929 0 0.74904412 -0.662520118 0 0.979950399 -0.1992416 0 0.979951028 -0.199238506 0 0.948282308 0.317428203 -1 -2.27371e-05 0 -1 2.27371e-05 0 -1 2.27375e-05 0 -1 -5.68434e-06 0 -1 1.13688e-05 0 0 0.662525057 0.749039751 0 0.66252548 0.749039377 0 0.199232298 0.97995229 0 0.199231971 0.979952357 0 -0.317429402 0.948281907 0 -0.749038205 0.662526805 0 -0.94828265 -0.317427183 0 -0.662521555 -0.749042849 0 -0.662520491 -0.74904379 0 -0.199240389 -0.979950645 0 -0.199241177 -0.979950485 0 0.749047168 -0.662516672 0 0.74904637 -0.662517574 0 0.979951075 -0.199238275 0 0.979950341 -0.199241888 -1 -1.13687e-05 0 -1 2.27376e-05 0 -1 -2.27373e-05 0 -1 -2.27368e-05 0 -1 5.68434e-06 0 0 0.662525853 0.749039047 0 -0.317419986 0.948285059 0 -0.317420856 0.948284768 0 -0.749046277 0.662517679 0 -0.749047218 0.662516616 0 -0.979950399 0.1992416 0 -0.979951028 0.199238506 0 -0.948282308 -0.317428203 0 -0.948282479 -0.317427693 0 -0.66252097 -0.749043366 0 0.749042475 -0.662521978 -1 2.27378e-05 0 -1 -1.13685e-05 0 -1 2.27374e-05 0 -1 -2.27372e-05 0 -1 -2.27377e-05 0 -1 -2.27379e-05 0 -1 5.68427e-06 0 1 -9.18977e-06 0 0.999999999 -3.90742e-05 0 1 2.36845e-06 0 1 -5.81238e-06 0 1 7.72407e-06 0 1 -7.36429e-07 0 1 2.78725e-06 0 1 -1.0388e-06 0 1 -3.08286e-07 0 1 -2.28015e-06 0 1 6.141e-06 0 1 -5.37763e-06 0 1 2.28015e-06 0 1 -1.05242e-06 0 1 1.70308e-06 0 1 1.0388e-06 0 1 4.97238e-06 0 1 -2.52674e-06 0 1 2.11919e-05 0 1 3.80839e-06 0 1 -1.06107e-06 0 1 7.37197e-06 0 1 -1.43054e-06 0 1 3.62272e-06 0 1 -2.26268e-06 0 1 5.69806e-06 0 1 -4.66411e-06 0 1 4.17849e-06 0 1 -1.50457e-06 0 1 -1.7124e-06 0 1 2.59587e-06 0 1 1.7124e-06 0 1 1.44905e-05 0 1 -3.65511e-06 0 1 -2.39588e-06 0 1 9.39832e-06 0 1 -3.78863e-06 0 1 8.66889e-06 0 1 5.67053e-06 0 1 6.01319e-07 0 1 -5.23039e-06 0 1 2.04145e-06 0 1 -5.03599e-07 0 1 -5.06958e-07 0 1 -2.85826e-06 0 1 2.58812e-06 0 1 -3.07877e-06 0 1 -6.39748e-07 0 1 -1.23899e-06 0 1 8.46813e-07 0 1 -4.61455e-06 0 1 5.62797e-06 0 1 1.82556e-06 0 1 2.92771e-06 0 1 7.41538e-07 0 1 5.22768e-07 0 1 1.91693e-06 0 1 -2.25795e-05 0 1 6.35627e-06 0 1 -3.23536e-06 0 1 -3.00986e-07 0 1 -3.29819e-06 0 1 -3.93276e-07 0 1 -1.91631e-06 0 1 1.15547e-06 0 1 -9.35607e-07 0 1 -2.50527e-06 0 1 1.30951e-06 0 1 6.0233e-07 0 1 -6.26999e-06 0 1 -5.84959e-06 0 1 -3.45585e-06 0 1 3.64873e-06 0 1 9.18255e-06 0 1 3.88912e-06 0 1 9.7135e-06 0 1 1.1406e-05 0 1 1.94287e-07 0 1 3.10941e-06 0 1 -4.04799e-06 0 1 2.53586e-06 0 1 -6.89267e-06 0 1 -1.95775e-06 0 1 1.90861e-06 0 1 2.31333e-06 0 1 -2.35466e-06 0 1 3.05358e-06 0 0.999999999 4.09262e-05 0 1 -1.62195e-06 0 -1 -2.23053e-06 0 -1 -3.51957e-06 0 -1 -2.16096e-06 0 -1 5.49788e-06 0 -1 4.24812e-06 0 -1 -2.78866e-06 0 -0.999999999 -3.37804e-05 0 -1 2.05547e-06 0 -1 5.53376e-06 0 -1 8.87891e-06 0 -1 6.5837e-06 0 -1 4.22509e-06 0 -1 -2.52525e-06 0 -1 -2.83073e-06 0 -1 -2.63875e-06 0 -1 3.07098e-06 0 -0.999999996 -9.41162996e-05 0 -1 -1.25536e-06 0 -0.999999999 5.14437999e-05 0 -1 2.55034e-05 0 -1 -8.68661e-06 0 -1 2.63874e-06 0 -1 -1.96251e-07 0 -1 4.1815e-06 0 -1 -1.56999e-06 0 -1 6.59681e-07 0 -1 -6.5837e-06 0 -1 0 0 -1 2.83073e-06 0 -1 -6.28329e-06 0 -1 -5.5969e-07 0 -1 2.19342e-06 0 -1 3.12844e-06 0 -1 2.46467e-06 0 -1 2.81897e-06 0 -1 -2.24394e-06 0 -1 6.52531e-07 0 -1 7.65088e-07 0 -1 -2.4316e-07 0 -1 5.5969e-07 0 -1 -5.68869e-07 0 -1 6.57487e-07 0 -1 -4.15119e-06 0 -1 -7.79712e-07 0 -1 8.55534e-06 0 -1 -4.4086e-06 0 -1 -5.05899e-07 0 -1 -1.12112e-05 0 -1 -5.03858e-07 0 -1 2.51773e-07 0 -1 4.13706e-07 0 -1 -3.61634e-06 0 -1 8.68661e-06 0 -1 -1.08664e-05 0 -1 1.01356e-05 0 -1 -2.5485e-07 0 -1 1.28431e-06 0 -1 -4.64287e-07 0 -1 9.34253e-07 0 -1 1.53159e-06 0 -1 -1.22888e-06 0 -1 7.79193e-07 0 0 0.71671623 0.69736493 0 0.726190272 0.687493774 0 0.337161805 0.941446715 0 0.33716216 0.941446588 0 -0.124637592 0.992202334 0 -0.124636693 0.992202446 0 -0.559535562 0.828806343 0 -0.559534712 0.828806917 0 -0.873666581 0.486525134 0 -0.873669388 0.486520093 0 -0.999230042 0.0392342177 0 -0.999230238 0.0392292076 0 -0.909123187 -0.416527348 0 -0.909124362 -0.416524783 0 -0.894345616 -0.447376708 0 -0.894344656 -0.447378628 0 0.894345336 -0.447377268 0 0.894345096 -0.447377748 0 0.909123486 -0.416526694 0 0.909123897 -0.416525798 0 0.999230245 0.0392290279 0 0.999230033 0.0392344474 0 0.873668778 0.486521188 0 0.873667167 0.486524081 0 0.559535562 0.828806343 0 0.559534712 0.828806917 0 0.124637001 0.992202408 0 0.124637198 0.992202383 0 -0.33716216 0.941446588 0 -0.337161805 0.941446715 0 -0.726190272 0.687493774 0 -0.71671623 0.69736493 0.104473801 -0.353549804 -0.92956321 0.0417081672 -0.29356978 -0.955027336 0.069685751 -0.304602305 -0.949927014 0 -0.258817908 -0.965926131 0 -0.707108531 -0.707105031 0 -0.965925654 -0.258819688 0 -0.965925252 -0.258821187 0 -0.965925252 0.258821187 0 -0.965926596 0.258816172 0 -0.707101531 0.707112031 0 -0.707112081 0.707101481 0 -0.258814579 0.965927023 0 -0.258815494 0.965926778 0 0.258815494 0.965926778 0 0.633318419 0.773891323 0.0320857082 0.670639962 0.741088759 0.0214799587 0.795875352 0.605079363 0.0321180792 0.670677283 0.741053582 0.0163274402 0.839545809 0.543043506 0 0.835031396 0.550202297 0 0.928042002 0.372475561 0 0.965926294 0.258817298 0 0.965925679 -0.258819594 0 0.965925818 -0.258819078 0 0.707109081 -0.707104481 0 0.707105581 -0.707107981 0 0.258819103 -0.965925811 0 0.258819594 -0.965925679 0 -0.204123373 -0.978945171 0 -0.254143599 -0.967166496 0 0.20412299 -0.978945251 8.19563879e-07 0.254139562 -0.967167557 0.0152776796 0.222383894 -0.974839472 0.0152885288 0.222390382 -0.974837822 0.0230440977 0.356535065 -0.933997707 0.0117494996 0.544345282 -0.838778972 0.0513317481 -0.670242976 0.740364373 0.0206670671 -0.800460187 0.599029516 0.051305349 -0.670265087 0.740346186 0 0.258814579 0.965927023 0 0.707105031 0.707108531 0 0.707108531 0.707105031 0 0.965926131 0.258817908 0 0.965925711 0.258819476 0 0.965924769 -0.258822992 0 0.965926131 -0.258817908 0 0.707108431 -0.707105131 0 0.707105031 -0.707108531 0 0.586222612 -0.810150017 0 0.204122874 -0.978945275 0 -0.258819103 -0.965925811 0 -0.258819594 -0.965925679 0 -0.707105581 -0.707107981 0 -0.707109081 -0.707104481 0 -0.965925679 -0.258819594 0 -0.965925818 -0.258819078 0 -0.965926269 0.258817392 0 -0.965926138 0.258817883 -4.92482986e-06 -0.928055074 0.372442989 2.32889987e-05 -0.876005852 0.482300474 0.0206426885 -0.80049244 0.598987255 0 -0.835029152 0.550205703 0.0181044907 0.882188636 0.470548019 0.0235751796 0.707762289 0.706057189 0.0352871986 0.659542573 0.75083847 0 0.610186615 0.79225772 0 0.258822967 0.965924776 0 -0.258822967 0.965924776 0.0352839806 -0.659542811 0.750838412 0 -0.610186615 0.79225772 0.0235329793 -0.707773978 0.706046878 0.0240700207 -0.843052423 0.537292515 -2.90360979e-05 -0.924393033 0.381441372 0 -0.965926351 0.258817087 0 -0.965926778 0.258815494 0 -0.965924901 -0.2588225 0 -0.965924957 -0.258822289 0 -0.707106781 -0.707106781 0 -0.707106681 -0.707106881 0 -0.258822967 -0.965924776 0 0.258822967 -0.965924776 0 0.707106681 -0.707106881 0 0.707106781 -0.707106781 0 0.965924957 -0.258822289 0 0.965924901 -0.2588225 0 0.965925843 0.258818985 0 0.965926319 0.258817205 0 0.897269671 0.441482886 -0.718299165 3.04309985e-07 -0.695734367 -0.712351371 0.379082584 -0.590636876 -0.710435273 0.201718292 -0.674233975 -0.707108131 1.65183984e-06 -0.707105431 -0.710434962 -0.201717089 -0.674234663 -0.714469468 -0.333383685 -0.615133073 -0.703258757 -0.441876073 -0.556931466 -0.705705731 -0.579645343 -0.40741956 -0.705700768 -0.642665771 -0.298273587 -0.705703009 -0.705699909 -0.0630151008 -0.705703967 -0.705698567 0.0630193871 -0.705704267 -0.64265947 0.298278886 -0.705704875 -0.579642079 0.407425686 -0.705701185 -0.407422391 0.579648888 -0.705704247 -0.298272078 0.642662652 -0.70570524 -0.0630155146 0.70569764 -0.705702895 0.0630209996 0.705699495 -0.705702288 0.298280295 0.642660989 -0.705701744 0.407428868 0.579643654 -0.705704469 0.579647075 0.407419282 -0.705702349 0.642665153 0.298271178 -0.705702864 0.705700464 0.0630105068 -0.705702271 0.705700071 -0.0630215374 -0.705702537 0.642659843 -0.298282174 -0.705704051 0.57964246 -0.407426572 -0.70571651 0.407144548 -0.579825426 0.0179334776 -0.468204036 0.88343838 0.023406319 -0.701145571 0.71263387 0.0349859495 -0.747391489 0.66346209 0 -0.785871603 0.618389702 0 -0.965925679 0.258819594 0.0349842889 -0.747391577 -0.663462079 0 -0.785871603 -0.618389702 0.0234064991 -0.701146173 -0.712633272 0.0238572288 -0.534306374 -0.844954159 0 -0.378316795 -0.925676187 0 -0.258821984 -0.965925039 0 0.258822873 -0.965924801 0 0.258817883 -0.965926138 0 0.707110231 -0.707103331 0 0.707103331 -0.707110231 0 0.9659274 -0.258813173 0 0.96592394 -0.258826084 0 0.96592394 0.258826084 0 0.9659274 0.258813173 0 0.707103331 0.707110231 0 0.707106781 0.707106781 0 0.258817883 0.965926138 0 0.258819594 0.965925679 0 -0.258819594 0.965925679 0 -0.258820391 0.965925466 0 -0.436816595 0.899550589 -0.718783389 0.69523409 0 -0.712623068 0.591183573 0.377717283 -0.710810631 0.674996335 0.197808481 -0.707105081 0.707108481 -1.86275995e-07 -0.710809983 0.674996984 -0.197808595 -0.714761241 0.615805149 -0.331512273 -0.703404579 0.558052383 -0.440226687 -0.70570452 0.407421411 -0.579645516 -0.705702066 0.298274185 -0.642664069 -0.705704085 0.0630100287 -0.705699285 -0.705702664 -0.0630205768 -0.705699764 -0.705702623 -0.298281568 -0.64266003 -0.705703178 -0.407426487 -0.579643582 -0.705701444 -0.579649854 -0.407420568 -0.705702007 -0.642665006 -0.298272303 -0.705702046 -0.705700946 -0.0630142552 -0.705702875 -0.705699575 0.0630203377 -0.705702237 -0.642661843 0.298278574 -0.705701982 -0.579644685 0.40742699 -0.705703537 -0.407419821 0.57964783 -0.705702734 -0.298273114 0.642663831 -0.705703536 -0.0630088942 0.705699936 -0.705702783 0.0630201585 0.705699683 -0.705702919 0.298281108 0.642659918 -0.705703302 0.407426101 0.579643702 -0.70584966 0.581484367 0.404539477 0.0179348495 -0.468203988 0.883438377 0.023405371 -0.70114483 0.71263463 0.0349881585 -0.747393267 0.663459971 0 -0.785876392 0.618383615 0.035287428 -0.750839258 -0.659541663 0 -0.79225423 -0.610191146 0.0235758409 -0.706057128 -0.707762328 0.0240692987 -0.537291871 -0.843052854 0 -0.381442162 -0.924392707 0 -0.25881397 -0.965927186 0 -0.258813173 -0.9659274 0 0.258813173 -0.9659274 0 0.258811394 -0.965927876 0 0.707113731 -0.707099831 0 0.707110231 0.707103331 0 0.258821094 0.965925277 0 0.258822873 0.965924801 0 -0.258822873 0.965924801 0 -0.258823695 0.96592458 0 -0.436812611 0.899552523 -0.718560501 0.695462601 -0.001605629 -0.712622544 0.591183254 0.377718771 -0.710810374 0.674997276 0.197806193 -0.707102804 0.707105904 -0.00262010002 -0.71043386 0.674233162 -0.201725989 -0.714468238 0.615135647 -0.333381571 -0.703256688 0.55692589 -0.441886392 -0.705703181 0.407420789 -0.579647584 -0.705704525 0.298270168 -0.642663232 -0.705703353 0.0630152158 -0.705699553 -0.705703356 -0.063021886 -0.705698956 -0.705704901 -0.298274301 -0.642660901 -0.705703078 -0.407427087 -0.579643282 -0.705704214 -0.579646312 -0.407420808 -0.705702051 -0.642665155 -0.298271879 -0.705701456 -0.705701556 -0.0630140261 -0.705702688 -0.705699788 0.0630200489 -0.705702693 -0.642661193 0.298278897 -0.705703255 -0.579642163 0.407428374 -0.705704189 -0.407421594 0.579645791 -0.705701094 -0.298273197 0.642665594 -0.705704773 -0.0630125376 0.705698373 -0.705702853 0.0630208158 0.705699553 -0.705702492 0.298278297 0.642661692 -0.705702561 0.407427577 0.579643568 -0.705847566 0.581459772 0.404578481 0.0349859495 0.747391489 0.66346209 0.023406319 0.701145571 0.71263387 0.0238572274 0.534304242 0.844955508 -2.20998011e-05 0.378315918 0.925676545 0 0.258820391 0.965925466 0 -0.258817883 0.965926138 0 -0.707110231 0.707103331 0 -0.707099831 0.707113731 0 -0.9659274 0.258813173 0 -0.96592394 0.258826084 0 -0.96592394 -0.258826084 0 -0.9659274 -0.258813173 0 -0.707103331 -0.707110231 0 -0.707110231 -0.707103331 0 -0.258821094 -0.965925277 0 0.25882217 -0.965924989 0.0179340803 0.468206209 -0.883437216 0 0.436816595 -0.899550589 0.0234067391 0.701146673 -0.712632772 0.0349841082 0.747392662 -0.663460866 0 0.785871603 -0.618389702 0 0.965925679 0.258819594 0 0.785871603 0.618389702 -0.718783389 -0.69523409 -2.27009997e-07 -0.712624084 -0.591182087 -0.377717692 -0.710810401 -0.674996601 -0.1978084 -0.707105131 -0.707108431 3.62998965e-07 -0.710817179 -0.67500268 0.197763294 -0.714762343 -0.615804437 0.33151122 -0.703404439 -0.558052531 0.440226724 -0.705704229 -0.407419459 0.579647242 -0.705703068 -0.298272886 0.642663571 -0.705703554 -0.0630084759 0.705699954 -0.705702656 0.0630207561 0.705699756 -0.705702549 0.298281478 0.642660153 -0.705703005 0.407426445 0.579643822 -0.705702379 0.579648983 0.407420188 -0.705702532 0.642664538 0.298272071 -0.705702489 0.705700589 0.063013309 -0.705703069 0.705699369 -0.0630204573 -0.705703582 0.642660683 -0.298277892 -0.705701982 0.579644685 -0.40742699 -0.705704541 0.407421466 -0.579645452 -0.705702206 0.298274203 -0.642663906 -0.705704177 0.0630102079 -0.705699177 -0.705702733 -0.063020154 -0.705699733 -0.705702924 -0.298281068 -0.642659931 -0.705703063 -0.407426278 -0.579643869 -0.705847693 -0.581460094 -0.404577796 0.0349882184 0.747393266 0.663459969 0.0234054293 0.701144779 0.712634678 0.023858007 0.534304232 0.844955492 0 0.378311775 0.925678238 0 0.258823695 0.96592458 0 -0.258821094 0.965925277 0 -0.707103331 0.707110231 0 -0.258811394 -0.965927876 0 0.25881397 -0.965927186 0.01810574 0.4705471 -0.8821891 0 0.441484772 -0.897268743 0.0235331592 0.706046675 -0.707774175 0.0352908261 0.750839218 -0.659541528 0 0.79225423 -0.610191146 0 0.785876392 0.618383615 -0.71856045 -0.695462652 -0.00160586789 -0.712351996 -0.590637397 -0.379080598 -0.710434965 -0.674231967 -0.20172609 -0.707101633 -0.707105633 -0.00298392672 -0.710810102 -0.674997502 0.1978064 -0.714762718 -0.615804115 0.331511008 -0.703405529 -0.558050343 0.440227755 -0.705704177 -0.407421487 0.579645881 -0.705701618 -0.298272966 0.642665126 -0.705705086 -0.0630122388 0.705698086 -0.705702961 0.0630217665 0.705699361 -0.705702333 0.298278572 0.642661739 -0.705701928 0.407427858 0.579644141 -0.70570445 0.579645559 0.407421471 -0.705702689 0.64266389 0.298273095 -0.705702875 0.705700175 0.0630136078 -0.705703567 0.705698867 -0.063020517 -0.705704733 0.642659939 -0.298276772 -0.705703244 0.579642954 -0.407427267 -0.705701571 0.407420884 -0.579649477 -0.705702854 0.298271481 -0.642664458 -0.705703364 0.0630161067 -0.705699464 -0.705703868 -0.0630215972 -0.705698468 -0.705701377 -0.29827579 -0.642664079 -0.705702081 -0.407427389 -0.579644284 -0.705715486 -0.579819689 -0.407154492 0 0.965925899 -0.258818773 0 0.707108531 -0.707105031 0 0.258818773 -0.965925899 0 0.258818773 -0.965925899 0 -0.258819594 -0.965925679 0 -0.965925007 -0.258822102 0 -0.965925899 -0.258818773 0 -0.965926131 0.258817908 0 -0.965925007 0.258822102 0 -0.707106781 0.707106781 0 -0.707108531 0.707105031 0 -0.258820814 0.965925352 0 0.258821281 0.965925227 0 0.258819594 0.965925679 0 0.965925899 0.258818773 -1.71897993e-05 -0.984772958 -0.173845393 0 -0.996212916 -0.0869472614 0 -0.99144852 0.130498403 0 0.173845296 -0.984772975 0 0.086933602 -0.996214108 0 -0.130528986 -0.991444494 0 -0.13052628 -0.99144485 1.51240006e-05 0.984772938 -0.173845507 0 0.996213119 -0.0869449317 2.26611001e-05 0.997875605 0.0651481103 0 0.984773061 0.173844811 0 -0.173845296 0.984772975 0 -0.086933602 0.996214108 0 0.130528986 0.991444494 0 0.13052628 0.99144485 0 -0.965925818 -0.258819078 0 -0.707108331 -0.707105231 0 -0.707112481 -0.707101081 0 -0.258818281 -0.965926031 0 -0.258818891 -0.965925868 0 0.965926113 0.258817977 0 0.965926106 0.258818002 0 0.707106231 0.707107331 0 0.258818281 0.965926031 0 0.258818891 0.965925868 0 -0.258819289 0.965925761 0 -0.707106231 0.707107331 0 -0.965925818 0.258819078 0 -0.965926376 0.258816994 0 -0.991441479 0.130551884 0 0.258819289 -0.965925761 0 0.707108331 -0.707105231 0 0.707112481 -0.707101081 0 0.965925547 -0.258820086 0 0.965925899 -0.258818773 0 -0.965926294 0.258817298 0 -0.707103281 0.707110281 0 -0.707105581 0.707107981 0 -0.258818188 0.965926056 0 -0.258818798 0.965925893 0 0.258818493 0.965925974 0 0.258819289 0.965925761 0 0.707102681 0.707110881 0 0.707105581 0.707107981 0 0.965926138 0.258817883 0 0.965925711 0.258819476 0 0.965925096 -0.258821772 0 0.707106181 -0.707107381 0 0.258818798 -0.965925893 0 0.258819078 -0.965925818 0 -0.258818188 -0.965926056 0 -0.258818798 -0.965925893 0 -0.707105581 -0.707107981 1 -1.45608e-05 0 1 -1.82011e-06 0 1 1.45611e-05 0 1 -3.73126e-06 0 1 7.46248e-06 0 1 -1.82014e-06 0 1 7.46252e-06 0 1 -1.45609e-05 0 1 3.73126e-06 0 1 -7.46257e-06 0 0 -0.707105031 0.707108531 0 -0.258818798 0.965925893 0 -0.258819078 0.965925818 0 0.258818188 0.965926056 0 0.258818798 0.965925893 0 0.707103281 0.707110281 0 0.258818188 -0.965926056 0 0.258818798 -0.965925893 0 -0.258818493 -0.965925974 0 -0.258819289 -0.965925761 0 -0.707105031 -0.707108531 0 -0.965925227 -0.258821281 0 -0.965925547 0.258820086 1 -7.97348e-06 0 1 -3.01111e-06 0 1 3.01112e-06 0 1 6.35064e-06 0 1 -7.01308e-06 0 1 -2.20641e-06 0 1 -4.90417e-06 0 1 -9.04642e-06 0 1 -1.4561e-05 0 1 -1.45611e-05 0 1 3.64028e-06 0 1 1.4561e-05 0 1 -3.73129e-06 0 1 -1.45611e-05 0 1 -1.82009e-06 0 1 7.46257e-06 0 1 1.86564e-06 0 1 5.59689e-06 0 1 1.86563e-06 0 0 -0.707105581 0.707107981 0 -0.707107981 0.707105581 0 -0.258817883 0.965926138 0 0.258819103 0.965925811 0 0.707104431 0.707109131 0 0.707109081 0.707104481 0 0.965925818 0.258819078 0 0.965925974 -0.258818493 0 0.707104431 -0.707109131 0 -0.258818493 -0.965925974 0 -0.965926571 -0.258816265 0 -0.965926433 0.258816782 1 -7.46251e-06 0 1 -1.82012e-06 0 1 -3.73127e-06 0 1 1.4561e-05 0 1 -3.73127e-06 0 1 1.4561e-05 0 0 -0.707107981 0.707105581 0 -0.258819103 0.965925811 0 0.258818493 0.965925974 0 0.965926433 0.258816782 0 0.965926433 -0.258816782 0 0.707104481 -0.707109081 0 0.258817883 -0.965926138 0 -0.707103231 -0.707110331 0 -0.707107981 -0.707105581 0 -0.965925974 -0.258818493 1 3.73127e-06 0 1 1.4561e-05 0 0 0.995921976 0.0902187179 0 0.998632643 0.052276607 0 0.995921949 0.0902190154 0 0.994518718 0.104558691 0 -0.994518728 0.104558592 0 -0.995921949 0.0902190154 -1.00564996e-05 -0.998632665 0.0522761882 0 -0.995921976 0.0902187179 1.05667988e-06 0.034250426 -0.999413282 0 0.0513694757 -0.998679717 2.93438e-06 0 -1 7.03497e-07 0 -1 -7.54794969e-06 -0.0342686086 -0.999412659 6.55742942e-06 -0.068449064 -0.997654612 3.76504982e-06 -0.0784423263 0.996918653 0 0.0523175001 0.998630502 0 0.104556604 0.994518937 1 -9.62168e-06 0 0.999999999 -3.73525e-05 0 1 5.05759e-06 0 0.999999999 3.73525e-05 0 1 2.07495e-06 0 1 -5.05759e-06 0 1 4.03018e-06 0 1 1.09543e-05 0 1 -9.38046e-07 0 1 -4.81694e-07 0 1 1.73727e-06 0 1 -2.23811e-06 0 1 9.62168e-06 0 1 -2.76659e-06 0 1 1.02044e-06 0 1 -2.27562e-06 0 1 -3.32173e-06 0 1 0 1.14404e-06 0.857164471 -0.446039385 -0.257522691 0.8571632 -0.2575314 -0.4460368 0.857164286 -0.515043092 1.23950998e-06 0.857163219 0.257530106 -0.44603751 0.857165765 0.446037882 -0.257520989 0.857166645 6.81173956e-07 -0.515039167 0.857161331 0.446046216 0.257521309 0.857165165 0.257517789 0.446040882 0.857164286 0.515043092 1.23391998e-06 0.85716518 -0.257518164 0.446040637 0.857161287 -0.446046193 0.257521496 0.857162741 0 0.515045664 0 -0.965923325 -0.25882838 0 -0.965925391 -0.258820671 0 -0.707117831 -0.707095731 0 -0.707112331 -0.707101231 0 -0.258830396 -0.965922785 0 -0.258826575 -0.965923808 0 0.258828193 -0.965923375 0 0.258830981 -0.965922628 0 0.707113381 -0.707100181 0 0.707112331 -0.707101231 0 0.965927738 -0.25881191 0 0.965923193 -0.258828871 0 0.965923915 0.258826177 0 0.965928203 0.258810174 0 0.707103481 0.707110081 0 0.707104581 0.707108981 0 0.258813901 0.965927205 0 0.258811699 0.965927795 0 -0.258809496 0.965928385 0 -0.258813901 0.965927205 0 -0.707103481 0.707110081 0 -0.707108981 0.707104581 0 -0.965926138 0.258817883 0 -0.965923783 0.258826669 0.705704164 -0.642663667 -0.298270085 0.70570115 -0.579662159 -0.407403571 0.7057044 -0.4074141 -0.5796508 0.70570366 -0.298289383 -0.642655264 0.705703705 -0.0629961404 -0.705700905 0.705703975 0.0629934577 -0.705700875 0.705704931 0.298284513 -0.642656128 0.705701188 0.407433193 -0.57964129 0.705703621 0.579655435 -0.407408855 0.705705947 0.642649552 -0.298296278 0.705701489 0.705701589 -0.063013309 0.705701656 0.705699856 0.0630308261 0.705706926 0.642654933 0.298282369 0.705705941 0.579654852 0.407405666 0.705705286 0.407406892 0.579654788 0.705706841 0.298285775 0.642653446 0.705703782 0.0630044884 0.705700082 0.705703978 -0.062992268 0.705700978 0.705706676 -0.29827489 0.642658678 0.705703273 -0.407429885 0.579641078 0.705702434 -0.579647246 0.407422562 0.705703396 -0.642667196 0.298264298 0.705705006 -0.705698306 0.0630106816 0.705702648 -0.705702248 -0.0629929254 1 8.79273e-07 1.35895e-06 0.857165765 -0.446037882 -0.257520989 0.857163219 -0.257530106 -0.44603751 0.857164286 -0.515043092 1.23391998e-06 0.8571632 0.2575314 -0.4460368 0.857164471 0.446039385 -0.257522691 0.857166645 -6.81173956e-07 -0.515039167 0.857158715 0.446050456 0.257522675 0.85716518 0.257518164 0.446040637 0.857161725 0.515047355 2.38408979e-06 0.857165165 -0.257517789 0.446040882 0.857161331 -0.446046216 0.257521309 0.857162741 0 0.515045664 0 -0.965927606 -0.258812402 0 -0.707113381 -0.707100181 0 -0.258828778 -0.965923218 0 0.258825991 -0.965923965 0 0.707116731 -0.707096831 0 0.965925522 -0.258820179 0 0.965925981 0.258818468 0 0.707107881 0.707105681 0 0.258809496 0.965928385 0 -0.258811699 0.965927795 0 -0.707104581 0.707108981 0 -0.965928335 0.258809683 0.705705444 -0.642660549 -0.298273776 0.705702563 -0.57965987 -0.407404379 0.705703099 -0.407417042 -0.579650317 0.705702394 -0.298292097 -0.642655394 0.705702139 -0.0629964946 -0.705702439 0.705704662 0.0630351866 -0.705696462 0.705704386 0.298288694 -0.642654787 0.705703386 0.407435792 -0.579636788 0.705700738 0.579653949 -0.407415964 0.705702181 0.642670483 -0.298260092 0.705704392 0.705698892 -0.0630109893 0.705703712 0.705701212 0.062992631 0.70570046 0.642661563 0.298283383 0.705703152 0.57965726 0.407407072 0.705708612 0.407406507 0.57965101 0.705709304 0.298283702 0.642651703 0.705706462 0.0630038266 0.705697462 0.70570307 -0.0629924473 0.70570187 0.705704841 -0.298271975 0.642662046 0.705703984 -0.407426791 0.579642387 0.705704871 -0.579649676 0.407414883 0.705705419 -0.642666317 0.298261408 0.705703321 -0.705699821 0.0630125829 0.705704419 -0.705697019 -0.0630316628 1 2.27826e-06 1.13505e-06 0.857164754 -0.446039076 -0.257522286 0.857166464 -0.257518489 -0.446037981 0.857164728 -0.515042357 2.4008398e-07 0.857163858 0.257527687 -0.446037678 0.857164973 0.446039286 -0.257521192 0.857167457 9.47495842e-06 -0.515037814 0.857161832 0.446045965 0.25752008 0.857164653 0.257518986 0.446041175 0.857163412 0.515044547 7.98416918e-07 0.857165129 -0.257518979 0.446040263 0.857162871 -0.446043633 0.257520661 0.857164799 0 0.515042239 0 -0.965926728 -0.258815681 0 -0.707103481 -0.707110081 0 -0.707108981 -0.707104581 0 -0.258819968 -0.965925579 0 -0.258820484 -0.965925441 0 0.258818891 -0.965925868 0 0.258821585 -0.965925146 0 0.707105681 -0.707107881 0 0.965926728 -0.258815681 0 0.965925597 -0.258819899 0 0.965925007 0.258822102 0 0.707105681 0.707107881 0 0.258812868 0.965927481 0 0.258810597 0.96592809 0 -0.707107881 0.707105681 0 -0.965925981 0.258818468 0.705704878 -0.64265578 -0.298285391 0.705704763 -0.57965677 -0.407404979 0.705700959 -0.407414276 -0.579654866 0.705703091 -0.298297996 -0.642651891 0.705701098 -0.0630041298 -0.705702798 0.70570073 0.0630347638 -0.70570043 0.705702398 0.298285399 -0.642658498 0.705703268 0.407437582 -0.579635674 0.705705957 0.579647165 -0.407416575 0.705703577 0.642667279 -0.29826369 0.705705348 0.705697948 -0.0630108653 0.705702824 0.705698524 0.0630326732 0.705702656 0.64265906 0.298283581 0.705703668 0.579658874 0.407403882 0.705704391 0.407414695 0.579650393 0.705702108 0.298258703 0.642671207 0.705704247 0.0630063953 0.705699447 0.705702764 -0.0630351268 0.705698364 0.705702659 -0.298286583 0.642657663 0.70570039 -0.407436994 0.579639591 0.705703554 -0.579652763 0.407412774 0.705702841 -0.642651247 0.298299975 0.705702802 -0.705700702 0.0630085312 0.705703166 -0.705698166 -0.0630328569 1 4.05315e-07 -1.3091e-06 0.857161193 -0.446045796 -0.257522498 0.857161704 -0.257526071 -0.44604275 0.857164728 -0.515042357 2.4008398e-07 0.857162133 0.25752618 -0.446041865 0.857160947 0.446045624 -0.257523614 0.857164843 0 -0.515042166 0.857165393 0.446039244 0.257519868 0.85716603 0.257521179 0.446037263 0.857163429 0.515044518 7.98418027e-07 0.857165585 -0.257520966 0.44603824 0.85716693 -0.446037264 0.257518179 0.857164843 0 0.515042166 0 -0.965925597 -0.258819899 0 -0.707101281 -0.707112281 0 -0.707101831 -0.707111731 0 -0.258821094 -0.965925277 0 -0.258819383 -0.965925736 0 0.258819968 -0.965925579 0 0.258820484 -0.965925441 0 0.707103431 -0.707110131 0 0.707099581 -0.707113981 0 0.965926138 0.258817883 0 0.707112281 0.707101281 0 -0.258810597 0.96592809 0 -0.258812868 0.965927481 0 -0.707111181 0.707102381 0 -0.707110081 0.707103481 0 -0.965924882 0.258822568 0.705702532 -0.642660638 -0.298280471 0.705702704 -0.579635503 -0.407438802 0.705704661 -0.407417678 -0.579647968 0.705706951 -0.298290879 -0.642650955 0.705705068 -0.0630070471 -0.705698568 0.705704702 0.0630331513 -0.705696602 0.705705312 0.298285805 -0.642655111 0.705706738 0.407431464 -0.579635749 0.705703892 0.579648893 -0.407417695 0.705705503 0.642664603 -0.298264901 0.705704049 0.705699549 -0.0630074655 0.705703635 0.705697735 0.0630324342 0.705704735 0.642657941 0.298281073 0.705704157 0.579661165 0.407399775 0.705704544 0.407415768 0.579649454 0.705704854 0.298296481 0.642650658 0.705701654 0.0630185559 0.705700954 0.705702201 -0.0630298201 0.705699401 0.705702299 -0.2982852 0.6426587 0.705703064 -0.407404079 0.57965947 0.705702609 -0.579652907 0.407414205 0.705702726 -0.642651933 0.298298769 0.705701779 -0.705701479 0.0630112781 0.705703071 -0.705698271 -0.0630327374 1 0 -3.43211e-07 0.857164725 -0.446040061 -0.257520677 0.857164738 -0.257522181 -0.446039167 0.857164286 -0.515043092 0 0.857164283 0.257522095 -0.446040091 0.857165004 0.446040202 -0.257519501 0.857163527 0 -0.515044356 0.857162474 0.446045186 0.257519292 0.857163193 0.257527098 0.446039296 0.857164313 0.515043048 0 0.857163648 -0.257527184 0.446038373 0.857162189 -0.446045094 0.257520397 0.857164843 0 0.515042166 0 -0.965926138 -0.258817883 0 -0.965925981 -0.258818468 0 -0.707108981 -0.707104581 0 -0.707112281 -0.707101281 0 -0.258811699 -0.965927795 0 0.258810597 -0.96592809 0 0.258812868 -0.965927481 0 0.707111181 -0.707102381 0 0.707110081 -0.707103481 0 0.965926138 -0.258817883 0 0.965924882 -0.258822568 0 0.258821094 0.965925277 0 0.258819383 0.965925736 0 -0.258819968 0.965925579 0 -0.258820484 0.965925441 0.705703925 -0.642660132 -0.298278268 0.705702409 -0.579661625 -0.407402148 0.705704044 -0.407415068 -0.579650554 0.705703053 -0.29829708 -0.642652357 0.705701654 -0.0630185559 -0.705700954 0.705702201 0.0630298201 -0.705699401 0.705704162 0.298283884 -0.642657265 0.705705142 0.407403067 -0.579657652 0.705701295 0.579655496 -0.407412797 0.705704487 0.642668088 -0.298259795 0.705702948 0.705700348 -0.0630108653 0.705705115 0.705696215 0.0630328614 0.70570204 0.642659646 0.298283775 0.705702723 0.579659019 0.407405313 0.705708352 0.407409872 0.579648961 0.70570709 0.298286596 0.642652791 0.705704412 0.063003831 0.705699512 0.705706186 -0.0629920887 0.705698786 0.705705813 -0.298274706 0.642659712 0.705706984 -0.407426291 0.579639087 0.705702316 -0.579651013 0.407417409 0.70570115 -0.642669254 0.298265179 0.705704147 -0.705699447 0.0630075252 0.705701371 -0.705699971 -0.0630327374 1 0 -3.43211e-07 0.857165004 -0.446040202 -0.257519501 0.857164283 -0.257522095 -0.446040091 0.857164313 -0.515043048 0 0.857164738 0.257522181 -0.446039167 0.857164725 0.446040061 -0.257520677 0.857163527 0 -0.515044356 0.857162189 0.446045094 0.257520397 0.857163648 0.257527184 0.446038373 0.857164286 0.515043092 0 0.857163193 -0.257527098 0.446039296 0.857162474 -0.446045186 0.257519292 0.857164843 0 0.515042166 0 -0.965925007 -0.258822102 0 -0.707111181 -0.707102381 0 -0.707110081 -0.707103481 0 -0.258812868 -0.965927481 0 -0.258810597 -0.96592809 0 0.258811699 -0.965927795 0 0.707113431 -0.707100131 0 0.707107881 -0.707105681 0 0.965925981 -0.258818468 0 0.707108981 0.707104581 0 0.258819968 0.965925579 0 0.258820484 0.965925441 0 -0.258818891 0.965925868 0 -0.258821585 0.965925146 0 -0.707105681 0.707107881 0.705705146 -0.642659251 -0.298277277 0.705703379 -0.579659783 -0.407403088 0.70570454 -0.407415066 -0.579649951 0.70570264 -0.298296575 -0.642653046 0.705701507 -0.0630185006 -0.705701107 0.705701493 0.0630299994 -0.705700093 0.705704431 0.298284171 -0.642656837 0.705705427 0.407403158 -0.57965724 0.70570157 0.579655875 -0.407411783 0.705703801 0.6426687 -0.2982601 0.705703415 0.705700115 -0.0630082413 0.705702892 0.705698492 0.0630322593 0.705702549 0.642658853 0.298284278 0.705705807 0.579656606 0.407403404 0.705707856 0.407409874 0.579649564 0.705707479 0.298286991 0.642652181 0.705704609 0.0630038908 0.705699309 0.705706941 -0.0629919648 0.705698041 0.705705358 -0.298274382 0.642660362 0.705706657 -0.407426175 0.579639565 0.705706789 -0.579646491 0.407416094 0.705701075 -0.642669377 0.29826509 0.705703956 -0.705699456 0.0630095561 0.705701908 -0.705699408 -0.0630330318 1 2.90911e-07 2.74568e-07 0.857165978 -0.446036488 -0.257522693 0.857164635 -0.257526681 -0.446036766 0.857163986 -0.515043592 -1.39583998e-07 0.857164485 0.257526096 -0.446037392 0.857166141 0.446036469 -0.257522182 0.857165373 4.02002987e-07 -0.515041284 0.857165966 0.44603653 0.25752266 0.857166314 0.257517474 0.446038855 0.857163297 0.515044738 -1.39582983e-07 0.857166655 -0.257517687 0.446038077 0.857166335 -0.446035866 0.257522581 0.857165355 2.51249958e-07 0.515041313 0 -0.965924047 -0.258825686 0 -0.965926269 -0.258817392 0 -0.707104581 -0.707108981 0 -0.258824186 -0.965924449 0 -0.258820298 -0.965925491 0 0.258821984 -0.965925039 0 0.258824796 -0.965924285 0 0.707104581 -0.707108981 0 0.965928473 -0.258809166 0 0.965924047 -0.258825686 0 0.965924047 0.258825686 0 0.965928473 0.258809166 0 0.258820086 0.965925547 0 0.258817883 0.965926138 0 -0.258815681 0.965926728 0 -0.258820086 0.965925547 0 -0.965926269 0.258817392 0 -0.965924047 0.258825686 0.705704468 -0.642658971 -0.298279486 0.705704596 -0.579656397 -0.407405798 0.705702304 -0.407420003 -0.579649204 0.705703065 -0.298299185 -0.642651368 0.705702857 -0.0630072862 -0.705700757 0.705702775 0.0630348878 -0.705698375 0.705703798 0.298286399 -0.642656498 0.705702158 0.407404376 -0.579660365 0.705704096 0.579649697 -0.407416198 0.705704751 0.642667156 -0.298261179 0.705703631 0.705699431 -0.0630134838 0.705704606 0.705696906 0.0630308305 0.705706254 0.642654458 0.298284981 0.705703352 0.57965786 0.407405872 0.70570282 0.407418354 0.579649734 0.70570375 0.298300179 0.642650154 0.705702075 0.0630080078 0.705701475 0.705702541 -0.0629919648 0.705702441 0.705704784 -0.298289693 0.642653886 0.705702406 -0.407407304 0.579658005 0.70570258 -0.579650284 0.407417988 0.705701279 -0.642671381 0.298260291 0.705702824 -0.705700424 0.0630113932 0.705701672 -0.705703272 -0.0629923875 1 -1.73239e-07 2.81105e-07 0.857166141 -0.446036469 -0.257522182 0.857164485 -0.257526096 -0.446037392 0.857163615 -0.515044209 -2.84750005e-07 0.857164635 0.257526681 -0.446036766 0.857166335 0.446035866 -0.257522581 0.857165373 -4.02002987e-07 -0.515041284 0.857165978 0.446036488 0.257522693 0.857166655 0.257517687 0.446038077 0.857163986 0.515043592 1.39583998e-07 0.857166314 -0.257517474 0.446038855 0.857166281 -0.446036038 0.257522464 0.857165355 -2.51249958e-07 0.515041313 0 -0.965928473 -0.258809166 0 -0.707105681 -0.707107881 0 -0.258822568 -0.965924882 0 0.258819781 -0.965925629 0 0.707108981 -0.707104581 0 0.965926269 -0.258817392 0 0.965926269 0.258817392 0 0.707110081 0.707103481 0 0.258815681 0.965926728 0 -0.965928473 0.258809166 0.705702636 -0.642658342 -0.298285173 0.705703158 -0.579656266 -0.407408476 0.705703554 -0.407420173 -0.579647562 0.705702176 -0.29826119 -0.642669978 0.705703375 -0.0630080078 -0.705700175 0.705701491 0.0630345292 -0.705699691 0.705702092 0.298289797 -0.642656793 0.705704271 0.407404683 -0.579657576 0.705703875 0.579646179 -0.407421585 0.705699763 0.642670867 -0.298264985 0.70570136 0.70570186 -0.0630116965 0.705704486 0.705700486 0.0629920887 0.705703192 0.642659392 0.298281596 0.705705154 0.579657562 0.407403174 0.705701542 0.407418266 0.579651352 0.705700633 0.298259972 0.642672239 0.705702397 0.0630075297 0.705701197 0.70570418 -0.0629922083 0.70570078 0.705703347 -0.298287778 0.642656352 0.705705218 -0.407404411 0.579656615 0.70570202 -0.579654434 0.407413054 0.705706501 -0.642648701 0.298296801 0.705704105 -0.705699005 0.0630129504 0.705701487 -0.705699987 -0.0630312489 0 0.912194402 0.409757701 0 0.955174678 0.296042793 2.0201299e-05 0.96602175 0.258460787 0 0.933448014 0.358712705 0 0.838871772 0.544329082 0 0.776912531 0.629608544 2.06754004e-05 0.629608812 0.776912314 0 0.544329641 0.838871409 0 0.358713208 0.933447821 0 0.258461092 0.966021669 0 -0.156429992 0.987689049 3.74727995e-06 -0.078471119 0.996916387 0 -0.258461185 0.966021644 0 -0.358713503 0.933447708 0 -0.544329641 0.838871409 -2.06754004e-05 -0.629608812 0.776912314 0 -0.776912531 0.629608544 0 -0.838871772 0.544329082 0 -0.93344788 0.358713054 0 -0.966021725 0.25846088 0 -0.955174987 0.296041796 0 -0.91219451 0.40975746 -2.46550969e-06 0.254145568 -0.967165979 0 0.303491274 -0.952834218 0 0.237634393 -0.97135467 0 0.170374189 -0.985379437 0 -0.170373282 -0.985379594 0 -0.237634298 -0.971354693 0 -0.891889593 -0.452253196 2.44266987e-05 -0.942182751 -0.335099483 0 -0.762992651 -0.646407158 0 -0.687931666 -0.725775464 0 -0.516378528 -0.856360447 0 -0.419887891 -0.90757598 0 -0.215597578 -0.976482301 0 -0.107799495 -0.994172655 0 0.107799802 -0.994172622 0 0.215597599 -0.976482296 0 0.419888784 -0.907575566 0 0.516378367 -0.856360545 0 0.687931666 -0.725775464 0 0.762991964 -0.646407969 0 0.891889715 -0.452252957 -2.44266994e-05 0.942182677 -0.335099692 0 0.994168208 -0.107840501 0 0.994168327 -0.107839403 1.59192983e-06 0.99914199 -0.0414159755 9.57155874e-06 0.993874469 -0.110514885 0 0.173845895 0.98477287 1.67908985e-06 0.0869335424 0.996214113 0 -0.130523293 0.991445243 0 -0.130526182 0.991444863 0 -0.99416824 -0.107840204 0 -0.994168242 -0.107840194 0 -0.996557089 -0.0829093991 0 -0.996556861 -0.0829121368 0 -0.925739226 -0.378162511 0 -0.962086847 -0.272743285 0 0.258818561 0.965925956 0 0.707107981 0.707105581 0 -0.258818798 0.965925893 2.1353798e-06 0.962086708 -0.272743774 0 0.92573936 -0.378162184 0 0.999301481 0.0373704393 0 0.998426805 0.0560706203 0 0.982585748 0.185809709 -1.43723996e-05 0.965898772 0.258919992 0 0.916623991 0.399750496 0 0.884066638 0.467360867 0 0.804689613 0.593695736 0 0.757870968 0.652404473 0 0.652403617 0.757871704 0 0.5937356 0.8046602 0 0.467361106 0.884066511 0 0.399750953 0.916623792 0 0.258919688 0.965898854 0 0.185809286 0.982585828 0 0.0374954262 0.999296799 0 -0.037545321 0.999294926 0 -0.185810192 0.982585657 0 -0.258920459 0.965898647 0 -0.399795775 0.916604243 -1.29593991e-05 -0.467404368 0.88404364 0 -0.593735487 0.804660283 0 -0.652365729 0.757904318 0 -0.757871428 0.652403938 0 -0.8046602 0.5937356 0 -0.884066638 0.467360867 0 -0.916623991 0.399750496 0 -0.965898854 0.258919688 0 -0.982585788 0.185809498 -7.16099932e-07 -0.997203905 0.0747286529 1.07422999e-06 -0.999606687 0.0280440996 1.42111e-06 0 -1 2.71999e-07 0 -1 -2.93386e-07 0 -1 5.4913e-07 0 -1 0.706544057 -0.706543857 0.0398907576 0.706548176 -0.706548276 0.0397392487 0.707117681 -0.707095881 0 0.706551347 0.706536747 0.039887597 0.706551851 0.706550251 0.0396386872 0.706858701 0.695034901 0.131443 0.706857781 0.683223282 0.183188495 0.706859201 0.648361901 0.2828019 0.706859912 0.625353722 0.330577959 0.706858846 0.569201557 0.419952568 0.706861656 0.536107767 0.461448872 0.706864686 0.461478591 0.53607819 0.706864649 0.41998427 0.569170959 0.706860113 0.330625406 0.625328411 0.70685934 0.282803976 0.648360845 0.706860568 0.183181892 0.683222169 0.706863749 0.131435691 0.69503115 0.706862574 0.026562919 0.706851974 0.706863888 -0.0265142295 0.706852488 0.706862892 -0.131394598 0.695039792 0.706860827 -0.183143007 0.683232326 0.706858602 -0.282763501 0.648379302 0.706859025 -0.330627712 0.625328422 0.706863726 -0.419945216 0.569200921 0.706864475 -0.461445584 0.536106881 0.706861818 -0.536106314 0.461450312 0.706858428 -0.569201642 0.419953157 0.706857645 -0.625332751 0.330622474 0.706858427 -0.648362933 0.282801471 0.706858047 -0.683224745 0.183182012 0.706858915 -0.695036215 0.131434903 0.707101881 0.707111681 0 0.707101831 0.707111731 0 -0.707118331 -0.707095231 0 -0.707083781 -0.707129781 1.46173996e-06 -0.655525579 -0.754662775 0.0277544791 -0.707098461 -0.707090261 0.00592696567 -0.707128331 -0.707085231 1.80259982e-07 -0.707129731 -0.707083831 0 -0.707110481 -0.707103081 0 -0.707113831 -0.707099731 0 -0.707096281 -0.707117281 -4.11738989e-07 -0.65565205 -0.166293287 0.736523544 -0.600471656 6.67385951e-06 0.799646041 -0.636612699 -0.0677571799 0.768201299 -0.655524744 0.754663535 0.0277535276 -0.707098461 0.707090261 0.00592696567 -0.636606187 0.768206984 0.0677539086 -0.65565039 0.736525088 0.166292997 -0.707118368 -0.163394793 0.687957669 -0.706859358 -0.282800683 0.648362261 -0.706858646 -0.330622622 0.625331541 -0.706863421 -0.419952512 0.569195917 -0.706864949 -0.461447667 0.536104462 -0.706862305 -0.536108004 0.461447603 -0.706857783 -0.569202787 0.41995269 -0.706858335 -0.625331631 0.330623116 -0.706858871 -0.648361874 0.282802788 -0.706778908 -0.682276808 0.186981102 -0.63732777 -0.757222964 0.142921993 -0.636601733 -0.768210919 0.0677511528 -0.707108114 0.687967613 0.163397303 -0.70488475 0.669517552 0.234272783 -0.655643403 0.736528304 0.166306301 -0.70710823 0.637080127 0.306801013 -0.706857958 0.625345663 0.330597381 -0.704890828 0.600592539 0.377382462 -0.706859473 0.625322376 0.330638187 -0.707108887 0.55276879 0.440957692 -0.706861712 0.536091909 0.461467208 -0.704878952 0.501558566 0.501582166 -0.70685886 0.53607857 0.461487074 -0.707118078 0.440828986 0.552859683 -0.706862867 0.419948081 0.569199874 -0.706861246 0.330583375 0.625349352 -0.706857567 0.282764787 0.64837987 -0.706783183 0.186979995 0.682272683 -0.63733746 0.142927591 0.757213752 -0.636612707 0.0677547407 0.768201508 -0.707090631 0 0.707122931 -0.70707323 0.70714033 -4.11726018e-07 -0.707106381 0.707107181 0 -0.707077581 0.707135981 2.92344992e-06 -0.707113831 0.707099731 0 -0.707109731 0.707103831 0 -0.707110481 0.707103081 0 -0.707121081 0.707092481 0 -0.707120131 0.707093431 1.80259982e-07 1 -1.13685e-05 0 1 -1.42107e-05 0 1 1.13688e-05 0 1 1.13683e-05 0 1 -1.70534e-05 0 1 -1.13688e-05 0 1 8.52651e-06 0 1 1.13685e-05 0 1 -1.13684e-05 0 1 1.13687e-05 0 1 1.1369e-05 0 1 -8.5266e-06 0 1 -1.13687e-05 0 1 -1.42108e-05 0 1 1.13686e-05 0 1 1.42108e-05 0 1 -1.13687e-05 0 0 -0.979950606 0.199240581 0 -0.749046838 0.662517045 0 -0.749045666 0.66251837 0 -0.317422205 0.948284316 0 -0.317419776 0.948285129 0 0.199232182 0.979952314 0 0.662526861 0.749038156 0 0.662525001 0.749039801 0 0.948282107 0.317428802 0 0.948282007 0.317429102 0 0.979950688 -0.199240177 0 0.979950849 -0.19923939 0 0.749043179 -0.662521181 0 0.749042755 -0.662521661 0 0.317428802 -0.948282107 0 -0.199240581 -0.979950606 0 -0.199240485 -0.979950626 0 -0.662521661 -0.749042755 0 -0.662520336 -0.749043927 0 -0.948282107 -0.317428802 0 -0.948282348 -0.317428083 0 -0.979951153 0.199237891 0 -0.979951192 0.199237698 0 -0.749038156 0.662526861 0 -0.749039141 0.662525747 0 -0.317429102 0.948282007 0 -0.317428802 0.948282107 0 0.199231894 0.979952372 0 0.662526276 0.749038673 0 0.662525536 0.749039328 0 0.948282348 0.317428083 0 0.979950606 -0.199240581 0 0.749047405 -0.662516404 0 0.749046838 -0.662517045 0 0.317428383 -0.948282248 0 -0.199240985 -0.979950524 0 -0.6625198 -0.749044401 0 -0.948283292 -0.317425264 0 -0.94828271 -0.317427003 0 -0.979951075 0.199238275 0 -0.749043179 0.662521181 0 -0.749042755 0.662521661 0 0.199240581 0.979950606 0 0.199240485 0.979950626 0 0.662521661 0.749042755 0 0.662520336 0.749043927 0 0.979951153 -0.199237891 0 0.74904379 -0.662520491 0 0.749041627 -0.662522936 0 0.317428083 -0.948282348 0 -0.199232182 -0.979952314 0 -0.662530736 -0.749034728 0 -0.662530151 -0.749035245 0 -0.948280501 -0.3174336 0 -0.94828014 -0.31743468 0 -0.749039234 0.662525642 0 -0.749039707 0.662525107 0 -0.317428383 0.948282248 0 0.199240985 0.979950524 0 0.6625198 0.749044401 0 0.749042194 -0.662522295 0 0.317429102 -0.948282007 0 -0.199240773 -0.979950567 0 -0.662521076 -0.749043273 0 -0.948283051 -0.317425984 0 -0.979950688 0.199240177 1 -1.03309e-05 0 1 -4.89352e-06 0 1 4.89352e-06 0 1 8.31186e-06 0 0.999999999 -3.91483e-05 0 1 1.99316e-07 0 1 2.22016e-06 0 1 -1.41408e-05 0 1 -3.12612e-05 0 1 -4.89354e-06 0 1 1.29655e-05 0 1 -3.96222e-06 0 1 -1.45525e-06 0 1 2.13901e-06 0 1 4.15597e-07 0 1 2.18528e-06 0 1 2.55951e-05 0 1 -8.31185e-06 0 1 -2.23957e-05 0 1 9.78713e-06 0 1 -3.47985e-06 0 1 1.4586e-05 0 1 8.87298e-06 0 1 5.99808e-07 0 1 4.15592e-07 0 1 -2.65325e-06 0 1 1.12873e-05 0 1 3.12612e-05 0 0 -0.979950786 0.199239697 0 -0.749042899 0.662521499 0 -0.749042051 0.662522457 0 -0.317429672 0.948281816 0 0.199239697 0.979950786 0 0.199238698 0.979950989 0 0.662522133 0.749042337 0 0.66252097 0.749043366 0 0.948282148 0.317428682 0 0.948282077 0.317428892 0 0.979950931 -0.199238986 0 0.979950786 -0.199239697 0 0.749042899 -0.662521499 0 0.317429672 -0.948281816 0 -0.199239697 -0.979950786 0 -0.199238698 -0.979950989 0 -0.662522133 -0.749042337 0 -0.66252097 -0.749043366 0 -0.948282148 -0.317428682 0 -0.948282077 -0.317428892 0 -0.979950931 0.199238986 1 1.9876e-06 0 1 -4.07763e-07 0 1 -1.5901e-06 0 1 4.31167e-06 0 1 -1.52668e-06 0 1 1.63106e-06 0 1 -1.64523e-06 0 1 -1.63106e-06 0 1 1.52667e-06 0 1 -1.63106e-06 0 1 1.9442e-06 0 1 -1.4907e-06 0 1 5.10221e-07 0 1 2.15584e-06 0 1 4.07765e-07 0 0 0.948283252 0.317425384 0 0.99965659 0.0262049997 0 0.995373713 0.0960789816 0 0.97995156 -0.199235892 0 0.979950829 -0.199239486 0 0.936718198 -0.350084299 0 0.936718022 -0.350084771 0 0.713342738 -0.700815339 0 0.713342539 -0.70081554 0 0.366623377 -0.930369442 0 0.366623204 -0.930369511 0 -0.0434881974 -0.999053941 0 -0.0434881974 -0.999053941 0 -0.446080477 -0.894992854 0 -0.446080157 -0.894993013 0 -0.77154131 -0.636179226 0 -0.771541001 -0.636179601 0 -0.963595502 -0.267364373 0 -0.963595275 -0.267365193 0 -0.989035273 0.147679481 0 -0.989035256 0.147679593 0 -0.843461736 0.537189259 0 -0.843461855 0.537189072 0 -0.552047067 0.83381295 0 -0.552046882 0.833813073 0 -0.165175888 0.986264126 0 -0.165175693 0.986264159 0 0.250252477 0.968180612 0 0.250252266 0.968180667 0 0.622412275 0.782689568 0 0.622411994 0.782689792 0 0.886950168 0.461865131 0 0.886950519 0.461864458 0 0.948281847 0.317429582 1 2.64805e-05 0 1 -4.09294e-06 0 1 -1.23757e-05 0 1 -5.80654e-06 0 1 -7.72674e-06 0 1 -1.70419e-05 0 1 -8.50167e-06 0 1 -3.40957e-06 0 1 1.23757e-05 0 1 1.73473e-05 0 1 -1.38265e-06 0 1 4.24997e-07 0 1 -1.62763e-06 0 1 1.08986e-05 0 1 -3.58312e-06 0 1 5.12575e-06 0 1 5.89262e-06 0 1 -8.50771e-06 0 1 6.8017e-06 0 1 4.24277e-06 0 1 3.16338e-06 0 1 -1.38972e-05 0 1 8.25733e-06 0 1 1.45609e-05 0 1 6.2356e-07 0 1 -5.10914e-07 0 1 -1.62812e-06 0 1 -2.53728e-06 0 1 7.47115e-07 0 1 1.15302e-06 0 1 -1.38855e-06 0 1 -2.91121e-06 0 1 1.82014e-06 0 1 -8.13279e-06 0 1 1.50602e-05 0 1 -1.56962e-05 0 1 4.89099e-06 0 1 8.50771e-06 0 -4.32505e-07 0 1 1.56596e-07 0 1 1.54646e-07 0 1 0 0 1 1.84042e-07 0 1 0 0 1 0 0 1 -4.52472e-07 0 1 3.27519e-07 0 1 0 0 1 0 0 1 -2.21946e-07 0 1 0 0 1 0 0 1 4.24344e-07 0 1 -3.40397e-07 0 1 2.47482e-07 0 1 -3.59303e-07 0 1 5.82162e-07 0 1 -2.20585e-07 0 1 1.72106e-07 0 1 -1.25355e-07 0 1 0 0 1 3.95178e-07 0 1 0 0 1 0 0 1 0 0 1 0 0 1 0 0 1 -2.21532e-07 0 1 2.05909e-07 0 1 0 0 1 0 0 1 0 0 1 0 0 1 0 0 1 0 0 1 0 0 1 0 0 1 0 0 1 0 0 1 0 0 1 4.86371e-07 0 1 -1.8228e-07 0 1 0 0 1 0 0 1 0 0 1 0 0 1 1.9263e-07 0 1 0 0 1 0 0 1 0 0 1 -2.95376e-07 0 1 0 0 1 0 0 1 0 0 1 0 0 1 1.58351e-07 0 1 0 0 1 -1.90372e-07 0 1 0 0 1 0 0 1 0 0 1 0 0 1 0 0 -1 0 0 -1 0 0 -1 0 0 -1 0 0 -1 0 0 -1 0 0 -1 0 0 -1 0 0 -1 0 0 -1 0 0 -1 0 0 -1 0 0 -1 0 0 -1 0 0 -1 0 0 -1 0 0 -1 0 0 -1 0 0 -1 0 0 -1 0 0 -1 0 0 -1 0 0 -1 0 0 -1 0 0 -1 0 0 -1 0 0 -1 0 0 -1 0 0 -1 0 0 -1 0 0 -1 0 0 -1 0 0 -1 0 0 -1 0 0 -1 0 0 -1 0 0 -1 0 0 -1 0 0 -1 0 0 -1 0 0 -1 0 0 -1 0 0 -1 0 0 -1 0 0 -1 0 0 -1 0 0 -1 0 0 -1 0 0 -1 0 0 -1 0 0 -1 0 0 -1 0 0 -1 0 0 -1 0 0 -1 0 0 -1 0 0 -1 0 0 -1 0 0 -1 0 0 -1 0 0 -1 0 0 -1 0 0 -1 0 0 -1 0 0 -1 0 0 -1 0 0 -1 0 0 -1 -0.13052569 0.991444927 0 -0.130528088 0.991444612 0 0.13052799 0.991444625 0 0.130525494 0.991444953 0 -0.991444876 -0.130526084 0 -0.991444573 -0.130528383 0 -0.991444573 0.130528383 0 -0.991444863 0.130526182 0 0.130525494 -0.991444953 0 0.13052799 -0.991444625 0 -0.130528088 -0.991444612 0 -0.13052569 -0.991444927 0 0.991444992 0.130525199 0 0.991444625 0.13052799 0 0.991444625 -0.13052799 0 0.991444992 -0.130525199 0 0.258821001 0.965925302 0 0.258819663 0.965925661 0 0.707107931 0.707105631 0 0.707105331 0.707108231 0 0.965925843 0.258818985 0 0.965925843 0.258818985 0 0.965925843 -0.258818985 0 0.965925843 -0.258818985 0 0.258819663 -0.965925661 0 0.258821001 -0.965925302 0 -0.258819663 -0.965925661 0 -0.258819663 -0.965925661 0 -0.707110531 -0.707103031 0 -0.707105331 -0.707108231 0 -0.965925843 -0.258818985 0 -0.965925843 -0.258818985 0 -0.965925843 0.258818985 0 -0.965925843 0.258818985 0 -0.707110581 0.707102981 0 -0.258819663 0.965925661 0 -0.258819663 0.965925661 0 0.258820298 0.965925491 0 0.258820391 0.965925466 0 0.965926483 0.258816595 0 0.965926508 -0.258816502 0 0.707105331 -0.707108231 0 0.258820298 -0.965925491 0 0.258820391 -0.965925466 0 -0.707110581 -0.707102981 0 -0.96592713 -0.258814181 0 -0.96592453 -0.258823881 0 -0.965924549 0.258823813 0 -0.965927155 0.258814088 0 -0.707110531 0.707103031 0 -0.707105331 0.707108231 0 0.965926106 0.258818002 0 0.707107881 0.707105681 0 0.707105931 0.707107631 0 0.258817908 0.965926131 0 0.258818188 0.965926056 0 -0.965925843 -0.258818985 0 -0.707105031 -0.707108531 0 -0.707108681 -0.707104881 0 -0.258818188 -0.965926056 0 -0.258818188 -0.965926056 0 -0.258818188 0.965926056 0 -0.707108781 0.707104781 0 -0.707105031 0.707108531 0 -0.965925843 0.258818985 0 0.258817883 -0.965926138 0 0.258818188 -0.965926056 0 0.707105931 -0.707107631 0 0.707107831 -0.707105731 0 -0.247272595 -0.968919581 0.00714909986 -0.551217316 -0.834353673 0.00366324044 -0.326863581 -0.945059344 0.00479948472 -0.235702467 -0.971825266 0 0.247311987 -0.96890935 0.00717306063 0.235704282 -0.971824826 0 0.326880295 -0.945053586 0.00479507393 0.492966111 -0.870034819 0.00488132211 0.636886272 -0.770957766 0 0.707105181 -0.707108381 0 0.707103031 -0.707110531 0 0.965926941 -0.258814884 0 0.965925146 -0.258821585 0 0.965924957 0.258822289 0 0.965926696 0.258815799 0 0.707104631 0.707108931 0 0.707108081 0.707105481 0 0.258820391 0.965925466 0 0.258818611 0.965925943 0 -0.258818611 0.965925943 0 -0.707108131 0.707105431 0 -0.707108081 0.707105481 0 -0.965924957 0.258822289 0 -0.965926696 0.258815799 0 -0.965926941 -0.258814884 0 -0.965925146 -0.258821585 0 -0.707106531 -0.707107031 0 -0.707106481 -0.707107081 0 -0.5992494 -0.8005624 0 0.298278884 0.642660465 -0.705703361 0.407436974 0.579638064 -0.705701656 0.579648069 0.407420478 -0.705702962 0.642669717 0.298263308 -0.705701519 0.705700594 0.0630131894 -0.705702494 0.705699588 -0.0630301189 -0.705701988 0.642660961 -0.298279482 -0.705702657 0.57963805 -0.407435465 -0.705702539 0.407421583 -0.579648376 -0.705702071 0.298263684 -0.642668066 -0.705702863 0.0630144987 -0.705701185 -0.705701785 -0.0630312489 -0.705698087 -0.705703387 -0.298277493 -0.642662185 -0.705702383 -0.407436088 -0.579637683 -0.70570248 -0.579647844 -0.407422061 -0.705702232 -0.642668945 -0.298263975 -0.70570194 -0.705700463 -0.0630127667 -0.705702663 -0.705699314 0.0630306612 -0.705702214 -0.642661285 0.298279193 -0.705702484 -0.579638274 0.407436481 -0.705701768 -0.407422401 0.579646302 -0.705703303 -0.298263308 0.642669717 -0.705701519 -0.0630144389 0.705699588 -0.705703388 0.0630310696 0.705700195 -0.705701295 0.247311987 0.96890935 0.00717306063 0.551215858 0.834354636 0.00366318172 0.326880293 0.945053581 0.0047960869 0.235704282 0.971824826 0 -0.247272595 0.968919581 0.00714909986 -0.235702467 0.971825266 0 -0.326863493 0.94505938 0.0047984709 -0.492966262 0.870034733 0.00488138062 -0.636908067 0.77093976 -1.65318991e-05 -0.707106481 0.707107081 0 -0.707106531 0.707107031 0 -0.965925171 0.258821492 0 -0.965926909 0.258815003 0 -0.965926703 -0.258815774 0 -0.965924926 -0.258822407 0 -0.707108131 -0.707105431 0 -0.707108081 -0.707105481 0 -0.258818611 -0.965925943 0 0.258818611 -0.965925943 0 0.258820391 -0.965925466 0 0.707108131 -0.707105431 0 0.707104581 -0.707108981 0 0.965926703 -0.258815774 0 0.965924926 -0.258822407 0 0.965925171 0.258821492 0 0.965926909 0.258815003 0 0.707103031 0.707110531 0 0.707105181 0.707108381 0 0.599264162 0.80055135 0 0.298278003 0.642660605 -0.705703606 0.407436372 0.579637761 -0.705702252 0.57964823 0.407420851 -0.705702615 0.642669282 0.298263392 -0.70570188 0.705700463 0.0630127667 -0.705702663 0.705699314 -0.0630306612 -0.705702214 0.642661285 -0.298279193 -0.705702484 0.57963867 -0.407435579 -0.705701963 0.407422324 -0.579648135 -0.705701842 0.298264284 -0.642668666 -0.705702063 0.0630144987 -0.705701685 -0.705701285 -0.0630310651 -0.705699146 -0.705702346 -0.298278395 -0.64266209 -0.705702088 -0.40743668 -0.579637772 -0.705702066 -0.57964766 -0.407421772 -0.705702551 -0.642669303 -0.298264001 -0.705701603 -0.705700594 -0.0630131894 -0.705702494 -0.705699588 0.0630301189 -0.705701988 -0.642660961 0.298279482 -0.705702657 -0.579637813 0.407436709 -0.705702015 -0.407421965 0.57964705 -0.70570294 -0.298262991 0.64266958 -0.705701778 -0.0630145585 0.705699483 -0.705703483 0.0630310651 0.705699246 -0.705702246 0.969881042 -0.243405186 0.00920212145 0.835473945 -0.549509764 0.00472301169 0.946771656 -0.321846551 0.00618290806 0.973663735 -0.227988885 0 0.969881042 0.243405186 0.00920212145 0.973663735 0.227988885 0 0.946771728 0.321846376 0.00618100053 0.871364763 0.490595479 0.00628685874 0.772625302 0.634862302 0 0.707107381 0.707106181 0 0.707107231 0.707106331 0 0.258818188 0.965926056 0 0.258819078 0.965925818 0 -0.258816384 0.965926539 0 -0.258819078 0.965925818 0 -0.707109131 0.707104431 0 -0.707107231 0.707106331 0 -0.965926784 0.258815469 0 -0.965925014 0.258822077 0 -0.965925039 -0.258821984 0 -0.965926778 -0.258815494 0 -0.707107381 -0.707106181 0 -0.707108981 -0.707104581 0 -0.258819103 -0.965925811 0 -0.258816384 -0.965926539 0 0.258819103 -0.965925811 0 0.258818188 -0.965926056 0 0.707107381 -0.707106181 0 0.707107281 -0.707106281 0 0.802933078 -0.596069184 0 0.298277567 0.642662328 -0.705702221 0.407436284 0.579637677 -0.705702372 0.579647582 0.407421488 -0.705702779 0.642669273 0.298262487 -0.70570227 0.705699983 0.0630145585 -0.705702983 0.705699198 -0.0630310098 -0.705702298 0.642661334 -0.298278016 -0.705702937 0.579638162 -0.407435973 -0.705702153 0.407421785 -0.579647379 -0.705702774 0.298263072 -0.642669041 -0.705702235 0.0630146182 -0.70570038 -0.70570258 -0.0630312489 -0.705698987 -0.705702487 -0.298279079 -0.642661155 -0.705702651 -0.40743626 -0.579637743 -0.705702331 -0.579647917 -0.407421112 -0.705702721 -0.64266886 -0.298263882 -0.705702057 -0.705699667 -0.063014917 -0.705703267 -0.705698959 0.0630307663 -0.705702559 -0.642661368 0.298278585 -0.705702665 -0.579637742 0.407436959 -0.705701929 -0.407422082 0.579647175 -0.70570277 -0.298263111 0.642668923 -0.705702325 -0.0630144389 0.705700588 -0.705702388 0.0630309501 0.705699101 -0.705702401 -0.243443384 -0.969871236 0.00922524839 -0.549510022 -0.835473782 0.00472181933 -0.321851761 -0.946769887 0.00618266926 -0.227985506 -0.973664526 0 0.243443384 -0.969871236 0.00922524839 0.227985506 -0.973664526 0 0.321851676 -0.946769929 0.00618070253 0.490595794 -0.87136459 0.00628632293 0.634868178 -0.772620474 0 0.707106681 -0.707106881 0 0.965925999 -0.2588184 0 0.965925868 -0.258818891 0 0.965926088 0.25881807 0 0.707105181 0.707108381 0 0.258819264 0.965925768 0 -0.258819264 0.965925768 0 -0.707105181 0.707108381 0 -0.965926194 0.258817672 0 -0.965926088 0.25881807 0 -0.965925893 -0.258818798 0 -0.965925981 -0.258818468 0 -0.707106831 -0.707106731 0 -0.707106731 -0.707106831 0 -0.596075158 -0.802928643 0 0.298277294 0.642661287 -0.705703285 0.407436876 0.579637765 -0.705701958 0.579647491 0.407422293 -0.705702389 0.642669646 0.298263175 -0.70570164 0.705699285 0.0630144987 -0.705703685 0.705699193 -0.0630311294 -0.705702293 0.642660995 -0.298277898 -0.705703295 0.579638321 -0.407436315 -0.705701825 0.407421477 -0.579647368 -0.705702961 0.298263076 -0.642669249 -0.705702044 0.0630145585 -0.705700083 -0.705702883 -0.0630308903 -0.705699803 -0.705701703 -0.298277909 -0.64266162 -0.705702722 -0.407436393 -0.57963819 -0.705701888 -0.579647181 -0.407421887 -0.705702877 -0.642668728 -0.298263067 -0.705702521 -0.705699572 -0.0630147975 -0.705703372 -0.705698893 0.0630311294 -0.705702593 -0.642661181 0.298279191 -0.705702579 -0.579638274 0.407436481 -0.705701768 -0.407422001 0.579647802 -0.705702302 -0.298263773 0.642669042 -0.705701937 -0.0630144389 0.705699888 -0.705703088 0.0630309456 0.705698951 -0.705702551 0.243443384 0.969871236 0.00922524839 0.549510022 0.835473782 0.00472181933 0.321851761 0.946769887 0.00618266926 0.227985506 0.973664526 0 -0.243443384 0.969871236 0.00922524839 -0.227985506 0.973664526 0 -0.321851676 0.946769929 0.00618070253 -0.490595794 0.87136459 0.00628632293 -0.634868178 0.772620474 0 -0.707106681 0.707106881 0 -0.965925999 0.2588184 0 -0.965925868 0.258818891 0 -0.965926088 -0.25881807 0 -0.707105181 -0.707108381 0 -0.258819264 -0.965925768 0 0.258819264 -0.965925768 0 0.707105181 -0.707108381 0 0.965926194 -0.258817672 0 0.965926088 -0.25881807 0 0.965925893 0.258818798 0 0.965925981 0.258818468 0 0.707106831 0.707106731 0 0.707106731 0.707106831 0 0.596075158 0.802928643 0 0.298277909 0.64266162 -0.705702722 0.407436393 0.57963819 -0.705701888 0.579647181 0.407421887 -0.705702877 0.642668728 0.298263067 -0.705702521 0.705699572 0.0630147975 -0.705703372 0.705698893 -0.0630311294 -0.705702593 0.642661181 -0.298279191 -0.705702579 0.579638274 -0.407436481 -0.705701768 0.407422001 -0.579647802 -0.705702302 0.298263773 -0.642669042 -0.705701937 0.0630144389 -0.705699888 -0.705703088 -0.0630309456 -0.705698951 -0.705702551 -0.298277294 -0.642661287 -0.705703285 -0.407436876 -0.579637765 -0.705701958 -0.579647491 -0.407422293 -0.705702389 -0.642669646 -0.298263175 -0.70570164 -0.705699285 -0.0630144987 -0.705703685 -0.705699193 0.0630311294 -0.705702293 -0.642660995 0.298277898 -0.705703295 -0.579638321 0.407436315 -0.705701825 -0.407421477 0.579647368 -0.705702961 -0.298263076 0.642669249 -0.705702044 -0.0630145585 0.705700083 -0.705702883 0.0630308903 0.705699803 -0.705701703 -0.707106131 0 -0.707107431 -0.706097777 -0.0533869183 -0.706098977 -0.707106181 0 -0.707107381 -0.706335424 0.0467098316 -0.706334524 -0.701599843 0.124560508 -0.701599843 -0.707105981 0 -0.707107581 -0.704008075 -0.0935017967 -0.704009975 -0.124560096 -0.70159798 -0.70160178 -0.0622990695 -0.705736495 -0.705729995 -0.298286695 -0.64266219 -0.705698489 -0.407439369 -0.579642357 -0.705696747 -0.579653002 -0.407417201 -0.705700802 -0.612370881 -0.353557089 -0.707106278 -0.706094267 -0.0534281675 -0.706099367 -0.694745357 -0.186156289 -0.694747957 -0.642658956 0.29828618 -0.705701652 -0.579639465 0.407437576 -0.705700158 -0.407419279 0.57965597 -0.705697164 -0.298268118 0.642673938 -0.705695642 -0.12455429 0.701603345 -0.701597445 -0.093502279 0.704011193 -0.704006793 0 -0.707116681 -0.707096881 0 -0.707117181 -0.707096381 0 -0.707110931 -0.707102631 0 -0.707103131 -0.707110431 0.124586202 -0.701600412 -0.701594712 0 -0.707106031 -0.707107531 0.0935022725 -0.704011143 -0.704006843 0 0.707103181 -0.707110381 0.124560195 0.701601171 -0.701598571 0.0466982671 0.706339957 -0.706330757 0 0.707110881 -0.707102681 0 0.707110931 -0.707102631 0 0.707111481 -0.707102081 0.701602259 -0.124560893 -0.701597359 0.705736022 -0.0622939331 -0.705730922 0.642663674 -0.298287088 -0.705696971 0.579639778 -0.407436584 -0.705700473 0.407416977 -0.579652967 -0.70570096 0.298264487 -0.642671971 -0.705698968 0.298286566 0.642661227 -0.70569942 0.40743801 0.579640914 -0.705698717 0.579653063 0.407416674 -0.705701055 0.642671272 0.298263387 -0.705700069 0.705128039 0.0747900535 -0.705124739 0.704011347 0.093502213 -0.704006647 0.707108631 0 -0.707104931 0.707108481 0 -0.707105081 0.707108531 0 -0.707105031 0.707108681 0 -0.707104881 0.707108781 0 -0.707104781 0.707108781 0 -0.707104781 -0.706614116 -0.0373567309 0.706612316 -0.701600094 -0.124560499 0.701599594 -0.707106781 0 0.707106781 -0.707105831 0 0.707107731 -0.707106881 0 0.707106681 -0.705128068 0.0747508366 0.705128868 -0.707111031 0 0.707102531 -0.704008579 0.0935017372 0.704009479 -0.642659528 -0.298285967 0.705701221 -0.579639961 -0.407437572 0.705699752 -0.407416612 -0.579652418 0.705701622 -0.298265294 -0.642670588 0.705699887 -0.0934591806 -0.704014804 0.704008904 -0.0935024509 -0.704011031 0.704006931 -0.0934617478 0.704012784 0.704010584 -0.0934739664 0.704012773 0.704008973 -0.298252293 0.642682884 0.705694183 -0.186158187 0.694750853 0.694741953 -0.50859074 0.50859074 0.694745218 -0.298300282 0.64266086 0.705693957 -0.579653283 0.407417188 0.705700579 -0.642671111 0.298264105 0.705699912 0.0934741944 -0.704012658 0.704009058 0.0935118642 -0.704011856 0.704004856 0.0935024509 0.704011031 0.704006931 0.0934591145 0.704012859 0.704010859 0.298287186 -0.642660669 0.705699666 0.407438594 -0.579640292 0.70569889 0.579653242 -0.407417159 0.705700629 0.642671359 -0.298264181 0.705699655 0.704013792 -0.093459359 0.704009892 0.704011147 -0.093502213 0.704006847 0.7040103 0.09351271 0.7040063 0.70401256 0.0934749146 0.70400906 0.64265996 0.298284481 0.705701456 0.579640172 0.407436381 0.705700267 0.407416895 0.579653594 0.705700492 0.298264293 0.642672484 0.705698583 -0.701599887 -0.701598487 0.124567898 -0.705731848 -0.705734848 0.0622967354 -0.705732756 -0.705734856 -0.0622863661 -0.701597244 -0.701597544 -0.12458809 -0.70570088 -0.642656781 0.298292691 -0.705703956 -0.579647564 0.407419475 -0.705701158 -0.407417775 0.579652165 -0.705704706 -0.298286603 0.642655406 -0.701598032 -0.124590488 0.701596332 -0.705732737 -0.0622935745 0.705734237 -0.70573999 -0.0623025791 -0.70572619 -0.701598789 -0.124568998 -0.701599389 -0.705701577 -0.29828329 -0.642660379 -0.705700151 -0.407418672 -0.57965276 -0.705702263 -0.57964927 -0.407419979 -0.705703275 -0.642657077 -0.298286389 -0.701601005 0.124572201 0.701596605 -0.705730953 0.0623102059 0.705734553 -0.701596204 0.124590801 -0.701598104 -0.705726685 0.0622936386 -0.705740285 -0.705701272 0.298280788 0.642661875 -0.705705022 0.407410555 0.579652536 -0.705701194 0.579649295 0.407421796 -0.705701874 0.642658476 0.298286689 -0.701597134 0.701597634 0.124588206 -0.705726695 0.705740895 0.0622866095 -0.705731548 0.705735148 -0.0622967354 -0.701599747 0.701598647 -0.124567791 -0.705702048 0.642658753 -0.298285678 -0.705700452 0.579651761 -0.407419572 -0.705699823 0.407416855 -0.579654437 -0.70570241 0.298284704 -0.642658809 0 -0.0980276987 0.995183687 -0.0768367588 -0.155921098 0.984776484 0.00377184089 -0.114278697 0.99344157 0.00442576366 -0.266739779 0.963758425 -0.1237028 -0.272171399 0.954264296 -0.113381389 -0.365488063 0.923884807 0.00503390929 -0.412706242 0.910850272 -0.164097295 -0.464869785 0.870039172 0.00378382167 -0.56911515 0.822249128 0 -0.528066276 0.849203161 -0.096610054 -0.592888163 0.799468651 0.00381410093 -0.707103288 0.707099988 -0.117584106 -0.715792239 0.688342537 -0.0768276376 -0.806589675 0.586097782 0.00378137815 -0.822255733 0.569105623 0 -0.84920662 0.528060713 0.00503384957 -0.910845821 0.412716064 -0.1648406 -0.869836801 0.464985501 -0.1134187 -0.911711701 0.3948645 0.00442552472 -0.963759339 0.266736483 0 -0.995184803 0.0980163704 0.00378024479 -0.993437546 0.114313394 -0.0966106506 -0.984543904 0.146081086 -0.131414709 -0.952345663 0.275259718 0 -0.995184909 -0.098015291 -0.0768355642 -0.984778225 -0.155910688 0.0037677278 -0.993443047 -0.114265994 0.00442510733 -0.963759154 -0.266737159 -0.123740586 -0.95425199 -0.272197369 -0.113410993 -0.923886745 -0.365473978 0.00504124038 -0.910865587 -0.412672349 -0.16407969 -0.870050247 -0.464855272 0.00378000696 -0.822253891 -0.569108294 0 -0.849198632 -0.528073558 -0.0966118458 -0.799473765 -0.592880974 0.00381219269 -0.707100743 -0.707102543 -0.117578892 -0.688347054 -0.715788752 -0.0768366964 -0.586094273 -0.806591362 0.00378096094 -0.569105692 -0.822255688 0 -0.528066276 -0.849203161 0.00503581688 -0.41271459 -0.910846479 -0.164833789 -0.464997568 -0.869831641 -0.113386296 -0.394838087 -0.91172717 0.0044256438 -0.266738588 -0.963758756 -0.130372392 -0.0650651358 -0.989327836 0.00377291402 -0.114271401 -0.993442405 -0.0966150695 -0.146057999 -0.984546895 -0.131429395 -0.27526239 -0.952342864 0 0.0980088048 -0.995185548 -0.0768398567 0.155912793 -0.984777557 0.00377207874 0.114271192 -0.993442432 0.00442623986 0.266738891 -0.963758669 -0.123733598 0.272184795 -0.954256482 -0.113421997 0.365469989 -0.923886972 0.00503581642 0.412714553 -0.910846496 -0.164093088 0.464867966 -0.870040937 0.00378197388 0.569106282 -0.822255274 0 0.528066276 -0.849203161 -0.0966101761 0.592878276 -0.799475968 0.00381219269 0.707100743 -0.707102543 -0.117594397 0.71579368 -0.688339281 -0.0768220977 0.806588676 -0.586099883 0.00377899373 0.822254542 -0.56910736 0 0.849198632 -0.528073558 0.0050408236 0.910865627 -0.412672267 -0.164826801 0.869829205 -0.465004603 -0.113417298 0.911712484 -0.394863093 0.00442516806 0.963759113 -0.266737304 -0.130374898 0.989324682 -0.0651080588 0.0037693969 0.993443074 -0.114265697 -0.0966104772 0.984541471 -0.146097596 -0.131416909 0.952344868 -0.27526142 0 0.995184803 0.0980163704 -0.0768319266 0.984778556 0.155910393 0.00377881506 0.993437516 0.114313702 0.00442564372 0.963759338 0.266736483 -0.123735589 0.954255317 0.272187976 -0.113376193 0.923879544 0.365502978 0.00503384977 0.910845859 0.412715981 -0.164081895 0.870044373 0.464865486 0.00378191362 0.822255717 0.569105643 0 0.84920662 0.528060713 -0.0966070647 0.799469573 0.592887406 0.00376444985 0.707103271 0.707100271 -0.117587196 0.688347276 0.715787175 -0.076845752 0.586094939 0.806590016 0.00377744419 0.569115029 0.822249241 0 0.528066276 0.849203161 0.00503390929 0.412706242 0.910850272 -0.164855703 0.464974508 0.869839815 -0.113378186 0.39483715 0.911728585 0.00442528679 0.266739687 0.963758453 0 0.0980276987 0.995183687 0.00377261576 0.114278093 0.993441636 -0.0966064194 0.146085984 0.984543592 -0.131425581 0.275263861 0.952342965 0.999999999 3.51754e-05 0 0.999999999 -5.15622999e-05 0 1 1.71691e-05 0 1 -1.82082e-05 0 1 -1.75877e-05 0 1 -2.52924e-06 0 1 -2.28922e-05 0 1 1.82083e-05 0 1 -1.8208e-05 0 1 -2.86151e-06 0 1 1.8208e-05 0 -0.993053725 0.0191540686 -0.116092291 -0.998270346 0.0019326209 -0.0587586668 -0.997862997 0.0595156439 -0.0269690072 -0.993057863 -0.0998921263 -0.0621099377 -0.993058534 -0.110083593 -0.0414288573 -0.998567325 -0.00350642174 -0.053394786 -0.997291132 -0.00241273584 0.073515825 -0.995161385 0.00641965726 0.0980438987 -0.993055918 -0.0267212305 -0.114568402 -0.989147681 -0.0606489688 -0.133822897 -0.995177946 -0.0571294969 -0.0797312757 -0.993055084 -0.062117449 0.0999150784 -0.993058045 -0.0414286177 0.110088094 -0.998564994 -0.0534381197 0.00351011698 -0.993056814 -0.116065802 -0.0191544803 -0.995180721 -0.0980051721 -0.00321215307 -0.993056036 -0.0191554988 0.116072292 -0.993057908 0.0485504155 0.10713939 -0.998269315 0.058776365 0.00192731584 -0.993056139 0.0267212284 0.114566493 -0.993057261 0.114557795 -0.0267168189 -0.99305694 -0.0858613148 -0.0804098752 -0.989153123 -0.143048689 0.0333642274 -0.993057595 -0.107141589 0.0485519649 -0.99646247 0.0613426482 0.0574423583 -0.989149457 0.124766795 0.0775667366 -0.993057613 0.110091501 0.0414299305 -0.993034081 0.117574398 -0.00771850285 -0.993057133 -0.0956142435 0.0685233354 -0.993056167 -0.0804127974 0.0858675172 -0.99305439 0.0685410393 0.095630039 -0.993056846 0.116065282 0.019155967 -0.989149662 0.119410595 -0.0855806967 -0.993054153 0.0804214362 -0.085882716 -0.993058715 0.0621082047 -0.0998847314 -0.993055923 0.0414321968 -0.110105891 -0.194682403 0.978764114 0.0641838909 -0.19508797 0.980785748 0 -0.296166692 0.954412673 0.0371717789 -0.321153792 0.945852576 -0.0471502488 -0.518428779 0.854004965 0.0436705882 -0.546232641 0.83649491 -0.0436596753 -0.688000748 0.725177346 0.0277990579 -0.725229759 0.687945761 -0.0277925684 -0.837320215 0.545954745 0.0287797371 -0.854793183 0.518169689 -0.0287886794 -0.946837767 0.321415689 0.0137912595 -0.954992828 0.296358909 -0.0126528704 -0.837329854 0.0287814684 -0.54593987 -0.946840383 0.0137886397 -0.321408094 -0.965995487 0.0444326894 -0.254712496 -0.92024146 0.383646983 -0.0772699666 -0.980765494 0.182680599 -0.0687520496 -0.980765598 0.165773583 -0.103043489 -0.980764956 0.142494294 -0.133399694 -0.98076498 0.113715386 -0.158646981 -0.980765563 0.0805580488 -0.177790075 -0.518451264 0.043666177 -0.853991541 -0.688002861 0.0278038284 -0.725175159 -0.726905801 0.1260269 -0.675074201 -0.831445167 0.115371195 -0.543496478 -0.831327331 0.195712584 -0.520184057 -0.707221278 0.266302892 -0.654920479 -0.831327348 0.293444282 -0.472001371 -0.633374733 0.400694558 -0.66202743 -0.830225459 0.353621583 -0.430903079 -0.831329817 0.293460706 -0.47198681 -0.831328991 0.379880396 -0.405688296 -0.707206315 0.496679311 -0.503158911 -0.831330117 0.451740309 -0.323760606 -0.707218779 0.585281683 -0.396594188 -0.831329173 0.506218684 -0.229421993 -0.707214992 0.651411692 -0.274790397 -0.686921385 0.713567885 -0.137694897 -0.359681286 0.189526892 -0.913624064 -0.393525769 0.37433537 -0.839649034 -0.393582686 0.517937981 -0.759495173 -0.382779787 0.651506778 -0.654995078 -0.348892163 0.789160817 -0.505469547 -0.393524349 0.858415488 -0.329031057 -0.373354756 0.911295592 -0.173627679 -0.194692774 0.0641836413 -0.978762067 -0.296196869 0.0371822062 -0.954402901 -0.854844162 0.510737677 0.0915886659 -0.920236325 0.0771765121 0.38367811 -0.980765329 0.068761875 0.182677787 -0.980765173 0.103037697 0.165779696 -0.980765704 0.133431687 0.142459186 -0.980765297 0.158655483 0.113700788 -0.980765135 0.177782688 0.0805795646 -0.980765013 0.190084783 0.0443594961 -0.726905971 0.675074373 0.126024995 -0.831328914 0.520178209 0.195721403 -0.707213755 0.654923158 0.266316283 -0.831329825 0.472002214 0.293435909 -0.707220783 0.590380886 0.388959091 -0.831331077 0.405680189 0.379884489 -0.633369278 0.57114208 0.522149482 -0.830221686 0.353644194 0.430891793 -0.831330057 0.405667679 0.37990008 -0.831329709 0.323776664 0.45172955 -0.70720917 0.396593183 0.585293975 -0.831332802 0.229414673 0.50621604 -0.707214619 0.274784168 0.651414725 -0.686929264 0.137695093 0.713560262 -0.954992092 0.0126548399 0.296361197 -0.854778491 0.0287874297 0.518193994 -0.725241772 0.0277906589 0.687933174 -0.546222079 0.0436623583 0.836501667 -0.359675175 0.913625537 0.189531387 -0.393524187 0.839651372 0.374331788 -0.393557427 0.759502859 0.517945904 -0.382769279 0.654995763 0.651512263 -0.348878014 0.50547242 0.789165232 -0.393519278 0.329028082 0.858418953 -0.373326778 0.17362719 0.911307147 -0.321130478 0.0471393368 0.945861036 -0.194986476 0.032109906 0.980280178 -0.195085392 0 -0.980786261 -0.321154098 -0.0471478097 -0.945852594 -0.546204465 -0.0436589672 -0.836513346 -0.725224382 -0.0278011493 -0.687951083 -0.854778923 -0.0287825374 -0.518193553 -0.954993364 -0.0126526895 -0.296357189 -0.194685288 -0.0641838861 0.97876354 -0.296180389 -0.0371783886 0.954408165 -0.518458861 -0.0436660567 0.853986935 -0.688003848 -0.0278032379 0.725174245 -0.837307906 -0.0287839102 0.545973404 -0.946850166 -0.0137719495 0.321379988 -0.837319124 -0.545956416 -0.0287798008 -0.946837115 -0.321417571 -0.0137921488 -0.854857587 -0.510718092 -0.0915725786 -0.906145182 -0.0803265995 -0.415269246 -0.980612234 -0.0568919062 -0.187517887 -0.980765445 -0.0687081162 -0.18269739 -0.98076525 -0.103043895 -0.165775392 -0.98076507 -0.133427896 -0.142467096 -0.980765576 -0.158671096 -0.113676597 -0.980765802 -0.1777921 -0.0805506702 -0.980765414 -0.190092903 -0.0443158106 -0.518470883 -0.853979773 -0.0436633786 -0.688001273 -0.725176971 -0.0277958489 -0.726902697 -0.675076797 -0.126030899 -0.831329261 -0.520178976 -0.195717891 -0.707219242 -0.654920446 -0.266308378 -0.831328198 -0.472005542 -0.293435164 -0.633392789 -0.662007289 -0.400699293 -0.83021599 -0.430895743 -0.353652753 -0.831330934 -0.471989462 -0.293453277 -0.831329309 -0.405682155 -0.379886258 -0.70722569 -0.503154893 -0.496655793 -0.831330376 -0.323777691 -0.451727587 -0.633366608 -0.458303506 -0.623542008 -0.830204705 -0.262802402 -0.491624903 -0.831330041 -0.323766577 -0.451736168 -0.831326709 -0.229421603 -0.506222906 -0.707216998 -0.274790199 -0.651409598 -0.686919961 -0.137695392 -0.71356916 -0.359677683 -0.913624756 -0.189530391 -0.393522508 -0.839652418 -0.374331208 -0.393580379 -0.75949576 -0.517938873 -0.382776889 -0.654994381 -0.651509181 -0.348893398 -0.505471697 -0.789158895 -0.393529198 -0.329031498 -0.858413096 -0.373366885 -0.173627993 -0.911290563 -0.194689906 -0.978765829 -0.0641349519 -0.296185304 -0.954406711 -0.0371765404 -0.854861376 -0.0915729374 0.510711685 -0.920240818 -0.383650407 0.0772606115 -0.980765177 -0.182684996 0.0687448884 -0.980765113 -0.165760785 0.103068691 -0.98076527 -0.142501396 0.133389796 -0.980765814 -0.11367079 0.158673786 -0.980765476 -0.0805581781 0.177790496 -0.980765172 -0.0443195642 0.190093275 -0.726892691 -0.126039898 0.675085891 -0.831332916 -0.19572158 0.520171747 -0.707237806 -0.266290902 0.654907506 -0.831331298 -0.293457264 0.471986342 -0.707217898 -0.388962799 0.590381898 -0.831330766 -0.379886884 0.405678583 -0.633380257 -0.522148764 0.571130561 -0.830218984 -0.430907092 0.353631893 -0.831330243 -0.379885528 0.405680924 -0.831329389 -0.451727894 0.323779796 -0.707214942 -0.585287552 0.396592368 -0.831329226 -0.506228016 0.229401207 -0.707233146 -0.651390851 0.274793079 -0.686906462 -0.71358366 0.137687592 -0.954984931 -0.296384278 0.0126547191 -0.854792924 -0.518170054 0.0287898074 -0.725230477 -0.687944878 0.0277956691 -0.546232779 -0.836494668 0.0436625983 -0.359687108 -0.189522804 0.91362262 -0.393522584 -0.374333485 0.839651367 -0.393571987 -0.517942883 0.759497374 -0.382784888 -0.65150368 0.654995179 -0.348894384 -0.789157063 0.505473876 -0.393527197 -0.858415394 0.329027898 -0.37330795 -0.911315377 0.173624477 -0.321154786 -0.945852159 0.0471518579 -0.194985912 -0.980280263 0.0321107521</float_array>
          <technique_common>
            <accessor source="#mesh-aaafeaa4-f99e-41be-b43d-b6cd66d95594_001-mesh-normals-array" count="7674" stride="3">
              <param name="X" type="float"/>
              <param name="Y" type="float"/>
              <param name="Z" type="float"/>
            </accessor>
          </technique_common>
        </source>
        <vertices id="mesh-aaafeaa4-f99e-41be-b43d-b6cd66d95594_001-mesh-vertices">
          <input semantic="POSITION" source="#mesh-aaafeaa4-f99e-41be-b43d-b6cd66d95594_001-mesh-positions"/>
        </vertices>
        <triangles material="Material-塑胶_024-material" count="10532">
          <input semantic="VERTEX" source="#mesh-aaafeaa4-f99e-41be-b43d-b6cd66d95594_001-mesh-vertices" offset="0"/>
          <input semantic="NORMAL" source="#mesh-aaafeaa4-f99e-41be-b43d-b6cd66d95594_001-mesh-normals" offset="1"/>
          <p>0 0 1 0 2 0 2 0 1 0 3 0 2 0 3 0 4 0 5 1 6 1 7 1 7 2 6 2 1 2 7 0 1 0 8 0 8 0 1 0 0 0 9 0 10 0 11 0 11 0 10 0 12 0 11 3 12 3 13 3 13 0 12 0 14 0 15 0 16 0 12 0 12 4 16 4 17 4 12 5 17 5 14 5 18 6 19 6 20 6 20 7 19 7 21 7 20 0 21 0 22 0 22 0 21 0 23 0 22 0 23 0 24 0 24 0 23 0 25 0 24 0 25 0 26 0 26 0 25 0 27 0 26 0 27 0 28 0 28 0 27 0 29 0 28 8 29 8 30 8 30 0 29 0 31 0 30 0 31 0 32 0 32 9 31 9 33 9 32 0 33 0 34 0 34 0 33 0 35 0 34 0 35 0 36 0 36 0 35 0 37 0 36 0 37 0 38 0 38 0 37 0 39 0 38 10 39 10 40 10 40 11 39 11 41 11 40 12 41 12 42 12 42 0 41 0 43 0 44 13 45 13 46 13 46 14 45 14 47 14 46 0 47 0 48 0 48 0 47 0 49 0 48 0 49 0 50 0 50 0 49 0 51 0 50 0 51 0 52 0 52 0 51 0 53 0 52 0 53 0 54 0 54 0 53 0 55 0 54 15 55 15 56 15 56 0 55 0 57 0 56 0 57 0 58 0 58 16 57 16 59 16 58 0 59 0 60 0 60 0 59 0 61 0 60 0 61 0 62 0 62 0 61 0 63 0 62 0 63 0 64 0 64 0 63 0 65 0 64 17 65 17 66 17 66 18 65 18 67 18 66 19 67 19 68 19 68 0 67 0 69 0 70 20 71 20 72 20 72 0 71 0 73 0 72 0 73 0 74 0 74 21 73 21 75 21 74 22 75 22 76 22 76 0 75 0 77 0 76 0 77 0 78 0 78 23 77 23 79 23 78 24 79 24 80 24 80 0 79 0 81 0 80 0 81 0 82 0 82 0 81 0 83 0 82 0 83 0 84 0 84 0 83 0 85 0 84 0 85 0 86 0 86 25 85 25 87 25 86 26 87 26 88 26 88 0 87 0 89 0 88 0 89 0 90 0 90 27 89 27 91 27 90 28 91 28 92 28 92 0 91 0 93 0 92 0 93 0 94 0 94 29 93 29 95 29 96 0 97 0 98 0 98 30 97 30 99 30 98 0 99 0 100 0 100 31 99 31 101 31 100 0 101 0 102 0 102 0 101 0 103 0 102 0 103 0 104 0 104 32 103 32 105 32 104 0 105 0 106 0 106 0 105 0 107 0 106 0 107 0 108 0 108 16 107 16 109 16 108 0 109 0 110 0 110 9 109 9 111 9 110 0 111 0 112 0 112 0 111 0 113 0 112 33 113 33 114 33 114 0 113 0 115 0 114 0 115 0 116 0 116 0 115 0 117 0 116 0 117 0 118 0 118 18 117 18 119 18 118 34 119 34 120 34 120 0 119 0 121 0 122 35 123 35 124 35 124 36 123 36 125 36 124 35 125 35 126 35 126 35 125 35 127 35 126 35 127 35 128 35 128 35 127 35 129 35 128 35 129 35 130 35 130 37 129 37 131 37 130 38 131 38 132 38 132 39 131 39 133 39 132 35 133 35 134 35 134 40 133 40 135 40 134 35 135 35 136 35 136 41 135 41 137 41 136 35 137 35 138 35 138 35 137 35 139 35 138 35 139 35 140 35 140 35 139 35 141 35 140 35 141 35 142 35 142 35 141 35 143 35 144 42 145 42 146 42 146 43 145 43 147 43 146 44 147 44 148 44 148 45 147 45 149 45 148 35 149 35 150 35 150 35 149 35 151 35 150 35 151 35 152 35 152 46 151 46 153 46 152 35 153 35 154 35 154 35 153 35 155 35 154 35 155 35 156 35 156 35 155 35 157 35 156 35 157 35 158 35 158 35 157 35 159 35 158 47 159 47 160 47 160 35 159 35 161 35 160 35 161 35 162 35 162 35 161 35 163 35 162 48 163 48 164 48 164 35 163 35 165 35 166 49 167 49 168 49 168 50 167 50 169 50 168 35 169 35 170 35 170 35 169 35 171 35 170 35 171 35 172 35 172 51 171 51 173 51 172 52 173 52 174 52 174 53 173 53 175 53 174 35 175 35 176 35 176 35 175 35 177 35 176 35 177 35 178 35 178 35 177 35 179 35 178 35 179 35 180 35 180 35 179 35 181 35 180 35 181 35 182 35 182 39 181 39 183 39 182 35 183 35 184 35 184 54 183 54 185 54 184 35 185 35 186 35 186 55 185 55 187 55 188 56 189 56 190 56 190 35 189 35 191 35 190 47 191 47 192 47 192 35 191 35 193 35 192 35 193 35 194 35 194 35 193 35 195 35 194 35 195 35 196 35 196 35 195 35 197 35 196 35 197 35 198 35 198 35 197 35 199 35 198 35 199 35 200 35 200 35 199 35 201 35 200 35 201 35 202 35 202 37 201 37 203 37 202 44 203 44 204 44 204 45 203 45 205 45 204 35 205 35 206 35 206 35 205 35 207 35 206 57 207 57 208 57 208 58 207 58 209 58 210 35 211 35 212 35 212 35 211 35 213 35 212 35 213 35 214 35 215 35 216 35 217 35 217 35 216 35 218 35 217 35 218 35 219 35 219 35 218 35 220 35 219 35 220 35 221 35 221 35 220 35 222 35 221 35 222 35 223 35 223 35 222 35 224 35 223 59 224 59 225 59 225 35 224 35 226 35 213 35 227 35 214 35 214 35 227 35 228 35 214 60 228 60 229 60 229 35 228 35 230 35 229 61 230 61 231 61 231 35 230 35 232 35 231 35 232 35 233 35 233 35 232 35 234 35 233 35 234 35 235 35 235 62 234 62 236 62 235 63 236 63 237 63 237 35 236 35 238 35 237 35 238 35 239 35 239 64 238 64 240 64 239 65 240 65 241 65 241 66 240 66 242 66 241 67 242 67 243 67 243 68 242 68 244 68 243 35 244 35 245 35 245 35 244 35 246 35 245 69 246 69 247 69 247 70 246 70 248 70 247 35 248 35 226 35 226 71 248 71 249 71 226 35 249 35 225 35 250 72 251 72 252 72 252 72 251 72 253 72 252 72 253 72 254 72 254 73 253 73 255 73 254 74 255 74 256 74 257 75 258 75 259 75 259 72 258 72 260 72 259 76 260 76 261 76 261 72 260 72 262 72 261 77 262 77 263 77 264 78 265 78 266 78 266 72 265 72 267 72 266 72 267 72 268 72 268 72 267 72 269 72 268 72 269 72 250 72 250 72 269 72 270 72 250 72 270 72 251 72 271 72 272 72 273 72 273 72 272 72 274 72 273 72 274 72 275 72 275 79 274 79 276 79 275 80 276 80 277 80 278 72 279 72 280 72 280 72 279 72 281 72 280 72 281 72 282 72 282 81 281 81 283 81 282 82 283 82 284 82 284 72 283 72 285 72 284 83 285 83 286 83 287 84 288 84 289 84 289 85 288 85 290 85 289 72 290 72 291 72 291 86 290 86 292 86 291 72 292 72 293 72 293 72 292 72 294 72 293 72 294 72 295 72 295 72 294 72 296 72 296 72 294 72 297 72 296 72 297 72 298 72 298 87 297 87 299 87 298 72 299 72 300 72 300 88 299 88 301 88 300 72 301 72 302 72 255 72 303 72 256 72 256 89 303 89 304 89 256 90 304 90 305 90 305 72 304 72 306 72 305 91 306 91 307 91 307 72 306 72 308 72 307 72 308 72 309 72 309 92 308 92 310 92 309 72 310 72 311 72 311 72 310 72 312 72 311 72 312 72 313 72 313 72 312 72 314 72 313 72 314 72 315 72 315 93 314 93 316 93 315 94 316 94 278 94 278 95 316 95 317 95 278 72 317 72 279 72 318 72 319 72 320 72 320 96 319 96 321 96 320 97 321 97 322 97 322 98 321 98 323 98 322 99 323 99 257 99 257 100 323 100 324 100 257 72 324 72 258 72 285 101 325 101 286 101 286 102 325 102 326 102 286 72 326 72 301 72 301 103 326 103 327 103 301 104 327 104 302 104 262 72 328 72 263 72 263 105 328 105 329 105 263 106 329 106 330 106 330 72 329 72 331 72 330 72 331 72 332 72 332 107 331 107 333 107 332 108 333 108 334 108 334 72 333 72 335 72 334 109 335 109 336 109 336 110 335 110 337 110 336 72 337 72 338 72 338 72 337 72 339 72 338 72 339 72 264 72 264 72 339 72 340 72 264 111 340 111 265 111 276 72 341 72 277 72 277 111 341 111 342 111 277 112 342 112 343 112 343 72 342 72 344 72 343 113 344 113 345 113 345 72 344 72 346 72 345 72 346 72 347 72 347 114 346 114 348 114 347 72 348 72 349 72 349 72 348 72 350 72 349 72 350 72 351 72 351 72 350 72 352 72 351 72 352 72 353 72 353 115 352 115 354 115 353 116 354 116 355 116 356 117 357 117 358 117 358 72 357 72 359 72 358 118 359 118 360 118 360 72 359 72 361 72 360 119 361 119 362 119 362 72 361 72 363 72 362 120 363 120 364 120 364 72 363 72 365 72 364 121 365 121 366 121 366 89 365 89 367 89 366 122 367 122 368 122 368 72 367 72 369 72 368 72 369 72 370 72 370 72 369 72 371 72 370 72 371 72 271 72 271 72 371 72 372 72 271 72 372 72 272 72 287 72 373 72 288 72 288 104 373 104 374 104 288 123 374 123 356 123 356 124 374 124 375 124 356 125 375 125 357 125 354 126 376 126 355 126 355 72 376 72 377 72 355 72 377 72 378 72 378 72 377 72 379 72 378 72 379 72 380 72 380 127 379 127 381 127 380 128 381 128 382 128 382 72 381 72 383 72 382 129 383 129 384 129 384 72 383 72 385 72 384 72 385 72 318 72 318 130 385 130 386 130 318 105 386 105 319 105 387 131 388 131 389 131 387 72 389 72 390 72 390 132 389 132 391 132 390 133 391 133 392 133 392 72 391 72 393 72 392 72 393 72 394 72 394 72 393 72 395 72 394 134 395 134 396 134 396 135 395 135 397 135 396 72 397 72 398 72 398 72 397 72 399 72 398 136 399 136 400 136 400 72 399 72 401 72 400 72 401 72 402 72 402 137 401 137 403 137 402 138 403 138 404 138 404 72 403 72 405 72 404 72 405 72 406 72 406 72 405 72 407 72 406 139 407 139 408 139 408 140 407 140 409 140 408 72 409 72 388 72 388 72 409 72 410 72 388 141 410 141 389 141 411 72 412 72 413 72 413 142 412 142 414 142 413 143 414 143 415 143 415 72 414 72 416 72 415 72 416 72 417 72 417 72 416 72 418 72 417 144 418 144 419 144 419 72 418 72 420 72 419 145 420 145 421 145 421 72 420 72 422 72 422 72 420 72 423 72 422 72 423 72 424 72 424 72 423 72 425 72 424 72 425 72 426 72 426 72 425 72 427 72 426 136 427 136 428 136 428 146 427 146 429 146 428 72 429 72 430 72 430 72 429 72 431 72 430 147 431 147 432 147 432 72 431 72 433 72 432 148 433 148 411 148 411 149 433 149 434 149 411 72 434 72 412 72 435 150 436 150 437 150 437 72 436 72 438 72 438 72 436 72 439 72 438 72 439 72 440 72 440 72 439 72 441 72 440 151 441 151 442 151 442 152 441 152 443 152 442 72 443 72 444 72 444 72 443 72 445 72 444 72 445 72 446 72 446 72 445 72 447 72 446 148 447 148 448 148 437 72 449 72 435 72 435 153 449 153 450 153 435 154 450 154 451 154 451 72 450 72 452 72 451 72 452 72 453 72 453 72 452 72 454 72 453 72 454 72 455 72 455 72 454 72 456 72 455 155 456 155 457 155 457 72 456 72 448 72 457 72 448 72 458 72 458 156 448 156 447 156 459 72 460 72 461 72 461 72 460 72 462 72 461 72 462 72 463 72 463 72 462 72 464 72 463 157 464 157 465 157 465 72 464 72 466 72 466 72 464 72 467 72 466 158 467 158 468 158 468 159 467 159 469 159 468 72 469 72 470 72 470 72 469 72 471 72 470 160 471 160 472 160 472 72 471 72 473 72 472 72 473 72 474 72 474 152 473 152 475 152 474 161 475 161 476 161 476 72 475 72 477 72 476 72 477 72 478 72 478 72 477 72 479 72 478 162 479 162 480 162 480 146 479 146 481 146 480 72 481 72 459 72 459 72 481 72 482 72 459 163 482 163 460 163 483 72 484 72 485 72 485 72 484 72 486 72 485 72 486 72 487 72 487 72 486 72 488 72 487 160 488 160 489 160 489 140 488 140 490 140 489 72 490 72 491 72 491 72 490 72 492 72 491 164 492 164 493 164 493 72 492 72 494 72 493 165 494 165 495 165 495 150 494 150 496 150 495 72 496 72 497 72 497 72 496 72 498 72 497 72 498 72 499 72 499 72 498 72 500 72 499 166 500 166 501 166 501 167 500 167 502 167 501 72 502 72 503 72 503 72 502 72 504 72 503 147 504 147 505 147 505 149 504 149 506 149 505 72 506 72 483 72 483 72 506 72 484 72 507 149 508 149 509 149 509 72 508 72 510 72 510 72 508 72 511 72 510 72 511 72 512 72 512 72 511 72 513 72 512 168 513 168 514 168 514 137 513 137 515 137 514 72 515 72 516 72 516 72 515 72 517 72 516 72 517 72 518 72 518 72 517 72 519 72 518 165 519 165 520 165 519 169 521 169 520 169 520 72 521 72 522 72 520 72 522 72 523 72 523 170 522 170 524 170 523 72 524 72 525 72 525 72 524 72 526 72 525 72 526 72 527 72 527 72 526 72 528 72 527 171 528 171 529 171 529 72 528 72 507 72 529 172 507 172 530 172 530 72 507 72 509 72 531 173 532 174 533 175 534 176 535 177 536 178 536 178 535 177 537 179 533 175 532 174 538 180 539 181 540 182 541 183 542 184 543 185 539 181 540 182 544 186 541 183 541 183 544 186 545 187 541 183 545 187 546 188 546 188 547 189 541 183 541 183 547 189 548 190 541 183 548 190 549 191 549 191 550 192 541 183 541 183 550 192 551 193 541 183 551 193 552 194 552 194 553 195 541 183 541 183 553 195 554 196 541 183 554 196 555 197 556 198 557 199 558 200 558 200 557 199 559 201 556 198 560 202 557 199 557 199 560 202 561 203 557 199 561 203 562 204 562 204 563 205 557 199 557 199 563 205 564 206 557 199 564 206 565 207 565 207 566 208 557 199 557 199 566 208 567 209 557 199 567 209 568 210 568 210 569 211 557 199 557 199 569 211 570 212 557 199 570 212 571 213 572 214 573 215 574 216 532 174 575 217 538 180 538 180 575 217 576 218 538 180 576 218 574 216 574 216 576 218 577 219 574 216 577 219 572 214 573 215 578 220 579 221 579 221 578 220 580 222 579 221 580 222 581 223 573 215 579 221 574 216 574 216 579 221 582 224 574 216 582 224 583 225 583 225 582 224 584 226 583 225 584 226 585 227 585 227 584 226 586 228 585 227 586 228 587 229 587 229 586 228 588 230 587 229 588 230 589 231 589 231 588 230 590 232 589 231 590 232 591 233 591 233 590 232 592 234 591 233 592 234 593 235 593 235 592 234 594 236 593 235 594 236 595 237 595 237 594 236 596 238 595 237 596 238 597 239 597 239 596 238 557 199 597 239 557 199 598 240 598 240 557 199 571 213 598 240 571 213 599 241 539 181 541 183 542 184 542 184 541 183 600 242 542 184 600 242 601 243 601 243 600 242 602 244 601 243 602 244 603 245 603 245 602 244 604 246 603 245 604 246 605 247 605 247 604 246 606 248 605 247 606 248 607 249 607 249 606 248 608 250 607 249 608 250 609 251 609 251 608 250 610 252 609 251 610 252 611 253 611 253 610 252 612 254 611 253 612 254 613 255 613 255 612 254 614 256 613 255 614 256 615 257 615 257 614 256 535 177 615 257 535 177 533 175 533 175 535 177 534 176 533 175 534 176 531 173 616 258 617 258 618 258 618 72 617 72 619 72 618 72 619 72 620 72 621 259 622 259 623 259 624 72 625 72 626 72 627 260 628 261 629 262 629 262 628 261 630 263 629 262 630 263 631 264 631 264 630 263 632 265 631 264 632 265 633 266 633 266 632 265 634 267 633 266 634 267 635 268 635 268 634 267 636 269 637 270 638 270 639 270 639 72 638 72 640 72 625 72 641 72 626 72 626 72 641 72 642 72 626 72 642 72 643 72 644 72 645 72 646 72 647 271 648 272 649 273 649 273 648 272 650 274 649 273 650 274 651 72 651 72 650 274 652 275 651 72 652 275 653 72 653 72 652 275 654 276 653 72 654 276 655 277 655 277 654 276 656 278 655 277 656 278 657 279 658 280 659 280 660 280 660 281 661 281 649 281 649 282 661 282 662 282 649 273 662 283 647 271 647 271 662 283 663 284 647 271 663 284 664 285 665 286 666 286 667 286 667 287 666 287 668 287 667 72 668 72 669 288 670 72 671 72 626 72 626 289 671 289 672 289 626 290 672 290 624 290 673 291 674 291 675 291 674 72 676 72 675 72 675 72 676 72 677 72 675 292 677 292 678 292 679 293 680 293 681 293 681 72 680 72 682 72 681 72 682 72 658 72 658 72 682 72 683 72 658 294 683 294 659 294 627 260 684 295 623 296 623 296 684 295 685 297 623 296 685 297 621 298 621 298 685 297 686 299 621 72 686 300 663 72 663 301 686 301 687 301 663 284 687 302 664 285 622 303 688 303 623 303 623 304 688 304 689 304 623 280 689 280 690 280 691 72 692 72 693 72 694 72 695 72 675 72 696 305 697 306 698 307 698 307 697 306 699 308 698 307 699 308 700 287 690 72 701 72 623 72 623 72 701 72 691 72 623 309 691 309 702 309 702 72 691 72 693 72 669 288 703 310 667 72 667 72 703 310 704 311 667 72 704 311 634 267 634 267 704 311 705 312 634 267 705 312 636 269 643 72 706 72 626 72 626 313 706 313 707 313 626 72 707 72 639 72 707 72 708 72 639 72 639 314 708 314 709 314 639 315 709 315 710 315 645 72 711 72 646 72 646 72 711 72 712 72 646 316 712 316 713 316 710 317 714 317 639 317 639 318 714 318 715 318 639 292 715 292 637 292 619 72 716 72 620 72 620 72 716 72 717 72 620 319 717 319 718 319 718 320 717 320 719 320 718 321 719 321 720 321 720 72 719 72 721 72 720 72 721 72 722 72 722 72 721 72 723 72 722 72 723 72 724 72 724 72 723 72 725 72 724 322 725 322 726 322 726 72 725 72 727 72 726 323 727 323 728 323 728 324 727 324 729 324 728 325 729 325 730 325 730 326 729 326 731 326 730 72 731 72 732 72 732 327 731 327 733 327 732 328 733 328 734 328 734 329 733 329 735 329 734 72 735 72 626 72 626 72 735 72 736 72 626 330 736 330 670 330 675 72 695 72 646 72 646 331 695 331 737 331 646 313 737 313 644 313 657 279 738 332 655 277 655 277 738 332 739 333 655 277 739 333 698 307 698 307 739 333 740 334 698 307 740 334 696 305 640 72 741 72 639 72 639 72 741 72 742 72 639 72 742 72 667 72 667 335 742 335 743 335 667 336 743 336 665 336 678 72 744 72 675 72 675 337 744 337 745 337 675 315 745 315 694 315 713 72 746 72 646 72 646 290 746 290 747 290 748 289 747 289 749 289 700 338 750 338 698 338 698 336 750 336 751 336 698 339 751 339 675 339 675 72 751 72 752 72 675 72 752 72 673 72 753 72 617 72 754 72 754 72 617 72 616 72 754 72 616 72 755 72 755 72 616 72 756 72 755 340 756 340 757 340 757 72 756 72 758 72 757 72 758 72 759 72 759 72 758 72 760 72 759 72 760 72 761 72 761 341 760 341 762 341 761 72 762 72 763 72 763 342 762 342 764 342 763 72 764 72 765 72 765 343 764 343 766 343 765 344 766 344 767 344 767 345 766 345 768 345 767 72 768 72 769 72 770 346 768 346 771 346 770 347 771 347 772 347 772 72 771 72 773 72 772 72 773 72 774 72 774 348 773 348 748 348 774 72 748 72 775 72 775 72 748 72 749 72 776 349 777 350 778 351 779 352 780 353 781 354 782 355 783 356 784 357 785 358 786 359 787 360 788 361 789 362 790 363 791 364 789 365 792 366 793 367 794 368 795 369 795 370 796 371 797 372 798 373 799 374 800 375 801 376 802 377 799 374 799 374 802 377 803 378 799 374 803 378 800 375 804 379 805 380 801 376 801 376 805 380 806 381 801 376 806 381 802 377 807 382 808 383 804 379 804 379 808 383 809 384 804 379 809 384 805 380 810 385 811 386 807 382 807 382 811 386 812 387 807 382 812 387 808 383 813 388 814 389 810 385 810 385 814 389 815 390 810 385 815 390 811 386 816 391 817 392 813 388 813 388 817 392 818 393 813 388 818 393 814 389 819 394 820 395 816 391 816 391 820 395 821 396 816 391 821 396 817 392 822 397 823 398 819 394 819 394 823 398 824 399 819 394 824 399 820 395 825 400 826 401 822 397 822 397 826 401 827 402 822 397 827 402 823 398 828 403 829 404 825 400 825 400 829 404 830 405 825 400 830 405 826 401 831 406 832 407 828 403 828 403 832 407 833 408 828 403 833 408 829 404 834 409 835 410 831 406 831 406 835 410 836 411 831 406 836 411 832 407 837 412 838 413 834 409 834 409 838 413 839 414 834 409 839 414 835 410 840 415 841 416 837 412 837 412 841 416 842 417 837 412 842 417 838 413 843 418 844 419 840 415 840 415 844 419 845 420 840 415 845 420 841 416 846 421 847 422 843 418 843 418 847 422 848 423 843 418 848 423 844 419 849 424 850 425 846 421 846 421 850 425 851 426 846 421 851 426 847 422 852 427 853 428 849 424 849 424 853 428 854 429 849 424 854 429 850 425 855 430 856 431 852 427 852 427 856 431 857 432 852 427 857 432 853 428 858 433 859 434 855 430 855 430 859 434 860 435 855 430 860 435 856 431 861 436 862 437 858 433 858 433 862 437 863 438 858 433 863 438 859 434 800 375 864 35 798 373 798 373 864 35 865 439 798 373 865 439 861 436 861 436 865 439 866 440 861 436 866 440 862 437 687 302 867 441 868 442 868 442 867 441 869 443 870 444 871 445 872 446 872 446 871 445 873 447 872 446 873 447 874 448 874 448 873 447 875 449 874 448 875 449 867 441 867 441 875 449 876 450 867 441 876 450 869 443 877 451 878 452 879 453 879 453 878 452 880 454 879 453 880 454 872 446 872 446 880 454 881 455 872 446 881 455 870 444 882 456 883 457 884 458 884 458 883 457 885 459 884 458 885 459 886 460 882 456 887 461 883 457 883 457 887 461 888 462 883 457 888 462 889 463 890 464 891 465 892 466 892 466 891 465 893 467 893 467 894 468 892 466 892 466 894 468 895 469 892 466 895 469 885 459 885 459 895 469 896 470 885 459 896 470 886 460 897 471 898 472 899 473 897 471 899 473 900 474 899 473 901 475 900 474 900 474 901 475 902 476 900 474 902 476 903 477 903 477 904 478 900 474 900 474 904 478 905 479 900 474 905 479 890 464 890 464 905 479 906 480 890 464 906 480 891 465 907 481 908 482 909 483 909 483 908 482 910 484 911 485 912 486 913 487 913 487 912 486 914 488 915 489 916 490 917 491 918 492 919 493 917 491 917 491 919 493 920 494 917 491 920 494 915 489 916 490 921 495 917 491 917 491 921 495 922 496 917 491 922 496 923 497 924 498 925 499 926 500 926 500 925 499 927 501 926 500 927 501 928 502 928 502 927 501 929 503 928 502 929 503 930 504 918 492 931 505 932 506 932 506 931 505 933 507 932 506 933 507 934 508 934 508 933 507 935 509 934 508 935 509 936 510 937 511 938 512 935 509 935 509 938 512 939 513 935 509 939 513 936 510 940 514 941 515 942 516 942 516 941 515 943 517 942 516 943 517 937 511 937 511 943 517 944 518 937 511 944 518 938 512 940 514 942 516 945 519 945 519 942 516 946 520 945 519 946 520 947 521 947 521 946 520 948 522 948 522 946 520 949 523 948 522 949 523 950 524 951 525 952 526 953 527 953 527 952 526 954 528 953 527 954 528 955 529 955 529 954 528 956 530 955 529 956 530 957 531 958 532 959 533 960 534 960 534 959 533 961 535 961 535 962 536 960 534 960 534 962 536 963 537 960 534 963 537 949 523 949 523 963 537 964 538 949 523 964 538 950 524 957 531 958 532 955 529 955 529 958 532 960 534 955 529 960 534 965 539 965 539 960 534 966 540 965 539 966 540 967 541 967 541 966 540 968 542 969 543 970 544 971 545 971 545 970 544 972 546 971 545 972 546 966 540 966 540 972 546 973 547 966 540 973 547 968 542 914 488 912 486 974 548 974 548 975 549 914 488 914 488 975 549 976 550 914 488 976 550 971 545 971 545 976 550 977 551 971 545 977 551 969 543 910 484 908 482 978 552 978 552 908 482 979 553 980 554 981 555 982 556 982 556 981 555 983 557 982 556 983 557 908 482 908 482 983 557 984 558 908 482 984 558 979 553 923 497 924 498 917 491 917 491 924 498 926 500 917 491 926 500 985 559 985 559 926 500 986 560 985 559 986 560 987 561 987 561 988 562 985 559 985 559 988 562 989 563 985 559 989 563 982 556 982 556 989 563 990 564 982 556 990 564 980 554 991 72 992 72 993 72 993 72 992 72 994 72 993 72 994 72 995 72 995 72 994 72 996 72 995 72 996 72 997 72 997 72 996 72 998 72 997 72 998 72 999 72 999 72 998 72 1000 72 999 565 1000 565 1001 565 1001 72 1000 72 1002 72 1001 566 1002 566 1003 566 1003 72 1002 72 1004 72 1003 72 1004 72 1005 72 1005 72 1004 72 1006 72 1005 72 1006 72 1007 72 1007 72 1006 72 1008 72 1007 72 1008 72 1009 72 1009 567 1008 567 1010 567 1009 568 1010 568 1011 568 1011 569 1010 569 1012 569 1011 72 1012 72 1013 72 1013 72 1012 72 1014 72 1013 72 1014 72 1015 72 1015 72 1014 72 1016 72 1015 72 1016 72 1017 72 1017 72 1016 72 1018 72 1017 72 1018 72 1019 72 1019 72 1018 72 1020 72 1019 72 1020 72 1021 72 1021 72 1020 72 1022 72 1021 72 1022 72 1023 72 1023 72 1022 72 1024 72 1023 570 1024 570 1025 570 1025 72 1024 72 1026 72 1025 571 1026 571 1027 571 1027 72 1026 72 1028 72 1027 72 1028 72 1029 72 1029 72 1028 72 1030 72 1029 72 1030 72 1031 72 1031 72 1030 72 1032 72 1031 72 1032 72 1033 72 1033 572 1032 572 1034 572 1033 573 1034 573 1035 573 1035 574 1034 574 1036 574 1035 72 1036 72 1037 72 1037 72 1036 72 1038 72 1037 72 1038 72 991 72 991 72 1038 72 992 72 1039 0 1040 0 1041 0 1041 575 1040 575 1042 575 1041 0 1042 0 1043 0 1043 18 1042 18 1044 18 1043 0 1044 0 1045 0 1045 0 1044 0 1046 0 1045 0 1046 0 1047 0 1047 576 1046 576 1048 576 1047 0 1048 0 1049 0 1049 0 1048 0 1050 0 1049 0 1050 0 1051 0 1051 9 1050 9 1052 9 1051 0 1052 0 1053 0 1053 16 1052 16 1054 16 1053 0 1054 0 1055 0 1055 0 1054 0 1056 0 1055 577 1056 577 1057 577 1057 0 1056 0 1058 0 1057 0 1058 0 1059 0 1059 0 1058 0 1060 0 1059 0 1060 0 1061 0 1061 11 1060 11 1062 11 1061 578 1062 578 1063 578 1063 0 1062 0 1064 0 1065 579 1066 580 1067 581 1068 582 1069 583 1070 584 1070 584 1069 583 1071 585 1070 584 1071 585 1072 586 1068 582 1073 587 1069 583 1074 588 1073 587 1075 589 1074 588 1075 589 1065 579 1071 585 1076 590 1077 591 1077 591 1078 592 1071 585 1071 585 1078 592 1079 593 1071 585 1079 593 1072 586 1080 594 1081 595 1082 596 1082 596 1081 595 1083 597 1082 596 1083 597 1084 598 1085 599 1086 600 1087 601 1087 601 1086 600 1088 602 1088 602 1089 603 1087 601 1087 601 1089 603 1090 604 1087 601 1090 604 1082 596 1082 596 1090 604 1091 605 1082 596 1091 605 1080 594 1065 579 1067 581 1074 588 1074 588 1067 581 1092 606 1074 588 1092 606 1093 607 1092 606 1094 608 1093 607 1093 607 1094 608 1095 609 1093 607 1095 609 1096 610 1095 609 1097 611 1096 610 1096 610 1097 611 1098 612 1096 610 1098 612 1099 613 1098 612 1100 614 1099 613 1099 613 1100 614 1101 615 1099 613 1101 615 1102 616 1101 615 1103 617 1102 616 1102 616 1103 617 1104 618 1102 616 1104 618 1105 619 1105 619 1104 618 1106 620 1105 619 1106 620 1107 621 1107 621 1106 620 1108 622 1107 621 1108 622 1109 623 1109 623 1108 622 1110 624 1111 625 1112 626 1113 627 1113 627 1112 626 1114 628 1113 627 1114 628 1115 629 1115 629 1114 628 1116 630 1115 629 1116 630 1117 631 1117 631 1116 630 1118 632 1117 631 1118 632 1119 633 1119 633 1118 632 1120 634 1119 633 1120 634 1110 624 1110 624 1120 634 1121 635 1110 624 1121 635 1109 623 1111 625 1122 636 1112 626 1112 626 1122 636 1123 637 1112 626 1123 637 1124 638 1124 638 1123 637 1125 639 1125 639 1123 637 1126 640 1125 639 1126 640 1127 641 1127 641 1126 640 1128 642 1127 641 1128 642 1129 643 1129 643 1128 642 1130 644 1129 643 1130 644 1131 645 1130 644 1132 646 1131 645 1131 645 1132 646 1133 647 1131 645 1133 647 1134 648 1134 648 1133 647 1135 649 1134 648 1135 649 1136 650 1137 651 1138 652 1139 653 1139 653 1138 652 1140 654 1139 653 1140 654 1135 649 1135 649 1140 654 1141 655 1135 649 1141 655 1136 650 1139 653 1142 656 1137 651 1137 651 1142 656 1143 657 1137 651 1143 657 1144 658 1143 657 1145 659 1144 658 1144 658 1145 659 1146 660 1144 658 1146 660 1147 661 1146 660 1148 662 1147 661 1147 661 1148 662 1149 663 1147 661 1149 663 1150 664 1149 663 1151 665 1150 664 1150 664 1151 665 1152 666 1150 664 1152 666 1153 667 1154 668 1085 599 1155 669 1155 669 1085 599 1087 601 1155 669 1087 601 1156 670 1156 670 1087 601 1153 667 1156 670 1153 667 1157 671 1157 671 1153 667 1152 666 1158 0 1159 0 1160 0 1161 0 1162 0 1163 0 1164 0 1165 0 1166 0 1166 672 1165 672 1167 672 1168 673 1169 673 1170 673 1171 674 1172 674 1173 674 1174 675 1175 676 1176 677 1177 678 1178 678 1179 678 1180 679 1181 680 1182 681 1183 0 1184 0 1185 0 1186 682 1187 682 1188 682 1189 0 1190 0 1191 0 1191 683 1190 683 1192 683 1192 0 1190 0 1187 0 1187 0 1190 0 1193 0 1187 0 1193 0 1188 0 1194 684 1195 684 1196 684 1194 0 1196 0 1197 0 1168 0 1196 0 1198 0 1168 0 1198 0 1169 0 1169 0 1198 0 1199 0 1169 0 1199 0 1200 0 1200 685 1199 685 1201 685 1200 0 1201 0 1188 0 1188 686 1201 686 1202 686 1188 687 1202 687 1186 687 1191 0 1203 0 1189 0 1189 688 1203 688 1204 688 1189 0 1204 0 1195 0 1195 689 1204 689 1205 689 1195 0 1205 0 1196 0 1185 0 1184 0 1206 0 1206 690 1184 690 1207 690 1206 691 1207 691 1208 691 1209 0 1210 0 1211 0 1211 691 1210 691 1212 691 1211 0 1212 0 1213 0 1213 692 1212 692 1214 692 1213 0 1214 0 1215 0 1215 693 1214 693 1216 693 1216 0 1217 0 1218 0 1218 694 1217 694 1219 694 1218 0 1219 0 1220 0 1220 694 1219 694 1221 694 1173 695 1222 695 1223 695 1224 0 1225 0 1190 0 1190 696 1225 696 1226 696 1190 697 1226 697 1227 697 1228 0 1229 0 1230 0 1230 698 1229 698 1231 698 1230 699 1231 699 1232 699 1222 0 1173 0 1233 0 1233 0 1173 0 1234 0 1233 0 1234 0 1235 0 1231 0 1236 0 1232 0 1232 0 1236 0 1235 0 1232 0 1235 0 1237 0 1237 0 1235 0 1234 0 1237 700 1234 700 1238 700 1238 0 1234 0 1239 0 1238 701 1239 701 1240 701 1240 0 1239 0 1241 0 1241 0 1239 0 1242 0 1241 0 1242 0 1243 0 1244 0 1245 0 1246 702 1247 0 1248 0 1249 0 1249 703 1248 703 1250 703 1251 704 1252 704 1253 704 1250 705 1254 705 1249 705 1249 706 1254 706 1255 706 1249 0 1255 0 1256 707 1246 702 1257 708 1244 0 1244 0 1257 708 1258 709 1244 0 1258 709 1259 0 1259 0 1258 709 1260 710 1259 0 1260 710 1261 0 1261 0 1260 710 1256 707 1261 0 1256 707 1262 0 1262 0 1256 707 1255 0 1242 0 1263 0 1243 0 1243 0 1263 0 1264 0 1243 711 1264 711 1265 711 1265 0 1264 0 1253 0 1265 712 1253 712 1266 712 1266 713 1253 713 1252 713 1266 0 1252 0 1247 0 1247 0 1252 0 1267 0 1247 714 1267 714 1248 714 1268 715 1269 715 1249 715 1249 0 1269 0 1270 0 1271 716 1272 717 1256 707 1256 707 1272 717 1273 718 1256 707 1273 718 1249 0 1249 719 1273 719 1274 719 1249 0 1274 0 1268 0 1269 0 1275 0 1270 0 1276 0 1275 0 1277 0 1276 720 1277 721 1182 681 1182 681 1277 721 1278 722 1182 681 1278 722 1180 679 1279 0 1280 0 1281 0 1279 723 1281 723 1282 723 1283 724 1284 725 1285 726 1286 727 1287 727 1288 727 1288 0 1287 0 1289 0 1288 0 1289 0 1290 0 1290 0 1289 0 1276 0 1290 728 1276 728 1291 728 1291 729 1276 720 1182 681 1292 730 1293 730 1294 731 1294 732 1293 733 1283 733 1294 734 1283 724 1295 735 1295 735 1283 724 1285 726 1182 681 1296 736 1291 729 1291 729 1296 736 1297 737 1291 729 1297 737 1298 738 1297 737 1299 739 1298 738 1298 738 1299 739 1300 740 1298 738 1300 740 1284 725 1284 725 1300 740 1301 741 1284 725 1301 741 1285 726 1302 0 1303 0 1281 0 1304 742 1305 742 1306 742 1306 0 1305 0 1307 0 1303 0 1308 0 1281 0 1281 743 1308 743 1309 743 1281 744 1309 744 1310 744 1286 0 1282 0 1287 0 1311 745 1282 745 1281 745 1311 746 1281 746 1312 746 1312 0 1281 0 1310 0 1313 747 1314 747 1315 747 1315 0 1314 0 1306 0 1315 748 1306 748 1316 748 1310 749 1317 749 1312 749 1312 750 1317 750 1318 750 1312 751 1318 751 1307 751 1307 0 1318 0 1319 0 1307 0 1319 0 1306 0 1306 752 1319 752 1320 752 1306 753 1320 753 1316 753 1321 754 1322 754 1304 754 1323 755 1324 755 1325 755 1325 756 1326 756 1327 756 1327 757 1326 757 1321 757 1327 0 1321 0 1328 0 1329 0 1322 0 1330 0 1330 0 1322 0 1321 0 1330 758 1321 758 1331 758 1331 0 1321 0 1326 0 1329 759 1332 759 1322 759 1322 760 1332 760 1333 760 1322 0 1333 0 1334 0 1334 761 1333 761 1335 761 1334 0 1335 0 1336 0 1336 762 1335 762 1337 762 1336 763 1337 763 1178 763 1338 764 1339 764 1340 764 1340 0 1339 0 1341 0 1340 0 1341 0 1177 0 1294 734 1342 765 1343 0 1280 766 1292 766 1281 766 1281 767 1292 767 1294 768 1281 0 1294 769 1344 0 1344 770 1294 771 1343 770 1344 0 1345 0 1281 0 1281 772 1345 772 1346 772 1281 0 1346 0 1347 0 1347 0 1348 0 1281 0 1281 773 1348 773 1314 773 1281 0 1314 0 1302 0 1302 774 1314 774 1313 774 1245 0 1251 0 1246 702 1246 702 1251 0 1253 0 1246 702 1253 0 1349 775 1349 775 1253 0 1264 776 1349 775 1264 776 1350 777 1350 777 1264 776 1176 677 1264 0 1351 0 1352 0 1352 778 1353 778 1264 778 1264 779 1353 779 1354 779 1264 776 1354 780 1176 677 1176 677 1354 780 1355 781 1176 677 1355 781 1174 675 1356 0 1357 0 1358 0 1357 782 1359 782 1358 782 1358 783 1359 783 1360 783 1358 0 1360 0 1361 0 1361 784 1360 784 1362 784 1361 785 1362 785 1363 785 1364 0 1365 0 1366 0 1366 0 1365 0 1361 0 1366 0 1361 0 1367 0 1367 786 1361 786 1363 786 1363 787 1368 787 1367 787 1367 0 1368 0 1369 0 1367 788 1369 788 1370 788 1369 0 1371 0 1372 0 1372 789 1371 789 1373 789 1372 790 1373 790 1374 790 1374 791 1373 791 1375 791 1376 0 1375 0 1377 0 1358 0 1378 0 1379 0 1377 792 1356 792 1376 792 1376 0 1356 0 1358 0 1376 0 1358 0 1380 0 1380 793 1358 793 1379 793 1223 0 1224 0 1173 0 1173 0 1224 0 1190 0 1173 0 1190 0 1381 0 1381 0 1190 0 1189 0 1381 0 1189 0 1382 0 1382 0 1189 0 1195 0 1382 794 1195 794 1383 794 1383 795 1195 795 1384 795 1221 796 1183 796 1220 796 1220 0 1183 0 1185 0 1220 0 1185 0 1385 0 1385 0 1185 0 1206 0 1385 0 1206 0 1386 0 1386 0 1206 0 1387 0 1386 0 1387 0 1167 0 1167 0 1387 0 1388 0 1167 0 1388 0 1166 0 1166 0 1388 0 1389 0 1166 0 1389 0 1164 0 1164 797 1389 797 1390 797 1162 0 1391 0 1321 0 1321 798 1391 798 1392 798 1321 0 1392 0 1328 0 1159 0 1158 0 1393 0 1393 0 1158 0 1394 0 1393 799 1395 799 1396 799 1397 0 1398 0 1321 0 1321 0 1398 0 1399 0 1321 0 1399 0 1162 0 1162 0 1399 0 1400 0 1162 0 1400 0 1401 0 1401 0 1402 0 1162 0 1162 0 1402 0 1396 0 1162 0 1396 0 1163 0 1163 800 1396 800 1395 800 1403 0 1393 0 1404 0 1404 0 1393 0 1396 0 1404 0 1396 0 1405 0 1405 0 1396 0 1402 0 1403 0 1406 0 1393 0 1393 785 1406 785 1407 785 1393 784 1407 784 1408 784 1348 0 1409 0 1314 0 1314 801 1409 801 1160 801 1314 0 1160 0 1306 0 1306 0 1160 0 1159 0 1306 802 1159 802 1304 802 1304 0 1159 0 1393 0 1304 0 1393 0 1321 0 1321 0 1393 0 1408 0 1321 783 1408 783 1397 783 1324 803 1323 803 1179 803 1179 0 1323 0 1410 0 1179 0 1410 0 1177 0 1177 804 1390 804 1389 804 1177 0 1389 0 1340 0 1340 0 1389 0 1388 0 1340 0 1388 0 1338 0 1338 805 1388 805 1411 805 1338 0 1411 0 1412 0 1413 806 1387 806 1414 806 1414 807 1387 807 1206 807 1414 0 1206 0 1415 0 1415 808 1206 808 1416 808 1413 809 1417 809 1387 809 1387 810 1417 810 1418 810 1387 0 1418 0 1388 0 1388 811 1418 811 1419 811 1411 0 1420 0 1206 0 1206 812 1420 812 1421 812 1206 813 1421 813 1416 813 1419 814 1422 814 1388 814 1388 815 1422 815 1423 815 1388 816 1423 816 1411 816 1411 817 1423 817 1424 817 1411 818 1424 818 1420 818 1208 0 1209 0 1206 0 1206 0 1209 0 1211 0 1206 0 1211 0 1411 0 1411 0 1211 0 1425 0 1411 0 1425 0 1412 0 1412 819 1425 819 1426 819 1215 0 1170 0 1213 0 1213 820 1170 820 1169 820 1213 0 1169 0 1211 0 1211 0 1169 0 1200 0 1211 0 1200 0 1425 0 1425 0 1200 0 1188 0 1425 0 1188 0 1427 0 1427 0 1188 0 1193 0 1427 821 1193 821 1428 821 1428 0 1193 0 1190 0 1428 822 1190 822 1230 822 1230 0 1190 0 1227 0 1230 823 1227 823 1228 823 1429 0 1430 0 1239 0 1430 824 1431 824 1239 824 1239 825 1431 825 1432 825 1239 0 1432 0 1242 0 1242 826 1432 826 1433 826 1242 827 1433 827 1434 827 1365 828 1435 828 1436 828 1351 0 1264 0 1437 0 1437 0 1264 0 1263 0 1437 829 1263 829 1364 829 1364 0 1263 0 1242 0 1364 0 1242 0 1365 0 1365 0 1242 0 1434 0 1365 830 1434 830 1435 830 1436 831 1438 831 1365 831 1365 0 1438 0 1439 0 1365 0 1439 0 1361 0 1361 0 1439 0 1440 0 1361 832 1440 832 1441 832 1172 0 1442 0 1173 0 1173 833 1442 833 1378 833 1173 0 1378 0 1234 0 1234 834 1378 834 1358 834 1234 0 1358 0 1239 0 1239 0 1358 0 1361 0 1239 0 1361 0 1429 0 1429 835 1361 835 1441 835 1443 836 1444 836 1445 836 1445 837 1444 837 1446 837 1447 838 1448 838 1449 838 1449 839 1448 839 1450 839 1451 840 1452 840 1453 840 1453 841 1452 841 1454 841 1455 842 1456 842 1457 842 1457 843 1456 843 1458 843 1459 844 1460 844 1461 844 1461 845 1460 845 1462 845 1463 846 1464 846 1465 846 1465 847 1464 847 1466 847 1467 848 1468 848 1469 848 1469 849 1468 849 1470 849 1471 850 1472 850 1473 850 1473 850 1472 850 1474 850 1475 851 1476 851 1477 851 1477 852 1476 852 1478 852 1479 853 1480 853 1481 853 1481 854 1480 854 1482 854 1483 855 1484 855 1485 855 1485 856 1484 856 1486 856 1487 857 1488 857 1489 857 1489 858 1488 858 1490 858 1491 859 1492 860 1493 861 1493 861 1492 860 1494 862 1493 863 1495 864 1496 865 1496 865 1495 864 1497 866 1496 865 1497 866 1498 867 1498 867 1497 866 1499 868 1498 867 1499 868 1500 869 1500 869 1499 868 1501 870 1500 871 1502 872 1503 873 1502 872 1504 874 1503 873 1503 873 1504 874 1505 875 1503 876 1506 877 1507 878 1507 878 1506 877 1508 879 1507 878 1508 879 1509 880 1509 880 1508 879 1510 881 1509 880 1510 881 1511 882 1511 882 1510 881 1512 883 1511 882 1512 883 1513 884 1513 884 1512 883 1514 885 1513 884 1514 885 1515 886 1515 886 1514 885 1516 887 1515 886 1516 887 1517 888 1517 888 1516 887 1518 889 1517 888 1518 889 1519 890 1491 859 1518 891 1520 892 1491 859 1520 892 1492 860 1521 893 1522 893 1523 893 1523 894 1522 894 1524 894 1525 895 1526 895 1527 895 1527 895 1526 895 1528 895 1529 840 1530 840 1531 840 1531 841 1530 841 1532 841 1533 842 1534 842 1535 842 1535 843 1534 843 1536 843 1537 896 1538 896 1539 896 1539 897 1538 897 1540 897 1541 898 1542 898 1543 898 1543 899 1542 899 1544 899 1545 900 1546 900 1547 900 1547 901 1546 901 1548 901 1549 902 1550 902 1551 902 1551 903 1550 903 1552 903 1553 851 1554 851 1555 851 1555 852 1554 852 1556 852 1557 853 1558 853 1559 853 1559 854 1558 854 1560 854 1561 904 1562 904 1563 904 1563 905 1562 905 1564 905 1565 906 1566 906 1567 906 1567 907 1566 907 1568 907 1569 908 1570 909 1571 910 1571 910 1570 909 1572 911 1571 912 1573 913 1574 914 1574 914 1573 913 1575 915 1574 916 1576 917 1577 918 1577 918 1576 917 1578 919 1577 920 1579 921 1580 922 1580 922 1579 921 1581 923 1580 924 1582 925 1583 926 1582 925 1584 927 1583 926 1583 926 1584 927 1585 928 1583 929 1586 930 1587 931 1587 931 1586 930 1588 932 1587 931 1588 932 1589 933 1589 933 1588 932 1590 934 1589 933 1590 934 1591 935 1591 935 1590 934 1592 936 1591 935 1592 936 1593 937 1593 937 1592 936 1594 938 1593 937 1594 938 1595 939 1595 939 1594 938 1596 940 1595 939 1596 940 1597 941 1597 941 1596 940 1598 942 1597 941 1598 942 1599 943 1569 908 1598 944 1600 945 1569 908 1600 945 1570 909 1601 946 1602 946 1603 946 1603 947 1602 947 1604 947 1605 948 1606 948 1607 948 1607 949 1606 949 1608 949 1609 950 1610 950 1611 950 1611 951 1610 951 1612 951 1613 952 1614 952 1615 952 1615 953 1614 953 1616 953 1617 954 1618 954 1619 954 1619 955 1618 955 1620 955 1621 956 1622 956 1623 956 1623 957 1622 957 1624 957 1625 958 1626 958 1627 958 1627 959 1626 959 1628 959 1629 960 1630 960 1631 960 1631 961 1630 961 1632 961 1633 962 1634 962 1635 962 1635 963 1634 963 1636 963 1637 964 1638 964 1639 964 1639 965 1638 965 1640 965 1641 966 1642 966 1643 966 1643 967 1642 967 1644 967 1645 968 1646 968 1647 968 1647 969 1646 969 1648 969 1649 970 1650 971 1651 972 1651 972 1650 971 1652 973 1651 972 1652 973 1653 974 1653 974 1652 973 1654 975 1653 974 1654 975 1655 976 1655 976 1654 975 1656 977 1655 976 1656 977 1657 978 1657 978 1656 977 1658 979 1657 978 1658 979 1659 980 1658 979 1660 981 1659 980 1659 980 1660 981 1661 982 1659 980 1661 982 1662 983 1662 984 1663 985 1664 986 1662 984 1664 986 1665 987 1665 987 1664 986 1666 988 1665 987 1666 988 1667 989 1667 989 1666 988 1668 990 1667 989 1668 990 1669 991 1669 991 1668 990 1670 992 1669 991 1670 992 1671 993 1671 993 1670 992 1672 994 1671 993 1672 994 1673 995 1673 995 1672 994 1674 996 1673 995 1674 996 1675 997 1649 970 1674 998 1676 999 1649 970 1676 999 1650 971 1677 1000 1678 1001 1679 1002 1679 1002 1678 1001 1680 1003 1679 1002 1680 1003 1681 1004 1682 1005 1683 1006 1677 1000 1677 1000 1683 1006 1684 1007 1677 1000 1684 1007 1678 1001 1685 1008 1686 1009 1682 1005 1682 1005 1686 1009 1687 1010 1682 1005 1687 1010 1683 1006 1681 1004 1688 1011 1679 1002 1679 1002 1688 1011 1689 1012 1679 1002 1689 1012 1690 1013 1690 1013 1689 1012 1691 1014 1692 854 1693 854 1694 854 1694 853 1693 853 1695 853 1696 852 1697 852 1698 852 1698 851 1697 851 1699 851 1700 903 1701 903 1702 903 1702 903 1701 903 1703 903 1704 1015 1705 1015 1706 1015 1706 900 1705 900 1707 900 1708 1016 1709 1016 1710 1016 1710 846 1709 846 1711 846 1712 845 1713 845 1714 845 1714 1017 1713 1017 1715 1017 1716 843 1717 843 1718 843 1718 842 1717 842 1719 842 1720 841 1721 841 1722 841 1722 840 1721 840 1723 840 1685 1008 1724 1018 1686 1009 1725 1019 1726 1020 1727 1021 1727 1021 1726 1020 1728 1022 1727 1021 1728 1022 1729 1023 1729 1023 1728 1022 1730 1024 1729 1023 1730 1024 1731 1025 1731 1025 1730 1024 1732 1026 1731 1025 1732 1026 1733 1027 1733 1027 1732 1026 1734 1028 1733 1027 1734 1028 1735 1029 1735 1029 1734 1028 1736 1030 1735 1029 1736 1030 1737 1031 1737 1031 1736 1030 1738 1032 1737 1031 1738 1032 1739 1033 1738 1034 1740 1035 1741 1036 1741 1036 1740 1035 1742 1037 1741 1036 1742 1037 1743 1038 1743 1038 1742 1037 1744 1039 1743 1038 1744 1039 1745 1040 1745 1040 1744 1039 1746 1041 1745 1040 1746 1041 1747 1042 1747 1042 1746 1041 1748 1043 1747 1042 1748 1043 1749 1044 1749 1044 1748 1043 1750 1045 1749 1044 1750 1045 1725 1019 1725 1019 1750 1045 1751 1046 1725 1019 1751 1046 1726 1020 1752 946 1753 946 1754 946 1754 947 1753 947 1755 947 1756 1047 1757 1047 1758 1047 1758 948 1757 948 1759 948 1760 951 1761 951 1762 951 1762 1048 1761 1048 1763 1048 1764 953 1765 953 1766 953 1766 1049 1765 1049 1767 1049 1768 1050 1769 1050 1770 1050 1770 954 1769 954 1771 954 1772 956 1773 956 1774 956 1774 957 1773 957 1775 957 1776 958 1777 958 1778 958 1778 959 1777 959 1779 959 1780 961 1781 961 1782 961 1782 1051 1781 1051 1783 1051 1784 1052 1785 1052 1786 1052 1786 962 1785 962 1787 962 1788 1053 1789 1053 1790 1053 1790 964 1789 964 1791 964 1792 967 1793 967 1794 967 1794 1054 1793 1054 1795 1054 1796 968 1797 968 1798 968 1798 969 1797 969 1799 969 1800 1055 1801 1056 1802 1057 1802 1057 1801 1056 1803 1058 1802 1057 1803 1058 1804 1059 1804 1059 1803 1058 1805 1060 1804 1059 1805 1060 1806 1061 1806 1061 1805 1060 1807 1062 1806 1061 1807 1062 1808 1063 1808 1063 1807 1062 1809 1064 1808 1063 1809 1064 1810 1065 1810 1065 1809 1064 1811 1066 1810 1065 1811 1066 1812 1067 1812 1067 1811 1066 1813 1068 1812 1067 1813 1068 1814 1069 1813 1070 1815 1071 1816 1072 1816 1072 1815 1071 1817 1073 1816 1072 1817 1073 1818 1074 1818 1074 1817 1073 1819 1075 1818 1074 1819 1075 1820 1076 1820 1076 1819 1075 1821 1077 1820 1076 1821 1077 1822 1078 1822 1078 1821 1077 1823 1079 1822 1078 1823 1079 1824 1080 1824 1080 1823 1079 1825 1081 1824 1080 1825 1081 1800 1082 1800 1082 1825 1081 1826 1083 1800 1082 1826 1083 1827 1084 1828 836 1829 836 1830 836 1830 1085 1829 1085 1831 1085 1832 839 1833 839 1834 839 1834 839 1833 839 1835 839 1836 840 1837 840 1838 840 1838 841 1837 841 1839 841 1840 842 1841 842 1842 842 1842 843 1841 843 1843 843 1844 845 1845 845 1846 845 1846 845 1845 845 1847 845 1848 846 1849 846 1850 846 1850 1086 1849 1086 1851 1086 1852 1087 1853 1087 1854 1087 1854 1015 1853 1015 1855 1015 1856 903 1857 903 1858 903 1858 1088 1857 1088 1859 1088 1860 851 1861 851 1862 851 1862 852 1861 852 1863 852 1864 853 1865 853 1866 853 1866 854 1865 854 1867 854 1868 1089 1869 1089 1870 1089 1870 905 1869 905 1871 905 1872 906 1873 906 1874 906 1874 1090 1873 1090 1875 1090 1876 1091 1877 1092 1878 1093 1878 1093 1877 1092 1879 1094 1878 1093 1879 1094 1880 1095 1880 1095 1879 1094 1881 1096 1880 1095 1881 1096 1882 1097 1882 1097 1881 1096 1883 1098 1882 1097 1883 1098 1884 1099 1884 1099 1883 1098 1885 1100 1884 1099 1885 1100 1886 1101 1885 1100 1887 1102 1886 1101 1886 1101 1887 1102 1888 1103 1886 1104 1889 1105 1890 1106 1890 1106 1889 1105 1891 1107 1890 1106 1891 1107 1892 1108 1892 1108 1891 1107 1893 1109 1892 1108 1893 1109 1894 1110 1894 1110 1893 1109 1895 1111 1894 1110 1895 1111 1896 1112 1896 1112 1895 1111 1897 1113 1896 1112 1897 1113 1898 1114 1898 1114 1897 1113 1899 1115 1898 1114 1899 1115 1900 1116 1900 1116 1899 1115 1901 1117 1900 1116 1901 1117 1902 1118 1876 1091 1901 1119 1903 1120 1876 1091 1903 1120 1877 1092 1904 1121 1905 1121 1906 1121 1906 1122 1905 1122 1907 1122 1908 895 1909 895 1910 895 1910 1123 1909 1123 1911 1123 1912 1124 1913 1124 1914 1124 1914 1125 1913 1125 1915 1125 1916 1126 1917 1126 1918 1126 1918 1127 1917 1127 1919 1127 1920 1128 1921 1128 1922 1128 1922 1129 1921 1129 1923 1129 1924 1130 1925 1130 1926 1130 1926 1131 1925 1131 1927 1131 1928 1132 1929 1132 1930 1132 1930 1133 1929 1133 1931 1133 1932 1134 1933 1134 1934 1134 1934 850 1933 850 1935 850 1936 1135 1937 1135 1938 1135 1938 1136 1937 1136 1939 1136 1940 1137 1941 1137 1942 1137 1942 1138 1941 1138 1943 1138 1944 1139 1945 1139 1946 1139 1946 1140 1945 1140 1947 1140 1948 1141 1949 1141 1950 1141 1950 1142 1949 1142 1951 1142 1952 1143 1953 1143 1954 1143 1954 1144 1953 1144 1955 1144 1956 1145 1957 1145 1958 1145 1958 1145 1957 1145 1959 1145 1960 1146 1961 1146 1962 1146 1962 1125 1961 1125 1963 1125 1964 1147 1965 1147 1966 1147 1966 1127 1965 1127 1967 1127 1968 1148 1969 1148 1970 1148 1970 1149 1969 1149 1971 1149 1972 1150 1973 1150 1974 1150 1974 1151 1973 1151 1975 1151 1976 1132 1977 1132 1978 1132 1978 1152 1977 1152 1979 1152 1980 1134 1981 1134 1982 1134 1982 1153 1981 1153 1983 1153 1984 1154 1985 1154 1986 1154 1986 1155 1985 1155 1987 1155 1988 1156 1989 1156 1990 1156 1990 1157 1989 1157 1991 1157 1992 1158 1993 1158 1994 1158 1994 1158 1993 1158 1995 1158 1996 1141 1997 1141 1998 1141 1998 1159 1997 1159 1999 1159 2000 1160 2001 1160 2002 1160 2002 1161 2001 1161 2003 1161 2004 1162 2005 1162 2006 1162 2006 1163 2005 1163 2007 1163 2008 1164 2009 1164 2010 1164 2010 1165 2009 1165 2011 1165 2012 1166 2013 1166 2014 1166 2014 1167 2013 1167 2015 1167 2016 1148 2017 1148 2018 1148 2018 1168 2017 1168 2019 1168 2020 1169 2021 1169 2022 1169 2022 1170 2021 1170 2023 1170 2024 1171 2025 1171 2026 1171 2026 1172 2025 1172 2027 1172 2028 1173 2029 1173 2030 1173 2030 1134 2029 1134 2031 1134 2032 1174 2033 1174 2034 1174 2034 1175 2033 1175 2035 1175 2036 1176 2037 1176 2038 1176 2038 1177 2037 1177 2039 1177 2040 1178 2041 1178 2042 1178 2042 1158 2041 1158 2043 1158 2044 1179 2045 1179 2046 1179 2046 1180 2045 1180 2047 1180 2048 1143 2049 1143 2050 1143 2050 1144 2049 1144 2051 1144 2052 1145 2053 1145 2054 1145 2054 895 2053 895 2055 895 2056 1124 2057 1124 2058 1124 2058 1125 2057 1125 2059 1125 2060 1126 2061 1126 2062 1126 2062 1127 2061 1127 2063 1127 2064 1181 2065 1181 2066 1181 2066 1129 2065 1129 2067 1129 2068 1150 2069 1150 2070 1150 2070 1151 2069 1151 2071 1151 2072 1182 2073 1182 2074 1182 2074 1152 2073 1152 2075 1152 2076 850 2077 850 2078 850 2078 1173 2077 1173 2079 1173 2080 1135 2081 1135 2082 1135 2082 1136 2081 1136 2083 1136 2084 1137 2085 1137 2086 1137 2086 1138 2085 1138 2087 1138 2088 1183 2089 1183 2090 1183 2090 1140 2089 1140 2091 1140 2092 1184 2093 1184 2094 1184 2094 1159 2093 1159 2095 1159 2096 1143 2097 1143 2098 1143 2098 1122 2097 1122 2099 1122 2100 1145 2101 1145 2102 1145 2102 1162 2101 1162 2103 1162 2104 1185 2105 1185 2106 1185 2106 1146 2105 1146 2107 1146 2108 1186 2109 1186 2110 1186 2110 1147 2109 1147 2111 1147 2112 1149 2113 1149 2114 1149 2114 1149 2113 1149 2115 1149 2116 1150 2117 1150 2118 1150 2118 1131 2117 1131 2119 1131 2120 1132 2121 1132 2122 1132 2122 1133 2121 1133 2123 1133 2124 1134 2125 1134 2126 1134 2126 1134 2125 1134 2127 1134 2128 1155 2129 1155 2130 1155 2130 1136 2129 1136 2131 1136 2132 1157 2133 1157 2134 1157 2134 1138 2133 1138 2135 1138 2136 1187 2137 1187 2138 1187 2138 1158 2137 1158 2139 1158 2140 1141 2141 1141 2142 1141 2142 1142 2141 1142 2143 1142 2144 1188 2145 1188 2146 1188 2146 1161 2145 1161 2147 1161 2148 1123 2149 1123 2150 1123 2150 1145 2149 1145 2151 1145 2152 1189 2153 1189 2154 1189 2154 1165 2153 1165 2155 1165 2156 1166 2157 1166 2158 1166 2158 1190 2157 1190 2159 1190 2160 1191 2161 1191 2162 1191 2162 1149 2161 1149 2163 1149 2164 1169 2165 1169 2166 1169 2166 1192 2165 1192 2167 1192 2168 1193 2169 1193 2170 1193 2170 1172 2169 1172 2171 1172 2172 1153 2173 1153 2174 1153 2174 1194 2173 1194 2175 1194 2176 1195 2177 1195 2178 1195 2178 1175 2177 1175 2179 1175 2180 1176 2181 1176 2182 1176 2182 1196 2181 1196 2183 1196 2184 1187 2185 1187 2186 1187 2186 1197 2185 1197 2187 1197 2188 1179 2189 1179 2190 1179 2190 1198 2189 1198 2191 1198 2192 1199 2193 1200 2194 1201 2194 1201 2193 1200 2195 1202 2194 1201 2195 1202 2196 1203 2196 1203 2195 1202 2197 1204 2196 1203 2197 1204 2198 1205 2198 1205 2197 1204 2199 1206 2198 1205 2199 1206 2200 1207 2200 1207 2199 1206 2201 1208 2200 1207 2201 1208 2202 1209 2202 1209 2201 1208 2203 1210 2202 1209 2203 1210 2204 1211 2204 1211 2203 1210 2205 1212 2204 1211 2205 1212 2206 1213 2206 1213 2205 1212 2207 1214 2206 1213 2207 1214 2208 1215 2208 1215 2207 1214 2209 1216 2208 1215 2209 1216 2210 1217 2210 1217 2209 1216 2211 1218 2210 1217 2211 1218 2212 1219 2212 1219 2211 1218 2213 1220 2212 1219 2213 1220 2214 1221 2214 1221 2213 1220 2215 1222 2214 1221 2215 1222 2216 1223 2216 1223 2215 1222 2217 1224 2216 1223 2217 1224 2218 1225 2218 1225 2217 1224 2219 1226 2218 1225 2219 1226 2220 1227 2220 1227 2219 1226 2221 1228 2220 1227 2221 1228 2222 1229 2222 1229 2221 1228 2223 1230 2222 1229 2223 1230 2224 1231 2224 1231 2223 1230 2225 1232 2224 1231 2225 1232 2226 1233 2226 1233 2225 1232 2227 1234 2226 1233 2227 1234 2228 1235 2228 1235 2227 1234 2229 1236 2228 1235 2229 1236 2230 1237 2230 1237 2229 1236 2231 1238 2230 1237 2231 1238 2232 1239 2232 1239 2231 1238 2233 1240 2232 1239 2233 1240 2234 1241 2234 1241 2233 1240 2235 1242 2234 1241 2235 1242 2236 1243 2236 1243 2235 1242 2237 1244 2236 1243 2237 1244 2238 1245 2238 1245 2237 1244 2239 1246 2238 1245 2239 1246 2240 1247 2240 1247 2239 1246 2241 1248 2240 1247 2241 1248 2242 1249 2242 1249 2241 1248 2243 1250 2242 1249 2243 1250 2244 1251 2244 1251 2243 1250 2245 1252 2244 1251 2245 1252 2246 1253 2246 1253 2245 1252 2247 1254 2246 1253 2247 1254 2248 1255 2248 1255 2247 1254 2249 1256 2250 72 2251 72 2252 72 2252 72 2251 72 2253 72 2252 72 2253 72 2254 72 2255 1257 2256 1257 2257 1257 2258 1258 2259 1258 2260 1258 2260 72 2259 72 2261 72 2260 72 2261 72 2262 72 2263 1259 2264 1259 2265 1259 2266 1260 2267 1260 2268 1260 2261 72 2269 72 2262 72 2262 1261 2269 1261 2270 1261 2262 1262 2270 1262 2271 1262 2271 72 2270 72 2272 72 2271 1263 2272 1263 2273 1263 2273 1264 2272 1264 2274 1264 2273 1265 2274 1265 2275 1265 2275 1266 2274 1266 2276 1266 2275 72 2276 72 2277 72 2278 1267 2279 1267 2280 1267 2265 1268 2264 1268 2281 1268 2279 1269 2264 1269 2282 1269 2279 72 2282 72 2280 72 2257 72 2256 72 2283 72 2283 1270 2256 1270 2284 1270 2283 72 2284 72 2285 72 2286 1271 2287 1271 2288 1271 2266 72 2268 72 2289 72 2289 72 2268 72 2290 72 2289 72 2290 72 2291 72 2291 1272 2290 1272 2292 1272 2291 1273 2292 1273 2293 1273 2294 72 2295 72 2296 72 2296 1274 2295 1274 2297 1274 2260 1275 2298 1275 2299 1275 2299 1276 2298 1276 2300 1276 2299 72 2300 72 2301 72 2301 1277 2300 1277 2302 1277 2301 1278 2302 1278 2303 1278 2304 72 2305 72 2306 72 2306 1279 2307 1279 2308 1279 2308 1280 2307 1280 2309 1280 2308 1281 2309 1281 2310 1281 2310 1282 2309 1282 2311 1282 2310 72 2311 72 2312 72 2312 1283 2311 1283 2313 1283 2312 1284 2313 1284 2314 1284 2295 1285 2315 1285 2316 1285 2284 72 2317 72 2318 72 2318 1260 2317 1260 2319 1260 2318 1286 2319 1286 2320 1286 2320 1287 2319 1287 2321 1287 2320 1288 2321 1288 2322 1288 2280 1289 2323 1289 2278 1289 2278 1290 2323 1290 2324 1290 2278 1291 2324 1291 2325 1291 2267 72 2266 72 2288 72 2288 72 2266 72 2326 72 2288 72 2326 72 2286 72 2327 1292 2328 1292 2329 1292 2329 1293 2328 1293 2330 1293 2329 72 2330 72 2331 72 2331 72 2330 72 2332 72 2331 72 2332 72 2333 72 2333 72 2332 72 2293 72 2297 1294 2295 1294 2334 1294 2334 72 2295 72 2316 72 2334 72 2316 72 2335 72 2336 72 2255 72 2337 72 2337 72 2255 72 2257 72 2337 72 2257 72 2338 72 2338 1295 2257 1295 2339 1295 2338 72 2339 72 2340 72 2340 1296 2339 1296 2341 1296 2340 72 2341 72 2342 72 2342 72 2341 72 2343 72 2342 72 2343 72 2344 72 2344 72 2343 72 2303 72 2345 72 2263 72 2346 72 2346 1297 2263 1297 2265 1297 2346 1298 2265 1298 2347 1298 2347 72 2265 72 2348 72 2347 1299 2348 1299 2349 1299 2349 1300 2348 1300 2350 1300 2349 72 2350 72 2351 72 2351 72 2350 72 2352 72 2351 72 2352 72 2353 72 2353 72 2352 72 2354 72 2353 72 2354 72 2355 72 2355 72 2354 72 2356 72 2355 72 2356 72 2357 72 2357 72 2356 72 2322 72 2358 1301 2306 1301 2359 1301 2359 72 2306 72 2305 72 2359 1302 2305 1302 2360 1302 2360 72 2305 72 2325 72 2314 1303 2361 1303 2362 1303 2362 1304 2361 1304 2363 1304 2362 1305 2363 1305 2364 1305 2364 72 2363 72 2365 72 2364 1306 2365 1306 2366 1306 2326 72 2365 72 2367 72 2326 72 2367 72 2286 72 2250 72 2295 72 2251 72 2251 1307 2295 1307 2294 1307 2251 72 2294 72 2368 72 2368 1308 2294 1308 2327 1308 2248 1255 2249 1256 2369 1309 2248 1255 2369 1309 2370 1310 2371 1311 2372 1312 2373 1313 2371 1314 2373 1315 2374 1316 2375 1317 2376 1318 2377 1319 2375 1320 2377 1321 2378 1322 2379 1323 2380 1324 2381 1325 2379 1326 2381 1327 2382 1328 2383 1329 2384 1330 2385 1331 2383 1332 2385 1333 2386 1334 2387 1335 2388 1336 2193 1200 2387 1335 2193 1200 2192 1199 2389 1337 2390 1338 2391 1339 2391 1339 2390 1338 2392 1340 2391 1339 2392 1340 2393 1341 2394 1342 2395 1343 2396 1344 2397 1345 2395 1345 2398 1345 2397 1346 2398 1346 2399 1346 788 361 790 363 2400 1347 2400 1347 790 363 2401 1348 2402 1349 2403 1349 2404 1349 2404 1350 2403 1350 2405 1350 2406 1351 2407 1351 2408 1351 2408 1351 2407 1351 2409 1351 2410 1352 2411 1352 2412 1352 2412 1353 2411 1353 2413 1353 2414 1354 2415 1355 795 369 795 369 2415 1355 793 367 2416 1356 2417 1357 2418 1358 2418 1358 2417 1357 2419 1359 883 457 889 463 2420 1360 2420 1360 889 463 2421 1361 2422 1362 2423 1363 2424 1364 2424 1364 2423 1363 2425 1365 2424 1364 2425 1365 2426 1366 2426 1366 2425 1365 2427 1367 2426 1366 2427 1367 2428 1368 2428 1368 2427 1367 2429 1369 2430 1370 2431 1371 2432 1372 2432 1372 2431 1371 2433 1373 2432 1372 2433 1373 2434 1374 2434 1374 2433 1373 2435 1375 2434 1374 2435 1375 2436 1376 2436 1376 2435 1375 2437 1377 2436 1376 2437 1377 2438 1378 2438 1378 2437 1377 2439 1379 2438 1378 2439 1379 2440 1380 2440 1380 2439 1379 2441 1381 2440 1380 2441 1381 2442 1382 2442 1382 2441 1381 2443 1383 2442 1382 2443 1383 2444 1384 2444 1384 2443 1383 2445 1385 2444 1384 2445 1385 2446 1386 2446 1386 2445 1385 2447 1387 2446 1386 2447 1387 2448 1388 2448 1388 2447 1387 2449 1389 2448 1388 2449 1389 2450 1390 2450 1390 2449 1389 2451 1391 2450 1390 2451 1391 2452 1392 2452 1392 2451 1391 2453 1393 2452 1392 2453 1393 2454 1394 2454 1394 2453 1393 2455 1395 2454 1394 2455 1395 2456 1396 2456 1396 2455 1395 2457 1397 2456 1396 2457 1397 2458 1398 2458 1398 2457 1397 2459 1399 2458 1398 2459 1399 2460 1400 2460 1400 2459 1399 2461 1401 2460 1400 2461 1401 2462 1402 2462 1402 2461 1401 2463 1403 2462 1402 2463 1403 2464 1404 2464 1404 2463 1403 2465 1405 2464 1404 2465 1405 2466 1406 2466 1406 2465 1405 2467 1407 2466 1406 2467 1407 2468 1408 2468 1408 2467 1407 2469 1409 2468 1408 2469 1409 2470 1410 2470 1410 2469 1409 2471 1411 2470 1410 2471 1411 2472 1412 2472 1412 2471 1411 2473 1413 2472 1412 2473 1413 2474 1414 2474 1414 2473 1413 2475 1415 2474 1414 2475 1415 2476 1416 2476 1416 2475 1415 2477 1417 2476 1416 2477 1417 2478 1418 2478 1418 2477 1417 2479 1419 2478 1418 2479 1419 2480 1420 2480 1420 2479 1419 2481 1421 2480 1420 2481 1421 2482 1422 2482 1422 2481 1421 2483 1423 2482 1424 2484 1425 2485 1426 2485 1426 2484 1425 2486 1427 2485 1426 2486 1427 2422 1362 2422 1362 2486 1427 2423 1363 2487 1428 2488 1429 2489 1430 2489 1430 2488 1429 2490 1431 2489 1432 2491 1433 2492 1434 2492 1434 2491 1433 2493 1435 2492 1434 2493 1435 2430 1436 2430 1437 2494 1438 2495 1438 2496 1439 2497 1440 2498 1441 2499 1442 2500 1443 2501 1444 2501 1444 2502 1445 2499 1442 2499 1442 2502 1445 2503 1446 2499 1442 2503 1446 2498 1441 2498 1441 2503 1446 2504 1447 2498 1441 2504 1447 2496 1439 867 441 687 302 2505 1448 2505 1448 2506 1449 867 441 867 441 2506 1449 2507 1450 867 441 2507 1450 2508 1451 2500 1443 2499 1442 2508 1451 2508 1451 2499 1442 2509 1452 2508 1451 2509 1452 867 441 2510 1453 2511 1454 2512 1455 2511 1454 2513 1456 2512 1455 2512 1455 2513 1456 2514 1457 2512 1455 2514 1457 2515 1458 2515 1458 2514 1457 2516 1459 2515 1458 2516 1459 2517 1460 2518 1461 2519 1462 2512 1455 2512 1455 2519 1462 2520 1463 2512 1455 2520 1463 2510 1453 2521 1464 2522 1465 2523 1466 2523 1466 2522 1465 2524 1467 2523 1466 2524 1467 2518 1461 2518 1461 2524 1467 2525 1468 2518 1461 2525 1468 2519 1462 2521 1464 2523 1466 2526 1469 2526 1469 2523 1466 2527 1470 2526 1469 2527 1470 2528 1471 2419 1359 2529 1472 2418 1358 2418 1358 2529 1472 2530 1473 2530 1473 2531 1474 2418 1358 2418 1358 2531 1474 2532 1475 2418 1358 2532 1475 2527 1470 2527 1470 2532 1475 2533 1476 2527 1470 2533 1476 2528 1471 2534 1477 2535 1478 2536 1479 2537 1480 2535 1478 2534 1477 2534 1477 2538 1481 2539 1482 2540 1483 2538 1481 2534 1477 2536 1479 2540 1483 2534 1477 2534 1477 2541 1484 2542 1485 2543 1486 2541 1484 2534 1477 2539 1482 2543 1486 2534 1477 2534 1477 2544 1487 2545 1488 2546 1489 2544 1487 2534 1477 2542 1485 2546 1489 2534 1477 2545 1488 2537 1480 2534 1477 2547 1490 2548 1490 2549 1490 2549 1491 2548 1491 2550 1491 2551 1492 2552 1492 2553 1492 2553 1493 2552 1493 2554 1493 2555 1494 2556 1494 2557 1494 2557 1495 2556 1495 2558 1495 2559 1496 2560 1496 2561 1496 2561 1048 2560 1048 2562 1048 2563 1497 2564 1497 2565 1497 2565 1498 2564 1498 2566 1498 2567 1499 2568 1499 2569 1499 2569 1500 2568 1500 2570 1500 2571 1501 2572 1501 2573 1501 2573 1502 2572 1502 2574 1502 2575 1503 2576 1503 2577 1503 2577 1504 2576 1504 2578 1504 2579 965 2580 965 2581 965 2581 1505 2580 1505 2582 1505 2583 1506 2584 1506 2585 1506 2585 1507 2584 1507 2586 1507 2587 1508 2588 1508 2589 1508 2589 1509 2588 1509 2590 1509 2591 1510 2592 1510 2593 1510 2593 1511 2592 1511 2594 1511 2595 1512 2596 1513 2597 1514 2595 1515 2598 1516 2599 1517 2599 1517 2598 1516 2600 1518 2599 1517 2600 1518 2601 1519 2601 1519 2600 1518 2602 1520 2601 1521 2603 1522 2604 1523 2604 1523 2603 1522 2605 1524 2604 1525 2606 1526 2607 1527 2607 1527 2606 1526 2608 1528 2607 1529 2609 1530 2610 1531 2610 1531 2609 1530 2611 1532 2610 1533 2612 1534 2613 1535 2613 1535 2612 1534 2614 1536 2613 1537 2615 1538 2616 1539 2616 1539 2615 1538 2617 1540 2616 1541 2618 1542 2619 1543 2619 1543 2618 1542 2620 1544 2619 1545 2621 1546 2622 1547 2622 1547 2621 1546 2623 1548 2622 1547 2623 1548 2624 1549 2624 1550 2625 1551 2626 1551 2624 1552 2627 1553 2628 1554 2628 1554 2627 1553 2629 1555 2628 1556 2630 1557 2597 1514 2597 1514 2630 1557 2631 1558 2597 1514 2631 1558 2595 1512 2632 1559 2633 1560 2634 1561 2635 1480 2633 1560 2632 1559 2632 1559 2636 1562 2637 1563 2638 1483 2636 1562 2632 1559 2634 1561 2638 1483 2632 1559 2632 1559 2639 1564 2640 1565 2641 1486 2639 1564 2632 1559 2637 1563 2641 1486 2632 1559 2632 1559 2642 1566 2643 1567 2644 1489 2642 1566 2632 1559 2640 1565 2644 1489 2632 1559 2643 1567 2635 1480 2632 1559 2645 1490 2646 1490 2647 1490 2647 1491 2646 1491 2648 1491 2649 1568 2650 1568 2651 1568 2651 1569 2650 1569 2652 1569 2653 1494 2654 1494 2655 1494 2655 1495 2654 1495 2656 1495 2657 1496 2658 1496 2659 1496 2659 1048 2658 1048 2660 1048 2661 1570 2662 1570 2663 1570 2663 1571 2662 1571 2664 1571 2665 1499 2666 1499 2667 1499 2667 1500 2666 1500 2668 1500 2669 1501 2670 1501 2671 1501 2671 1502 2670 1502 2672 1502 2673 1572 2674 1572 2675 1572 2675 1573 2674 1573 2676 1573 2677 965 2678 965 2679 965 2679 1505 2678 1505 2680 1505 2681 1506 2682 1506 2683 1506 2683 1507 2682 1507 2684 1507 2685 1574 2686 1574 2687 1574 2687 1575 2686 1575 2688 1575 2689 1510 2690 1510 2691 1510 2691 1511 2690 1511 2692 1511 2693 1576 2694 1577 2695 1578 2693 1579 2696 1580 2697 1581 2697 1581 2696 1580 2698 1582 2697 1581 2698 1582 2699 1583 2699 1583 2698 1582 2700 1584 2699 1585 2701 1586 2702 1587 2702 1587 2701 1586 2703 1588 2702 1587 2703 1588 2704 1589 2704 1590 2705 1591 2706 1591 2704 1552 2707 1592 2708 1593 2708 1593 2707 1592 2709 1594 2708 1595 2710 1596 2711 1597 2711 1597 2710 1596 2712 1598 2711 1599 2713 1600 2714 1601 2714 1601 2713 1600 2715 1602 2714 1603 2716 1604 2717 1605 2717 1605 2716 1604 2718 1606 2717 1607 2719 1608 2720 1609 2720 1609 2719 1608 2721 1610 2720 1611 2722 1612 2723 1613 2723 1613 2722 1612 2724 1614 2723 1615 2725 1616 2726 1617 2726 1617 2725 1616 2727 1618 2726 1619 2728 1620 2695 1578 2695 1578 2728 1620 2729 1621 2695 1578 2729 1621 2693 1576 2730 1622 2731 1623 2732 1624 2733 1625 2731 1623 2730 1622 2730 1622 2734 1626 2735 1627 2736 1628 2734 1626 2730 1622 2732 1624 2736 1628 2730 1622 2730 1622 2737 1629 2738 1630 2739 1631 2737 1629 2730 1622 2735 1627 2739 1631 2730 1622 2730 1622 2740 1632 2741 1633 2742 1634 2740 1632 2730 1622 2738 1630 2742 1634 2730 1622 2741 1633 2733 1625 2730 1622 2743 1635 2744 1635 2745 1635 2745 1636 2744 1636 2746 1636 2747 1637 2748 1637 2749 1637 2749 1638 2748 1638 2750 1638 2751 1639 2752 1639 2753 1639 2753 1640 2752 1640 2754 1640 2755 1641 2756 1641 2757 1641 2757 1642 2756 1642 2758 1642 2759 1643 2760 1643 2761 1643 2761 1644 2760 1644 2762 1644 2763 1645 2764 1645 2765 1645 2765 1646 2764 1646 2766 1646 2767 1647 2768 1647 2769 1647 2769 1648 2768 1648 2770 1648 2771 1649 2772 1649 2773 1649 2773 1650 2772 1650 2774 1650 2775 1651 2776 1651 2777 1651 2777 1652 2776 1652 2778 1652 2779 1653 2780 1653 2781 1653 2781 1654 2780 1654 2782 1654 2783 1655 2784 1655 2785 1655 2785 1656 2784 1656 2786 1656 2787 1657 2788 1657 2789 1657 2789 1658 2788 1658 2790 1658 2791 1659 2792 1660 2793 1661 2791 1659 2794 1662 2792 1660 2792 1660 2794 1662 2795 1663 2792 1660 2795 1663 2796 1664 2796 1664 2795 1663 2797 1665 2796 1666 2798 1667 2799 1668 2799 1668 2798 1667 2800 1669 2799 1668 2800 1669 2801 1670 2801 1671 2802 1672 2803 1672 2801 1673 2804 1674 2805 1675 2805 1675 2804 1674 2806 1676 2805 1675 2806 1676 2807 1677 2807 1677 2806 1676 2808 1678 2807 1677 2808 1678 2809 1679 2809 1679 2808 1678 2810 1680 2809 1679 2810 1680 2811 1681 2811 1681 2810 1680 2812 1682 2811 1681 2812 1682 2813 1683 2813 1683 2812 1682 2814 1684 2813 1685 2815 1686 2816 1687 2816 1687 2815 1686 2817 1688 2816 1689 2818 1690 2819 1691 2819 1691 2818 1690 2820 1692 2819 1691 2820 1692 2793 1661 2793 1661 2820 1692 2821 1693 2793 1661 2821 1693 2791 1659 2822 1694 2823 1695 2824 1696 2825 1625 2823 1695 2822 1694 2822 1694 2826 1697 2827 1698 2828 1699 2826 1697 2822 1694 2824 1696 2828 1699 2822 1694 2822 1694 2829 1700 2830 1701 2831 1631 2829 1700 2822 1694 2827 1698 2831 1631 2822 1694 2822 1694 2832 1702 2833 1703 2834 1704 2832 1702 2822 1694 2830 1701 2834 1704 2822 1694 2833 1703 2825 1625 2822 1694 2835 1635 2836 1635 2837 1635 2837 1636 2836 1636 2838 1636 2839 1705 2840 1705 2841 1705 2841 1706 2840 1706 2842 1706 2843 1707 2844 1707 2845 1707 2845 1708 2844 1708 2846 1708 2847 1709 2848 1709 2849 1709 2849 1710 2848 1710 2850 1710 2851 1711 2852 1711 2853 1711 2853 1712 2852 1712 2854 1712 2855 1645 2856 1645 2857 1645 2857 1646 2856 1646 2858 1646 2859 1647 2860 1647 2861 1647 2861 1648 2860 1648 2862 1648 2863 1713 2864 1713 2865 1713 2865 1714 2864 1714 2866 1714 2867 1715 2868 1715 2869 1715 2869 1716 2868 1716 2870 1716 2871 1717 2872 1717 2873 1717 2873 1718 2872 1718 2874 1718 2875 1719 2876 1719 2877 1719 2877 1720 2876 1720 2878 1720 2879 1657 2880 1657 2881 1657 2881 1658 2880 1658 2882 1658 2883 1721 2884 1722 2885 1723 2883 1721 2886 1724 2884 1722 2884 1722 2886 1724 2887 1725 2884 1722 2887 1725 2888 1726 2888 1726 2887 1725 2889 1727 2888 1728 2890 1729 2891 1730 2891 1730 2890 1729 2892 1731 2891 1732 2893 1733 2894 1734 2894 1734 2893 1733 2895 1735 2894 1736 2896 1737 2897 1738 2897 1738 2896 1737 2898 1739 2897 1738 2898 1739 2899 1740 2899 1740 2898 1739 2900 1741 2899 1740 2900 1741 2901 1742 2901 1742 2900 1741 2902 1743 2901 1742 2902 1743 2903 1744 2903 1744 2902 1743 2904 1745 2903 1744 2904 1745 2905 1746 2905 1746 2904 1745 2906 1747 2905 1746 2906 1747 2907 1748 2907 1749 2908 1750 2909 1750 2907 1751 2910 1752 2911 1753 2911 1753 2910 1752 2912 1754 2911 1753 2912 1754 2885 1723 2885 1723 2912 1754 2913 1755 2885 1723 2913 1755 2883 1721 2914 1756 2915 1757 2916 1758 2917 1759 2915 1757 2914 1756 2914 1756 2918 1760 2919 1761 2920 1762 2918 1760 2914 1756 2916 1758 2920 1762 2914 1756 2914 1756 2921 1763 2922 1764 2923 1765 2921 1763 2914 1756 2919 1761 2923 1765 2914 1756 2914 1756 2924 1766 2925 1767 2926 1768 2924 1766 2914 1756 2922 1764 2926 1768 2914 1756 2925 1767 2917 1759 2914 1756 2927 1769 2928 1769 2929 1769 2929 1770 2928 1770 2930 1770 2931 1771 2932 1771 2933 1771 2933 1772 2932 1772 2934 1772 2935 1773 2936 1773 2937 1773 2937 1774 2936 1774 2938 1774 2939 1775 2940 1775 2941 1775 2941 1776 2940 1776 2942 1776 2943 1777 2944 1777 2945 1777 2945 1778 2944 1778 2946 1778 2947 1779 2948 1779 2949 1779 2949 1779 2948 1779 2950 1779 2951 1780 2952 1780 2953 1780 2953 1780 2952 1780 2954 1780 2955 1781 2956 1781 2957 1781 2957 1782 2956 1782 2958 1782 2959 1783 2960 1783 2961 1783 2961 1784 2960 1784 2962 1784 2963 1785 2964 1785 2965 1785 2965 1786 2964 1786 2966 1786 2967 1787 2968 1787 2969 1787 2969 1788 2968 1788 2970 1788 2971 1789 2972 1789 2973 1789 2973 1790 2972 1790 2974 1790 2975 1791 2976 1792 2977 1793 2975 1791 2978 1794 2976 1792 2976 1792 2978 1794 2979 1795 2976 1792 2979 1795 2980 1796 2980 1796 2979 1795 2981 1797 2980 1798 2982 1799 2983 1800 2983 1800 2982 1799 2984 1801 2983 1802 2985 1803 2986 1804 2986 1804 2985 1803 2987 1805 2986 1806 2988 1807 2989 1808 2989 1808 2988 1807 2990 1809 2989 1810 2991 1811 2992 1812 2992 1812 2991 1811 2993 1813 2992 1812 2993 1813 2994 1814 2994 1814 2993 1813 2995 1815 2994 1814 2995 1815 2996 1816 2996 1816 2995 1815 2997 1817 2996 1816 2997 1817 2998 1818 2998 1818 2997 1817 2999 1819 2998 1820 3000 1821 3001 1822 3001 1822 3000 1821 3002 1823 3001 1824 3003 1825 3004 1826 3004 1826 3003 1825 3005 1827 3004 1826 3005 1827 2977 1793 2977 1793 3005 1827 3006 1828 2977 1793 3006 1828 2975 1791 3007 1829 3008 1830 2517 1460 2517 1460 3008 1830 3009 1831 3009 1831 3008 1830 3010 1832 3009 1831 3010 1832 3011 1833 3011 1833 3010 1832 3012 1834 3011 1833 3012 1834 3013 1835 3013 1835 3012 1834 3014 1836 3013 1835 3014 1836 3015 1837 3015 1837 3014 1836 3016 1838 3015 1837 3016 1838 3017 1839 3017 1839 3016 1838 3018 1840 3017 1839 3018 1840 3019 1841 3019 1841 3018 1840 3020 1842 3020 1842 3018 1840 3021 1843 3020 1842 3021 1843 3022 1844 3022 1844 3021 1843 3023 1845 3022 1844 3023 1845 3024 1846 3024 1846 3023 1845 3025 1847 3024 1846 3025 1847 3026 1848 3026 1848 3025 1847 3027 1849 3026 1848 3027 1849 3028 1850 3028 1850 3027 1849 3029 1851 3028 1850 3029 1851 3030 1852 3029 1851 3031 1853 3030 1852 3030 1852 3031 1853 3032 1854 3030 1852 3032 1854 3033 1855 3034 1856 3035 1857 3036 1858 3036 1858 3035 1857 3037 1859 3036 1858 3037 1859 3038 1860 3038 1860 3037 1859 3039 1861 3038 1860 3039 1861 3040 1862 3040 1862 3039 1861 3033 1855 3040 1862 3033 1855 3041 1863 3041 1863 3033 1855 3032 1854 3042 1864 559 201 3043 1865 3044 1866 3042 1864 3045 1867 2510 1453 3046 1868 2511 1454 2511 1454 3046 1868 3047 1869 2511 1454 3047 1869 2513 1456 2513 1456 3047 1869 3048 1870 2513 1456 3048 1870 2514 1457 2514 1457 3048 1870 3007 1829 2514 1457 3007 1829 2516 1459 2516 1459 3007 1829 2517 1460 3042 1864 3043 1865 3045 1867 3045 1867 3043 1865 3049 1871 3045 1867 3049 1871 3050 1872 3050 1872 3049 1871 3051 1873 3050 1872 3051 1873 3052 1874 3052 1874 3051 1873 3053 1875 3052 1874 3053 1875 3054 1876 3054 1876 3053 1875 3055 1877 3054 1876 3055 1877 3056 1878 3056 1878 3055 1877 3057 1879 3056 1878 3057 1879 3058 1880 3058 1880 3057 1879 3059 1881 3058 1880 3059 1881 3060 1882 3060 1882 3059 1881 3061 1883 3060 1882 3061 1883 3062 1884 3062 1884 3061 1883 3063 1885 3062 1884 3064 1886 3065 1887 3065 1887 3064 1886 3066 1888 3065 1887 3066 1888 3067 1889 3067 1889 3066 1888 3068 1890 3067 1889 3068 1890 3069 1891 3069 1891 3068 1890 3070 1892 3069 1891 3070 1892 3071 1893 3071 1893 3070 1892 3072 1894 3071 1893 3072 1894 3073 1895 3073 1895 3072 1894 3074 1896 3073 1895 3074 1896 3075 1897 3075 1897 3074 1896 3076 1898 3075 1897 3076 1898 3077 1899 3077 1899 3076 1898 3078 1900 3077 1899 3078 1900 3079 1901 3079 1901 3078 1900 3080 1902 3079 1901 3080 1902 3081 1903 3080 1902 3082 1904 3081 1903 3081 1903 3082 1904 3083 1905 3081 1903 3084 1906 3085 1907 3085 1907 3084 1906 3086 1908 3085 1907 3086 1908 3087 1909 3087 1909 3086 1908 3088 1910 3087 1909 3088 1910 3089 1911 3089 1911 3088 1910 3090 1912 3089 1911 3090 1912 3091 1913 3091 1913 3090 1912 3092 1914 3091 1913 3092 1914 3093 1915 3093 1915 3092 1914 699 308 3093 1915 699 308 3094 1916 699 308 697 306 3094 1916 3094 1916 697 306 696 305 3094 1916 696 305 3095 1917 3095 1917 696 305 740 334 3095 1917 740 334 3096 1918 3096 1918 740 334 739 333 3096 1918 739 333 3097 1919 3097 1919 739 333 738 332 3097 1919 738 332 3098 1920 3098 1920 738 332 657 279 3098 1920 657 279 3099 1921 657 279 656 278 3099 1921 3099 1921 656 278 654 276 3099 1921 654 276 3100 1922 3100 1922 654 276 652 275 3100 1922 652 275 3101 1923 3101 1923 652 275 650 274 3101 1923 650 274 3102 1924 3103 1925 3104 1926 3105 1927 3105 1927 3104 1926 3106 1928 3105 1927 3106 1928 3102 1924 3102 1924 3106 1928 3107 1929 3102 1924 3107 1929 3101 1923 3101 1923 3107 1929 3108 1930 3101 1923 3108 1930 3100 1922 3100 1922 3108 1930 3109 1931 3100 1922 3109 1931 3099 1921 3099 1921 3109 1931 3110 1932 3099 1921 3110 1932 3098 1920 3098 1920 3110 1932 3111 1933 3098 1920 3111 1933 3097 1919 3097 1919 3111 1933 3112 1934 3097 1919 3112 1934 3096 1918 3096 1918 3112 1934 3113 1935 3096 1918 3113 1935 3095 1917 3095 1917 3113 1935 3114 1936 3095 1917 3114 1936 3094 1916 3094 1916 3114 1936 3115 1937 3094 1916 3115 1937 3093 1915 3093 1915 3115 1937 3116 1938 3093 1915 3116 1938 3091 1913 3091 1913 3116 1938 3117 1939 3091 1913 3117 1939 3089 1911 3089 1911 3117 1939 3118 1940 3089 1911 3118 1940 3087 1909 3087 1909 3118 1940 3119 1941 3087 1909 3119 1941 3085 1907 3085 1907 3119 1941 3120 1942 3085 1907 3120 1942 3081 1903 3081 1903 3120 1942 3121 1943 3081 1903 3121 1943 3079 1901 3079 1901 3121 1943 3122 1944 3079 1901 3122 1944 3077 1899 3077 1899 3122 1944 3123 1945 3077 1899 3123 1945 3075 1897 3075 1897 3123 1945 3124 1946 3075 1897 3124 1946 3073 1895 3073 1895 3124 1946 3125 1947 3073 1895 3125 1947 3071 1893 3071 1893 3125 1947 3126 1948 3071 1893 3126 1948 3069 1891 3069 1891 3126 1948 3127 1949 3069 1891 3127 1949 3067 1889 3067 1889 3127 1949 3128 1950 3067 1889 3128 1950 3065 1887 3065 1887 3128 1950 3129 1951 3065 1887 3129 1951 3062 1884 3062 1884 3129 1951 3130 1952 3062 1884 3130 1952 3060 1882 3060 1882 3130 1952 3131 1953 3060 1882 3131 1953 3058 1880 3058 1880 3131 1953 3132 1954 3058 1880 3132 1954 3056 1878 3056 1878 3132 1954 3133 1955 3056 1878 3133 1955 3054 1876 3054 1876 3133 1955 3134 1956 3054 1876 3134 1956 3052 1874 3052 1874 3134 1956 3135 1957 3052 1874 3135 1957 3050 1872 3050 1872 3135 1957 3136 1958 3050 1872 3136 1958 3045 1867 3045 1867 3136 1958 3137 1959 3045 1867 3137 1959 3044 1866 3044 1866 3137 1959 3138 1960 2510 1453 3138 1960 3046 1868 3046 1868 3138 1960 3137 1959 3046 1868 3137 1959 3047 1869 3047 1869 3137 1959 3136 1958 3047 1869 3136 1958 3048 1870 3048 1870 3136 1958 3135 1957 3048 1870 3135 1957 3007 1829 3007 1829 3135 1957 3134 1956 3007 1829 3134 1956 3008 1830 3008 1830 3134 1956 3133 1955 3008 1830 3133 1955 3010 1832 3010 1832 3133 1955 3132 1954 3010 1832 3132 1954 3012 1834 3012 1834 3132 1954 3131 1953 3012 1834 3131 1953 3014 1836 3014 1836 3131 1953 3130 1952 3014 1836 3130 1952 3016 1838 3016 1838 3130 1952 3129 1951 3016 1838 3129 1951 3018 1840 3018 1840 3129 1951 3128 1950 3018 1840 3128 1950 3021 1843 3021 1843 3128 1950 3127 1949 3021 1843 3127 1949 3023 1845 3023 1845 3127 1949 3126 1948 3023 1845 3126 1948 3025 1847 3025 1847 3126 1948 3125 1947 3025 1847 3125 1947 3027 1849 3027 1849 3125 1947 3124 1946 3027 1849 3124 1946 3029 1851 3029 1851 3124 1946 3123 1945 3029 1851 3123 1945 3031 1853 3031 1853 3123 1945 3122 1944 3031 1853 3122 1944 3032 1854 3032 1854 3122 1944 3121 1943 3032 1854 3121 1943 3041 1863 3041 1863 3121 1943 3120 1942 3041 1863 3120 1942 3040 1862 3040 1862 3120 1942 3119 1941 3040 1862 3119 1941 3038 1860 3038 1860 3119 1941 3118 1940 3038 1860 3118 1940 3036 1858 3036 1858 3118 1940 3117 1939 3036 1858 3117 1939 3034 1856 3034 1856 3117 1939 3116 1938 3034 1856 3116 1938 3139 1961 3139 1961 3116 1938 3115 1937 3139 1961 3115 1937 3140 1962 3140 1962 3115 1937 3114 1936 3140 1962 3114 1936 3141 1963 3141 1963 3114 1936 3113 1935 3141 1963 3113 1935 3142 1964 3142 1964 3113 1935 3112 1934 3142 1964 3112 1934 3143 1965 3143 1965 3112 1934 3111 1933 3143 1965 3111 1933 3144 1966 3144 1966 3111 1933 3110 1932 3144 1966 3110 1932 3145 1967 3145 1967 3110 1932 3109 1931 3145 1967 3109 1931 3146 1968 3146 1968 3109 1931 3108 1930 3146 1968 3108 1930 3147 1969 3147 1969 3108 1930 3107 1929 3147 1969 3107 1929 3148 1970 3148 1970 3107 1929 3106 1928 3148 1970 3106 1928 3149 1971 3149 1971 3106 1928 3104 1926 3149 1971 3104 1926 687 302 3103 1925 687 302 3104 1926 650 274 648 272 3102 1924 3102 1924 648 272 647 271 3102 1924 647 271 3105 1927 3105 1927 647 271 664 285 3105 1927 664 285 3103 1925 3103 1925 664 285 687 302 687 302 868 442 3149 1971 3149 1971 868 442 869 443 3149 1971 869 443 3148 1970 3148 1970 869 443 876 450 3148 1970 876 450 3147 1969 3147 1969 876 450 875 449 3147 1969 875 449 3146 1968 3146 1968 875 449 873 447 3146 1968 873 447 3145 1967 3145 1967 873 447 871 445 3145 1967 871 445 3144 1966 3144 1966 871 445 870 444 3144 1966 870 444 3143 1965 3143 1965 870 444 881 455 3143 1965 881 455 3142 1964 3142 1964 881 455 880 454 3142 1964 880 454 3141 1963 3141 1963 880 454 878 452 3141 1963 878 452 3140 1962 3140 1962 878 452 877 451 3140 1962 877 451 3139 1961 3139 1961 877 451 3150 1972 3139 1961 3150 1972 3034 1856 3034 1856 3150 1972 3151 1973 3034 1856 3151 1973 3035 1857 3044 1866 3138 1960 3152 1974 3153 1975 3154 1976 3155 1977 2419 1359 3156 1978 3157 1979 559 201 3158 1980 558 200 558 200 3158 1980 3159 1981 558 200 3159 1981 556 198 556 198 3159 1981 3160 1982 556 198 3160 1982 560 202 560 202 3160 1982 3161 1983 560 202 3161 1983 561 203 561 203 3161 1983 3162 1984 561 203 3162 1984 562 204 562 204 3162 1984 3163 1985 562 204 3163 1985 563 205 563 205 3163 1985 3164 1986 563 205 3164 1986 564 206 564 206 3164 1986 3165 1987 564 206 3165 1987 565 207 565 207 3165 1987 3166 1988 565 207 3166 1988 566 208 566 208 3166 1988 3167 1989 566 208 3167 1989 567 209 567 209 3167 1989 3168 1990 567 209 3168 1990 568 210 568 210 3168 1990 3169 1991 568 210 3169 1991 569 211 569 211 3169 1991 3155 1977 569 211 3155 1977 570 212 570 212 3155 1977 3154 1976 570 212 3154 1976 571 213 559 201 3042 1864 3158 1980 3158 1980 3042 1864 3170 1992 3158 1980 3170 1992 3159 1981 3159 1981 3170 1992 3171 1993 3159 1981 3171 1993 3160 1982 3160 1982 3171 1993 3172 1994 3160 1982 3172 1994 3161 1983 3161 1983 3172 1994 3173 1995 3161 1983 3173 1995 3162 1984 3162 1984 3173 1995 3174 1996 3162 1984 3174 1996 3163 1985 3163 1985 3174 1996 3175 1997 3163 1985 3175 1997 3164 1986 3164 1986 3175 1997 3176 1998 3164 1986 3176 1998 3165 1987 3165 1987 3176 1998 3177 1999 3165 1987 3177 1999 3166 1988 3166 1988 3177 1999 3178 2000 3166 1988 3178 2000 3167 1989 3167 1989 3178 2000 3179 2001 3167 1989 3179 2001 3168 1990 3168 1990 3179 2001 3180 2002 3168 1990 3180 2002 3169 1991 3169 1991 3180 2002 3181 2003 3169 1991 3181 2003 3155 1977 3155 1977 3181 2003 3182 2004 3155 1977 3182 2004 3153 1975 3153 1975 3182 2004 3183 2005 3042 1864 3044 1866 3170 1992 3170 1992 3044 1866 3152 1974 3170 1992 3152 1974 3171 1993 3171 1993 3152 1974 3184 2006 3171 1993 3184 2006 3172 1994 3172 1994 3184 2006 3185 2007 3172 1994 3185 2007 3173 1995 3173 1995 3185 2007 3186 2008 3173 1995 3186 2008 3174 1996 3174 1996 3186 2008 3187 2009 3174 1996 3187 2009 3175 1997 3175 1997 3187 2009 3188 2010 3175 1997 3188 2010 3176 1998 3176 1998 3188 2010 3189 2011 3176 1998 3189 2011 3177 1999 3177 1999 3189 2011 3190 2012 3177 1999 3190 2012 3178 2000 3178 2000 3190 2012 3191 2013 3178 2000 3191 2013 3179 2001 3179 2001 3191 2013 3192 2014 3179 2001 3192 2014 3180 2002 3180 2002 3192 2014 3193 2015 3180 2002 3193 2015 3181 2003 3181 2003 3193 2015 3194 2016 3181 2003 3194 2016 3182 2004 3182 2004 3194 2016 3157 1979 3182 2004 3157 1979 3183 2005 3183 2005 3157 1979 3156 1978 2419 1359 3157 1979 2529 1472 2529 1472 3157 1979 3194 2016 2529 1472 3194 2016 2530 1473 2530 1473 3194 2016 3193 2015 2530 1473 3193 2015 2531 1474 2531 1474 3193 2015 3192 2014 2531 1474 3192 2014 2532 1475 2532 1475 3192 2014 3191 2013 2532 1475 3191 2013 2533 1476 2533 1476 3191 2013 3190 2012 2533 1476 3190 2012 2528 1471 2528 1471 3190 2012 3189 2011 2528 1471 3189 2011 2526 1469 2526 1469 3189 2011 3188 2010 2526 1469 3188 2010 2521 1464 2521 1464 3188 2010 3187 2009 2521 1464 3187 2009 2522 1465 2522 1465 3187 2009 3186 2008 2522 1465 3186 2008 2524 1467 2524 1467 3186 2008 3185 2007 2524 1467 3185 2007 2525 1468 2525 1468 3185 2007 3184 2006 2525 1468 3184 2006 2519 1462 2519 1462 3184 2006 3152 1974 2519 1462 3152 1974 2520 1463 2520 1463 3152 1974 3138 1960 2520 1463 3138 1960 2510 1453 2419 1359 2417 1357 3156 1978 3156 1978 2417 1357 3195 2017 3156 1978 3195 2017 3183 2005 3183 2005 3195 2017 3153 1975 3153 1975 3195 2017 3196 2018 3153 1975 3196 2018 3154 1976 3154 1976 3196 2018 599 241 3154 1976 599 241 571 213 3197 2019 539 181 3198 2020 3198 2020 539 181 543 185 3197 2019 3199 2021 3200 2022 3200 2022 3199 2021 3201 2023 3200 2022 3201 2023 3202 2024 3202 2024 3201 2023 3203 2025 3203 2025 3201 2023 2421 1361 3203 2025 2421 1361 889 463 687 302 3204 2026 3205 2027 2504 1447 3206 2028 3207 2029 3208 2030 3209 2031 3210 2032 3211 2033 3212 2034 3208 2030 3213 2035 3214 2036 3215 2037 3216 2038 3217 2039 3213 2035 3218 2040 3219 2041 3220 2042 3221 2043 3222 2044 3223 2045 3211 2033 3224 2046 3212 2034 3212 2034 3224 2046 2497 1440 3212 2034 2497 1440 3225 2047 3221 2043 3223 2045 3226 2048 3226 2048 3223 2045 3227 2049 3226 2048 3227 2049 3228 2050 3228 2050 3227 2049 3229 2051 3228 2050 3229 2051 3230 2052 3230 2052 3229 2051 3217 2039 3230 2052 3217 2039 3231 2053 3231 2053 3217 2039 3216 2038 3231 2053 3216 2038 3232 2054 3233 2055 3234 2056 3235 2057 3235 2057 3234 2056 3236 2058 3235 2057 3236 2058 3237 2059 3237 2059 3236 2058 3238 2060 3237 2059 3238 2060 3239 2061 3240 2062 3241 2063 3233 2055 3233 2055 3241 2063 3242 2064 3233 2055 3242 2064 3234 2056 3243 2065 3244 2066 3245 2067 3245 2067 3244 2066 3246 2068 3245 2067 3246 2068 3240 2062 3240 2062 3246 2068 3247 2069 3240 2062 3247 2069 3241 2063 3248 2070 3249 2071 3250 2072 3250 2072 3249 2071 3251 2073 3250 2072 3251 2073 3252 2074 3252 2074 3251 2073 3253 2075 3252 2074 3253 2075 3243 2065 3243 2065 3253 2075 3254 2076 3243 2065 3254 2076 3244 2066 3255 2077 904 478 903 477 3256 2078 3255 2077 3257 2079 3255 2077 903 477 3257 2079 3257 2079 903 477 902 476 3257 2079 902 476 3258 2080 3258 2080 902 476 901 475 3258 2080 901 475 3259 2081 3259 2081 901 475 899 473 3259 2081 899 473 3260 2082 3260 2082 899 473 898 472 3260 2082 898 472 3248 2070 3248 2070 898 472 3261 2083 3248 2070 3261 2083 3249 2071 3220 2042 3256 2078 3218 2040 3218 2040 3256 2078 3257 2079 3218 2040 3257 2079 3262 2084 3262 2084 3257 2079 3258 2080 3262 2084 3258 2080 3263 2085 3263 2085 3258 2080 3259 2081 3263 2085 3259 2081 3264 2086 3264 2086 3259 2081 3260 2082 3264 2086 3260 2082 3265 2087 3265 2087 3260 2082 3248 2070 3265 2087 3248 2070 3266 2088 3266 2088 3248 2070 3250 2072 3266 2088 3250 2072 3267 2089 3267 2089 3250 2072 3252 2074 3267 2089 3252 2074 3268 2090 3268 2090 3252 2074 3243 2065 3268 2090 3243 2065 3269 2091 3269 2091 3243 2065 3245 2067 3269 2091 3245 2067 3270 2092 3270 2092 3245 2067 3240 2062 3270 2092 3240 2062 3271 2093 3271 2093 3240 2062 3233 2055 3271 2093 3233 2055 3272 2094 3272 2094 3233 2055 3235 2057 3272 2094 3235 2057 3273 2095 3273 2095 3235 2057 3237 2059 3273 2095 3237 2059 3274 2096 3274 2096 3237 2059 3239 2061 3274 2096 3239 2061 3275 2097 3219 2041 3218 2040 3276 2098 3276 2098 3218 2040 3262 2084 3276 2098 3262 2084 3277 2099 3277 2099 3262 2084 3263 2085 3277 2099 3263 2085 3278 2100 3278 2100 3263 2085 3264 2086 3278 2100 3264 2086 3279 2101 3279 2101 3264 2086 3265 2087 3279 2101 3265 2087 3280 2102 3280 2102 3265 2087 3266 2088 3280 2102 3266 2088 3281 2103 3281 2103 3266 2088 3267 2089 3281 2103 3267 2089 3282 2104 3282 2104 3267 2089 3268 2090 3282 2104 3268 2090 3283 2105 3283 2105 3268 2090 3269 2091 3283 2105 3269 2091 3284 2106 3284 2106 3269 2091 3270 2092 3284 2106 3270 2092 3285 2107 3285 2107 3270 2092 3271 2093 3285 2107 3271 2093 3286 2108 3286 2108 3271 2093 3272 2094 3286 2108 3272 2094 3287 2109 3287 2109 3272 2094 3273 2095 3287 2109 3273 2095 3288 2110 3288 2110 3273 2095 3274 2096 3288 2110 3274 2096 3289 2111 3289 2111 3274 2096 3275 2097 3289 2111 3275 2097 3290 2112 3290 2112 3291 2113 3289 2111 3289 2111 3291 2113 3292 2114 3289 2111 3292 2114 3288 2110 3288 2110 3292 2114 3293 2115 3288 2110 3293 2115 3287 2109 3287 2109 3293 2115 3294 2116 3287 2109 3294 2116 3286 2108 3286 2108 3294 2116 3295 2117 3286 2108 3295 2117 3285 2107 3285 2107 3295 2117 3296 2118 3285 2107 3296 2118 3284 2106 3284 2106 3296 2118 3297 2119 3284 2106 3297 2119 3283 2105 3283 2105 3297 2119 3298 2120 3283 2105 3298 2120 3282 2104 3282 2104 3298 2120 3299 2121 3282 2104 3299 2121 3281 2103 3281 2103 3299 2121 3300 2122 3281 2103 3300 2122 3280 2102 3280 2102 3300 2122 3301 2123 3280 2102 3301 2123 3279 2101 3279 2101 3301 2123 3302 2124 3279 2101 3302 2124 3278 2100 3278 2100 3302 2124 3303 2125 3278 2100 3303 2125 3277 2099 3277 2099 3303 2125 3304 2126 3277 2099 3304 2126 3276 2098 3276 2098 3304 2126 3305 2127 3276 2098 3305 2127 3219 2041 3219 2041 3305 2127 555 197 3219 2041 555 197 3220 2042 3306 2128 3307 2129 3290 2112 3290 2112 3307 2129 3308 2130 3290 2112 3308 2130 3291 2113 3213 2035 3217 2039 3214 2036 3214 2036 3217 2039 3229 2051 3214 2036 3229 2051 3309 2131 3309 2131 3229 2051 3227 2049 3309 2131 3227 2049 3310 2132 3310 2132 3227 2049 3223 2045 3310 2132 3223 2045 3311 2133 3311 2133 3223 2045 3222 2044 3311 2133 3222 2044 3312 2134 3215 2037 3214 2036 3313 2135 3313 2135 3214 2036 3309 2131 3313 2135 3309 2131 3314 2136 3314 2136 3309 2131 3310 2132 3314 2136 3310 2132 3315 2137 3315 2137 3310 2132 3311 2133 3315 2137 3311 2133 3316 2138 3316 2138 3311 2133 3312 2134 3316 2138 3312 2134 3317 2139 3238 2060 3232 2054 3239 2061 3239 2061 3232 2054 3216 2038 3239 2061 3216 2038 3275 2097 3275 2097 3216 2038 3213 2035 3275 2097 3213 2035 3290 2112 3290 2112 3213 2035 3215 2037 3290 2112 3215 2037 3306 2128 3306 2128 3215 2037 3313 2135 3306 2128 3313 2135 3318 2140 3318 2140 3313 2135 3314 2136 3318 2140 3314 2136 3319 2141 3319 2141 3314 2136 3315 2137 3319 2141 3315 2137 3320 2142 3321 2143 3315 2137 3316 2138 3321 2143 3316 2138 3322 2144 3322 2144 3316 2138 3317 2139 3323 2145 3324 2146 3317 2139 3317 2139 3324 2146 3325 2147 3317 2139 3325 2147 3322 2144 3225 2047 2497 1440 3207 2029 3207 2029 2497 1440 2496 1439 3207 2029 2496 1439 2504 1447 3208 2030 3212 2034 3209 2031 3209 2031 3212 2034 3225 2047 3209 2031 3225 2047 3326 2148 3326 2148 3225 2047 3207 2029 3326 2148 3207 2029 3327 2149 3327 2149 3207 2029 3206 2028 3327 2149 3206 2028 3328 2150 3210 2032 3209 2031 3329 2151 3329 2151 3209 2031 3326 2148 3329 2151 3326 2148 3330 2152 3330 2152 3326 2148 3327 2149 3330 2152 3327 2149 3331 2153 3331 2153 3327 2149 3328 2150 3331 2153 3328 2150 3332 2154 3221 2043 3224 2046 3222 2044 3222 2044 3224 2046 3211 2033 3222 2044 3211 2033 3312 2134 3312 2134 3211 2033 3208 2030 3312 2134 3208 2030 3317 2139 3317 2139 3208 2030 3210 2032 3317 2139 3210 2032 3323 2145 669 288 3210 2032 3329 2151 669 288 3329 2151 703 310 703 310 3329 2151 3330 2152 703 310 3330 2152 704 311 704 311 3330 2152 3331 2153 704 311 3331 2153 705 312 705 312 3331 2153 3332 2154 633 266 635 268 3332 2154 3332 2154 635 268 636 269 3332 2154 636 269 705 312 2503 1446 2502 1445 3333 2155 3333 2155 2502 1445 3334 2156 3333 2155 3334 2156 3335 2157 3335 2157 3334 2156 3336 2158 3335 2157 3336 2158 3337 2159 3337 2159 3336 2158 3338 2160 3339 2161 2500 1443 2508 1451 2502 1445 2501 1444 3334 2156 3334 2156 2501 1444 3340 2162 3334 2156 3340 2162 3336 2158 3336 2158 3340 2162 3341 2163 3336 2158 3341 2163 3338 2160 3338 2160 3341 2163 3342 2164 2504 1447 2503 1446 3206 2028 3206 2028 2503 1446 3333 2155 3206 2028 3333 2155 3328 2150 3328 2150 3333 2155 3335 2157 3328 2150 3335 2157 3332 2154 3332 2154 3335 2157 3337 2159 3332 2154 3337 2159 633 266 633 266 3337 2159 3338 2160 633 266 3338 2160 631 264 631 264 3338 2160 3342 2164 684 295 627 260 3342 2164 3342 2164 627 260 629 262 3342 2164 629 262 631 264 3343 2165 3205 2027 3344 2166 3344 2166 3205 2027 3345 2167 3344 2166 3345 2167 3346 2168 3346 2168 3345 2167 3347 2169 3346 2168 3347 2169 3348 2170 3348 2170 3347 2169 3349 2171 3348 2170 3349 2171 3339 2161 3205 2027 3204 2026 3345 2167 3345 2167 3204 2026 3350 2172 3345 2167 3350 2172 3347 2169 3347 2169 3350 2172 3351 2173 3347 2169 3351 2173 3349 2171 3343 2165 687 302 3205 2027 3339 2161 2508 1451 3348 2170 3348 2170 2508 1451 2507 1450 3348 2170 2507 1450 3346 2168 3346 2168 2507 1450 2506 1449 3346 2168 2506 1449 3344 2166 3344 2166 2506 1449 2505 1448 3344 2166 2505 1448 3343 2165 3343 2165 2505 1448 687 302 2501 1444 2500 1443 3340 2162 3340 2162 2500 1443 3339 2161 3340 2162 3339 2161 3341 2163 3341 2163 3339 2161 3349 2171 3341 2163 3349 2171 3342 2164 3342 2164 3349 2171 3351 2173 3342 2164 3351 2173 684 295 684 295 3351 2173 3350 2172 684 295 3350 2172 685 297 685 297 3350 2172 3204 2026 685 297 3204 2026 686 299 686 299 3204 2026 687 302 3220 2042 555 197 554 196 3256 2078 3220 2042 3352 2174 3220 2042 554 196 3352 2174 3352 2174 554 196 553 195 3352 2174 553 195 3353 2175 3353 2175 553 195 552 194 3353 2175 552 194 3354 2176 3354 2176 552 194 551 193 3354 2176 551 193 3355 2177 3355 2177 551 193 550 192 3355 2177 550 192 3356 2178 3356 2178 550 192 549 191 3356 2178 549 191 3357 2179 3357 2179 549 191 548 190 3357 2179 548 190 3358 2180 3358 2180 548 190 547 189 3358 2180 547 189 3359 2181 3359 2181 547 189 546 188 3359 2181 546 188 3360 2182 3360 2182 546 188 545 187 3360 2182 545 187 3361 2183 3361 2183 545 187 544 186 3361 2183 544 186 3362 2184 3362 2184 544 186 540 182 3362 2184 540 182 3363 2185 3363 2185 3364 2186 3362 2184 3362 2184 3364 2186 3365 2187 3362 2184 3365 2187 3361 2183 3361 2183 3365 2187 3366 2188 3361 2183 3366 2188 3360 2182 3360 2182 3366 2188 3367 2189 3360 2182 3367 2189 3359 2181 3359 2181 3367 2189 3368 2190 3359 2181 3368 2190 3358 2180 3358 2180 3368 2190 3369 2191 3358 2180 3369 2191 3357 2179 3357 2179 3369 2191 3370 2192 3357 2179 3370 2192 3356 2178 3356 2178 3370 2192 3371 2193 3356 2178 3371 2193 3355 2177 3355 2177 3371 2193 3372 2194 3355 2177 3372 2194 3354 2176 3354 2176 3372 2194 3373 2195 3354 2176 3373 2195 3353 2175 3353 2175 3373 2195 3374 2196 3353 2175 3374 2196 3352 2174 3352 2174 3374 2196 3375 2197 3352 2174 3375 2197 3256 2078 3256 2078 3375 2197 3255 2077 3364 2186 3376 2198 3365 2187 3365 2187 3376 2198 3377 2199 3365 2187 3377 2199 3366 2188 3366 2188 3377 2199 3378 2200 3366 2188 3378 2200 3367 2189 3367 2189 3378 2200 3379 2201 3367 2189 3379 2201 3368 2190 3368 2190 3379 2201 3380 2202 3368 2190 3380 2202 3369 2191 3369 2191 3380 2202 3381 2203 3369 2191 3381 2203 3370 2192 3370 2192 3381 2203 3382 2204 3370 2192 3382 2204 3371 2193 3371 2193 3382 2204 3383 2205 3371 2193 3383 2205 3372 2194 3372 2194 3383 2205 3384 2206 3372 2194 3384 2206 3373 2195 3373 2195 3384 2206 3385 2207 3373 2195 3385 2207 3374 2196 3374 2196 3385 2207 3386 2208 3374 2196 3386 2208 3375 2197 3375 2197 3386 2208 3387 2209 3375 2197 3387 2209 3255 2077 3255 2077 3387 2209 904 478 540 182 539 181 3363 2185 3363 2185 539 181 3197 2019 3363 2185 3197 2019 3364 2186 3364 2186 3197 2019 3200 2022 3364 2186 3200 2022 3376 2198 3376 2198 3200 2022 3202 2024 3376 2198 3202 2024 3203 2025 904 478 3387 2209 905 479 905 479 3387 2209 3386 2208 905 479 3386 2208 906 480 906 480 3386 2208 3385 2207 906 480 3385 2207 891 465 891 465 3385 2207 3384 2206 891 465 3384 2206 893 467 893 467 3384 2206 3383 2205 893 467 3383 2205 894 468 894 468 3383 2205 3382 2204 894 468 3382 2204 895 469 895 469 3382 2204 3381 2203 895 469 3381 2203 896 470 896 470 3381 2203 3380 2202 896 470 3380 2202 886 460 886 460 3380 2202 3379 2201 886 460 3379 2201 884 458 884 458 3379 2201 3378 2200 884 458 3378 2200 882 456 882 456 3378 2200 3377 2199 882 456 3377 2199 887 461 887 461 3377 2199 3376 2198 887 461 3376 2198 888 462 888 462 3376 2198 3203 2025 888 462 3203 2025 889 463 3388 2210 3389 2211 3390 481 3390 481 3389 2211 3391 2212 3390 481 3391 2212 3392 481 3393 2213 3394 2214 3395 2215 3395 2216 3396 2217 3397 2218 3395 2216 3397 2218 3398 487 3399 2219 3400 2219 3401 2219 3401 35 3400 35 3402 35 3401 35 3402 35 3403 35 3403 2220 3402 2220 3404 2220 3403 35 3404 35 3405 35 3405 54 3404 54 3406 54 3405 35 3406 35 3407 35 3407 35 3406 35 3408 35 3407 35 3408 35 3409 35 3409 35 3408 35 3410 35 3409 35 3410 35 3411 35 3411 35 3410 35 3412 35 3411 2221 3412 2221 3413 2221 3413 2222 3412 2222 3414 2222 3413 35 3414 35 3415 35 3415 35 3414 35 3416 35 3415 35 3416 35 3417 35 3417 51 3416 51 3418 51 3417 2223 3418 2223 3419 2223 3419 35 3418 35 3420 35 3421 2224 3391 2212 3389 2211 3422 2225 3423 2226 3424 2227 3425 2228 3426 2229 3427 2230 3427 2230 3426 2229 3424 2227 3427 2230 3424 2227 3428 2231 3428 2231 3424 2227 3423 2226 3422 2225 3424 2227 3429 2232 3429 2232 3424 2227 3430 2233 3429 2232 3430 2233 3431 2234 3431 2234 3430 2233 3432 2235 3431 2234 3432 2235 3433 2236 3434 2237 3435 2238 3432 2235 3432 2235 3435 2238 3436 2239 3432 2235 3436 2239 3433 2236 3437 2240 3438 2241 3434 2237 3434 2237 3438 2241 3439 2242 3434 2237 3439 2242 3435 2238 3440 2243 3441 2244 3437 2240 3437 2240 3441 2244 3442 2245 3437 2240 3442 2245 3438 2241 3443 2246 3444 2247 3445 2248 3443 2246 3445 2248 3437 2240 3437 2240 3445 2248 3446 2249 3437 2240 3446 2249 3440 2243 3447 2250 3448 2251 3449 2252 3449 2252 3450 2253 3447 2250 3447 2250 3450 2253 3451 2254 3447 2250 3451 2254 3443 2246 3443 2246 3451 2254 3452 2255 3443 2246 3452 2255 3444 2247 3389 2211 3453 2256 3421 2224 3421 2224 3453 2256 3454 2257 3421 2224 3454 2257 3455 2258 3455 2258 3454 2257 3456 2259 3455 2258 3456 2259 3447 2250 3447 2250 3456 2259 3457 2260 3447 2250 3457 2260 3448 2251 3458 2261 3459 2262 3395 2215 3395 2215 3459 2262 3393 2213 3460 2263 3461 2264 3462 2265 3462 2265 3461 2264 3463 2266 3462 2265 3463 2266 3464 2267 3464 2267 3463 2266 3465 2268 3464 2267 3465 2268 3466 2269 3458 2261 3465 2268 3467 2270 3458 2261 3467 2270 3459 2262 3460 2263 3468 2271 3469 2272 3469 2272 3468 2271 3470 2273 3469 2272 3471 2274 3472 2275 3473 2276 3474 2277 3475 2278 3475 2278 3474 2277 3476 2279 3475 2278 3476 2279 3471 2274 3471 2274 3476 2279 3477 2280 3471 2274 3477 2280 3472 2275 3425 2228 3478 2281 3426 2229 3426 2229 3478 2281 3479 2282 3426 2229 3479 2282 3475 2278 3475 2278 3479 2282 3480 2283 3475 2278 3480 2283 3473 2276 3481 2284 3482 2285 3483 2286 3484 2287 3482 2285 3481 2284 3481 2284 3485 2288 3486 2289 3487 2290 3485 2288 3481 2284 3483 2286 3487 2290 3481 2284 3481 2284 3488 2291 3489 2292 3490 2293 3488 2291 3481 2284 3486 2289 3490 2293 3481 2284 3481 2284 3491 2294 3492 2295 3493 2296 3491 2294 3481 2284 3489 2292 3493 2296 3481 2284 3492 2295 3484 2287 3481 2284 3494 2297 3495 2297 3496 2297 3496 2297 3495 2297 3497 2297 3498 2298 3499 2298 3500 2298 3500 2299 3499 2299 3501 2299 3502 2300 3503 2300 3504 2300 3504 2301 3503 2301 3505 2301 3506 2302 3507 2302 3508 2302 3508 2302 3507 2302 3509 2302 3510 2303 3511 2303 3512 2303 3512 2304 3511 2304 3513 2304 3514 2305 3515 2305 3516 2305 3516 2306 3515 2306 3517 2306 3518 2307 3519 2307 3520 2307 3520 2308 3519 2308 3521 2308 3522 2309 3523 2309 3524 2309 3524 2310 3523 2310 3525 2310 3526 2311 3527 2311 3528 2311 3528 2311 3527 2311 3529 2311 3530 2312 3531 2312 3532 2312 3532 2313 3531 2313 3533 2313 3534 2314 3535 2314 3536 2314 3536 2315 3535 2315 3537 2315 3538 2316 3539 2316 3540 2316 3540 2316 3539 2316 3541 2316 3542 2317 3543 2318 3544 2319 3544 2319 3543 2318 3545 2320 3544 2319 3545 2320 3546 2321 3547 2322 3548 2323 3549 2324 3547 2322 3549 2324 3550 2325 3551 2326 3552 2327 3553 2328 3553 2328 3552 2327 3554 2329 3553 2330 3555 2331 3556 2332 3556 2332 3555 2331 3557 2333 3556 2334 3558 2335 3559 2336 3559 2336 3558 2335 3560 2337 3559 2338 3561 2339 3562 2340 3562 2340 3561 2339 3563 2341 3562 2340 3563 2341 3564 2342 3564 2343 3565 2344 3566 2344 3564 2345 3567 2346 3568 2347 3568 2347 3567 2346 3569 2348 3568 2349 3570 2350 3571 2351 3571 2351 3570 2350 3572 2352 3571 2353 3573 2354 3574 2355 3574 2355 3573 2354 3575 2356 3574 2357 3576 2358 3542 2359 3542 2359 3576 2358 3577 2360 3542 2359 3577 2360 3578 2361 3579 2362 3580 2363 3581 2364 3582 2365 3580 2363 3579 2362 3579 2362 3583 2366 3584 2367 3585 2368 3583 2366 3579 2362 3581 2364 3585 2368 3579 2362 3579 2362 3586 2369 3587 2370 3588 2371 3586 2369 3579 2362 3584 2367 3588 2371 3579 2362 3579 2362 3589 2372 3590 2373 3591 2374 3589 2372 3579 2362 3587 2370 3591 2374 3579 2362 3590 2373 3582 2365 3579 2362 3592 2297 3593 2297 3594 2297 3594 2297 3593 2297 3595 2297 3596 2375 3597 2375 3598 2375 3598 2376 3597 2376 3599 2376 3600 2377 3601 2377 3602 2377 3602 2378 3601 2378 3603 2378 3604 2379 3605 2379 3606 2379 3606 2380 3605 2380 3607 2380 3608 2381 3609 2381 3610 2381 3610 2381 3609 2381 3611 2381 3612 2305 3613 2305 3614 2305 3614 2306 3613 2306 3615 2306 3616 2382 3617 2382 3618 2382 3618 2383 3617 2383 3619 2383 3620 2384 3621 2384 3622 2384 3622 2384 3621 2384 3623 2384 3624 2385 3625 2385 3626 2385 3626 2386 3625 2386 3627 2386 3628 2387 3629 2387 3630 2387 3630 2388 3629 2388 3631 2388 3632 2389 3633 2389 3634 2389 3634 2390 3633 2390 3635 2390 3636 2391 3637 2391 3638 2391 3638 2391 3637 2391 3639 2391 3640 2392 3641 2393 3642 2394 3643 2395 3644 2396 3645 2397 3643 2395 3645 2397 3646 2398 3647 2399 3648 2400 3649 2401 3647 2399 3649 2401 3650 2402 3651 2403 3652 2404 3653 2405 3653 2405 3652 2404 3654 2406 3653 2407 3655 2408 3656 2409 3656 2409 3655 2408 3657 2410 3656 2411 3658 2412 3659 2413 3659 2413 3658 2412 3660 2414 3659 2415 3661 2416 3662 2417 3662 2417 3661 2416 3663 2418 3662 2417 3663 2418 3664 2419 3664 2420 3665 2421 3666 2421 3664 2345 3667 2422 3668 2423 3668 2423 3667 2422 3669 2424 3668 2425 3670 2426 3671 2427 3671 2427 3670 2426 3672 2428 3671 2429 3673 2430 3674 2431 3674 2431 3673 2430 3675 2432 3674 2433 3676 2434 3640 2392 3640 2392 3676 2434 3677 2435 3640 2392 3677 2435 3641 2393 3678 2436 3679 2437 3680 2438 3681 2439 3679 2437 3678 2436 3678 2436 3682 2440 3683 2441 3684 2442 3682 2440 3678 2436 3680 2438 3684 2442 3678 2436 3678 2436 3685 2443 3686 2444 3687 2445 3685 2443 3678 2436 3683 2441 3687 2445 3678 2436 3678 2436 3688 2446 3689 2447 3690 2448 3688 2446 3678 2436 3686 2444 3690 2448 3678 2436 3689 2447 3681 2439 3678 2436 3691 2449 3692 2449 3693 2449 3693 2450 3692 2450 3694 2450 3695 2375 3696 2375 3697 2375 3697 2375 3696 2375 3698 2375 3699 2451 3700 2451 3701 2451 3701 2378 3700 2378 3702 2378 3703 2379 3704 2379 3705 2379 3705 2452 3704 2452 3706 2452 3707 2453 3708 2453 3709 2453 3709 2381 3708 2381 3710 2381 3711 2454 3712 2454 3713 2454 3713 2454 3712 2454 3714 2454 3715 2455 3716 2455 3717 2455 3717 2455 3716 2455 3718 2455 3719 2384 3720 2384 3721 2384 3721 2456 3720 2456 3722 2456 3723 2457 3724 2457 3725 2457 3725 2386 3724 2386 3726 2386 3727 2387 3728 2387 3729 2387 3729 2458 3728 2458 3730 2458 3731 2390 3732 2390 3733 2390 3733 2390 3732 2390 3734 2390 3735 2459 3736 2459 3737 2459 3737 2460 3736 2460 3738 2460 3739 2461 3740 2462 3741 2463 3742 2464 3743 2465 3744 2466 3742 2464 3744 2466 3745 2467 3746 2468 3747 2469 3748 2470 3746 2468 3748 2470 3749 2471 3750 2472 3751 2473 3752 2474 3752 2474 3751 2473 3753 2475 3752 2476 3754 2477 3755 2478 3755 2478 3754 2477 3756 2479 3755 2480 3757 2481 3758 2482 3758 2482 3757 2481 3759 2483 3758 2484 3760 2485 3761 2486 3761 2486 3760 2485 3762 2487 3761 2488 3763 2489 3764 2490 3764 2490 3763 2489 3765 2491 3764 2492 3766 2493 3767 2494 3767 2494 3766 2493 3768 2495 3767 2496 3769 2497 3770 2498 3770 2498 3769 2497 3771 2499 3770 2500 3772 2501 3773 2502 3773 2502 3772 2501 3774 2410 3773 2503 3775 2504 3739 2461 3739 2461 3775 2504 3776 2505 3739 2461 3776 2505 3740 2462 3777 2506 3778 2507 3779 2508 3780 2509 3778 2507 3777 2506 3777 2506 3781 2510 3782 2511 3783 2512 3781 2510 3777 2506 3779 2508 3783 2512 3777 2506 3777 2506 3784 2513 3785 2514 3786 2515 3784 2513 3777 2506 3782 2511 3786 2515 3777 2506 3777 2506 3787 2516 3788 2517 3789 2518 3787 2516 3777 2506 3785 2514 3789 2518 3777 2506 3788 2517 3780 2509 3777 2506 3790 2449 3791 2449 3792 2449 3792 2450 3791 2450 3793 2450 3794 2298 3795 2298 3796 2298 3796 2519 3795 2519 3797 2519 3798 2301 3799 2301 3800 2301 3800 2301 3799 2301 3801 2301 3802 2302 3803 2302 3804 2302 3804 2520 3803 2520 3805 2520 3806 2521 3807 2521 3808 2521 3808 2304 3807 2304 3809 2304 3810 2454 3811 2454 3812 2454 3812 2454 3811 2454 3813 2454 3814 2522 3815 2522 3816 2522 3816 2522 3815 2522 3817 2522 3818 2309 3819 2309 3820 2309 3820 2523 3819 2523 3821 2523 3822 2524 3823 2524 3824 2524 3824 2311 3823 2311 3825 2311 3826 2312 3827 2312 3828 2312 3828 2312 3827 2312 3829 2312 3830 2525 3831 2525 3832 2525 3832 2315 3831 2315 3833 2315 3834 2526 3835 2526 3836 2526 3836 2527 3835 2527 3837 2527 3838 2528 3839 2529 3840 2530 3841 2531 3842 2532 3843 2533 3841 2531 3843 2533 3844 2534 3845 2535 3846 2536 3847 2537 3845 2535 3847 2537 3848 2538 3849 2539 3850 2540 3851 2541 3851 2541 3850 2540 3852 2542 3851 2543 3853 2544 3854 2545 3854 2545 3853 2544 3855 2356 3854 2546 3856 2547 3857 2548 3857 2548 3856 2547 3858 2549 3857 2550 3859 2551 3860 2552 3860 2552 3859 2551 3861 2553 3860 2554 3862 2555 3863 2556 3863 2556 3862 2555 3864 2557 3863 2558 3865 2559 3866 2560 3866 2560 3865 2559 3867 2561 3866 2562 3868 2563 3869 2564 3869 2564 3868 2563 3870 2565 3869 2566 3871 2567 3872 2568 3872 2568 3871 2567 3873 2569 3872 2570 3874 2571 3838 2528 3838 2528 3874 2571 3875 2572 3838 2528 3875 2572 3839 2529 3876 2573 3877 2574 3878 2575 3879 2576 3877 2574 3876 2573 3876 2573 3880 2577 3881 2578 3882 2579 3880 2577 3876 2573 3878 2575 3882 2579 3876 2573 3876 2573 3883 2580 3884 2581 3885 2582 3883 2580 3876 2573 3881 2578 3885 2582 3876 2573 3876 2573 3886 2583 3887 2584 3888 2585 3886 2583 3876 2573 3884 2581 3888 2585 3876 2573 3887 2584 3879 2576 3876 2573 3889 2586 3890 2586 3891 2586 3891 2587 3890 2587 3892 2587 3893 2588 3894 2588 3895 2588 3895 2589 3894 2589 3896 2589 3897 2590 3898 2590 3899 2590 3899 2590 3898 2590 3900 2590 3901 2591 3902 2591 3903 2591 3903 2591 3902 2591 3904 2591 3905 2592 3906 2592 3907 2592 3907 2593 3906 2593 3908 2593 3909 2594 3910 2594 3911 2594 3911 2595 3910 2595 3912 2595 3913 2596 3914 2596 3915 2596 3915 2597 3914 2597 3916 2597 3917 2598 3918 2598 3919 2598 3919 2599 3918 2599 3920 2599 3921 2600 3922 2600 3923 2600 3923 2600 3922 2600 3924 2600 3925 2601 3926 2601 3927 2601 3927 2601 3926 2601 3928 2601 3929 2602 3930 2602 3931 2602 3931 2603 3930 2603 3932 2603 3933 2604 3934 2604 3935 2604 3935 2605 3934 2605 3936 2605 3937 2606 3938 2607 3939 2608 3939 2608 3938 2607 3940 2609 3939 2608 3940 2609 3941 2610 3942 2611 3943 2612 3944 2613 3942 2611 3944 2613 3945 2614 3946 2615 3947 2616 3948 2617 3948 2617 3947 2616 3949 2618 3948 2617 3949 2618 3950 2619 3950 2620 3951 2621 3952 2621 3950 2622 3953 2623 3954 2624 3954 2624 3953 2623 3955 2625 3954 2624 3955 2625 3956 2626 3956 2626 3955 2625 3957 2627 3956 2626 3957 2627 3958 2628 3958 2628 3957 2627 3959 2629 3958 2628 3959 2629 3960 2630 3960 2630 3959 2629 3961 2631 3960 2630 3961 2631 3962 2632 3962 2632 3961 2631 3963 2633 3962 2634 3964 2635 3965 2636 3965 2636 3964 2635 3966 2637 3965 2638 3967 2639 3937 2606 3937 2606 3967 2639 3968 2640 3937 2606 3968 2640 3938 2607 3969 2641 3970 2642 3971 2643 3971 2643 3970 2642 3972 2644 3971 2643 3972 2644 3973 2645 3973 2645 3972 2644 883 457 3973 2645 883 457 2420 1360 3972 2644 3970 2642 3974 2646 883 457 3972 2644 3975 2647 3975 2647 3972 2644 3974 2646 3975 2647 3974 2646 3976 2648 3976 2648 3974 2646 3977 2649 3976 2648 3977 2649 3978 2650 3978 2650 3977 2649 3979 2651 3978 2650 3979 2651 3980 2652 3980 2652 3979 2651 3981 2653 3981 2653 3979 2651 3982 2654 3981 2653 3982 2654 3983 2655 883 457 3975 2647 885 459 885 459 3975 2647 3976 2648 885 459 3976 2648 892 466 892 466 3976 2648 3978 2650 892 466 3978 2650 890 464 890 464 3978 2650 3980 2652 890 464 3980 2652 900 474 900 474 3980 2652 3981 2653 900 474 3981 2653 897 471 897 471 3981 2653 3983 2655 897 471 3983 2655 898 472 3261 2083 898 472 3983 2655 3984 2656 3985 2657 3986 2658 3984 2656 3986 2658 3987 2659 3987 2659 3986 2658 3988 2660 3987 2659 3988 2660 3989 2661 3989 2661 3988 2660 3990 2662 3989 2661 3990 2662 3991 2663 3991 2663 3990 2662 3992 2664 3991 2663 3992 2664 3993 2665 3983 2655 3982 2654 3994 2666 3254 2076 3253 2075 3995 2667 3995 2667 3253 2075 3251 2073 3995 2667 3251 2073 3983 2655 3983 2655 3251 2073 3249 2071 3983 2655 3249 2071 3261 2083 3242 2064 3241 2063 3996 2668 3996 2668 3241 2063 3247 2069 3996 2668 3247 2069 3997 2669 3997 2669 3247 2069 3246 2068 3997 2669 3246 2068 3995 2667 3995 2667 3246 2068 3244 2066 3995 2667 3244 2066 3254 2076 3998 2670 3238 2060 3236 2058 3998 2670 3236 2058 3996 2668 3996 2668 3236 2058 3234 2056 3996 2668 3234 2056 3242 2064 3983 2655 3994 2666 3995 2667 3995 2667 3994 2666 3999 2671 3995 2667 3999 2671 3997 2669 3997 2669 3999 2671 4000 2672 3997 2669 4000 2672 3996 2668 3996 2668 4000 2672 3993 2665 3996 2668 3993 2665 3998 2670 3998 2670 3993 2665 3992 2664 3998 2670 3992 2664 3238 2060 3230 2052 3231 2053 3992 2664 3992 2664 3231 2053 3232 2054 3992 2664 3232 2054 3238 2060 3230 2052 3992 2664 3228 2050 3228 2050 3992 2664 3990 2662 3228 2050 3990 2662 3226 2048 3226 2048 3990 2662 3988 2660 3226 2048 3988 2660 3221 2043 3221 2043 3988 2660 3986 2658 3221 2043 3986 2658 3224 2046 3224 2046 3986 2658 3985 2657 3224 2046 3985 2657 2497 1440 3985 2657 3984 2656 4001 2673 2497 1440 3985 2657 4002 2674 4002 2674 3985 2657 4001 2673 4002 2674 4001 2673 4003 2675 4003 2675 4001 2673 4004 2676 4003 2675 4004 2676 4005 2677 4005 2677 4004 2676 4006 2678 4005 2677 4006 2678 4007 2679 2497 1440 4002 2674 2498 1441 2498 1441 4002 2674 4003 2675 2498 1441 4003 2675 2499 1442 2499 1442 4003 2675 4005 2677 2499 1442 4005 2677 2509 1452 2509 1452 4005 2677 4007 2679 2509 1452 4007 2679 867 441 867 441 4007 2679 4008 2680 4007 2679 4006 2678 4009 2681 4007 2679 4009 2681 4008 2680 4008 2680 4009 2681 4010 2682 4008 2680 4010 2682 4011 2683 4011 2683 4010 2682 4012 2684 4012 2684 4010 2682 4013 2685 4012 2684 4013 2685 4014 2686 867 441 4008 2680 874 448 874 448 4008 2680 4011 2683 874 448 4011 2683 872 446 872 446 4011 2683 4012 2684 872 446 4012 2684 879 453 879 453 4012 2684 4014 2686 879 453 4014 2686 877 451 3151 1973 3150 1972 4015 2687 3009 1831 3011 1833 4016 2688 4017 2689 4018 2690 4019 2691 4017 2689 4019 2691 4020 2692 4020 2692 4019 2691 4021 2693 4020 2692 4021 2693 4022 2694 4021 2693 4023 2695 4022 2694 4022 2694 4023 2695 4024 2696 4022 2694 4024 2696 4025 2697 4025 2697 4024 2696 4026 2698 4025 2697 4026 2698 4027 2699 4027 2699 4026 2698 4015 2687 4027 2699 4015 2687 4028 2700 2517 1460 3009 1831 4029 2701 4029 2701 3009 1831 4016 2688 4029 2701 4016 2688 4030 2702 4030 2702 4016 2688 4031 2703 4017 2689 4031 2703 4018 2690 4018 2690 4031 2703 4016 2688 4018 2690 4016 2688 3013 1835 3013 1835 4016 2688 3011 1833 3013 1835 3015 1837 4018 2690 4018 2690 3015 1837 3017 1839 4018 2690 3017 1839 4019 2691 4019 2691 3017 1839 3019 1841 4019 2691 3019 1841 3020 1842 3020 1842 3022 1844 4019 2691 4019 2691 3022 1844 3024 1846 4019 2691 3024 1846 4021 2693 4021 2693 3024 1846 3026 1848 3026 1848 3028 1850 4021 2693 4021 2693 3028 1850 3030 1852 4021 2693 3030 1852 4023 2695 4023 2695 3030 1852 3033 1855 4023 2695 3033 1855 4024 2696 4024 2696 3033 1855 3039 1861 4024 2696 3039 1861 4026 2698 4026 2698 3039 1861 3037 1859 4026 2698 3037 1859 4015 2687 4015 2687 3037 1859 3035 1857 4015 2687 3035 1857 3151 1973 4013 2685 4028 2700 4014 2686 4014 2686 4028 2700 4015 2687 4014 2686 4015 2687 877 451 877 451 4015 2687 3150 1972 4029 2701 4030 2702 4032 2704 2517 1460 4029 2701 4033 2705 4033 2705 4029 2701 4032 2704 4033 2705 4032 2704 4034 2706 4034 2706 4032 2704 4035 2707 4034 2706 4035 2707 4036 2708 4036 2708 4035 2707 4037 2709 4036 2708 4037 2709 4038 2710 4038 2710 4037 2709 4039 2711 4039 2711 4037 2709 4040 2712 4039 2711 4040 2712 4041 2713 2517 1460 4033 2705 2515 1458 2515 1458 4033 2705 4034 2706 2515 1458 4034 2706 2512 1455 2512 1455 4034 2706 4036 2708 2512 1455 4036 2708 2518 1461 2518 1461 4036 2708 4038 2710 2518 1461 4038 2710 2523 1466 2523 1466 4038 2710 4039 2711 2523 1466 4039 2711 2527 1470 2527 1470 4039 2711 4041 2713 2527 1470 4041 2713 2418 1358 2418 1358 4041 2713 2416 1356 2416 1356 4041 2713 4042 2714 4042 2714 4041 2713 4043 2715 4043 2715 4041 2713 4040 2712 4043 2715 4040 2712 4044 2716 4045 2717 4046 2718 4047 2719 4047 2719 4046 2718 4048 2720 4047 2719 4048 2720 4049 2721 4049 2721 4048 2720 4050 2722 4049 2721 4050 2722 4051 2723 4051 2723 4050 2722 4052 2724 4051 2723 4052 2724 4053 2725 4052 2724 4054 2726 4053 2725 4053 2725 4054 2726 4055 2727 4053 2725 4055 2727 4056 2728 4056 2728 4055 2727 4057 2729 4056 2728 4057 2729 4058 2730 4058 2730 4057 2729 4059 2731 4058 2730 4059 2731 4060 2732 4060 2732 4059 2731 4061 2733 4060 2732 4061 2733 4062 2734 4062 2734 4061 2733 4063 2735 4062 2734 4063 2735 4064 2736 4064 2736 4063 2735 4065 2737 4064 2736 4065 2737 4066 2738 4066 2738 4065 2737 4067 2739 4066 2738 4067 2739 4068 2740 4068 2740 4067 2739 4069 2741 4068 2740 4069 2741 4070 2742 4070 2742 4069 2741 4071 2743 4070 2742 4071 2743 4072 2744 4072 2744 4071 2743 4073 2745 4072 2744 4073 2745 4074 2746 4074 2746 4073 2745 4075 2747 4074 2746 4075 2747 4076 2748 4076 2748 4075 2747 4077 2749 4076 2748 4077 2749 4078 2750 4078 2750 4077 2749 4079 2751 4078 2750 4079 2751 4080 2752 4080 2752 4079 2751 4081 2753 4080 2752 4081 2753 4082 2754 4082 2754 4081 2753 4083 2755 4082 2754 4083 2755 4084 2756 4084 2756 4083 2755 4085 2757 4084 2756 4085 2757 4086 2758 4086 2758 4085 2757 4087 2759 4086 2758 4087 2759 4088 2760 4088 2760 4087 2759 4089 2761 4088 2760 4089 2761 4090 2762 4090 2762 4089 2761 4091 2763 4090 2762 4091 2763 4092 2764 4092 2764 4091 2763 4093 2765 4092 2764 4093 2765 4094 2766 4094 2766 4093 2765 4095 2767 4094 2766 4095 2767 4045 2717 4045 2717 4095 2767 4096 2768 4045 2717 4096 2768 4046 2718 4097 0 4098 0 4099 0 4099 2769 4098 2769 4100 2769 4099 0 4100 0 4101 0 4101 2770 4100 2770 4102 2770 4101 0 4102 0 4103 0 4103 2771 4102 2771 4104 2771 4103 0 4104 0 4105 0 4105 0 4104 0 4106 0 4105 2772 4106 2772 4107 2772 4107 2773 4106 2773 4108 2773 4107 0 4108 0 4109 0 4109 0 4108 0 4110 0 4109 0 4110 0 4111 0 4111 0 4110 0 4112 0 4111 0 4112 0 4113 0 4113 0 4112 0 4114 0 4113 0 4114 0 4115 0 4115 0 4114 0 4116 0 4115 2774 4116 2774 4117 2774 4117 2775 4116 2775 4118 2775 4117 0 4118 0 4119 0 4118 0 4120 0 4119 0 4119 2776 4120 2776 4121 2776 4119 0 4121 0 4122 0 4122 0 4121 0 4123 0 4122 0 4123 0 4124 0 4124 0 4123 0 4125 0 4124 0 4125 0 4126 0 4126 0 4125 0 4127 0 4126 0 4127 0 4128 0 4128 0 4127 0 4129 0 4128 0 4129 0 4130 0 4131 0 4129 0 4132 0 4131 2777 4132 2777 4133 2777 4133 0 4132 0 4134 0 4133 0 4134 0 4135 0 4135 2778 4134 2778 4136 2778 4135 0 4136 0 4137 0 4137 0 4136 0 4138 0 4137 0 4138 0 4139 0 4139 0 4138 0 4140 0 4139 0 4140 0 4141 0 4141 0 4140 0 4142 0 4141 0 4142 0 4143 0 4143 0 4142 0 4144 0 4143 0 4144 0 4097 0 4097 0 4144 0 4145 0 4097 2776 4145 2776 4098 2776 4146 2779 4147 2780 934 508 934 508 4147 2780 932 506 4148 2781 4149 2782 4150 2783 4151 2784 4152 2785 4153 2786 4154 2787 4155 2788 4156 2789 4156 2789 4155 2788 4157 2790 4156 2789 4157 2790 4158 2791 4158 2791 4157 2790 4159 2792 4159 2792 4157 2790 4160 2793 4160 2793 4157 2790 4161 2794 4160 2793 4161 2794 4162 2795 4163 2796 4164 2797 4162 2795 4151 2784 4165 2798 4166 2799 4166 2799 4165 2798 4167 2800 4166 2799 4167 2800 4164 2797 4153 2786 4152 2785 4168 2801 4168 2801 4152 2785 4169 2802 4168 2801 4169 2802 4148 2781 4150 2783 4149 2782 4170 2803 4170 2803 4149 2782 4171 2804 4170 2803 4171 2804 4172 2805 4171 2804 950 524 964 538 964 538 963 537 4173 2806 4173 2806 4174 2807 964 538 964 538 4174 2807 4175 2808 964 538 4175 2808 4171 2804 4171 2804 4175 2808 4176 2809 4171 2804 4176 2809 4172 2805 918 492 932 506 4177 2810 4177 2810 932 506 4178 2811 4179 2812 4180 2813 4147 2780 4180 2813 4181 2814 4147 2780 4147 2780 4181 2814 4182 2815 4147 2780 4182 2815 932 506 932 506 4182 2815 4183 2816 932 506 4183 2816 4178 2811 4184 2817 4185 2818 4186 2819 4186 2819 4185 2818 4187 2820 4186 2819 4187 2820 4188 2821 4154 2787 4188 2821 4155 2788 4155 2788 4188 2821 4187 2820 4155 2788 4187 2820 4157 2790 4157 2790 4187 2820 4189 2822 4157 2790 4189 2822 4161 2794 4161 2794 4189 2822 4190 2823 4184 2817 4179 2812 4185 2818 4185 2818 4179 2812 4147 2780 4185 2818 4147 2780 4187 2820 4187 2820 4147 2780 4146 2779 4187 2820 4146 2779 4189 2822 4189 2822 4146 2779 4191 2824 4189 2822 4191 2824 4190 2823 4190 2823 4191 2824 4192 2825 4148 2781 4169 2802 4149 2782 4149 2782 4169 2802 4193 2826 4149 2782 4193 2826 4171 2804 4171 2804 4193 2826 948 522 4171 2804 948 522 950 524 4194 2827 945 519 947 521 4151 2784 4166 2799 4152 2785 4152 2785 4166 2799 4195 2828 4152 2785 4195 2828 4169 2802 4169 2802 4195 2828 4194 2827 4169 2802 4194 2827 4193 2826 4193 2826 4194 2827 947 521 4193 2826 947 521 948 522 4196 2829 941 515 940 514 4164 2797 4163 2796 4166 2799 4166 2799 4163 2796 4197 2830 4166 2799 4197 2830 4195 2828 4195 2828 4197 2830 4196 2829 4195 2828 4196 2829 4194 2827 4194 2827 4196 2829 940 514 4194 2827 940 514 945 519 4162 2795 4161 2794 4163 2796 4163 2796 4161 2794 4190 2823 4163 2796 4190 2823 4197 2830 4197 2830 4190 2823 4192 2825 4197 2830 4192 2825 4196 2829 4196 2829 4192 2825 943 517 4196 2829 943 517 941 515 934 508 936 510 4146 2779 4146 2779 936 510 939 513 4146 2779 939 513 4191 2824 4191 2824 939 513 938 512 4191 2824 938 512 4192 2825 4192 2825 938 512 944 518 4192 2825 944 518 943 517 959 533 4174 2807 4173 2806 958 532 4198 2831 959 533 1285 726 4199 2832 1295 735 1295 735 4199 2832 4200 2833 4201 2834 4202 2835 4203 2836 4203 2836 4202 2835 4204 2837 4203 2836 4204 2837 4205 2838 4205 2838 4204 2837 1342 765 4205 2838 1342 765 4200 2833 4200 2833 1342 765 1294 734 4200 2833 1294 734 1295 735 4198 2831 958 532 4206 2839 4206 2839 958 532 4201 2834 4206 2839 4201 2834 4207 2840 4174 2807 959 533 4175 2808 963 537 962 536 4173 2806 4173 2806 962 536 961 535 4173 2806 961 535 959 533 4201 2834 4203 2836 4207 2840 4207 2840 4203 2836 4205 2838 4207 2840 4205 2838 4208 2841 4208 2841 4205 2838 4200 2833 4208 2841 4200 2833 4209 2842 4209 2842 4200 2833 4199 2832 4209 2842 4199 2832 4210 2843 959 533 4198 2831 4175 2808 4175 2808 4198 2831 4206 2839 4175 2808 4206 2839 4176 2809 4176 2809 4206 2839 4207 2840 4176 2809 4207 2840 4172 2805 4172 2805 4207 2840 4208 2841 4172 2805 4208 2841 4170 2803 4170 2803 4208 2841 4209 2842 4170 2803 4209 2842 4150 2783 4150 2783 4209 2842 4210 2843 4150 2783 4210 2843 4148 2781 4211 2844 4167 2800 4165 2798 4212 2845 4211 2844 4213 2846 1296 736 4212 2845 4214 2847 1296 736 4214 2847 1297 737 1297 737 4214 2847 4215 2848 1297 737 4215 2848 1299 739 1299 739 4215 2848 4216 2849 1299 739 4216 2849 1300 740 1300 740 4216 2849 4217 2850 1300 740 4217 2850 1301 741 4211 2844 4165 2798 4213 2846 4213 2846 4165 2798 4151 2784 4213 2846 4151 2784 4218 2851 4218 2851 4151 2784 4153 2786 4218 2851 4153 2786 4219 2852 4219 2852 4153 2786 4168 2801 4219 2852 4168 2801 4220 2853 4220 2853 4168 2801 4148 2781 4220 2853 4148 2781 4210 2843 4212 2845 4213 2846 4214 2847 4214 2847 4213 2846 4218 2851 4214 2847 4218 2851 4215 2848 4215 2848 4218 2851 4219 2852 4215 2848 4219 2852 4216 2849 4216 2849 4219 2852 4220 2853 4216 2849 4220 2853 4217 2850 4217 2850 4220 2853 4210 2843 4217 2850 4210 2843 1301 741 1301 741 4210 2843 4199 2832 1301 741 4199 2832 1285 726 1271 716 1256 707 4221 2854 4221 2854 1256 707 4222 2855 4223 2856 1182 681 1181 680 4224 2857 4225 2858 4226 2859 4226 2859 4225 2858 4223 2856 4226 2859 4223 2856 4227 2860 4227 2860 4223 2856 1181 680 4224 2857 4228 2861 4225 2858 4225 2858 4228 2861 4229 2862 4225 2858 4229 2862 4222 2855 4222 2855 4229 2862 4230 2863 4222 2855 4230 2863 4221 2854 1296 736 1182 681 4212 2845 4212 2845 1182 681 4223 2856 4212 2845 4223 2856 4211 2844 4211 2844 4223 2856 4231 2864 4231 2864 4223 2856 4225 2858 4231 2864 4225 2858 4232 2865 4232 2865 4225 2858 4222 2855 4232 2865 4222 2855 4233 2866 4159 2792 4160 2793 4234 2867 4234 2867 4160 2793 4235 2868 4234 2867 4235 2868 4232 2865 4232 2865 4235 2868 4164 2797 4232 2865 4164 2797 4231 2864 4231 2864 4164 2797 4167 2800 4231 2864 4167 2800 4211 2844 4158 2791 4159 2792 4236 2869 4236 2869 4159 2792 4234 2867 4236 2869 4234 2867 4237 2870 4237 2870 4234 2867 4222 2855 4237 2870 4222 2855 1260 710 1260 710 4222 2855 1256 707 4237 2870 1260 710 1258 709 4236 2869 4237 2870 4238 2871 4158 2791 4236 2869 4239 2872 4237 2870 1258 709 4238 2871 4238 2871 1258 709 1257 708 4238 2871 1257 708 4240 2873 4240 2873 1257 708 1246 702 4240 2873 1246 702 4241 2874 4241 2874 1246 702 1349 775 4241 2874 1349 775 4242 2875 4242 2875 1349 775 1350 777 4242 2875 1350 777 4243 2876 4236 2869 4238 2871 4239 2872 4239 2872 4238 2871 4240 2873 4239 2872 4240 2873 4244 2877 4244 2877 4240 2873 4241 2874 4244 2877 4241 2874 4245 2878 4245 2878 4241 2874 4242 2875 4245 2878 4242 2875 4246 2879 4246 2879 4242 2875 4243 2876 4246 2879 4243 2876 4247 2880 4158 2791 4239 2872 4156 2789 4156 2789 4239 2872 4244 2877 4156 2789 4244 2877 4154 2787 4154 2787 4244 2877 4245 2878 4154 2787 4245 2878 4188 2821 4188 2821 4245 2878 4246 2879 4188 2821 4246 2879 4186 2819 4186 2819 4246 2879 4247 2880 4186 2819 4247 2880 4184 2817 4248 2881 4249 2882 4250 2883 4249 2882 4248 2881 924 498 922 496 921 495 4251 2884 919 493 918 492 4177 2810 4243 2876 1350 777 1176 677 919 493 4177 2810 920 494 920 494 4177 2810 915 489 915 489 4177 2810 4178 2811 915 489 4178 2811 916 490 4243 2876 1176 677 4252 2885 4252 2885 1176 677 1175 676 4252 2885 1175 676 4250 2883 4250 2883 1175 676 4253 2886 4250 2883 4253 2886 4248 2881 916 490 4178 2811 921 495 921 495 4178 2811 4183 2816 921 495 4183 2816 4251 2884 4251 2884 4183 2816 4182 2815 4251 2884 4182 2815 4254 2887 4254 2887 4182 2815 4181 2814 4254 2887 4181 2814 4255 2888 4255 2888 4181 2814 4180 2813 4255 2888 4180 2813 4256 2889 4256 2889 4180 2813 4179 2812 4256 2889 4179 2812 4257 2890 4257 2890 4179 2812 4184 2817 4257 2890 4184 2817 4247 2880 922 496 4251 2884 923 497 923 497 4251 2884 4254 2887 923 497 4254 2887 924 498 924 498 4254 2887 4255 2888 924 498 4255 2888 4249 2882 4249 2882 4255 2888 4256 2889 4249 2882 4256 2889 4250 2883 4250 2883 4256 2889 4258 2891 4250 2883 4258 2891 4252 2885 4252 2885 4258 2891 4247 2880 4252 2885 4247 2880 4243 2876 4259 2892 4260 2892 4261 2892 4262 2893 4263 2893 4259 2893 4264 2894 4263 2895 4265 2896 4264 2894 4265 2896 4266 2897 4267 2898 4268 2898 4260 2898 4260 2899 4268 2899 4269 2899 4260 2900 4269 2900 4270 2900 4270 2901 4269 2901 4271 2901 4270 2902 4271 2902 4272 2902 4273 2903 4274 2903 4261 2903 4261 2904 4274 2904 4275 2904 4261 2905 4275 2905 4259 2905 4259 2906 4275 2906 4276 2906 4259 2907 4276 2907 4262 2907 4277 2908 4278 2909 4279 2910 4280 2911 4281 2912 4282 2913 4282 2913 4281 2912 4283 2914 4282 2913 4283 2914 4284 2915 4284 2915 4283 2914 4285 2916 4285 2916 4286 2917 4284 2915 4284 2915 4286 2917 4287 2918 4284 2915 4287 2918 4288 2919 4288 2919 4287 2918 4289 2920 4288 2919 4289 2920 4290 2921 4290 2921 4289 2920 4291 2922 4290 2921 4291 2922 4292 2923 4292 2923 4291 2922 4293 2924 4292 2923 4293 2924 4294 2925 4294 2925 4293 2924 4295 2926 4294 2925 4295 2926 4296 2927 4297 2928 4295 2929 4298 2930 4297 2928 4298 2930 4279 2910 4279 2910 4298 2930 4299 2931 4279 2910 4299 2931 4277 2908 4266 2897 4300 2932 4264 2894 4264 2894 4300 2932 4301 2933 4264 2894 4301 2933 4302 2934 4302 2934 4301 2933 4303 2935 4302 2934 4303 2935 4304 2936 4304 2936 4303 2935 4305 2937 4304 2936 4305 2937 4306 2938 4306 2938 4305 2937 4307 2939 4306 2938 4307 2939 4308 2940 4308 2940 4307 2939 4309 2941 4308 2940 4309 2941 4310 2942 4310 2942 4309 2941 4311 2943 4310 2942 4311 2943 4312 2944 4312 2944 4311 2943 4313 2945 4312 2944 4313 2945 4280 2946 4314 2947 4315 2947 4279 2948 4316 2949 4317 2949 4314 2949 4314 2950 4317 2950 4318 2950 4314 2951 4318 2951 4315 2951 4315 2952 4318 2952 4319 2952 4315 2953 4319 2953 4320 2953 4278 2909 4321 2954 4279 2910 4279 2910 4321 2954 4322 2955 4279 2910 4322 2955 4323 2956 4323 2956 4324 2957 4279 2910 4279 2910 4324 2957 4325 2958 4279 2910 4325 2958 4326 2959 4326 2960 4325 2960 4327 2960 4326 2961 4327 2961 4328 2961 4329 2962 4330 2963 4331 2964 4332 2965 4333 2966 4334 2967 4334 2967 4333 2966 1084 598 4334 2967 1084 598 4335 2968 4336 2969 4332 2965 4337 2970 930 504 4329 2962 928 502 928 502 4329 2962 4331 2964 928 502 4331 2964 926 500 926 500 4331 2964 986 560 4330 2963 4336 2969 4331 2964 4331 2964 4336 2969 4337 2970 4331 2964 4337 2970 986 560 986 560 4337 2970 4338 2971 986 560 4338 2971 987 561 987 561 4338 2971 4339 2972 990 564 989 563 4339 2972 4339 2972 989 563 988 562 4339 2972 988 562 987 561 4339 2972 4340 2973 990 564 990 564 4340 2973 4341 2974 990 564 4341 2974 980 554 980 554 4341 2974 4342 2975 980 554 4342 2975 981 555 1084 598 1083 597 4335 2968 4335 2968 1083 597 1081 595 4335 2968 1081 595 4343 2976 4343 2976 1081 595 1080 594 4343 2976 1080 594 4344 2977 4344 2977 1080 594 1091 605 4344 2977 1091 605 4345 2978 4345 2978 1091 605 1090 604 4345 2978 1090 604 4346 2979 4346 2979 1090 604 1089 603 4346 2979 1089 603 4347 2980 4347 2980 1089 603 1088 602 4347 2980 1088 602 4348 2981 4348 2981 1088 602 1086 600 4348 2981 1086 600 4349 2982 4349 2982 1086 600 1085 599 4349 2982 1085 599 4350 2983 4332 2965 4334 2967 4337 2970 4337 2970 4334 2967 4335 2968 4337 2970 4335 2968 4338 2971 4338 2971 4335 2968 4343 2976 4338 2971 4343 2976 4339 2972 4339 2972 4343 2976 4344 2977 4339 2972 4344 2977 4340 2973 4340 2973 4344 2977 4345 2978 4340 2973 4345 2978 4341 2974 4341 2974 4345 2978 4346 2979 4341 2974 4346 2979 4342 2975 4342 2975 4346 2979 4347 2980 4342 2975 4347 2980 4351 2984 4351 2984 4347 2980 4348 2981 4351 2984 4348 2981 4352 2985 4352 2985 4348 2981 4349 2982 4352 2985 4349 2982 4353 2986 4353 2986 4349 2982 4350 2983 4353 2986 4350 2983 4354 2987 981 555 4342 2975 983 557 983 557 4342 2975 4351 2984 983 557 4351 2984 984 558 984 558 4351 2984 4352 2985 984 558 4352 2985 979 553 979 553 4352 2985 4353 2986 979 553 4353 2986 978 552 978 552 4353 2986 4354 2987 978 552 4354 2987 910 484 1085 599 1154 668 4350 2983 4350 2983 1154 668 4355 2988 4350 2983 4355 2988 4354 2987 4354 2987 4355 2988 909 483 4354 2987 909 483 910 484 4356 2989 951 525 953 527 4356 2989 953 527 4357 2990 4357 2990 4358 2991 4359 2992 4359 2992 4358 2991 4360 2993 4359 2992 4360 2993 4361 2994 4361 2994 4362 2995 4363 2996 4363 2996 4362 2995 4364 2997 4363 2996 4364 2997 1076 590 4357 2990 953 527 4358 2991 4358 2991 953 527 955 529 4358 2991 955 529 4360 2993 955 529 965 539 4360 2993 4360 2993 965 539 967 541 4360 2993 967 541 4365 2998 4365 2998 967 541 968 542 4365 2998 968 542 4366 2999 4366 2999 968 542 973 547 4366 2999 973 547 4367 3000 973 547 972 546 4367 3000 4367 3000 972 546 970 544 4367 3000 970 544 4368 3001 4368 3001 970 544 969 543 977 551 4369 3002 969 543 969 543 4369 3002 4370 3003 969 543 4370 3003 4368 3001 977 551 976 550 4369 3002 4369 3002 976 550 975 549 4369 3002 975 549 4371 3004 4371 3004 975 549 974 548 4371 3004 974 548 4372 3005 4372 3005 974 548 912 486 4372 3005 912 486 4373 3006 4361 2994 4360 2993 4362 2995 4362 2995 4360 2993 4365 2998 4362 2995 4365 2998 4364 2997 4364 2997 4365 2998 4366 2999 4364 2997 4366 2999 4374 3007 4374 3007 4366 2999 4367 3000 4374 3007 4367 3000 4375 3008 4375 3008 4367 3000 4368 3001 4375 3008 4368 3001 4376 3009 4376 3009 4368 3001 4370 3003 4376 3009 4370 3003 4377 3010 4377 3010 4370 3003 4369 3002 4377 3010 4369 3002 4378 3011 4378 3011 4369 3002 4371 3004 4378 3011 4371 3004 4379 3012 4379 3012 4371 3004 4372 3005 4379 3012 4372 3005 4380 3013 4380 3013 4372 3005 4373 3006 4380 3013 4373 3006 4381 3014 1076 590 4364 2997 1077 591 1077 591 4364 2997 4374 3007 1077 591 4374 3007 1078 592 1078 592 4374 3007 4375 3008 1078 592 4375 3008 1079 593 1079 593 4375 3008 4376 3009 1079 593 4376 3009 1072 586 1072 586 4376 3009 4377 3010 1072 586 4377 3010 1070 584 1070 584 4377 3010 4378 3011 1070 584 4378 3011 1068 582 1068 582 4378 3011 4379 3012 1068 582 4379 3012 1073 587 1073 587 4379 3012 4380 3013 1073 587 4380 3013 1075 589 1075 589 4380 3013 4381 3014 1075 589 4381 3014 1065 579 912 486 911 485 4373 3006 4373 3006 911 485 4382 3015 4373 3006 4382 3015 4381 3014 4381 3014 4382 3015 1066 580 4381 3014 1066 580 1065 579 4383 3016 4384 3017 4385 3018 4385 3018 4384 3017 4386 3019 4385 3018 4386 3019 4387 3020 4387 3020 4386 3019 4388 3021 4387 3020 4388 3021 4389 3022 4389 3022 4388 3021 4390 3023 4389 3022 4390 3023 4391 3024 4391 3024 4390 3023 4392 3025 4391 3024 4392 3025 4393 3026 4393 3026 4392 3025 4394 3027 4393 3026 4394 3027 4395 3028 4395 3028 4394 3027 4396 3029 4395 3028 4396 3029 4397 3030 4397 3030 4396 3029 4398 3031 4397 3030 4398 3031 4399 3032 4399 3032 4398 3031 4400 3033 4399 3032 4400 3033 4401 3034 4401 3034 4400 3033 4402 3035 4401 3034 4402 3035 4403 3036 4403 3036 4402 3035 4404 3037 4403 3036 4404 3037 4405 3038 4405 3038 4404 3037 4406 3039 4405 3038 4406 3039 4407 3040 4407 3040 4406 3039 4408 3041 4407 3040 4408 3041 4409 3042 4409 3042 4408 3041 4410 3043 4409 3042 4410 3043 4411 3044 4411 3044 4410 3043 4412 3045 4411 3044 4412 3045 4413 3046 4413 3046 4412 3045 4414 3047 4413 3046 4414 3047 4415 3048 4415 3048 4414 3047 4416 3049 4415 3048 4416 3049 4417 3050 4417 3050 4416 3049 4418 3051 4417 3050 4418 3051 4419 3052 4419 3052 4418 3051 4420 3053 4419 3052 4420 3053 4421 3054 4421 3054 4420 3053 4422 3055 4421 3054 4422 3055 4423 3056 4423 3056 4422 3055 4424 3057 4423 3056 4424 3057 4425 3058 4425 3058 4424 3057 4426 3059 4425 3058 4426 3059 4427 3060 4427 3060 4426 3059 4428 3061 4427 3060 4428 3061 4429 3062 4429 3062 4428 3061 4430 3063 4429 3062 4430 3063 4383 3016 4383 3016 4430 3063 4384 3017 4431 3064 4432 3064 4433 3064 4433 72 4432 72 4434 72 4433 72 4434 72 4435 72 4435 72 4434 72 4436 72 4435 3065 4436 3065 4437 3065 4437 3066 4436 3066 4438 3066 4437 3067 4438 3067 4439 3067 4439 72 4438 72 4440 72 4439 3068 4440 3068 4441 3068 4441 72 4440 72 4442 72 4441 3069 4442 3069 4443 3069 4443 72 4442 72 4444 72 4443 3070 4444 3070 4445 3070 4445 3071 4444 3071 4446 3071 4445 72 4446 72 4447 72 4447 72 4446 72 4448 72 4447 72 4448 72 4449 72 4449 72 4448 72 4450 72 4449 72 4450 72 4451 72 4451 72 4450 72 4452 72 4451 72 4452 72 4453 72 4453 72 4452 72 4454 72 4453 72 4454 72 4455 72 4455 3072 4454 3072 4456 3072 4455 72 4456 72 4457 72 4457 72 4456 72 4458 72 4457 72 4458 72 4459 72 4459 72 4458 72 4460 72 4459 3073 4460 3073 4461 3073 4461 72 4460 72 4462 72 4461 72 4462 72 4463 72 4463 72 4462 72 4464 72 4463 72 4464 72 4465 72 4465 72 4464 72 4466 72 4465 72 4466 72 4467 72 4467 72 4466 72 4468 72 4467 3074 4468 3074 4469 3074 4469 3075 4468 3075 4470 3075 4469 72 4470 72 4471 72 4471 3076 4470 3076 4472 3076 4471 72 4472 72 4473 72 4473 72 4472 72 4474 72 4473 72 4474 72 4475 72 4475 3077 4474 3077 4476 3077 4475 72 4476 72 4477 72 4477 72 4476 72 4431 72 4477 3078 4431 3078 4433 3078 4478 3079 4479 3080 4480 3081 4481 3082 4479 3083 4482 3084 4481 3082 4482 3084 784 357 784 357 4482 3084 782 355 4483 3085 4484 3086 4485 3087 4485 3087 4484 3086 4486 3088 779 352 781 354 4487 3089 4488 3090 781 354 4489 3091 4488 3090 4489 3091 4483 3085 4483 3085 4489 3091 4484 3086 4490 3092 4491 3093 4492 3094 4492 3094 4491 3093 4493 3095 4492 3094 4493 3095 4494 3096 4494 3096 4493 3095 4495 3097 4494 3096 4495 3097 4496 3098 4496 3098 4495 3097 4497 3099 4496 3098 4497 3099 4498 3100 4498 3100 4497 3099 4499 3101 4498 3100 4499 3101 4478 3079 4478 3079 4499 3101 4479 3080 4500 3102 4501 3103 4502 3104 4500 3105 4502 3106 4503 3106 4504 3107 4505 3108 4491 3093 4504 3107 4491 3093 4490 3092 4506 3109 4507 3110 4508 3111 4508 3112 4507 3113 4509 3112 4510 3114 4511 3114 4512 3114 4512 3115 4511 3115 4513 3115 4514 481 4515 481 4516 481 4516 481 4515 481 4517 481 4518 3116 4519 3116 4520 3116 4520 3117 4519 3117 4521 3117 4522 3118 4523 3118 4500 3119 4500 3120 4523 3121 4501 3122 4524 3123 4525 3124 4526 3125 4524 3123 4526 3125 4527 3126 4528 3127 4529 3127 4507 3128 4528 3129 4507 3130 4506 3131 4530 3132 4531 3133 4532 3134 4532 3134 4531 3133 4533 3135 4532 3134 4533 3135 4534 3136 4534 3136 4533 3135 4535 3137 4534 3136 4535 3137 4524 3123 4524 3123 4535 3137 4525 3124 4536 3138 4537 3139 4538 3140 4536 3141 4538 3142 4539 3142 4540 3143 4541 3143 4531 3133 4540 3143 4531 3133 4530 3132 4542 3144 4543 3145 4544 3146 4544 3147 4543 3148 4545 3147 4546 3149 4547 3149 4548 3149 4548 3150 4547 3150 4549 3150 4550 3151 4551 3151 4552 3151 4552 3152 4551 3152 4553 3152 4554 3153 4555 3153 4556 3153 4556 3154 4555 3154 4557 3154 4558 3155 4559 3155 4536 3156 4536 3157 4559 3158 4537 3159 4560 3160 4561 3161 4562 3162 4560 3160 4562 3162 4563 3163 4564 3164 4565 3164 4543 3165 4564 3166 4543 3167 4542 3168 4566 3169 4567 3170 4560 3160 4560 3160 4567 3170 4561 3161 4568 3171 4569 3172 4570 3173 4568 3174 4570 3175 4571 3175 4572 3176 4573 3177 4567 3170 4572 3176 4567 3170 4566 3169 4574 3178 4575 3179 4576 3180 4576 3181 4575 3182 4577 3181 4578 3183 4579 3183 4580 3183 4580 3184 4579 3184 4581 3184 4582 35 4583 35 4584 35 4584 35 4583 35 4585 35 4586 3185 4587 3185 4588 3185 4588 3186 4587 3186 4589 3186 4590 3187 4591 3187 4568 3188 4568 3189 4591 3190 4569 3191 4592 3192 4593 3193 4594 3194 4592 3192 4594 3194 4595 3195 4596 3196 4597 3196 4575 3197 4596 3198 4575 3199 4574 3200 4598 3201 4599 3202 4600 3203 4600 3203 4599 3202 4601 3204 4600 3203 4601 3204 4602 3205 4602 3205 4601 3204 4603 3206 4602 3205 4603 3206 4604 3207 4604 3207 4603 3206 4605 3208 4604 3207 4605 3208 4606 3209 4606 3209 4605 3208 4607 3210 4606 3209 4607 3210 4608 3211 4608 3211 4607 3210 4609 3212 4608 3211 4609 3212 4592 3192 4592 3192 4609 3212 4593 3193 4610 3213 4611 3214 4612 3215 4610 3216 4612 3217 4613 3217 4614 3218 4615 3219 4599 3202 4614 3218 4599 3202 4598 3201 4616 3220 4617 3221 4618 3222 4618 3223 4617 3224 4619 3223 4620 3225 4621 3225 4622 3225 4622 3226 4621 3226 4623 3226 4624 487 4625 487 4626 487 4626 487 4625 487 4627 487 4628 3227 4629 3227 4630 3227 4630 3228 4629 3228 4631 3228 4632 3229 4633 3229 4610 3230 4610 3231 4633 3232 4611 3233 4634 3234 4635 3235 4636 3236 4634 3234 4636 3236 4637 3237 4638 3238 4639 3238 4617 3239 4638 3240 4617 3241 4616 3242 4640 3243 4641 3244 4642 3245 4642 3245 4641 3244 4643 3246 4642 3245 4643 3246 4644 3247 4644 3247 4643 3246 4645 3248 4644 3247 4645 3248 4634 3234 4634 3234 4645 3248 4635 3235 4646 3249 4647 3250 4648 3251 4646 3252 4648 3253 4649 3253 4650 3254 4651 3254 4641 3244 4650 3254 4641 3244 4640 3243 4652 3255 4653 3256 4654 3257 4654 3258 4653 3259 4655 3258 4656 3260 4657 3260 4658 3260 4658 3261 4657 3261 4659 3261 4660 3262 4661 3262 4662 3262 4662 3263 4661 3263 4663 3263 4664 3264 4665 3264 4666 3264 4666 3265 4665 3265 4667 3265 4668 3266 4669 3266 4646 3267 4646 3268 4669 3269 4647 3270 4485 3087 4486 3088 4670 3271 4485 3087 4670 3271 4671 3272 4672 3273 4673 3273 4653 3274 4672 3275 4653 3276 4652 3277 797 372 796 371 4674 3278 4489 3091 781 354 780 353 4489 3091 780 353 4674 3278 4674 3278 780 353 4675 3279 4674 3278 4675 3279 797 372 782 355 4482 3084 783 356 4676 3280 4482 3281 4677 3282 4676 3280 4677 3282 4678 3283 4678 3283 4677 3282 792 366 4678 3283 792 366 789 365 4481 3082 784 357 4679 3284 4481 3082 4679 3284 4680 3285 4679 3284 4681 3286 4680 3285 4682 3287 4683 3287 4684 3287 4682 3288 4684 3288 4685 3288 4686 3289 4687 3290 2392 1340 4686 3289 2392 1340 2390 1338 779 352 4487 3089 4688 3291 4688 3291 4487 3089 4689 3292 4688 3291 4689 3292 4690 3293 4691 3294 4692 3294 4693 3294 4691 3295 4693 3295 4694 3295 4695 3296 4696 3297 2394 1342 4695 3296 2394 1342 2396 1344 4697 3298 4698 3298 4699 3298 4700 3299 4701 3300 4702 3301 4702 3301 4701 3300 4703 3302 4704 3303 4705 3303 4706 3303 4707 3304 4708 3305 4709 3306 4709 3306 4708 3305 4710 3307 4711 3308 4712 3308 4713 3308 4714 3309 4715 3310 4716 3311 4716 3311 4715 3310 4717 3312 4718 3313 4719 3313 4720 3313 4721 3314 4722 3315 4723 3316 4723 3316 4722 3315 4724 3317 4725 3318 4726 3318 4727 3318 4728 3319 4729 3320 4730 3321 4730 3321 4729 3320 4731 3322 4732 3323 4733 3323 4734 3323 4735 3324 4736 3325 4737 3325 4737 3325 4736 3325 4738 3326 4739 3327 4740 3327 4741 3327 4742 3328 4743 3329 4744 3330 4744 3330 4743 3329 4745 3331 4746 3332 4747 3332 4748 3332 4749 3333 4750 3334 4751 3335 4751 3335 4750 3334 4752 3336 4753 3337 4754 3337 4755 3337 4756 3338 4757 3339 4758 3340 4758 3340 4757 3339 4759 3341 4760 3342 4761 3342 4762 3342 4763 3343 4764 3344 4765 3345 4765 3345 4764 3344 4766 3346 4767 3347 4768 3347 4769 3347 4770 3348 4771 3349 4772 3350 4772 3350 4771 3349 4773 3351 4774 3352 4775 3352 4776 3352 4777 3353 4778 3354 4779 3355 4779 3355 4778 3354 4780 3356 4781 3357 4782 3357 4783 3357 4784 3358 4785 3359 4786 3360 4786 3360 4785 3359 4787 3361 4788 3362 4789 3362 4790 3362 4791 3363 4792 3364 4793 3365 4793 3365 4792 3364 4794 3366 4795 3367 4796 3367 4797 3367 4798 3368 4799 3369 4800 3370 4800 3370 4799 3369 4801 3371 4802 3372 4803 3372 4804 3372 4805 3373 4806 3374 4807 3375 4807 3375 4806 3374 4808 3376 4809 3377 4810 3377 4811 3377 4812 3378 4813 3379 4814 3380 4814 3380 4813 3379 4815 3381 4816 3382 4817 3382 4818 3382 4819 3383 4820 3384 4821 3385 4821 3385 4820 3384 4822 3386 4823 3387 4824 3387 4825 3387 4826 3388 4827 3389 4828 3390 4828 3390 4827 3389 4829 3391 4830 3392 4831 3392 4832 3392 4833 3393 4834 3394 4835 3395 4835 3395 4834 3394 4836 3396 4837 3397 4838 3397 4839 3397 4840 3398 4841 3399 4842 3400 4842 3400 4841 3399 4843 3401 4844 3402 4845 3402 4846 3402 4847 3403 4848 3404 4849 3405 4849 3405 4848 3404 4850 3406 4851 3407 4852 3407 4853 3407 4854 3408 4855 3409 4856 3410 4854 3408 4856 3410 4857 3411 4858 3412 4859 3413 4860 3414 4860 3414 4859 3413 4861 3415 4860 3416 4862 3417 4863 3418 4863 3418 4862 3417 4864 3419 4863 3420 4865 3421 4866 3422 4866 3422 4865 3421 4867 3423 4866 3422 4867 3423 4868 3424 4868 3424 4867 3423 4869 3425 4868 3424 4869 3425 4870 3426 4870 3426 4869 3425 4871 3427 4870 3426 4871 3427 4872 3428 4872 3428 4871 3427 4873 3429 4872 3428 4873 3429 4874 3430 4874 3430 4873 3429 4875 3431 4874 3432 4876 3433 4877 3434 4877 3434 4876 3433 4878 3435 4877 3436 4879 3437 4880 3438 4880 3438 4879 3437 4881 3439 4880 3438 4881 3439 4882 3440 4882 3440 4881 3439 4883 3441 4882 3440 4883 3441 4884 3442 4884 3442 4883 3441 4885 3443 4884 3442 4885 3443 4886 3444 4886 3444 4885 3443 4887 3445 4886 3444 4887 3445 4888 3446 4888 3446 4887 3445 4889 3447 4888 3448 4890 3449 4891 3450 4891 3450 4890 3449 4892 3451 4891 3452 4893 3453 4894 3454 4894 3454 4893 3453 4895 3455 4894 3454 4895 3455 4896 3456 4896 3456 4895 3455 4897 3457 4896 3456 4897 3457 4898 3458 4898 3458 4897 3457 4899 3459 4898 3458 4899 3459 4900 3460 4900 3460 4899 3459 4901 3461 4900 3460 4901 3461 4902 3462 4902 3462 4901 3461 4903 3463 4902 3464 4904 3465 4905 3466 4905 3466 4904 3465 4906 3467 4905 3468 4907 3469 4908 3470 4908 3470 4907 3469 4909 3471 4908 3472 4910 3473 4911 3474 4911 3474 4910 3473 4912 3475 4911 3474 4912 3475 4913 3476 4913 3477 4914 3478 4915 3478 4913 3479 4916 3480 4858 3481 4858 3481 4916 3480 4917 3482 4918 3483 4919 3484 4920 3485 4918 3483 4920 3485 4921 3486 4922 3487 4923 3488 4924 3489 4922 3487 4924 3489 4925 3490 4926 3491 4927 3492 3389 2211 4926 3491 3389 2211 3388 2210 4928 3493 4929 3494 4930 3495 4931 3496 4932 3497 4933 3498 4932 3497 4931 3496 4934 3499 4935 3500 4936 3501 4937 3502 3453 2256 4938 3503 4939 3504 3453 2256 4939 3504 3454 2257 3454 2257 4939 3504 4940 3505 3454 2257 4940 3505 3456 2259 3456 2259 4940 3505 4941 3506 3456 2259 4941 3506 3457 2260 3457 2260 4941 3506 4942 3507 3457 2260 4942 3507 3448 2251 4943 3508 4944 3509 4945 3510 4943 3508 4946 3511 4947 3512 4948 3513 4949 3514 4950 3515 4950 3515 4951 3516 4952 3517 4953 3518 4954 3518 4955 3518 4956 3519 4957 3520 4958 3521 4959 3522 4960 3523 4961 3524 3453 2256 3389 2211 4938 3503 4938 3503 3389 2211 4927 3492 4962 3525 4924 3489 4923 3488 3449 2252 3448 2251 4963 3526 4963 3526 3448 2251 4942 3507 4937 3502 4943 3527 4935 3500 4949 3514 4943 3508 4947 3512 4949 3514 4947 3512 4950 3515 4950 3515 4947 3512 4946 3511 4950 3515 4946 3511 4951 3516 4951 3516 4946 3511 4943 3508 4951 3516 4943 3508 4952 3517 4952 3517 4943 3508 4945 3510 4952 3517 4945 3510 4950 3515 4950 3515 4945 3510 4944 3509 4950 3515 4944 3509 4957 3520 4957 3520 4944 3509 4943 3508 4957 3520 4943 3508 4958 3521 4958 3521 4943 3508 4964 3528 4958 3521 4964 3528 4934 3499 4934 3499 4964 3528 4965 3529 4934 3499 4965 3529 4932 3497 4932 3497 4965 3529 4966 3530 4932 3497 4966 3530 4967 3531 4967 3531 4966 3530 4962 3525 4967 3531 4962 3525 4968 3532 4968 3532 4962 3525 4923 3488 4968 3533 4920 3485 4919 3484 4969 3534 4970 3535 4971 3536 4971 3536 4970 3535 4972 3537 4971 3536 4972 3537 4973 3538 4973 3538 4972 3537 4974 3539 4973 3538 4974 3539 4975 3540 4976 3541 4977 3541 4978 3541 4979 3542 4980 3542 4981 3542 4982 3543 4983 3543 4984 3543 4985 3544 4986 3544 4987 3544 4988 3545 4989 3545 4990 3545 4991 3546 4992 3547 4993 3548 4993 3548 4992 3547 4994 3549 4948 3513 4950 3515 4995 3550 4937 3502 4936 3501 4996 3551 4997 3552 4948 3513 4995 3550 4997 3552 4995 3550 4998 3553 4999 3554 5000 3554 5001 3554 5002 3555 5003 3555 5004 3555 5005 3556 5006 3557 5007 3558 5008 3559 5009 3559 5010 3559 5011 3560 5012 3561 5013 3562 5014 3563 5015 3564 4969 3534 4969 3534 5015 3564 5016 3565 4969 3534 5016 3565 4970 3535 3449 2252 4963 3526 5017 3566 3449 2252 5017 3566 3450 2253 3450 2253 5017 3566 5018 3567 3450 2253 5018 3567 3451 2254 3451 2254 5018 3567 5019 3568 3451 2254 5019 3568 3452 2255 3452 2255 5019 3568 3444 2247 5020 3569 5021 3569 5022 3569 3444 2247 5023 3570 3445 2248 3445 2248 5023 3570 5024 3571 3445 2248 5024 3571 3446 2249 3446 2249 5024 3571 5025 3572 3446 2249 5025 3572 3440 2243 3440 2243 5025 3572 5026 3573 3440 2243 5026 3573 3441 2244 4937 3502 4996 3551 5027 3574 5027 3574 4996 3551 5028 3575 5027 3574 5028 3575 5029 3576 5029 3576 5028 3575 5030 3577 5029 3576 5030 3577 5031 3578 5031 3578 5030 3577 5032 3579 5031 3578 5032 3579 5033 3580 5033 3580 5032 3579 5034 3581 5033 3580 5034 3581 5035 3582 5035 3582 5034 3581 5036 3583 5035 3582 5036 3583 5037 3584 5037 3584 5036 3583 5038 3585 5037 3584 5038 3585 5039 3586 5039 3586 5038 3585 5040 3587 5039 3586 5040 3587 5041 3588 5041 3588 5040 3587 5042 3589 5041 3588 5042 3589 5043 3590 5043 3590 5042 3589 5044 3591 5043 3590 5044 3591 5045 3592 5045 3592 5044 3591 5046 3593 5045 3592 5046 3593 5047 3594 3441 2244 5026 3573 3442 2245 3442 2245 5026 3573 5048 3595 3442 2245 5048 3595 3438 2241 3438 2241 5048 3595 5049 3596 3438 2241 5049 3596 3439 2242 3439 2242 5049 3596 5050 3597 3439 2242 5050 3597 3435 2238 3435 2238 5050 3597 5051 3598 3435 2238 5051 3598 3436 2239 5052 3599 5053 3600 5054 3601 5055 3602 3433 2236 3436 2239 3429 2232 3431 2234 5056 3603 5056 3603 3431 2234 5057 3604 5058 3605 5059 3606 5060 3607 5060 3607 5059 3606 5061 3608 5054 3601 5062 3609 5052 3599 5052 3599 5062 3609 5063 3610 3436 2239 5051 3598 5055 3602 5064 3611 5047 3594 5046 3593 5064 3611 5046 3593 5065 3612 3431 2234 3433 2236 5057 3604 5057 3604 3433 2236 5055 3602 5059 3606 5064 3613 5061 3608 5062 3614 5064 3611 5065 3612 5062 3614 5065 3612 5066 3615 5066 3615 5065 3612 4993 3548 5066 3615 4993 3548 4994 3549 3429 2232 5067 3616 5068 3617 3429 2232 5068 3617 3422 2225 3422 2225 5068 3617 5069 3618 3422 2225 5069 3618 3423 2226 5070 3619 5071 3620 5072 3621 5073 3622 5074 3623 5075 3624 5075 3624 5076 3625 5073 3622 5073 3622 5076 3625 5077 3626 5073 3622 5077 3626 5078 3627 5078 3627 5077 3626 5079 3628 5078 3627 5079 3628 5080 3629 3428 2231 3423 2226 5081 3630 5081 3630 3423 2226 5069 3618 5072 3621 5082 3631 5070 3619 5076 3625 5082 3632 5083 3633 5076 3625 5083 3633 5077 3626 5084 3634 5083 3635 5085 3634 5084 3636 5085 3636 5086 3636 5087 3637 5088 3638 5089 3639 5090 3640 5091 3641 5092 3642 5092 3642 5091 3641 5093 3643 5092 3642 5093 3643 5094 3644 5094 3644 5093 3643 5095 3645 5094 3644 5095 3645 5096 3646 5097 3647 5098 3647 5099 3647 5100 3648 5101 3648 5102 3648 5075 3624 5074 3623 5103 3649 5072 3621 5071 3620 5104 3650 5105 3651 5075 3624 5103 3649 5105 3651 5103 3649 5106 3652 5107 3653 5108 3654 5109 3655 5110 3656 5111 3656 5112 3656 5113 3657 5114 3657 5115 3657 5116 3658 5117 3658 5118 3658 5119 3659 5120 3660 5121 3661 5122 3662 5123 3663 5090 3640 5090 3640 5123 3663 5124 3664 5090 3640 5124 3664 5091 3641 5072 3621 5104 3650 5125 3665 5125 3665 5104 3650 5126 3666 5125 3665 5126 3666 5127 3667 5127 3667 5126 3666 5128 3668 5127 3667 5128 3668 5129 3669 5129 3669 5128 3668 5130 3670 5129 3669 5130 3670 5131 3671 5131 3671 5130 3670 5132 3672 5131 3671 5132 3672 5133 3673 5133 3673 5132 3672 5134 3674 5133 3673 5134 3674 5135 3675 5135 3675 5134 3674 5136 3676 5135 3675 5136 3676 5137 3677 5137 3677 5136 3676 5138 3678 5137 3677 5138 3678 5139 3679 5139 3679 5138 3678 5140 3680 5139 3679 5140 3680 5141 3681 3472 2275 3477 2280 5142 3682 5142 3682 3477 2280 3476 2279 5142 3682 3476 2279 5143 3683 5143 3683 3476 2279 3474 2277 5143 3683 3474 2277 5144 3684 5144 3684 3474 2277 3473 2276 5144 3684 3473 2276 5145 3685 5145 3685 3473 2276 3480 2283 5145 3685 3480 2283 5146 3686 5146 3686 3480 2283 3479 2282 5146 3686 3479 2282 5147 3687 5147 3687 3479 2282 3478 2281 5147 3687 3478 2281 5148 3688 5148 3688 3478 2281 3425 2228 5148 3688 3425 2228 5149 3689 5149 3689 3425 2228 3427 2230 5149 3689 3427 2230 5150 3690 5150 3690 3427 2230 3428 2231 5150 3690 3428 2231 5081 3630 5151 3691 5152 3691 5153 3691 5154 3692 5155 3692 5156 3692 5140 3680 5157 3693 5141 3681 5141 3681 5157 3693 5158 3694 5159 3695 5160 3695 5161 3695 3472 2275 5162 3696 3469 2272 3460 2263 3469 2272 5163 3697 5163 3697 3469 2272 5162 3696 5164 3698 5158 3694 5165 3699 5165 3699 5158 3694 5157 3693 5089 3639 5166 3700 5087 3637 5167 3701 5168 3701 5169 3701 5170 3702 5171 3703 5172 3704 5171 3703 5170 3702 5173 3705 5174 3706 5175 3707 5176 3708 5163 3697 5177 3709 3460 2263 3460 2263 5177 3709 3461 2264 3463 2266 5178 3710 5179 3711 3463 2266 5179 3711 3465 2268 3465 2268 5179 3711 5180 3712 3465 2268 5180 3712 3467 2270 3467 2270 5180 3712 5181 3713 3467 2270 5181 3713 3459 2262 5182 3714 5183 3715 5184 3716 5185 3717 5186 3718 5187 3719 5188 3720 5089 3721 5189 3722 5190 3723 5191 3724 5189 3722 5188 3720 5189 3722 5192 3725 5193 3726 5194 3727 5195 3728 5196 3729 5195 3730 5197 3731 5198 3732 5195 3728 5199 3733 3393 2213 3459 2262 5200 3734 5200 3734 3459 2262 5181 3713 5187 3719 5201 3735 5185 3717 5185 3717 5201 3735 5202 3736 5185 3717 5202 3736 5203 3737 5203 3737 5202 3736 5204 3738 5203 3737 5204 3738 5171 3703 5171 3703 5204 3738 5205 3739 5171 3703 5205 3739 5172 3704 3463 2266 3461 2264 5178 3710 5178 3710 3461 2264 5177 3709 5205 3739 5195 3730 5172 3704 5172 3704 5195 3730 5196 3729 5206 3740 5207 3741 5208 3742 5209 3743 5196 3729 5197 3731 5210 3744 5211 3744 5212 3744 5189 3722 5198 3732 5199 3733 5189 3722 5199 3733 5190 3723 5190 3723 5199 3733 5195 3728 5190 3723 5195 3728 5191 3724 5191 3724 5195 3728 5194 3727 5191 3724 5194 3727 5189 3722 5189 3722 5194 3727 5193 3726 5189 3722 5193 3726 5192 3725 5192 3725 5193 3726 5195 3728 5192 3725 5195 3728 5188 3720 5188 3720 5195 3728 5164 3698 5188 3720 5164 3698 5165 3699 5182 3714 5213 3745 5214 3746 5182 3714 5214 3746 5183 3715 5186 3718 5215 3747 5216 3748 5186 3718 5216 3748 5187 3719 5200 3734 5217 3749 3394 2214 5200 3734 3394 2214 3393 2213 5218 3750 5219 3751 5220 3752 5218 3753 5220 3754 5221 3755 5222 3756 5223 3757 5224 3758 5222 3756 5224 3758 5225 3759 5226 3760 5227 3761 4044 2716 5226 3760 4044 2716 4040 2712 5218 3762 5221 3763 5228 3764 5229 3765 5230 3765 5231 3765 4929 3494 5232 3766 4930 3495 4930 3495 5232 3766 4928 3493 5233 3767 5234 3767 5235 3767 4933 3498 5236 3768 4931 3496 4931 3496 5236 3768 5237 3769 5238 3770 5239 3770 5240 3770 4961 3524 5241 3771 4959 3522 4959 3522 5241 3771 5242 3772 4959 3522 5242 3772 5243 3773 4030 2702 5244 3774 5245 3775 5245 3775 5244 3774 5246 3776 4030 2702 5245 3775 4032 2704 4032 2704 5245 3775 5247 3777 4032 2704 5247 3777 4035 2707 4035 2707 5247 3777 5248 3778 4035 2707 5248 3778 4037 2709 4040 2712 4037 2709 5226 3760 5226 3760 4037 2709 5248 3778 5225 3759 5249 3779 5222 3756 5222 3756 5249 3779 5250 3780 5250 3780 5249 3779 5251 3781 5250 3780 5251 3781 5252 3782 5252 3782 5251 3781 5245 3783 5252 3782 5245 3783 5253 3784 5241 3771 5245 3775 5246 3776 5241 3771 5246 3776 5242 3772 4972 3537 4970 3535 5254 3785 5254 3785 4970 3535 5016 3565 5255 3786 5256 3786 5257 3786 5258 3787 5016 3788 5259 3789 5258 3787 5259 3789 5260 3790 5260 3790 5259 3789 5261 3791 5260 3790 5261 3791 5262 3792 5263 3793 5261 3794 5264 3795 5263 3793 5264 3795 5242 3772 5242 3772 5264 3795 5265 3796 5242 3772 5265 3796 5243 3773 5266 3797 4994 3549 5267 3798 5267 3798 4994 3549 4992 3547 5267 3798 4992 3547 5268 3799 5268 3799 4992 3547 5269 3800 5268 3799 5269 3800 5270 3801 5270 3801 5269 3800 5271 3802 5270 3801 5271 3802 5272 3803 5272 3803 5271 3802 4974 3539 5272 3803 4974 3539 4972 3537 5273 3804 5266 3797 5274 3805 5274 3805 5266 3797 5267 3798 5274 3805 5267 3798 5275 3806 5275 3806 5267 3798 5268 3799 5275 3806 5268 3799 5276 3807 5276 3807 5268 3799 5270 3801 5276 3807 5270 3801 5277 3808 5277 3808 5270 3801 5272 3803 5277 3808 5272 3803 5278 3809 5278 3809 5272 3803 5258 3787 5278 3809 5258 3787 5279 3810 5279 3810 5258 3787 5260 3790 5279 3810 5260 3790 5280 3811 5280 3811 5260 3790 5262 3792 5280 3811 5262 3792 5246 3776 5246 3776 5262 3792 5242 3772 5281 3812 5273 3804 5282 3813 5282 3813 5273 3804 5274 3805 5283 3814 5274 3805 5284 3815 5284 3815 5274 3805 5275 3806 5284 3815 5275 3806 5285 3816 5285 3816 5275 3806 5276 3807 5285 3816 5276 3807 5286 3817 5286 3817 5276 3807 5277 3808 5286 3817 5277 3808 5287 3818 5287 3818 5277 3808 5278 3809 5287 3818 5278 3809 5288 3819 5288 3819 5278 3809 5279 3810 5288 3819 5279 3810 5289 3820 5289 3820 5279 3810 5280 3811 5289 3820 5280 3811 5244 3774 5244 3774 5280 3811 5246 3776 4013 2685 5281 3821 4028 2700 4028 2700 5281 3821 5283 3814 4028 2700 5283 3814 4027 2699 4027 2699 5283 3814 5284 3815 4027 2699 5284 3815 4025 2697 4025 2697 5284 3815 5285 3816 4025 2697 5285 3816 4022 2694 4022 2694 5285 3816 5286 3817 4022 2694 5286 3817 4020 2692 4020 2692 5286 3817 5287 3818 4020 2692 5287 3818 4017 2689 4017 2689 5287 3818 5288 3819 4017 2689 5288 3819 4031 2703 4031 2703 5288 3819 5289 3820 4031 2703 5289 3820 4030 2702 4030 2702 5289 3820 5244 3774 5290 3822 5291 3823 4994 3549 5292 3824 5293 3825 5294 3826 5294 3827 5295 3828 5296 3829 5297 3830 5298 3831 5299 3832 5299 3832 5298 3831 5300 3833 5301 3834 5302 3835 4006 2678 4006 2678 5302 3835 4009 2681 4013 2685 4010 2682 5281 3821 5281 3821 4010 2682 5303 3836 5281 3812 5304 3837 5273 3804 5273 3804 5304 3837 5290 3822 5273 3804 5290 3822 5266 3797 5266 3797 5290 3822 4994 3549 5295 3828 5291 3823 5296 3829 5296 3829 5291 3823 5290 3822 5298 3831 5290 3822 5300 3833 5300 3833 5290 3822 5304 3837 5302 3835 5303 3836 4009 2681 4009 2681 5303 3836 4010 2682 5305 3838 5306 3839 5307 3840 5307 3840 5306 3839 5308 3841 5307 3842 5309 3843 5310 3844 5310 3844 5309 3843 5311 3845 4001 2673 3984 2656 5311 3845 5311 3845 3984 2656 5312 3846 5311 3845 5312 3846 5310 3844 5313 3847 5292 3824 5314 3848 5314 3848 5292 3824 5294 3826 5315 3849 5297 3830 5316 3850 5316 3850 5297 3830 5299 3832 5317 3851 5301 3834 4004 2676 4004 2676 5301 3834 4006 2678 5306 3839 5313 3847 5308 3841 5308 3841 5313 3847 5314 3848 5309 3843 5315 3849 5311 3845 5311 3845 5315 3849 5316 3850 5311 3845 5317 3851 4001 2673 4001 2673 5317 3851 4004 2676 5093 3643 5091 3641 5318 3852 5318 3852 5091 3641 5124 3664 5319 3853 5320 3854 5321 3855 5322 3856 5124 3857 5323 3858 5322 3856 5323 3858 5324 3859 5324 3859 5323 3858 5325 3860 5324 3859 5325 3860 5326 3861 5327 3862 5325 3863 5328 3864 5327 3862 5328 3864 5307 3840 5307 3840 5328 3864 5329 3865 5307 3840 5329 3865 5305 3838 5330 3866 5088 3638 5331 3867 5331 3867 5088 3638 5087 3637 5331 3867 5332 3868 5333 3869 5333 3869 5332 3868 5334 3870 5333 3869 5334 3870 5335 3871 5335 3871 5334 3870 5336 3872 5335 3871 5336 3872 5337 3873 5337 3873 5336 3872 5095 3645 5337 3873 5095 3645 5093 3643 5338 3874 5330 3866 5339 3875 5339 3875 5330 3866 5331 3867 5339 3875 5331 3867 5340 3876 5340 3876 5331 3867 5333 3869 5340 3876 5333 3869 5341 3877 5341 3877 5333 3869 5335 3871 5341 3877 5335 3871 5342 3878 5342 3878 5335 3871 5337 3873 5342 3878 5337 3873 5343 3879 5343 3879 5337 3873 5322 3856 5343 3879 5322 3856 5344 3880 5344 3880 5322 3856 5324 3859 5344 3880 5324 3859 5345 3881 5345 3881 5324 3859 5326 3861 5345 3881 5326 3861 5310 3844 5310 3844 5326 3861 5307 3842 5346 3882 5338 3874 5347 3883 5347 3883 5338 3874 5339 3875 5348 3884 5339 3875 5349 3885 5349 3885 5339 3875 5340 3876 5349 3885 5340 3876 5350 3886 5350 3886 5340 3876 5341 3877 5350 3886 5341 3877 5351 3887 5351 3887 5341 3877 5342 3878 5351 3887 5342 3878 5352 3888 5352 3888 5342 3878 5343 3879 5352 3888 5343 3879 5353 3889 5353 3889 5343 3879 5344 3880 5353 3889 5344 3880 5354 3890 5354 3890 5344 3880 5345 3881 5354 3890 5345 3881 5312 3846 5312 3846 5345 3881 5310 3844 3982 2654 5346 3891 3994 2666 3994 2666 5346 3891 5348 3884 3994 2666 5348 3884 3999 2671 3999 2671 5348 3884 5349 3885 3999 2671 5349 3885 4000 2672 4000 2672 5349 3885 5350 3886 4000 2672 5350 3886 3993 2665 3993 2665 5350 3886 5351 3887 3993 2665 5351 3887 3991 2663 3991 2663 5351 3887 5352 3888 3991 2663 5352 3888 3989 2661 3989 2661 5352 3888 5353 3889 3989 2661 5353 3889 3987 2659 3987 2659 5353 3889 5354 3890 3987 2659 5354 3890 3984 2656 3984 2656 5354 3890 5312 3846 5338 3874 5346 3882 5355 3892 3970 2642 5356 3893 5357 3894 5208 3742 5358 3895 5206 3740 5359 3896 5360 3896 5361 3896 5362 3897 5363 3898 5170 3702 5170 3702 5363 3898 5173 3705 5364 3899 5365 3899 5366 3899 5175 3707 5367 3900 5176 3708 5176 3708 5367 3900 5174 3706 5368 3901 5369 3901 5370 3901 5371 3902 5372 3903 5373 3904 3970 2642 5357 3894 3974 2646 3974 2646 5357 3894 5374 3905 3974 2646 5374 3905 3977 2649 3977 2649 5374 3905 5375 3906 3977 2649 5375 3906 3979 2651 3979 2651 5375 3906 5346 3891 3979 2651 5346 3891 3982 2654 5208 3742 5088 3638 5358 3895 5358 3895 5088 3638 5330 3866 5358 3895 5330 3866 5338 3874 5338 3874 5355 3892 5358 3895 5358 3895 5355 3892 5376 3907 5358 3895 5376 3907 5377 3908 5377 3908 5376 3907 5378 3909 5377 3908 5378 3909 5379 3910 5379 3910 5378 3909 5380 3911 5379 3910 5380 3911 5381 3912 5382 3913 5373 3904 5372 3903 5382 3913 5372 3903 5383 3914 5384 3915 5381 3912 5380 3911 5384 3915 5380 3911 5385 3916 5386 3917 5356 3893 3970 2642 5386 3917 3970 2642 3969 2641 5387 3918 5388 3918 5389 3918 5390 3919 5391 3920 5392 3919 5393 3921 5390 3922 5394 3923 5395 3924 5390 3924 5392 3924 5395 3925 5392 3925 5389 3925 5389 3926 5392 3926 5396 3926 5389 3927 5396 3927 5387 3927 5393 3921 5394 3923 5397 3928 5393 3921 5397 3928 5398 3929 5398 3929 5397 3928 5399 3930 5398 3929 5399 3930 5400 3931 5401 3932 5402 3933 5403 3934 5401 3935 5404 3936 5405 3937 5406 3938 5407 3939 5408 3940 5408 3940 5407 3939 5409 3941 5408 3940 5409 3941 5410 3942 5411 3943 5412 3944 5413 3945 5413 3945 5412 3944 5414 3946 5415 3947 5416 3948 5414 3946 5414 3946 5416 3948 5417 3949 5414 3946 5417 3949 5413 3945 5415 3947 5414 3946 5418 3950 5418 3950 5414 3946 5419 3951 5418 3950 5419 3951 5420 3952 5421 3953 5400 3931 5422 3954 5422 3954 5400 3931 5399 3930 5422 3954 5423 3955 5421 3953 5421 3953 5423 3955 5424 3956 5421 3953 5424 3956 5425 3957 5425 3957 5424 3956 5426 3958 5425 3957 5426 3958 5427 3959 5427 3959 5426 3958 5428 3960 5427 3959 5428 3960 5429 3961 5429 3961 5428 3960 5403 3934 5429 3961 5403 3934 5430 3962 5430 3962 5403 3934 5402 3933 5404 3936 5431 3963 5405 3937 5405 3937 5431 3963 5432 3964 5405 3937 5432 3964 5433 3965 5432 3964 5434 3966 5433 3965 5433 3965 5434 3966 5435 3967 5433 3965 5435 3967 5436 3968 5435 3967 5437 3969 5436 3968 5436 3968 5437 3969 5438 3970 5436 3968 5438 3970 5439 3971 5438 3970 5440 3972 5439 3971 5439 3971 5440 3972 5441 3973 5439 3971 5441 3973 5442 3974 5441 3973 5443 3975 5442 3974 5442 3974 5443 3975 5444 3976 5442 3974 5444 3976 5445 3977 5406 3938 5446 3978 5407 3939 5407 3939 5446 3978 5447 3979 5407 3939 5447 3979 5448 3980 5448 3980 5447 3979 5445 3977 5448 3980 5445 3977 5449 3981 5449 3981 5445 3977 5444 3976 5450 3982 5451 3983 5409 3941 5409 3941 5451 3983 5452 3984 5409 3941 5452 3984 5410 3942 5453 3985 5454 3986 5450 3987 5450 3987 5454 3986 5455 3988 5450 3989 5456 3990 5457 3991 5456 3990 5458 3992 5457 3991 5457 3991 5458 3992 5459 3993 5457 3991 5459 3993 5460 3994 5459 3993 5461 3995 5460 3994 5462 3996 5461 3997 5463 3998 5462 3996 5463 3998 5464 3999 5463 3998 5465 4000 5464 3999 5464 3999 5465 4000 5466 4001 5464 3999 5466 4001 5467 4002 5466 4001 5468 4003 5467 4002 5467 4002 5468 4003 5469 4004 5467 4002 5469 4004 5411 3943 5411 3943 5469 4004 5470 4005 5411 3943 5470 4005 5412 3944 5419 3951 5471 4006 5420 3952 5420 3952 5471 4006 5472 4007 5420 3952 5472 4007 5473 4008 5474 4009 5475 4010 5476 4011 5476 4011 5475 4010 5473 4008 5476 4011 5473 4008 5477 4012 5477 4012 5473 4008 5472 4007 5475 4010 5474 4009 5478 4013 5475 4010 5478 4013 5479 4014 5479 4014 5478 4013 5480 4015 5479 4014 5480 4015 5481 4016 5482 4017 5483 4017 5484 4017 5485 4018 5486 4019 5487 4018 5484 4020 5488 4020 5482 4020 5482 4021 5488 4021 5489 4021 5482 4022 5489 4022 5480 4023 5480 4015 5485 4024 5487 4025 5480 4015 5487 4025 5481 4016 5490 4026 5491 4027 5492 4028 5492 4028 5491 4027 5493 4029 5492 4028 5493 4029 5494 4030 5494 4030 5493 4029 5495 4031 5494 4030 5495 4031 5496 4032 5496 4032 5495 4031 5497 4033 5497 4033 5495 4031 5498 4034 5497 4033 5498 4034 5499 4035 5499 4035 5498 4034 5500 4036 5500 4037 5501 4038 5502 4039 5500 4037 5502 4039 5503 4040 5503 4040 5502 4039 5504 4041 5503 4040 5504 4041 5505 4042 5506 4043 5507 4044 5508 4045 5508 4045 5507 4044 5509 4046 5508 4045 5509 4046 5510 4047 5511 487 5491 4027 5512 487 5512 487 5491 4027 5490 4026 5506 4043 5513 481 5507 4044 5507 4044 5513 481 5514 481 5515 1351 5516 1351 5517 1351 5517 4048 5516 4048 5518 4048 5517 4049 5518 4049 5519 4049 5520 1351 5521 1351 5522 1351 5522 1351 5521 1351 5517 1351 5522 1351 5517 1351 5523 1351 5523 1351 5517 1351 5519 1351 5524 0 5525 0 5526 0 5527 0 5528 0 5529 0 5529 0 5528 0 5530 0 5529 4050 5530 4050 5531 4050 5531 0 5532 0 5529 0 5529 0 5532 0 5533 0 5529 0 5533 0 5526 0 5526 4050 5533 4050 5534 4050 5526 0 5534 0 5524 0 5535 0 5536 0 5537 0 5537 4051 5538 4051 5539 4051 5540 0 5538 0 5541 0 5542 4052 5538 4052 5537 4052 5542 4053 5537 4053 5543 4053 5539 4054 5544 4054 5537 4054 5537 0 5544 0 5545 0 5537 0 5545 0 5535 0 5546 0 5547 0 5548 0 5548 0 5547 0 5549 0 5550 0 5551 0 5552 0 5552 0 5551 0 5553 0 5552 0 5553 0 5547 0 5547 4055 5553 4055 5554 4055 5554 0 5555 0 5547 0 5547 0 5555 0 5556 0 5547 4056 5556 4056 5549 4056 5557 0 5558 0 5559 0 5559 0 5558 0 5560 0 5561 0 5562 0 5563 0 5563 0 5562 0 5564 0 5563 0 5564 0 5558 0 5565 0 5560 0 5566 0 5566 4057 5560 4057 5558 4057 5566 0 5558 0 5567 0 5567 4058 5558 4058 5564 4058 5568 0 5569 0 5570 0 5570 4059 5571 4059 5572 4059 5573 0 5571 0 5574 0 5575 4060 5571 4060 5570 4060 5575 4061 5570 4061 5576 4061 5572 4062 5577 4062 5570 4062 5570 0 5577 0 5578 0 5570 0 5578 0 5568 0 5579 4063 5580 4064 5581 4065 5582 4066 5583 4067 5580 4064 5580 4064 5583 4067 5584 4068 5580 4064 5584 4068 5581 4065 5585 4069 5586 4070 5582 4066 5582 4066 5586 4070 5587 4071 5582 4066 5587 4071 5583 4067 5588 4072 5589 4073 5585 4069 5585 4069 5589 4073 5590 4074 5585 4069 5590 4074 5586 4070 5591 4075 5592 4076 5588 4072 5588 4072 5592 4076 5593 4077 5588 4072 5593 4077 5589 4073 5594 4078 5595 4079 5591 4075 5591 4075 5595 4079 5596 4080 5591 4075 5596 4080 5592 4076 5597 4081 5598 4082 5594 4078 5594 4078 5598 4082 5599 4083 5594 4078 5599 4083 5595 4079 5600 4084 5601 4085 5597 4081 5597 4081 5601 4085 5602 4086 5597 4081 5602 4086 5598 4082 5603 4087 5604 4088 5600 4084 5600 4084 5604 4088 5605 4089 5600 4084 5605 4089 5601 4085 5606 4090 5607 4091 5603 4087 5603 4087 5607 4091 5608 4092 5603 4087 5608 4092 5604 4088 5609 4093 5610 4094 5606 4090 5606 4090 5610 4094 5611 4095 5606 4090 5611 4095 5607 4091 5612 4096 5613 4097 5609 4093 5609 4093 5613 4097 5614 4098 5609 4093 5614 4098 5610 4094 5615 4099 5616 4100 5612 4096 5612 4096 5616 4100 5617 4101 5612 4096 5617 4101 5613 4097 5618 4102 5619 4103 5615 4099 5615 4099 5619 4103 5620 4104 5615 4099 5620 4104 5616 4100 5621 4105 5622 4106 5618 4102 5618 4102 5622 4106 5623 4107 5618 4102 5623 4107 5619 4103 5624 4108 5625 4109 5621 4105 5621 4105 5625 4109 5626 4110 5621 4105 5626 4110 5622 4106 5627 4111 5628 4112 5624 4108 5624 4108 5628 4112 5629 4113 5624 4108 5629 4113 5625 4109 5630 4114 5631 4115 5627 4111 5627 4111 5631 4115 5632 4116 5627 4111 5632 4116 5628 4112 5633 4117 5634 4118 5630 4114 5630 4114 5634 4118 5635 4119 5630 4114 5635 4119 5631 4115 5636 4120 5637 4121 5633 4117 5633 4117 5637 4121 5638 4122 5633 4117 5638 4122 5634 4118 5639 4123 5640 4124 5636 4120 5636 4120 5640 4124 5641 4125 5636 4120 5641 4125 5637 4121 5642 4126 5643 4127 5639 4123 5639 4123 5643 4127 5644 4128 5639 4123 5644 4128 5640 4124 5581 4065 5645 4129 5579 4063 5579 4063 5645 4129 5646 4130 5579 4063 5646 4130 5642 4126 5642 4126 5646 4130 5647 4131 5642 4126 5647 4131 5643 4127 5648 72 5649 72 5650 72 5651 4132 5652 4132 5653 4132 5654 4133 5655 4133 5656 4133 5656 72 5655 72 5657 72 5656 4134 5657 4134 5658 4134 5653 4135 5652 4135 5659 4135 5659 72 5652 72 5660 72 5659 72 5660 72 5661 72 5662 72 5663 72 5664 72 5648 4136 5650 4136 5665 4136 5665 72 5650 72 5666 72 5665 72 5666 72 5667 72 5667 4137 5666 4137 5651 4137 5667 72 5651 72 5668 72 5669 4138 5670 4138 5671 4138 5671 4139 5670 4139 5672 4139 5671 4140 5672 4140 5673 4140 5674 72 5675 72 5676 72 5676 4141 5675 4141 5677 4141 5678 72 5679 72 5680 72 5680 72 5679 72 5681 72 5680 4142 5681 4142 5682 4142 5653 72 5683 72 5651 72 5651 4143 5683 4143 5684 4143 5651 72 5684 72 5668 72 5668 4144 5684 4144 5678 4144 5668 72 5678 72 5685 72 5685 4145 5678 4145 5686 4145 5685 4146 5686 4146 5687 4146 5687 4147 5686 4147 5688 4147 5687 4148 5688 4148 5689 4148 5689 72 5688 72 5690 72 5689 4149 5690 4149 5691 4149 5691 72 5690 72 5692 72 5662 72 5664 72 5681 72 5681 72 5664 72 5693 72 5681 72 5693 72 5682 72 5694 72 5695 72 5696 72 5696 72 5695 72 5697 72 5696 72 5697 72 5698 72 5698 4150 5697 4150 5699 4150 5700 4151 5699 4151 5701 4151 5671 72 5702 72 5669 72 5669 4152 5702 4152 5700 4152 5669 4153 5700 4153 5703 4153 5703 4154 5700 4154 5701 4154 5704 4155 5705 4155 5706 4155 5706 4156 5705 4156 5707 4156 5706 4157 5707 4157 5708 4157 5708 72 5707 72 5709 72 5708 4158 5709 4158 5710 4158 5677 4159 5675 4159 5711 4159 5711 4160 5675 4160 5712 4160 5711 4161 5712 4161 5713 4161 5714 72 5715 72 5716 72 5663 4162 5703 4162 5664 4162 5664 72 5703 72 5701 72 5664 72 5701 72 5717 72 5717 72 5701 72 5718 72 5717 72 5718 72 5719 72 5719 4163 5718 4163 5720 4163 5719 72 5720 72 5721 72 5721 72 5720 72 5722 72 5721 72 5722 72 5704 72 5704 72 5722 72 5713 72 5704 4164 5713 4164 5705 4164 5705 4165 5713 4165 5712 4165 5705 72 5712 72 5723 72 5723 4166 5712 4166 5724 4166 5723 72 5724 72 5725 72 5725 4167 5724 4167 5726 4167 5725 72 5726 72 5727 72 5727 72 5726 72 5728 72 5729 4168 5730 4168 5731 4168 5731 4169 5730 4169 5732 4169 5731 4170 5732 4170 5733 4170 5734 4171 5735 4171 5736 4171 5714 72 5716 72 5737 72 5737 4172 5716 4172 5738 4172 5737 4173 5738 4173 5739 4173 5739 4174 5738 4174 5740 4174 5739 4175 5740 4175 5741 4175 5741 4176 5742 4176 5739 4176 5739 72 5742 72 5743 72 5739 4177 5743 4177 5744 4177 5744 72 5743 72 5745 72 5744 72 5745 72 5746 72 5746 72 5745 72 5747 72 5746 4178 5747 4178 5748 4178 5749 72 5750 72 5751 72 5751 72 5750 72 5752 72 5751 72 5752 72 5753 72 5753 4179 5752 4179 5754 4179 5755 4180 5754 4180 5756 4180 5757 72 5758 72 5759 72 5759 4181 5758 4181 5760 4181 5657 72 5692 72 5658 72 5658 4182 5692 4182 5690 4182 5658 4183 5690 4183 5761 4183 5762 4184 5763 4184 5764 4184 5764 72 5763 72 5735 72 5764 72 5735 72 5765 72 5765 72 5735 72 5734 72 5731 72 5766 72 5729 72 5729 4185 5766 4185 5755 4185 5729 4186 5755 4186 5736 4186 5736 4187 5755 4187 5756 4187 5736 4188 5756 4188 5734 4188 5734 72 5756 72 5767 72 5734 72 5767 72 5768 72 5768 72 5767 72 5769 72 5768 72 5769 72 5770 72 5770 72 5769 72 5771 72 5770 72 5771 72 5772 72 5772 72 5771 72 5773 72 5760 4189 5758 4189 5774 4189 5774 4190 5758 4190 5761 4190 5774 4191 5761 4191 5775 4191 5773 72 5761 72 5690 72 5773 4192 5690 4192 5772 4192 5709 72 5776 72 5710 72 5710 4193 5776 4193 5777 4193 5710 72 5777 72 5778 72 5778 72 5777 72 5741 72 5778 4194 5741 4194 5762 4194 5762 72 5779 72 5780 72 5762 72 5780 72 5763 72 5781 0 5782 0 5783 0 5783 0 5782 0 5784 0 5785 0 5786 0 5787 0 5787 0 5786 0 5788 0 5787 4195 5788 4195 5782 4195 5789 0 5784 0 5790 0 5790 4196 5784 4196 5782 4196 5790 0 5782 0 5791 0 5791 4197 5782 4197 5788 4197 5792 4198 5793 4199 5794 4200 5794 4200 5793 4199 5795 4201 5794 4200 5795 4201 5796 4202 5796 4202 5795 4201 5797 4203 5796 4202 5797 4203 5798 4204 5798 4204 5797 4203 5799 4205 5798 4204 5799 4205 5800 4206 5800 4206 5799 4205 5801 4207 5800 4206 5801 4207 5802 4208 5802 4208 5801 4207 5803 4209 5802 4208 5803 4209 5804 4210 5804 4210 5803 4209 5805 4211 5804 4210 5805 4211 5806 4212 5806 4212 5805 4211 5807 4213 5806 4212 5807 4213 5808 4214 5808 4214 5807 4213 5809 4215 5808 4214 5809 4215 5810 4216 5810 4216 5809 4215 5811 4217 5810 4216 5811 4217 5812 4218 5812 4218 5811 4217 5813 4219 5812 4218 5813 4219 5814 4220 5814 4220 5813 4219 5815 4221 5814 4220 5815 4221 5816 4222 5816 4222 5815 4221 5817 4223 5816 4222 5817 4223 5818 4224 5818 4224 5817 4223 5819 4225 5818 4224 5819 4225 5820 4226 5820 4226 5819 4225 5821 4227 5820 4226 5821 4227 5822 4228 5822 4228 5821 4227 5823 4229 5822 4228 5823 4229 5824 4230 5824 4230 5823 4229 5825 4231 5824 4230 5825 4231 5826 4232 5826 4232 5825 4231 5827 4233 5826 4232 5827 4233 5828 4234 5828 4234 5827 4233 5829 4235 5828 4234 5829 4235 5830 4236 5830 4236 5829 4235 5831 4237 5830 4236 5831 4237 5832 4238 5832 4238 5831 4237 5833 4239 5832 4238 5833 4239 5834 4240 5834 4240 5833 4239 5835 4241 5834 4240 5835 4241 5836 4242 5836 4242 5835 4241 5837 4243 5836 4242 5837 4243 5838 4244 5838 4244 5837 4243 5839 4245 5838 4244 5839 4245 5840 4246 5840 4246 5839 4245 5841 4247 5840 4246 5841 4247 5842 4248 5842 4248 5841 4247 5843 4249 5842 4248 5843 4249 5844 4250 5844 4250 5843 4249 5845 4251 5844 4250 5845 4251 5846 4252 5846 4252 5845 4251 5847 4253 5846 4252 5847 4253 5792 4198 5792 4198 5847 4253 5793 4199 5848 4254 5849 4255 5850 4256 5850 4256 5849 4255 5851 4257 5850 4256 5851 4257 5852 4258 5852 4258 5851 4257 5853 4259 5852 4258 5853 4259 5854 4260 5854 4260 5853 4259 5855 4261 5854 4260 5855 4261 5856 4262 5856 4262 5855 4261 5857 4263 5856 4262 5857 4263 5858 4264 5858 4264 5857 4263 5859 4265 5858 4264 5859 4265 5860 4266 5860 4266 5859 4265 5861 4267 5860 4266 5861 4267 5862 4268 5862 4268 5861 4267 5863 4269 5862 4268 5863 4269 5864 4270 5864 4270 5863 4269 5865 4271 5864 4270 5865 4271 5866 4272 5866 4272 5865 4271 5867 4273 5866 4272 5867 4273 5868 4274 5868 4274 5867 4273 5869 4275 5868 4274 5869 4275 5870 4276 5870 4276 5869 4275 5871 4277 5870 4276 5871 4277 5872 4278 5872 4278 5871 4277 5873 4279 5872 4278 5873 4279 5874 4280 5874 4280 5873 4279 5875 4281 5874 4280 5875 4281 5876 4282 5876 4282 5875 4281 5877 4283 5876 4282 5877 4283 5878 4284 5878 4284 5877 4283 5879 4285 5878 4284 5879 4285 5880 4286 5880 4286 5879 4285 5881 4287 5880 4286 5881 4287 5882 4288 5882 4288 5881 4287 5883 4289 5882 4288 5883 4289 5884 4290 5884 4290 5883 4289 5885 4291 5884 4290 5885 4291 5886 4292 5886 4292 5885 4291 5887 4293 5886 4292 5887 4293 5888 4294 5888 4294 5887 4293 5889 4295 5888 4294 5889 4295 5890 4296 5890 4296 5889 4295 5891 4297 5890 4296 5891 4297 5892 4298 5892 4298 5891 4297 5893 4299 5892 4298 5893 4299 5894 4300 5894 4300 5893 4299 5895 4301 5894 4300 5895 4301 5848 4254 5848 4254 5895 4301 5849 4255 5896 4302 5897 4302 5898 4302 5898 0 5897 0 5899 0 5898 4303 5899 4303 5900 4303 5900 4304 5899 4304 5901 4304 5900 4305 5901 4305 5902 4305 5902 0 5901 0 5903 0 5902 4306 5903 4306 5904 4306 5904 0 5903 0 5905 0 5904 0 5905 0 5906 0 5906 4307 5905 4307 5907 4307 5906 0 5907 0 5908 0 5908 0 5907 0 5909 0 5908 4308 5909 4308 5910 4308 5910 0 5909 0 5911 0 5910 4309 5911 4309 5912 4309 5912 0 5911 0 5913 0 5912 0 5913 0 5914 0 5914 4310 5913 4310 5915 4310 5914 0 5915 0 5916 0 5916 4311 5915 4311 5917 4311 5916 0 5917 0 5918 0 5918 0 5917 0 5919 0 5918 0 5919 0 5920 0 5920 0 5919 0 5921 0 5920 0 5921 0 5922 0 5922 0 5921 0 5923 0 5922 4312 5923 4312 5924 4312 5924 4313 5923 4313 5925 4313 5924 0 5925 0 5926 0 5926 4314 5925 4314 5927 4314 5926 4315 5927 4315 5928 4315 5928 0 5927 0 5929 0 5928 0 5929 0 5930 0 5930 0 5929 0 5931 0 5930 0 5931 0 5932 0 5932 4316 5931 4316 5933 4316 5932 0 5933 0 5934 0 5934 0 5933 0 5935 0 5934 0 5935 0 5936 0 5936 4317 5935 4317 5937 4317 5936 4318 5937 4318 5938 4318 5938 4319 5937 4319 5939 4319 5938 0 5939 0 5940 0 5940 4320 5939 4320 5941 4320 5940 0 5941 0 5942 0 5942 4321 5941 4321 5896 4321 5942 0 5896 0 5898 0 5943 4322 5944 4322 5945 4322 5945 4323 5944 4323 5946 4323 5947 481 5948 481 5949 481 5949 481 5948 481 5950 481 5951 4324 5952 4324 5953 4324 5953 4325 5952 4325 5954 4325 5955 4326 5956 4326 5957 4326 5957 4327 5956 4327 5958 4327 5959 35 5960 35 5961 35 5961 35 5960 35 5962 35 5963 4328 5964 4328 5965 4328 5965 4329 5964 4329 5966 4329 5967 4330 5968 4330 5969 4330 5969 4331 5968 4331 5970 4331 5971 487 5972 487 5973 487 5973 487 5972 487 5974 487 5975 4332 5976 4332 5977 4332 5977 4333 5976 4333 5978 4333 5979 4334 5980 4334 5981 4334 5981 4335 5980 4335 5982 4335 5983 1351 5984 1351 5985 1351 5985 1351 5984 1351 5986 1351 5987 4336 5988 4336 5989 4336 5989 4337 5988 4337 5990 4337 5991 72 5992 72 5993 72 5993 4338 5992 4338 5994 4338 5993 72 5994 72 5995 72 5995 72 5994 72 5996 72 5995 4339 5996 4339 5997 4339 5997 72 5996 72 5998 72 5997 72 5998 72 5999 72 5999 72 5998 72 6000 72 5999 72 6000 72 6001 72 6001 72 6000 72 6002 72 6001 72 6002 72 6003 72 6003 72 6002 72 6004 72 6003 4340 6004 4340 6005 4340 6005 72 6004 72 6006 72 6005 72 6006 72 6007 72 6007 72 6006 72 6008 72 6007 4341 6008 4341 6009 4341 6009 4342 6008 4342 6010 4342 6009 72 6010 72 6011 72 6011 72 6010 72 6012 72 6011 72 6012 72 6013 72 6013 72 6012 72 6014 72 6013 72 6014 72 5991 72 5991 4343 6014 4343 5992 4343 6015 4344 6016 4344 6017 4344 6017 4344 6016 4344 6018 4344 6019 481 6020 481 6021 481 6021 481 6020 481 6022 481 6023 4345 6024 4345 6025 4345 6025 4346 6024 4346 6026 4346 6027 4347 6028 4347 6029 4347 6029 4348 6028 4348 6030 4348 6031 35 6032 35 6033 35 6033 35 6032 35 6034 35 6035 4349 6036 4349 6037 4349 6037 4350 6036 4350 6038 4350 6039 4351 6040 4351 6041 4351 6041 4352 6040 4352 6042 4352 6043 487 6044 487 6045 487 6045 487 6044 487 6046 487 6047 4353 6048 4353 6049 4353 6049 4354 6048 4354 6050 4354 6051 4355 6052 4355 6053 4355 6053 4356 6052 4356 6054 4356 6055 1351 6056 1351 6057 1351 6057 1351 6056 1351 6058 1351 6059 4357 6060 4357 6061 4357 6061 4358 6060 4358 6062 4358 6063 4359 6064 4359 6065 4359 6066 4360 6067 4361 6068 4362 6068 4362 6067 4361 6069 4363 6070 4364 6071 4364 6072 4364 6073 4365 6074 4366 6075 4367 6073 4365 6075 4367 6076 4368 6076 4368 6075 4367 6077 4369 6076 4368 6077 4369 6078 4370 6078 4370 6077 4369 6079 4371 6078 4370 6079 4371 6080 4372 6080 4372 6079 4371 6081 4373 6080 4372 6081 4373 6082 4374 6082 4374 6081 4373 6083 4375 6082 4374 6083 4375 6084 4376 6084 4376 6083 4375 6085 4377 6084 4376 6085 4377 6086 4378 6086 4378 6085 4377 6087 4379 6086 4378 6087 4379 6088 4380 6088 4380 6087 4379 6089 4381 6088 4380 6089 4381 6090 4382 6090 4382 6089 4381 6091 4383 6090 4384 6092 4385 6093 4386 6093 4386 6092 4385 6094 4387 6093 4388 6095 4389 6096 4390 6096 4390 6095 4389 6097 4391 6096 4390 6097 4391 6098 4392 6099 4393 6100 4393 6101 4393 6101 4394 6100 4394 6102 4394 6103 481 6104 481 6105 481 6105 481 6104 481 6106 481 6107 4395 6108 4395 6109 4395 6109 4396 6108 4396 6110 4396 6111 4397 6112 4397 6113 4397 6113 4398 6112 4398 6114 4398 6115 35 6116 35 6117 35 6117 35 6116 35 6118 35 6119 4399 6120 4399 6121 4399 6121 4400 6120 4400 6122 4400 6123 4401 6124 4401 6125 4401 6125 4402 6124 4402 6126 4402 6127 487 6128 487 6129 487 6129 487 6128 487 6130 487 6131 4403 6132 4403 6133 4403 6133 4404 6132 4404 6134 4404 6135 4405 6136 4405 6137 4405 6137 4406 6136 4406 6138 4406 6139 1351 6140 1351 6141 1351 6141 1351 6140 1351 6142 1351 6143 4336 6144 4336 6145 4336 6145 4407 6144 4407 6146 4407 6147 72 6148 72 6149 72 6149 72 6148 72 6150 72 6149 4408 6150 4408 6151 4408 6151 72 6150 72 6152 72 6151 72 6152 72 6153 72 6153 72 6152 72 6154 72 6153 72 6154 72 6155 72 6155 4409 6154 4409 6156 4409 6155 72 6156 72 6157 72 6157 72 6156 72 6158 72 6157 72 6158 72 6159 72 6159 72 6158 72 6160 72 6159 72 6160 72 6161 72 6161 72 6160 72 6162 72 6161 4410 6162 4410 6163 4410 6163 72 6162 72 6164 72 6163 72 6164 72 6165 72 6165 72 6164 72 6166 72 6165 72 6166 72 6167 72 6167 4411 6166 4411 6168 4411 6167 72 6168 72 6169 72 6169 72 6168 72 6170 72 6169 72 6170 72 6147 72 6147 72 6170 72 6148 72 6171 4344 6172 4344 6173 4344 6173 4412 6172 4412 6174 4412 6175 481 6176 481 6177 481 6177 481 6176 481 6178 481 6179 4413 6180 4413 6181 4413 6181 4414 6180 4414 6182 4414 6183 4415 6184 4415 6185 4415 6185 3152 6184 3152 6186 3152 6187 35 6188 35 6189 35 6189 35 6188 35 6190 35 6191 4416 6192 4416 6193 4416 6193 4417 6192 4417 6194 4417 6195 4418 6196 4418 6197 4418 6197 4419 6196 4419 6198 4419 6199 487 6200 487 6201 487 6201 487 6200 487 6202 487 6203 4420 6204 4420 6205 4420 6205 4354 6204 4354 6206 4354 6207 4421 6208 4421 6209 4421 6209 4422 6208 4422 6210 4422 6211 1351 6212 1351 6213 1351 6213 1351 6212 1351 6214 1351 6215 4423 6216 4423 6217 4423 6217 4424 6216 4424 6218 4424 6219 4425 6220 4425 6221 4425 6222 4426 6223 4427 6224 4428 6224 4428 6223 4427 6225 4429 6226 4430 6227 4430 6228 4430 6229 4431 6230 4432 6231 4433 6229 4431 6231 4433 6232 4434 6232 4434 6231 4433 6233 4435 6232 4434 6233 4435 6234 4436 6234 4436 6233 4435 6235 4437 6234 4438 6236 4439 6237 4440 6237 4440 6236 4439 6238 4441 6237 4440 6238 4441 6239 4442 6239 4442 6238 4441 6240 4443 6239 4442 6240 4443 6241 4444 6241 4444 6240 4443 6242 4445 6241 4446 6243 4447 6244 4448 6244 4448 6243 4447 6245 4449 6244 4448 6245 4449 6246 4450 6246 4450 6245 4449 6247 4451 6246 4450 6247 4451 6248 4452 6248 4452 6247 4451 6249 4453 6248 4452 6249 4453 6250 4454 6250 4454 6249 4453 6251 4455 6250 4454 6251 4455 6252 4456 6252 4456 6251 4455 6253 4457 6252 4456 6253 4457 6254 4458 6255 4459 6256 4459 6257 4459 6257 4460 6256 4460 6258 4460 6259 481 6260 481 6261 481 6261 481 6260 481 6262 481 6263 4461 6264 4461 6265 4461 6265 4462 6264 4462 6266 4462 6267 4463 6268 4463 6269 4463 6269 4464 6268 4464 6270 4464 6271 35 6272 35 6273 35 6273 35 6272 35 6274 35 6275 4465 6276 4465 6277 4465 6277 4466 6276 4466 6278 4466 6279 4467 6280 4467 6281 4467 6281 4468 6280 4468 6282 4468 6283 487 6284 487 6285 487 6285 487 6284 487 6286 487 6287 4469 6288 4469 6289 4469 6289 4470 6288 4470 6290 4470 6291 4471 6292 4471 6293 4471 6293 4472 6292 4472 6294 4472 6295 1351 6296 1351 6297 1351 6297 1351 6296 1351 6298 1351 6299 4473 6300 4473 6301 4473 6301 4474 6300 4474 6302 4474 6303 72 6304 72 6305 72 6305 72 6304 72 6306 72 6305 72 6306 72 6307 72 6307 72 6306 72 6308 72 6307 72 6308 72 6309 72 6309 72 6308 72 6310 72 6309 72 6310 72 6311 72 6311 4343 6310 4343 6312 4343 6311 4475 6312 4475 6313 4475 6313 72 6312 72 6314 72 6313 72 6314 72 6315 72 6315 72 6314 72 6316 72 6315 72 6316 72 6317 72 6317 4409 6316 4409 6318 4409 6317 72 6318 72 6319 72 6319 72 6318 72 6320 72 6319 72 6320 72 6321 72 6321 72 6320 72 6322 72 6321 72 6322 72 6323 72 6323 72 6322 72 6324 72 6323 72 6324 72 6325 72 6325 72 6324 72 6326 72 6325 72 6326 72 6303 72 6303 72 6326 72 6304 72 6327 4476 6328 4476 6329 4476 6329 4477 6328 4477 6330 4477 6331 481 6332 481 6333 481 6333 481 6332 481 6334 481 6335 4413 6336 4413 6337 4413 6337 4478 6336 4478 6338 4478 6339 4479 6340 4479 6341 4479 6341 3152 6340 3152 6342 3152 6343 35 6344 35 6345 35 6345 35 6344 35 6346 35 6347 4416 6348 4416 6349 4416 6349 4480 6348 4480 6350 4480 6351 4481 6352 4481 6353 4481 6353 4419 6352 4419 6354 4419 6355 487 6356 487 6357 487 6357 487 6356 487 6358 487 6359 4482 6360 4482 6361 4482 6361 4483 6360 4483 6362 4483 6363 4355 6364 4355 6365 4355 6365 4484 6364 4484 6366 4484 6367 1351 6368 1351 6369 1351 6369 1351 6368 1351 6370 1351 6371 4485 6372 4485 6373 4485 6373 4358 6372 4358 6374 4358 6375 4486 6376 4486 6377 4486 6378 4487 6379 4488 6380 4489 6380 4489 6379 4488 6381 4490 6382 4491 6383 4491 6384 4491 6385 4492 6386 4493 6387 4493 6385 4494 6388 4495 6389 4496 6389 4496 6388 4495 6390 4497 6389 4496 6390 4497 6391 4498 6391 4498 6390 4497 6392 4499 6391 4498 6392 4499 6393 4500 6393 4500 6392 4499 6394 4501 6393 4500 6394 4501 6395 4502 6395 4502 6394 4501 6396 4503 6395 4502 6396 4503 6397 4504 6397 4504 6396 4503 6398 4505 6397 4504 6398 4505 6399 4506 6399 4506 6398 4505 6400 4507 6399 4506 6400 4507 6401 4508 6401 4508 6400 4507 6402 4509 6401 4508 6402 4509 6403 4510 6403 4510 6402 4509 6404 4511 6403 4510 6404 4511 6405 4512 6405 4512 6404 4511 6406 4513 6405 4512 6406 4513 6407 4514 6407 4514 6406 4513 6408 4515 6407 4514 6408 4515 6409 4516 6410 4322 6411 4322 6412 4322 6412 4323 6411 4323 6413 4323 6414 481 6415 481 6416 481 6416 481 6415 481 6417 481 6418 4324 6419 4324 6420 4324 6420 4325 6419 4325 6421 4325 6422 4463 6423 4463 6424 4463 6424 4517 6423 4517 6425 4517 6426 35 6427 35 6428 35 6428 35 6427 35 6429 35 6430 4465 6431 4465 6432 4465 6432 4518 6431 4518 6433 4518 6434 4330 6435 4330 6436 4330 6436 4331 6435 4331 6437 4331 6438 487 6439 487 6440 487 6440 487 6439 487 6441 487 6442 4332 6443 4332 6444 4332 6444 4333 6443 4333 6445 4333 6446 4519 6447 4519 6448 4519 6448 4520 6447 4520 6449 4520 6450 1351 6451 1351 6452 1351 6452 1351 6451 1351 6453 1351 6454 4473 6455 4473 6456 4473 6456 4521 6455 4521 6457 4521 6458 4522 6459 4522 6460 4522 6460 72 6459 72 6461 72 6460 72 6461 72 6462 72 6462 72 6461 72 6463 72 6462 4339 6463 4339 6464 4339 6464 4338 6463 4338 6465 4338 6464 72 6465 72 6466 72 6466 72 6465 72 6467 72 6466 72 6467 72 6468 72 6468 72 6467 72 6469 72 6468 72 6469 72 6470 72 6470 4523 6469 4523 6471 4523 6470 72 6471 72 6472 72 6472 4342 6471 4342 6473 4342 6472 72 6473 72 6474 72 6474 72 6473 72 6475 72 6474 4341 6475 4341 6476 4341 6476 72 6475 72 6477 72 6476 72 6477 72 6478 72 6478 72 6477 72 6479 72 6478 72 6479 72 6480 72 6480 72 6479 72 6481 72 6480 72 6481 72 6458 72 6458 72 6481 72 6459 72 6482 4524 6483 4524 6484 4524 6484 4477 6483 4477 6485 4477 6486 481 6487 481 6488 481 6488 481 6487 481 6489 481 6490 4345 6491 4345 6492 4345 6492 4414 6491 4414 6493 4414 6494 4525 6495 4525 6496 4525 6496 4526 6495 4526 6497 4526 6498 35 6499 35 6500 35 6500 35 6499 35 6501 35 6502 4527 6503 4527 6504 4527 6504 4528 6503 4528 6505 4528 6506 4418 6507 4418 6508 4418 6508 4418 6507 4418 6509 4418 6510 487 6511 487 6512 487 6512 487 6511 487 6513 487 6514 4353 6515 4353 6516 4353 6516 4529 6515 4529 6517 4529 6518 4530 6519 4530 6520 4530 6520 4531 6519 4531 6521 4531 6522 1351 6523 1351 6524 1351 6524 1351 6523 1351 6525 1351 6526 4485 6527 4485 6528 4485 6528 4532 6527 4532 6529 4532 6530 4533 6531 4533 6532 4533 6533 4534 6534 4535 6535 4536 6535 4536 6534 4535 6536 4537 6537 4538 6538 4538 6539 4538 6540 4539 6541 4540 6542 4540 6540 4541 6543 4542 6544 4543 6544 4543 6543 4542 6545 4544 6544 4545 6546 4546 6547 4547 6547 4547 6546 4546 6548 4548 6547 4547 6548 4548 6549 4549 6549 4549 6548 4548 6550 4550 6549 4549 6550 4550 6551 4551 6551 4551 6550 4550 6552 4552 6551 4553 6553 4554 6554 4555 6554 4555 6553 4554 6555 4556 6554 4557 6556 4558 6557 4559 6557 4559 6556 4558 6558 4560 6557 4561 6559 4562 6560 4563 6560 4563 6559 4562 6561 4564 6560 4565 6562 4566 6563 4567 6563 4567 6562 4566 6564 4568 6563 4567 6564 4568 6565 4569 6565 4569 6564 4568 6566 4570 6565 4569 6566 4570 6567 4571 6567 4571 6566 4570 6568 4572 6567 4571 6568 4572 6569 4573 6570 4393 6571 4393 6572 4393 6572 4394 6571 4394 6573 4394 6574 481 6575 481 6576 481 6576 481 6575 481 6577 481 6578 4395 6579 4395 6580 4395 6580 4396 6579 4396 6581 4396 6582 4397 6583 4397 6584 4397 6584 4464 6583 4464 6585 4464 6586 35 6587 35 6588 35 6588 35 6587 35 6589 35 6590 4465 6591 4465 6592 4465 6592 4400 6591 4400 6593 4400 6594 4401 6595 4401 6596 4401 6596 4402 6595 4402 6597 4402 6598 487 6599 487 6600 487 6600 487 6599 487 6601 487 6602 4403 6603 4403 6604 4403 6604 4404 6603 4404 6605 4404 6606 4405 6607 4405 6608 4405 6608 4574 6607 4574 6609 4574 6610 1351 6611 1351 6612 1351 6612 1351 6611 1351 6613 1351 6614 4575 6615 4575 6616 4575 6616 4407 6615 4407 6617 4407 6618 72 6619 72 6620 72 6620 72 6619 72 6621 72 6620 4576 6621 4576 6622 4576 6622 72 6621 72 6623 72 6622 72 6623 72 6624 72 6624 72 6623 72 6625 72 6624 72 6625 72 6626 72 6626 4577 6625 4577 6627 4577 6626 72 6627 72 6628 72 6628 72 6627 72 6629 72 6628 72 6629 72 6630 72 6630 72 6629 72 6631 72 6630 72 6631 72 6632 72 6632 72 6631 72 6633 72 6632 4578 6633 4578 6634 4578 6634 72 6633 72 6635 72 6634 72 6635 72 6636 72 6636 72 6635 72 6637 72 6636 72 6637 72 6638 72 6638 4579 6637 4579 6639 4579 6638 72 6639 72 6640 72 6640 72 6639 72 6641 72 6640 72 6641 72 6618 72 6618 72 6641 72 6619 72 6642 4344 6643 4344 6644 4344 6644 4580 6643 4580 6645 4580 6646 481 6647 481 6648 481 6648 481 6647 481 6649 481 6650 4581 6651 4581 6652 4581 6652 4414 6651 4414 6653 4414 6654 4582 6655 4582 6656 4582 6656 4583 6655 4583 6657 4583 6658 35 6659 35 6660 35 6660 35 6659 35 6661 35 6662 4584 6663 4584 6664 4584 6664 4585 6663 4585 6665 4585 6666 4418 6667 4418 6668 4418 6668 4586 6667 4586 6669 4586 6670 487 6671 487 6672 487 6672 487 6671 487 6673 487 6674 4587 6675 4587 6676 4587 6676 4354 6675 4354 6677 4354 6678 4588 6679 4588 6680 4588 6680 3263 6679 3263 6681 3263 6682 1351 6683 1351 6684 1351 6684 1351 6683 1351 6685 1351 6686 4589 6687 4589 6688 4589 6688 4590 6687 4590 6689 4590 6690 4591 6691 4591 6692 4591 6693 4592 6694 4593 6695 4594 6695 4594 6694 4593 6696 4595 6697 4596 6698 4596 6699 4596 6700 4597 6701 4598 6702 4599 6700 4597 6702 4599 6703 4600 6703 4600 6702 4599 6704 4601 6703 4600 6704 4601 6705 4602 6705 4602 6704 4601 6706 4603 6705 4604 6707 4605 6708 4606 6708 4606 6707 4605 6709 4607 6708 4606 6709 4607 6710 4608 6710 4608 6709 4607 6711 4609 6710 4608 6711 4609 6712 4610 6712 4610 6711 4609 6713 4611 6712 4612 6714 4613 6715 4614 6715 4614 6714 4613 6716 4615 6715 4614 6716 4615 6717 4616 6717 4616 6716 4615 6718 4617 6717 4616 6718 4617 6719 4618 6719 4618 6718 4617 6720 4619 6719 4618 6720 4619 6721 4620 6721 4620 6720 4619 6722 4621 6721 4620 6722 4621 6723 4622 6723 4622 6722 4621 6724 4623 6723 4622 6724 4623 6725 4624 6726 4625 6727 4625 6728 4625 6728 4459 6727 4459 6729 4459 6730 481 6731 481 6732 481 6732 481 6731 481 6733 481 6734 4626 6735 4626 6736 4626 6736 4461 6735 4461 6737 4461 6738 4627 6739 4627 6740 4627 6740 4628 6739 4628 6741 4628 6742 35 6743 35 6744 35 6744 35 6743 35 6745 35 6746 4328 6747 4328 6748 4328 6748 4629 6747 4629 6749 4629 6750 4468 6751 4468 6752 4468 6752 4630 6751 4630 6753 4630 6754 487 6755 487 6756 487 6756 487 6755 487 6757 487 6758 4470 6759 4470 6760 4470 6760 4631 6759 4631 6761 4631 6762 4334 6763 4334 6764 4334 6764 4406 6763 4406 6765 4406 6766 1351 6767 1351 6768 1351 6768 1351 6767 1351 6769 1351 6770 4336 6771 4336 6772 4336 6772 4632 6771 4632 6773 4632 6774 72 6775 72 6776 72 6776 72 6775 72 6777 72 6776 72 6777 72 6778 72 6778 72 6777 72 6779 72 6778 72 6779 72 6780 72 6780 72 6779 72 6781 72 6780 72 6781 72 6782 72 6782 4523 6781 4523 6783 4523 6782 4633 6783 4633 6784 4633 6784 72 6783 72 6785 72 6784 72 6785 72 6786 72 6786 72 6785 72 6787 72 6786 72 6787 72 6788 72 6788 4579 6787 4579 6789 4579 6788 72 6789 72 6790 72 6790 72 6789 72 6791 72 6790 72 6791 72 6792 72 6792 72 6791 72 6793 72 6792 72 6793 72 6794 72 6794 72 6793 72 6795 72 6794 72 6795 72 6796 72 6796 72 6795 72 6797 72 6796 72 6797 72 6774 72 6774 72 6797 72 6775 72 6798 4634 6799 4634 6800 4634 6800 4580 6799 4580 6801 4580 6802 481 6803 481 6804 481 6804 481 6803 481 6805 481 6806 4635 6807 4635 6808 4635 6808 4636 6807 4636 6809 4636 6810 4525 6811 4525 6812 4525 6812 4637 6811 4637 6813 4637 6814 35 6815 35 6816 35 6816 35 6815 35 6817 35 6818 4349 6819 4349 6820 4349 6820 4528 6819 4528 6821 4528 6822 4638 6823 4638 6824 4638 6824 4352 6823 4352 6825 4352 6826 487 6827 487 6828 487 6828 487 6827 487 6829 487 6830 4587 6831 4587 6832 4587 6832 4639 6831 4639 6833 4639 6834 4640 6835 4640 6836 4640 6836 3263 6835 3263 6837 3263 6838 1351 6839 1351 6840 1351 6840 1351 6839 1351 6841 1351 6842 4589 6843 4589 6844 4589 6844 4641 6843 4641 6845 4641 6846 4642 6847 4642 6848 4642 6849 4643 6850 4644 6851 4645 6851 4645 6850 4644 6852 4646 6853 4647 6854 4647 6855 4647 6856 4648 6857 4649 6858 4649 6856 4650 6859 4651 6860 4652 6860 4652 6859 4651 6861 4653 6860 4652 6861 4653 6862 4654 6862 4654 6861 4653 6863 4655 6862 4654 6863 4655 6864 4656 6864 4656 6863 4655 6865 4657 6864 4656 6865 4657 6866 4658 6866 4658 6865 4657 6867 4659 6866 4658 6867 4659 6868 4660 6868 4660 6867 4659 6869 4661 6868 4660 6869 4661 6870 4662 6870 4662 6869 4661 6871 4663 6870 4662 6871 4663 6872 4664 6872 4664 6871 4663 6873 4665 6872 4664 6873 4665 6874 4666 6874 4666 6873 4665 6875 4667 6874 4666 6875 4667 6876 4668 6876 4668 6875 4667 6877 4669 6876 4668 6877 4669 6878 4670 6878 4670 6877 4669 6879 4671 6878 4670 6879 4671 6880 4672 6881 4673 6882 4674 6883 4675 6883 4675 6882 4674 6884 4676 6883 4675 6884 4676 6885 4677 6885 4677 6884 4676 6886 4678 6885 4677 6886 4678 6887 4679 6887 4679 6886 4678 6888 4680 6887 4679 6888 4680 6889 4681 6889 4681 6888 4680 6890 4682 6889 4681 6890 4682 6891 4683 6891 4683 6890 4682 6892 4684 6891 4683 6892 4684 6893 4685 6893 4685 6892 4684 6894 4686 6893 4685 6894 4686 6895 4687 6895 4687 6894 4686 6896 4688 6895 4687 6896 4688 6897 4689 6897 4689 6896 4688 6898 4690 6897 4689 6898 4690 6899 4691 6899 4691 6898 4690 6900 4692 6899 4691 6900 4692 6901 4693 6901 4693 6900 4692 6902 4694 6901 4693 6902 4694 6903 4695 6903 4695 6902 4694 6904 4696 6903 4695 6904 4696 6905 4697 6905 4697 6904 4696 6906 4698 6905 4697 6906 4698 6907 4699 6907 4699 6906 4698 6908 4700 6907 4699 6908 4700 6909 4701 6909 4701 6908 4700 6910 4702 6909 4701 6910 4702 6911 4703 6911 4703 6910 4702 6912 4704 6911 4703 6912 4704 6913 4705 6913 4705 6912 4704 6914 4706 6913 4705 6914 4706 6915 4707 6915 4707 6914 4706 6916 4708 6915 4707 6916 4708 6917 4709 6917 4709 6916 4708 6918 4710 6917 4709 6918 4710 6919 4711 6919 4711 6918 4710 6920 4712 6919 4711 6920 4712 6921 4713 6921 4713 6920 4712 6922 4714 6921 4713 6922 4714 6923 4715 6923 4715 6922 4714 6924 4716 6923 4715 6924 4716 6925 4717 6925 4717 6924 4716 6926 4718 6925 4717 6926 4718 6927 4719 6927 4719 6926 4718 6928 4720 6927 4719 6928 4720 6881 4673 6881 4673 6928 4720 6882 4674 6929 4721 6930 4722 6931 4723 6931 4723 6930 4722 6932 4724 6931 4723 6932 4724 6933 4725 6933 4725 6932 4724 6934 4726 6933 4725 6934 4726 6935 4727 6935 4727 6934 4726 6936 4728 6935 4727 6936 4728 6937 4729 6937 4729 6936 4728 6938 4730 6937 4729 6938 4730 6939 4731 6939 4731 6938 4730 6940 4732 6939 4731 6940 4732 6941 4733 6941 4733 6940 4732 6942 4734 6941 4733 6942 4734 6943 4735 6943 4735 6942 4734 6944 4736 6943 4735 6944 4736 6945 4737 6945 4737 6944 4736 6946 4738 6945 4737 6946 4738 6947 4739 6947 4739 6946 4738 6948 4740 6947 4739 6948 4740 6949 4741 6949 4741 6948 4740 6950 4742 6949 4741 6950 4742 6951 4743 6951 4743 6950 4742 6952 4744 6951 4743 6952 4744 6953 4745 6953 4745 6952 4744 6954 4746 6953 4745 6954 4746 6955 4747 6955 4747 6954 4746 6956 4748 6955 4747 6956 4748 6957 4749 6957 4749 6956 4748 6958 4750 6957 4749 6958 4750 6959 4751 6959 4751 6958 4750 6960 4752 6959 4751 6960 4752 6961 4753 6961 4753 6960 4752 6962 4754 6961 4753 6962 4754 6963 4755 6963 4755 6962 4754 6964 4756 6963 4755 6964 4756 6965 4757 6965 4757 6964 4756 6966 4758 6965 4757 6966 4758 6967 4759 6967 4759 6966 4758 6968 4760 6967 4759 6968 4760 6969 4761 6969 4761 6968 4760 6970 4762 6969 4761 6970 4762 6971 4763 6972 4764 6970 4765 6973 4766 6972 4764 6973 4766 6974 4767 6974 4767 6973 4766 6975 4768 6974 4767 6975 4768 6929 4721 6929 4721 6975 4768 6930 4722 6976 4769 6977 4770 6978 4771 6978 4772 6979 4773 6980 4774 6980 4774 6979 4773 6981 4775 6980 4774 6981 4775 6982 4776 6981 4777 6983 4778 6984 4779 6984 4779 6983 4778 6985 4780 6984 4779 6985 4780 6986 4781 6985 4782 6987 4783 6988 4784 6988 4784 6987 4783 6989 4785 6988 4784 6989 4785 6990 4786 6989 4787 6991 4788 6992 4789 6992 4789 6991 4788 6993 4790 6992 4789 6993 4790 6994 4791 6993 4792 6995 4793 6996 4794 6996 4794 6995 4793 6997 4795 6996 4794 6997 4795 6998 4796 6997 4797 6999 4798 7000 4799 7000 4799 6999 4798 7001 4800 7000 4799 7001 4800 7002 4801 7001 4802 7003 4803 7004 4804 7004 4804 7003 4803 7005 4805 7004 4804 7005 4805 7006 4806 7005 4807 7007 4808 7008 4809 7008 4809 7007 4808 7009 4810 7008 4809 7009 4810 7010 4811 7009 4812 7011 4813 7012 4814 7012 4814 7011 4813 7013 4815 7012 4814 7013 4815 7014 4816 7013 4817 7015 4818 7016 4819 7016 4819 7015 4818 7017 4820 7016 4819 7017 4820 7018 4821 7017 4820 7019 4822 7018 4821 7018 4821 7019 4822 7020 4823 7018 4821 7020 4823 7021 4824 7020 4825 7022 4826 7023 4827 7023 4827 7022 4826 7024 4828 7023 4827 7024 4828 7025 4829 7024 4830 7026 4831 7027 4832 7027 4832 7026 4831 7028 4833 7027 4832 7028 4833 7029 4834 7028 4835 7030 4836 7031 4837 7031 4837 7030 4836 7032 4838 7031 4837 7032 4838 7033 4839 7032 4840 7034 4841 7035 4842 7035 4842 7034 4841 7036 4843 7035 4842 7036 4843 7037 4844 7036 4845 7038 4846 7039 4847 7039 4847 7038 4846 7040 4848 7039 4847 7040 4848 7041 4849 7040 4850 7042 4851 7043 4852 7043 4852 7042 4851 7044 4853 7043 4852 7044 4853 7045 4854 7044 4855 7046 4856 7047 4857 7047 4857 7046 4856 7048 4858 7047 4857 7048 4858 7049 4859 7048 4860 7050 4861 7051 4862 7051 4862 7050 4861 7052 4863 7051 4862 7052 4863 7053 4864 7052 4865 7054 4866 7055 4867 7055 4867 7054 4866 7056 4868 7055 4867 7056 4868 7057 4869 7056 4870 7058 4871 7059 4872 7059 4872 7058 4871 7060 4873 7059 4872 7060 4873 7061 4874 7060 4875 7062 4876 7063 4877 7063 4877 7062 4876 7064 4878 7063 4877 7064 4878 7065 4879 6977 4770 7064 4880 7066 4881 6977 4770 7066 4881 6978 4771 7067 4882 7068 4883 7069 4884 7067 4882 7069 4884 7070 4885 7071 4886 7072 4887 7073 4888 7074 4889 7075 4890 7072 4887 7072 4887 7075 4890 7076 4891 7072 4887 7076 4891 7073 4888 7077 4892 7078 4893 7079 4894 7077 4892 7079 4894 7080 4895 7081 4896 7082 4897 7083 4898 7084 4899 7085 4900 7086 4901 7082 4897 7085 4902 7087 4903 7082 4897 7087 4903 7083 4898 7083 4898 7088 4904 7081 4896 7081 4896 7088 4904 7089 4905 7081 4896 7089 4905 7090 4906 7090 4906 7089 4905 7091 4907 7090 4906 7091 4907 7092 4908 7092 4908 7091 4907 7093 4909 7092 4908 7093 4909 7094 4910 7094 4910 7093 4909 7095 4911 7094 4910 7095 4911 7096 4912 7096 4912 7095 4911 7097 4913 7096 4912 7097 4913 7098 4914 7069 4884 7099 4915 7070 4885 7070 4885 7099 4915 7100 4916 7070 4917 7101 4918 7102 4919 7102 4919 7101 4918 7103 4920 7102 4919 7103 4920 7104 4921 7104 4921 7103 4920 7084 4899 7104 4921 7084 4899 7105 4922 7105 4922 7084 4899 7086 4901 7106 4923 7107 4924 7108 4925 7109 4926 7107 4927 7110 4928 7109 4926 7110 4928 7111 4929 7111 4929 7110 4928 7112 4930 7111 4931 7113 4932 7114 4933 7114 4933 7113 4932 7115 4934 7114 4933 7115 4934 7116 4935 7116 4935 7115 4934 7117 4936 7116 4935 7117 4936 7067 4882 7067 4882 7117 4936 7118 4937 7067 4882 7118 4937 7068 4883 7073 4888 7119 4938 7071 4886 7071 4886 7119 4938 7120 4939 7071 4886 7120 4939 7121 4940 7121 4940 7120 4939 7122 4941 7121 4940 7122 4941 7123 4942 7123 4942 7122 4941 7124 4943 7123 4942 7124 4943 7125 4944 7125 4944 7124 4943 7126 4945 7125 4944 7126 4945 7108 4925 7108 4925 7126 4945 7127 4946 7108 4925 7127 4946 7106 4923 7079 4894 7128 4947 7080 4895 7080 4895 7128 4947 7129 4948 7080 4895 7129 4948 7130 4949 7130 4949 7129 4948 7131 4950 7130 4949 7131 4950 7132 4951 7132 4951 7131 4950 7074 4889 7132 4951 7074 4889 7133 4952 7133 4952 7074 4889 7072 4887 7098 4953 7134 4954 7135 4955 7135 4955 7134 4954 7136 4956 7135 4957 7137 4958 7138 4959 7138 4959 7137 4958 7139 4960 7138 4961 7140 4962 7141 4963 7141 4963 7140 4962 7142 4964 7141 4963 7142 4964 7143 4965 7143 4966 7144 4967 7145 4968 7143 4966 7145 4968 7146 4969 7146 4969 7145 4968 7147 4970 7077 4892 7147 4971 7078 4893 7148 4972 7149 4973 7150 4974 7150 4974 7149 4973 7151 4975 7151 4975 7149 4973 7152 4976 7151 4975 7152 4976 7153 4977 7154 4978 7155 4979 7156 4980 7156 4980 7155 4979 7157 4981 7156 4980 7157 4981 7152 4982 7152 4976 7158 4983 7159 4984 7152 4976 7159 4984 7153 4977 7160 4985 7161 4986 7162 4987 7162 4988 7163 4989 7164 4990 7162 4988 7164 4990 7165 4991 7165 4992 7166 4993 7167 4994 7165 4992 7167 4994 7168 4995 7154 4978 7167 4996 7169 4997 7154 4978 7169 4997 7155 4979 7170 4998 7171 4999 7172 5000 7172 5000 7171 4999 7173 5001 7172 5000 7173 5001 7160 4985 7160 4985 7173 5001 7174 5002 7160 4985 7174 5002 7161 4986 7175 5003 7176 5004 7170 4998 7170 4998 7176 5004 7177 5005 7170 4998 7177 5005 7171 4999 7170 4998 7178 5006 7175 5003 7175 5003 7178 5006 7179 5007 7175 5003 7179 5007 7180 5008 7180 5008 7179 5007 7181 5009 7180 5008 7181 5009 7182 5010 7182 5010 7181 5009 7183 5011 7182 5010 7183 5011 7184 5012 7184 5012 7183 5011 7185 5013 7184 5012 7185 5013 7186 5014 7186 5014 7185 5013 7187 5015 7187 5015 7185 5013 7188 5016 7187 5015 7188 5016 7189 5017 7189 5017 7188 5016 7190 5018 7189 5017 7190 5018 7191 5019 7192 5020 7193 5021 7194 5022 7194 5022 7193 5021 7195 5023 7194 5022 7195 5023 7190 5018 7190 5018 7195 5023 7196 5024 7190 5018 7196 5024 7191 5019 7197 5025 7198 5026 7199 5027 7199 5028 7200 5029 7201 5030 7199 5028 7201 5030 7202 5031 7202 5032 7203 5033 7204 5034 7202 5032 7204 5034 7192 5035 7192 5020 7205 5036 7206 5037 7192 5020 7206 5037 7193 5021 7207 5038 7208 5039 7209 5040 7209 5040 7208 5039 7210 5041 7209 5040 7210 5041 7197 5025 7197 5025 7210 5041 7211 5042 7197 5025 7211 5042 7198 5026 7212 5043 7213 5044 7207 5038 7207 5038 7213 5044 7214 5045 7207 5038 7214 5045 7208 5039 7150 4974 7215 5046 7148 4972 7148 4972 7215 5046 7216 5047 7148 4972 7216 5047 7217 5048 7217 5049 7218 5050 7219 5051 7217 5049 7219 5051 7220 5052 7220 5053 7221 5054 7222 5055 7220 5053 7222 5055 7223 5056 7223 5057 7224 5058 7225 5059 7223 5057 7225 5059 7226 5060 7226 5061 7212 5043 7207 5038 7227 5062 7228 5063 7229 5064 7229 5064 7228 5063 7230 5065 7229 5064 7230 5065 7231 5066 7232 5067 7233 5068 7234 5069 7232 5067 7234 5069 7235 5070 7235 5070 7234 5069 7236 5071 7235 5070 7236 5071 7237 5072 7238 5073 7239 5073 7240 5073 7238 5074 7240 5074 7241 5074 7242 5075 7243 5076 7244 5077 7242 5075 7244 5077 7245 5078 7245 5078 7244 5077 7246 5079 7245 5078 7246 5079 7247 5080 7248 5081 7249 5081 7250 5081 7248 5082 7250 5082 7251 5082 7252 5083 7253 5084 7254 5085 7252 5083 7254 5085 7255 5086 7255 5086 7254 5085 7256 5087 7255 5086 7256 5087 7257 5087 7258 5088 7259 5088 7260 5088 7258 5089 7260 5089 7261 5089 7262 5090 7263 5090 7264 5090 7262 5091 7264 5091 7265 5091 7266 5092 7267 5093 7268 5094 7266 5092 7268 5094 7269 5095 7269 5095 7268 5094 7270 5096 7269 5095 7270 5096 7271 5097 7272 5098 7273 5098 7274 5098 7272 5099 7274 5099 7275 5099 7276 5100 7277 5100 7278 5100 7276 5101 7278 5101 7279 5101 7227 5062 7280 5102 7228 5063 7281 35 7282 35 7283 35 7283 5103 7282 5103 7284 5103 7283 35 7284 35 7285 35 7285 35 7284 35 7286 35 7285 5104 7286 5104 7287 5104 7287 5105 7286 5105 7288 5105 7287 5106 7288 5106 7289 5106 7290 35 7291 35 7292 35 7292 35 7291 35 7293 35 7292 5107 7293 5107 7294 5107 7294 35 7293 35 7295 35 7294 35 7295 35 7296 35 7296 5108 7295 5108 7297 5108 7296 35 7297 35 7281 35 7281 5109 7297 5109 7298 5109 7281 35 7298 35 7282 35 7288 35 7299 35 7289 35 7289 5110 7299 5110 7300 5110 7289 5111 7300 5111 7301 5111 7301 5112 7300 5112 7302 5112 7301 5113 7302 5113 7303 5113 7303 5114 7302 5114 7304 5114 7303 35 7304 35 7305 35 7305 35 7304 35 7306 35 7305 35 7306 35 7307 35 7307 5115 7306 5115 7308 5115 7307 35 7308 35 7290 35 7290 35 7308 35 7309 35 7290 5116 7309 5116 7291 5116 7310 5117 7311 5118 7312 5119 7312 5119 7311 5118 7313 5120 7312 5119 7313 5120 7314 5121 7314 5121 7313 5120 7315 5122 7314 5121 7315 5122 7316 5123 7316 5123 7315 5122 7317 5124 7316 5123 7317 5124 7318 5125 7318 5125 7317 5124 7319 5126 7318 5125 7319 5126 7320 5127 7320 5127 7319 5126 7321 5128 7320 5127 7321 5128 7322 5129 7322 5129 7321 5128 7323 5130 7322 5129 7323 5130 7324 5131 7324 5131 7323 5130 7325 5132 7324 5131 7325 5132 7326 5133 7326 5133 7325 5132 7327 5134 7326 5133 7327 5134 7328 5135 7328 5135 7327 5134 7329 5136 7328 5135 7329 5136 7330 5137 7330 5137 7329 5136 7331 5138 7330 5137 7331 5138 7332 5139 7332 5139 7331 5138 7333 5140 7332 5139 7333 5140 7334 5141 7334 5141 7333 5140 7335 5142 7334 5141 7335 5142 7336 5143 7336 5143 7335 5142 7337 5144 7336 5143 7337 5144 7338 5145 7338 5145 7337 5144 7339 5146 7338 5145 7339 5146 7340 5147 7340 5147 7339 5146 7341 5148 7340 5147 7341 5148 7310 5117 7310 5117 7341 5148 7311 5118 7342 5149 7343 5149 7344 5149 7344 5150 7343 5150 7345 5150 7346 5151 7347 5151 7348 5151 7348 5152 7347 5152 7349 5152 7350 5153 7351 5153 7352 5153 7352 5154 7351 5154 7353 5154 7354 5155 7355 5155 7356 5155 7356 5155 7355 5155 7357 5155 7358 5156 7359 5156 7360 5156 7360 5157 7359 5157 7361 5157 7362 5158 7363 5158 7364 5158 7364 5159 7363 5159 7365 5159 7366 5160 7367 5160 7368 5160 7368 5161 7367 5161 7369 5161 7370 5162 7371 5162 7372 5162 7372 5163 7371 5163 7373 5163 7374 5164 7375 5164 7376 5164 7376 5165 7375 5165 7377 5165 7378 5166 7379 5166 7380 5166 7380 5167 7379 5167 7381 5167 7382 5168 7383 5168 7384 5168 7384 5169 7383 5169 7385 5169 7386 5170 7387 5170 7388 5170 7388 5171 7387 5171 7389 5171 7390 5172 7391 5172 7392 5172 7392 5173 7391 5173 7393 5173 7394 35 7395 35 7396 35 7397 35 7398 35 7399 35 7400 5174 7401 5174 7402 5174 7402 5175 7401 5175 7403 5175 7402 5176 7403 5176 7404 5176 7396 35 7395 35 7405 35 7405 5177 7395 5177 7406 5177 7405 5178 7406 5178 7407 5178 7403 35 7408 35 7404 35 7404 5179 7408 5179 7409 5179 7404 35 7409 35 7410 35 7410 5180 7409 5180 7411 5180 7410 5181 7411 5181 7412 5181 7413 35 7414 35 7400 35 7400 35 7414 35 7415 35 7400 35 7415 35 7401 35 7401 5182 7415 5182 7416 5182 7401 5183 7416 5183 7417 5183 7417 5184 7416 5184 7418 5184 7396 35 7410 35 7394 35 7394 35 7410 35 7412 35 7394 35 7412 35 7419 35 7419 5185 7412 5185 7420 5185 7421 35 7399 35 7422 35 7418 35 7399 35 7398 35 7418 5186 7398 5186 7417 5186 7420 35 7423 35 7419 35 7419 35 7423 35 7424 35 7419 5187 7424 5187 7425 5187 7425 5188 7424 5188 7397 5188 7425 5189 7397 5189 7426 5189 7426 5190 7397 5190 7399 5190 7427 35 7428 35 7429 35 7429 35 7428 35 7430 35 7429 5191 7430 5191 7431 5191 7399 35 7432 35 7426 35 7426 5192 7432 5192 7433 5192 7426 35 7433 35 7434 35 7434 5193 7433 5193 7435 5193 7434 35 7435 35 7436 35 7436 5194 7435 5194 7427 5194 7436 5195 7427 5195 7437 5195 7437 5196 7427 5196 7429 5196 7437 35 7429 35 7438 35 7438 35 7429 35 7439 35 7438 5197 7439 5197 7440 5197 7440 35 7439 35 7407 35 7440 35 7407 35 7441 35 7441 35 7407 35 7406 35 7430 5198 7442 5198 7431 5198 7431 5199 7442 5199 7443 5199 7431 35 7443 35 7444 35 7444 5200 7443 5200 7445 5200 7444 5201 7445 5201 7446 5201 7421 5202 7447 5202 7399 5202 7399 5203 7447 5203 7448 5203 7399 35 7448 35 7449 35 7449 35 7448 35 7450 35 7413 5204 7400 5204 7451 5204 7451 35 7400 35 7452 35 7451 5205 7452 5205 7453 5205 7453 5206 7452 5206 7454 5206 7453 35 7454 35 7455 35 7455 5207 7454 5207 7444 5207 7455 5208 7444 5208 7450 5208 7450 35 7444 35 7446 35 7450 5209 7446 5209 7449 5209 7456 5210 7457 5210 7458 5210 7459 5211 7460 5211 7461 5211 7459 5212 7461 5212 7462 5212 7463 5213 7464 5213 7465 5213 7463 5214 7465 5214 7466 5214 7467 5215 7468 5215 7469 5215 7467 5216 7469 5216 7470 5216 7471 5217 7472 5217 7473 5217 7471 5217 7473 5217 7474 5217 7475 5218 7476 5218 7477 5218 7475 5219 7477 5219 7478 5219 7479 5220 7480 5220 7481 5220 7479 5220 7481 5220 7482 5220 7483 5221 7484 5221 7485 5221 7483 5222 7485 5222 7486 5222 7487 5223 7488 5223 7489 5223 7487 5224 7489 5224 7490 5224 7491 5225 7492 5225 7493 5225 7491 5226 7493 5226 7494 5226 7495 5227 7496 5227 7497 5227 7495 5228 7497 5228 7498 5228 7499 5229 7500 5229 7501 5229 7499 5230 7501 5230 7502 5230 7456 5231 7503 5231 7457 5231 7504 35 7505 35 7506 35 7506 35 7505 35 7507 35 7506 35 7507 35 7508 35 7509 35 7510 35 7506 35 7506 5232 7510 5232 7511 5232 7506 5233 7511 5233 7504 5233 7512 35 7513 35 7506 35 7506 5234 7513 5234 7514 5234 7506 5235 7514 5235 7509 5235 7508 35 7515 35 7506 35 7506 5236 7515 5236 7516 5236 7506 5237 7516 5237 7512 5237 7517 5210 7518 5210 7519 5210 7520 5238 7521 5238 7522 5238 7520 5239 7522 5239 7523 5239 7524 5213 7525 5213 7526 5213 7524 5240 7526 5240 7527 5240 7528 5215 7529 5215 7530 5215 7528 5216 7530 5216 7531 5216 7532 5241 7533 5241 7534 5241 7532 5242 7534 5242 7535 5242 7536 5243 7537 5243 7538 5243 7536 5244 7538 5244 7539 5244 7540 5245 7541 5245 7542 5245 7540 5246 7542 5246 7543 5246 7544 5247 7545 5247 7546 5247 7544 5248 7546 5248 7547 5248 7548 5249 7549 5249 7550 5249 7548 5250 7550 5250 7551 5250 7552 5225 7553 5225 7554 5225 7552 5251 7554 5251 7555 5251 7556 5252 7557 5252 7558 5252 7556 5253 7558 5253 7559 5253 7560 5254 7561 5254 7562 5254 7560 5255 7562 5255 7563 5255 7517 5256 7564 5256 7518 5256 7565 5257 7566 5257 7567 5257 7567 35 7566 35 7568 35 7567 5258 7568 5258 7569 5258 7570 35 7571 35 7567 35 7567 5259 7571 5259 7572 5259 7567 5260 7572 5260 7565 5260 7573 35 7574 35 7567 35 7567 5236 7574 5236 7575 5236 7567 35 7575 35 7570 35 7569 35 7576 35 7567 35 7567 5257 7576 5257 7577 5257 7567 5261 7577 5261 7573 5261 7578 5210 7579 5210 7580 5210 7581 5262 7582 5262 7583 5262 7581 5263 7583 5263 7584 5263 7585 5264 7586 5264 7587 5264 7585 5265 7587 5265 7588 5265 7589 5215 7590 5215 7591 5215 7589 5266 7591 5266 7592 5266 7593 5267 7594 5267 7595 5267 7593 5267 7595 5267 7596 5267 7597 5243 7598 5243 7599 5243 7597 5244 7599 5244 7600 5244 7601 5268 7602 5268 7603 5268 7601 5220 7603 5220 7604 5220 7605 5269 7606 5269 7607 5269 7605 5270 7607 5270 7608 5270 7609 5271 7610 5271 7611 5271 7609 5272 7611 5272 7612 5272 7613 5225 7614 5225 7615 5225 7613 5251 7615 5251 7616 5251 7617 5273 7618 5273 7619 5273 7617 5274 7619 5274 7620 5274 7621 5275 7622 5275 7623 5275 7621 5276 7623 5276 7624 5276 7578 5256 7625 5256 7579 5256 7626 35 7627 35 7628 35 7628 35 7627 35 7629 35 7628 5258 7629 5258 7630 5258 7631 35 7632 35 7628 35 7628 5258 7632 5258 7633 5258 7628 5277 7633 5277 7626 5277 7634 5278 7635 5278 7628 5278 7628 5279 7635 5279 7636 5279 7628 5280 7636 5280 7631 5280 7630 35 7637 35 7628 35 7628 5257 7637 5257 7638 5257 7628 5281 7638 5281 7634 5281 7639 5210 7640 5210 7641 5210 7642 5282 7643 5282 7644 5282 7642 5263 7644 5263 7645 5263 7646 5265 7647 5265 7648 5265 7646 5264 7648 5264 7649 5264 7650 5283 7651 5283 7652 5283 7650 5284 7652 5284 7653 5284 7654 5285 7655 5285 7656 5285 7654 5286 7656 5286 7657 5286 7658 5287 7659 5287 7660 5287 7658 5288 7660 5288 7661 5288 7662 5289 7663 5289 7664 5289 7662 5290 7664 5290 7665 5290 7666 5221 7667 5221 7668 5221 7666 5291 7668 5291 7669 5291 7670 5271 7671 5271 7672 5271 7670 5224 7672 5224 7673 5224 7674 5225 7675 5225 7676 5225 7674 5251 7676 5251 7677 5251 7678 5292 7679 5292 7680 5292 7678 5228 7680 5228 7681 5228 7682 5229 7683 5229 7684 5229 7682 5230 7684 5230 7685 5230 7639 5231 7686 5231 7640 5231 7687 35 7688 35 7689 35 7689 5259 7688 5259 7690 5259 7689 5293 7690 5293 7691 5293 7692 35 7693 35 7689 35 7689 5278 7693 5278 7694 5278 7689 5294 7694 5294 7687 5294 7695 5295 7696 5295 7689 5295 7689 5296 7696 5296 7697 5296 7689 5297 7697 5297 7692 5297 7691 35 7698 35 7689 35 7689 5298 7698 5298 7699 5298 7689 5299 7699 5299 7695 5299 7700 5300 7701 5300 7702 5300 7703 5301 7704 5301 7705 5301 7706 1351 7707 1351 7708 1351 7709 1351 7710 1351 7711 1351 7712 1351 7713 1351 7714 1351 7715 1351 7716 1351 7717 1351 7718 5302 7719 5302 7720 5302 7715 1351 7717 1351 7720 1351 7719 5303 7718 5303 7721 5303 7721 1351 7718 1351 7708 1351 7721 5304 7708 5304 7722 5304 7722 5305 7708 5305 7707 5305 7722 5306 7707 5306 7723 5306 7714 1351 7713 1351 7724 1351 7724 5307 7713 5307 7725 5307 7724 5308 7725 5308 7726 5308 7727 1351 7725 1351 7728 1351 7727 1351 7728 1351 7723 1351 7723 1351 7728 1351 7729 1351 7723 5309 7729 5309 7722 5309 7712 1351 7714 1351 7730 1351 7730 1351 7714 1351 7731 1351 7730 1351 7731 1351 7716 1351 7732 1351 7733 1351 7734 1351 7735 1351 7736 1351 7737 1351 7735 5310 7738 5310 7739 5310 7739 5311 7738 5311 7740 5311 7737 1351 7736 1351 7741 1351 7741 5312 7736 5312 7742 5312 7741 5313 7742 5313 7743 5313 7742 5314 7744 5314 7743 5314 7743 1351 7744 1351 7745 1351 7743 1351 7745 1351 7746 1351 7746 5315 7745 5315 7747 5315 7746 1351 7747 1351 7748 1351 7748 5316 7747 5316 7749 5316 7748 5317 7749 5317 7750 5317 7751 1351 7752 1351 7753 1351 7753 5318 7752 5318 7754 5318 7753 1351 7754 1351 7755 1351 7755 1351 7754 1351 7756 1351 7755 1351 7756 1351 7757 1351 7758 5319 7759 5319 7760 5319 7758 1351 7760 1351 7761 1351 7756 1351 7762 1351 7757 1351 7757 1351 7762 1351 7763 1351 7757 5320 7763 5320 7764 5320 7764 1351 7763 1351 7761 1351 7764 1351 7761 1351 7765 1351 7765 1351 7761 1351 7760 1351 7766 1351 7767 1351 7768 1351 7767 1351 7766 1351 7769 1351 7769 1351 7766 1351 7770 1351 7769 5321 7770 5321 7771 5321 7771 1351 7770 1351 7711 1351 7771 1351 7711 1351 7751 1351 7751 1351 7711 1351 7710 1351 7751 1351 7710 1351 7752 1351 7772 1351 7773 1351 7774 1351 7774 5322 7773 5322 7775 5322 7775 1351 7773 1351 7776 1351 7775 5323 7776 5323 7777 5323 7777 1351 7776 1351 7778 1351 7777 1351 7778 1351 7779 1351 7779 1351 7778 1351 7780 1351 7779 1351 7780 1351 7781 1351 7782 1351 7783 1351 7784 1351 7784 1351 7783 1351 7785 1351 7784 5324 7785 5324 7786 5324 7786 5325 7785 5325 7787 5325 7786 5326 7787 5326 7788 5326 7789 1351 7790 1351 7791 1351 7791 1351 7790 1351 7761 1351 7762 1351 7772 1351 7763 1351 7763 1351 7772 1351 7774 1351 7763 1351 7774 1351 7761 1351 7761 5327 7774 5327 7792 5327 7761 5328 7792 5328 7791 5328 7793 5329 7794 5329 7795 5329 7793 1351 7795 1351 7796 1351 7797 1351 7798 1351 7786 1351 7799 5330 7800 5330 7801 5330 7795 1351 7802 1351 7796 1351 7796 1351 7802 1351 7803 1351 7796 1351 7803 1351 7804 1351 7804 5331 7803 5331 7805 5331 7804 1351 7805 1351 7806 1351 7806 5332 7805 5332 7807 5332 7806 1351 7807 1351 7808 1351 7798 1351 7809 1351 7786 1351 7786 5333 7809 5333 7810 5333 7786 5334 7810 5334 7799 5334 7799 5335 7810 5335 7811 5335 7799 5336 7811 5336 7800 5336 7807 5337 7812 5337 7808 5337 7808 1351 7812 1351 7797 1351 7808 1351 7797 1351 7813 1351 7813 1351 7797 1351 7786 1351 7813 1351 7786 1351 7781 1351 7781 1351 7786 1351 7788 1351 7781 5338 7788 5338 7779 5338 7814 5339 7815 5339 7708 5339 7708 5340 7815 5340 7816 5340 7708 5341 7816 5341 7706 5341 7817 1351 7818 1351 7819 1351 7819 1351 7818 1351 7820 1351 7820 1351 7818 1351 7821 1351 7820 5342 7821 5342 7822 5342 7823 5343 7824 5343 7825 5343 7826 1351 7827 1351 7824 1351 7824 1351 7827 1351 7828 1351 7824 1351 7828 1351 7825 1351 7822 1351 7821 1351 7829 1351 7829 5344 7821 5344 7830 5344 7829 1351 7830 1351 7831 1351 7831 5345 7830 5345 7832 5345 7831 1351 7832 1351 7824 1351 7824 1351 7832 1351 7833 1351 7824 5346 7833 5346 7826 5346 7825 1351 7834 1351 7823 1351 7823 1351 7834 1351 7835 1351 7823 1351 7835 1351 7836 1351 7836 1351 7835 1351 7837 1351 7837 5347 7835 5347 7838 5347 7837 1351 7838 1351 7839 1351 7840 1351 7841 1351 7842 1351 7842 5348 7841 5348 7843 5348 7842 1351 7843 1351 7838 1351 7838 5349 7843 5349 7844 5349 7838 5350 7844 5350 7839 5350 7845 1351 7846 1351 7847 1351 7847 1351 7846 1351 7848 1351 7849 1351 7850 1351 7784 1351 7784 5351 7850 5351 7851 5351 7784 1351 7851 1351 7852 1351 7852 1351 7851 1351 7845 1351 7845 1351 7853 1351 7854 1351 7845 1351 7854 1351 7846 1351 7855 5352 7841 5352 7856 5352 7856 5353 7841 5353 7840 5353 7856 1351 7840 1351 7857 1351 7857 5354 7840 5354 7858 5354 7857 5355 7858 5355 7859 5355 7859 1351 7858 1351 7860 1351 7859 1351 7860 1351 7861 1351 7861 1351 7860 1351 7862 1351 7861 1351 7862 1351 7863 1351 7863 1351 7862 1351 7864 1351 7863 5356 7864 5356 7865 5356 7852 5357 7866 5357 7784 5357 7784 5358 7866 5358 7867 5358 7784 5359 7867 5359 7868 5359 7789 1351 7782 1351 7790 1351 7790 5360 7782 5360 7784 5360 7790 1351 7784 1351 7869 1351 7869 1351 7784 1351 7868 1351 7865 1351 7870 1351 7863 1351 7863 1351 7870 1351 7871 1351 7863 1351 7871 1351 7848 1351 7848 1351 7871 1351 7872 1351 7848 5361 7872 5361 7847 5361 7735 5362 7737 5362 7738 5362 7738 1351 7737 1351 7873 1351 7738 1351 7873 1351 7799 1351 7700 1351 7702 1351 7874 1351 7759 1351 7758 1351 7768 1351 7768 1351 7758 1351 7875 1351 7768 1351 7875 1351 7766 1351 7766 1351 7875 1351 7876 1351 7766 5363 7876 5363 7877 5363 7718 1351 7878 1351 7879 1351 7880 1351 7881 1351 7882 1351 7882 5364 7881 5364 7883 5364 7882 5365 7883 5365 7884 5365 7885 5366 7732 5366 7738 5366 7738 5367 7732 5367 7734 5367 7738 1351 7734 1351 7740 1351 7885 1351 7886 1351 7732 1351 7732 5368 7886 5368 7887 5368 7732 1351 7887 1351 7880 1351 7880 5369 7887 5369 7888 5369 7880 1351 7888 1351 7881 1351 7801 5370 7889 5370 7799 5370 7799 1351 7889 1351 7890 1351 7799 1351 7890 1351 7738 1351 7738 1351 7890 1351 7891 1351 7738 1351 7891 1351 7885 1351 7794 1351 7793 1351 7892 1351 7892 5371 7793 5371 7893 5371 7892 1351 7893 1351 7894 1351 7894 1351 7893 1351 7895 1351 7894 5372 7895 5372 7896 5372 7896 1351 7895 1351 7709 1351 7896 1351 7709 1351 7897 1351 7897 1351 7709 1351 7711 1351 7897 1351 7711 1351 7898 1351 7898 1351 7711 1351 7770 1351 7898 5373 7770 5373 7899 5373 7900 1351 7901 1351 7902 1351 7902 1351 7901 1351 7903 1351 7899 1351 7770 1351 7904 1351 7904 5374 7770 5374 7902 5374 7904 5375 7902 5375 7905 5375 7905 1351 7902 1351 7903 1351 7905 1351 7903 1351 7906 1351 7873 5376 7703 5376 7799 5376 7799 1351 7703 1351 7907 1351 7799 1351 7907 1351 7786 1351 7786 1351 7907 1351 7908 1351 7786 1351 7908 1351 7784 1351 7784 1351 7908 1351 7909 1351 7784 1351 7909 1351 7849 1351 7877 1351 7874 1351 7766 1351 7766 1351 7874 1351 7702 1351 7766 1351 7702 1351 7770 1351 7770 1351 7702 1351 7910 1351 7770 1351 7910 1351 7902 1351 7902 1351 7910 1351 7814 1351 7819 5377 7911 5377 7701 5377 7701 1351 7911 1351 7912 1351 7701 1351 7912 1351 7702 1351 7702 1351 7912 1351 7913 1351 7702 1351 7914 1351 7910 1351 7910 1351 7914 1351 7915 1351 7910 1351 7915 1351 7814 1351 7814 1351 7915 1351 7916 1351 7814 1351 7916 1351 7815 1351 7917 1351 7918 1351 7718 1351 7718 5378 7918 5378 7919 5378 7718 1351 7919 1351 7708 1351 7708 5379 7919 5379 7920 5379 7708 5380 7920 5380 7921 5380 7922 1351 7814 1351 7923 1351 7923 1351 7814 1351 7708 1351 7923 1351 7708 1351 7924 1351 7924 5381 7708 5381 7921 5381 7879 1351 7900 1351 7718 1351 7718 1351 7900 1351 7902 1351 7718 1351 7902 1351 7917 1351 7917 1351 7902 1351 7925 1351 7922 1351 7926 1351 7814 1351 7814 5382 7926 5382 7927 5382 7814 1351 7927 1351 7902 1351 7902 5383 7927 5383 7928 5383 7902 5384 7928 5384 7925 5384 7720 5385 7717 5385 7718 5385 7718 1351 7717 1351 7882 1351 7718 1351 7882 1351 7878 1351 7878 5386 7882 5386 7884 5386 7878 5387 7884 5387 7879 5387 7716 1351 7731 1351 7717 1351 7717 1351 7731 1351 7929 1351 7717 1351 7929 1351 7882 1351 7882 1351 7929 1351 7930 1351 7882 1351 7930 1351 7880 1351 7880 1351 7930 1351 7748 1351 7880 1351 7748 1351 7732 1351 7732 5388 7748 5388 7750 5388 7732 1351 7750 1351 7733 1351 7931 35 7932 35 7933 35 7934 35 7935 35 7936 35 7937 35 7938 35 7939 35 7940 5389 7941 5389 7942 5389 7943 35 7944 35 7945 35 7946 5390 7947 5390 7948 5390 7949 35 7950 35 7951 35 7951 35 7950 35 7952 35 7953 35 7954 35 7955 35 7945 5391 7944 5391 7933 5391 7933 35 7944 35 7956 35 7933 5392 7956 5392 7931 5392 7941 5393 7940 5393 7957 5393 7957 35 7940 35 7958 35 7957 35 7958 35 7959 35 7960 35 7961 35 7962 35 7962 35 7961 35 7963 35 7964 5394 7965 5394 7966 5394 7967 5395 7968 5395 7969 5395 7969 5396 7968 5396 7970 5396 7969 35 7970 35 7971 35 7971 5397 7970 5397 7972 5397 7973 35 7974 35 7958 35 7958 5398 7974 5398 7975 5398 7958 35 7975 35 7959 35 7976 35 7977 35 7978 35 7978 5399 7977 5399 7979 5399 7978 35 7979 35 7980 35 7980 5400 7979 5400 7981 5400 7980 35 7981 35 7982 35 7982 5401 7981 5401 7983 5401 7982 35 7983 35 7984 35 7984 5402 7983 5402 7985 5402 7963 5403 7961 5403 7986 5403 7986 35 7961 35 7985 35 7986 35 7985 35 7987 35 7987 35 7985 35 7983 35 7987 35 7983 35 7964 35 7964 35 7983 35 7988 35 7964 5404 7988 5404 7965 5404 7989 35 7990 35 7991 35 7991 5405 7990 5405 7992 5405 7991 35 7992 35 7993 35 7994 35 7995 35 7996 35 7997 35 7998 35 7999 35 7973 35 8000 35 7974 35 7974 5406 8000 5406 8001 5406 7974 35 8001 35 8002 35 7997 5407 7999 5407 8003 5407 8004 35 8005 35 8006 35 7953 5408 7955 5408 8007 5408 8007 35 7955 35 8008 35 8007 5409 8008 5409 8009 5409 7996 35 8010 35 8011 35 8011 5410 8010 5410 7993 5410 8011 5411 7993 5411 8012 5411 8013 35 8014 35 8015 35 8015 5412 8014 5412 8016 5412 8015 5413 8016 5413 7936 5413 7936 5414 8016 5414 8017 5414 7936 5415 8017 5415 7934 5415 7992 35 7974 35 7993 35 7993 5416 7974 5416 8002 5416 7993 35 8002 35 8012 35 8012 35 8002 35 8014 35 8012 5417 8014 5417 8018 5417 8018 35 8014 35 8013 35 7948 5418 7940 5418 7946 5418 7946 35 7940 35 7942 35 7946 35 8019 35 8020 35 8020 5419 8019 5419 8021 5419 8020 35 8021 35 8022 35 8022 5420 8021 5420 8023 5420 8022 35 8023 35 8024 35 8025 35 8026 35 8027 35 8027 35 8026 35 8028 35 8029 5421 8030 5421 7967 5421 7970 35 8031 35 7972 35 7972 5422 8031 5422 8032 5422 7972 35 8032 35 8033 35 8024 5423 8034 5423 8022 5423 8022 5424 8034 5424 8035 5424 8022 5425 8035 5425 7939 5425 7949 35 8025 35 7950 35 7950 5426 8025 5426 8027 5426 7950 5427 8027 5427 7945 5427 7945 35 8027 35 8036 35 7945 5428 8036 5428 8037 5428 8038 35 8039 35 8006 35 8006 5429 8039 5429 8040 5429 8006 5430 8040 5430 8004 5430 7939 35 7938 35 8041 35 8041 35 7938 35 8042 35 8041 5431 8042 5431 8043 5431 7989 35 8044 35 8037 35 8037 35 8044 35 7964 35 8037 35 7964 35 7945 35 7945 5432 7964 5432 7966 5432 7945 5433 7966 5433 7943 5433 8029 35 8045 35 8030 35 8030 35 8045 35 8046 35 8030 5434 8046 5434 8047 5434 8047 35 8046 35 8048 35 8047 35 8048 35 7939 35 7939 35 8048 35 8049 35 7939 35 8049 35 7937 35 7967 35 7969 35 8029 35 8029 5435 7969 5435 8050 5435 8029 35 8050 35 8051 35 8052 35 8053 35 8008 35 8054 5436 8033 5436 8055 5436 8055 35 8033 35 8032 35 8055 35 8032 35 8023 35 8023 5437 8056 5437 8057 5437 8023 5438 8057 5438 8024 5438 8051 35 8052 35 8058 35 8058 5439 8052 5439 8008 5439 8058 5440 8008 5440 8059 5440 8059 35 8008 35 8003 35 8059 5441 8003 5441 8060 5441 8060 5442 8003 5442 7999 5442 8009 5443 8008 5443 8061 5443 8061 5444 8008 5444 8053 5444 8061 35 8053 35 8062 35 8062 5445 8053 5445 8063 5445 8062 35 8063 35 8038 35 8038 5446 8063 5446 8064 5446 8038 35 8064 35 8039 35 8026 35 8006 35 8028 35 8028 5447 8006 5447 8005 5447 8028 35 8005 35 8065 35 8065 5448 8005 5448 8066 5448 8065 35 8066 35 8054 35 8054 5449 8066 5449 8067 5449 8054 5450 8067 5450 8033 5450 8068 5451 8069 5451 8070 5452 8068 5451 8070 5452 8071 5452 8072 5453 8073 5453 8074 5453 8072 5454 8074 5454 8075 5454 8076 5455 8077 5455 8078 5455 8076 5456 8078 5456 8079 5456 8080 5457 8081 5457 8082 5457 8080 5458 8082 5458 8083 5458 8084 5459 8085 5459 8086 5459 8084 5460 8086 5460 8087 5460 8088 5461 8089 5461 8090 5461 8088 5462 8090 5462 8091 5462 8092 5463 8093 5464 8094 5465 8092 5463 8094 5465 8095 5466 8096 5467 8097 5468 8098 5469 8096 5467 8098 5469 8099 5470 8100 5471 8101 5471 8102 5471 8100 5472 8102 5472 8103 5472 8104 5473 8105 5473 8106 5473 8104 5474 8106 5474 8107 5474 8108 5475 8109 5475 8110 5475 8108 5476 8110 5476 8111 5476 8112 5477 8113 5477 8114 5477 8112 5478 8114 5478 8115 5478 8116 5479 8117 5479 8118 5479 8116 5480 8118 5480 8119 5480 8120 5481 8121 5481 8122 5482 8120 5481 8122 5482 8123 5482 8124 5483 8125 5484 8126 5485 8126 5485 8127 5486 8124 5483 8128 5487 8129 5487 8130 5487 8128 5487 8130 5487 8131 5487 8132 5488 8133 5488 8134 5488 8132 5489 8134 5489 8135 5489 8136 5490 8137 5490 8138 5490 8136 5491 8138 5491 8139 5491 8140 5492 8141 5492 8142 5492 8140 5493 8142 5493 8143 5493 8144 5494 8145 5494 8146 5494 8144 5495 8146 5495 8147 5495 8148 5496 8149 5496 8150 5496 8148 5496 8150 5496 8151 5496 8152 5497 8153 5498 8154 5497 8155 5499 8153 5500 8156 5501 8155 5499 8156 5501 8157 5502 8157 5502 8156 5501 8158 5503 8158 5503 8156 5501 8159 2605 8158 5503 8159 2605 8160 5504 8161 5505 8162 5505 8163 5505 8161 5506 8163 5506 8164 5506 8165 5507 8166 5507 8167 5507 8165 5508 8167 5508 8168 5508 8169 5509 8170 5509 8171 5509 8169 5510 8171 5510 8172 5510 8173 5511 8126 5485 8125 5484 8173 5511 8125 5484 8174 5512 8175 5513 8176 5514 8177 5515 8177 5516 8178 5517 8179 5518 8180 5519 8181 5520 8182 5521 8182 5521 8183 5492 8180 5519 8184 5495 8185 5495 8186 5495 8184 5495 8186 5495 8187 5495 8188 5496 8189 5496 8190 5496 8188 5522 8190 5522 8191 5522 8192 5523 8193 5523 8194 5523 8192 5524 8194 5524 8195 5524 8196 5525 8197 5525 8198 5525 8196 5526 8198 5526 8199 5526 8200 5527 8201 5527 8202 5527 8200 5528 8202 5528 8203 5528 8204 5529 8205 5530 8179 5518 8204 5529 8179 5518 8206 5531 8206 5531 8179 5518 8178 5517 8175 5513 8177 5515 8207 5532 8208 5533 8209 5533 8210 5533 8208 5534 8210 5534 8211 5534 8212 5535 8213 5535 8214 5535 8212 5536 8214 5536 8215 5536 8216 5537 8217 5537 8218 5537 8216 5538 8218 5538 8219 5538 8220 5539 8221 5540 8222 5541 8220 5539 8222 5541 8223 5542 8223 5542 8222 5541 8181 5543 8223 5542 8181 5543 8224 5544 8225 5545 8226 5546 8227 5547 8227 5547 8226 5546 8228 5548 8229 5549 8230 5549 8231 5549 8231 5549 8230 5549 8232 5549 8233 5550 8234 5550 8235 5550 8234 5550 8236 5550 8235 5550 8237 5551 8238 5552 8239 5553 8237 5551 8239 5553 8240 5554 8240 5554 8239 5553 8241 5555 8240 5554 8241 5555 8242 5556 8242 5556 8241 5555 8243 5557 8244 5558 8245 5558 8246 5558 8246 5559 8245 5559 8247 5559 8248 5560 8249 5560 8250 5560 8250 5561 8249 5561 8251 5561 8252 5562 8253 5562 8254 5562 8254 5562 8253 5562 8255 5562 8256 5563 8257 5563 8258 5563 8258 5563 8257 5563 8259 5563 8260 5564 8261 5564 8262 5564 8262 5565 8261 5565 8263 5565 8264 5566 8265 5566 8266 5566 8266 5567 8265 5567 8267 5567 8268 5568 8269 5569 8225 5545 8225 5545 8269 5569 8270 5570 8225 5545 8270 5570 8226 5546 8271 5571 8272 5572 8273 5573 8273 5573 8274 5574 8271 5571 8271 5571 8274 5574 8275 5575 8271 5571 8275 5575 8276 5576 8276 5576 8275 5575 8277 5577 8276 5576 8277 5577 8278 5578 8278 5578 8277 5577 8279 5579 8278 5578 8279 5579 8280 5580 8280 5580 8279 5579 8281 5581 8280 5580 8281 5581 8282 5582 8282 5582 8281 5581 8283 5583 8282 5582 8283 5583 8284 5584 8284 5584 8283 5583 8285 5585 8284 5584 8285 5585 8286 5586 8286 5586 8285 5585 8287 5587 8286 5586 8287 5587 8288 5588 8288 5588 8287 5587 8289 5589 8288 5588 8289 5589 8290 5590 8290 5590 8289 5589 8291 5591 8290 5590 8291 5591 8292 5592 8292 5592 8291 5591 8293 5593 8292 5592 8293 5593 8294 5594 8294 5594 8293 5593 8295 5595 8294 5594 8295 5595 8272 5572 8272 5572 8295 5595 8296 5596 8272 5572 8296 5596 8273 5573 8297 5597 8298 5598 8299 5599 8299 5599 8298 5598 8300 5600 8301 5601 8302 5601 8303 5601 8303 5601 8302 5601 8304 5601 8305 5537 8306 5537 8307 5537 8306 5537 8308 5537 8307 5537 8309 5602 8310 5603 8311 5604 8309 5602 8311 5604 8312 5605 8312 5605 8311 5604 8313 5606 8312 5605 8313 5606 8314 5607 8314 5607 8313 5606 8315 5534 8316 5608 8317 5608 8318 5608 8318 5609 8317 5609 8319 5609 8320 5610 8321 5610 8322 5610 8322 5611 8321 5611 8323 5611 8324 5612 8325 5612 8326 5612 8326 5613 8325 5613 8327 5613 8328 5614 8329 5614 8330 5614 8330 5615 8329 5615 8331 5615 8332 5616 8333 5616 8334 5616 8334 5617 8333 5617 8335 5617 8336 5618 8337 5618 8338 5618 8338 5619 8337 5619 8339 5619 8340 5620 8341 5621 8297 5597 8297 5597 8341 5621 8342 5622 8297 5597 8342 5622 8298 5598 8343 5623 8344 5624 8345 5625 8345 5625 8346 5626 8343 5623 8343 5623 8346 5626 8347 5627 8343 5623 8347 5627 8348 5628 8348 5628 8347 5627 8349 5629 8348 5628 8349 5629 8350 5630 8350 5630 8349 5629 8351 5631 8350 5630 8351 5631 8352 5632 8352 5632 8351 5631 8353 5633 8352 5632 8353 5633 8354 5634 8354 5634 8353 5633 8355 5635 8354 5634 8355 5635 8356 5636 8356 5636 8355 5635 8357 5637 8356 5636 8357 5637 8358 5638 8358 5638 8357 5637 8359 5639 8358 5638 8359 5639 8360 5640 8360 5640 8359 5639 8361 5641 8360 5640 8361 5641 8362 5642 8362 5642 8361 5641 8363 5643 8362 5642 8363 5643 8364 5644 8364 5644 8363 5643 8365 5645 8364 5644 8365 5645 8366 5646 8366 5646 8365 5645 8367 5647 8366 5646 8367 5647 8344 5624 8344 5624 8367 5647 8368 5648 8344 5624 8368 5648 8345 5625 8369 5649 8370 5650 8371 5651 8371 5651 8370 5650 8372 5652 8373 5601 8374 5601 8375 5601 8375 5601 8374 5601 8376 5601 8377 5537 8378 5537 8379 5537 8378 5537 8380 5537 8379 5537 8381 5653 8382 5654 8383 5655 8381 5653 8383 5655 8384 5656 8384 5656 8383 5655 8385 5657 8384 5656 8385 5657 8386 5658 8386 5658 8385 5657 8387 5659 8388 5660 8389 5660 8390 5660 8390 5661 8389 5661 8391 5661 8392 5662 8393 5662 8394 5662 8394 5611 8393 5611 8395 5611 8396 5612 8397 5612 8398 5612 8398 5613 8397 5613 8399 5613 8400 5614 8401 5614 8402 5614 8402 5615 8401 5615 8403 5615 8404 5616 8405 5616 8406 5616 8406 5663 8405 5663 8407 5663 8408 5664 8409 5664 8410 5664 8410 5665 8409 5665 8411 5665 8412 5666 8413 5667 8369 5649 8369 5649 8413 5667 8414 5668 8369 5649 8414 5668 8370 5650 8415 5669 8416 5670 8417 5671 8417 5671 8418 5672 8415 5669 8415 5669 8418 5672 8419 5673 8415 5669 8419 5673 8420 5674 8420 5674 8419 5673 8421 5675 8420 5674 8421 5675 8422 5676 8422 5676 8421 5675 8423 5677 8422 5676 8423 5677 8424 5678 8424 5678 8423 5677 8425 5679 8424 5678 8425 5679 8426 5680 8426 5680 8425 5679 8427 5681 8426 5680 8427 5681 8428 5682 8428 5682 8427 5681 8429 5683 8428 5682 8429 5683 8430 5684 8430 5684 8429 5683 8431 5685 8430 5684 8431 5685 8432 5686 8432 5686 8431 5685 8433 5687 8432 5686 8433 5687 8434 5688 8434 5688 8433 5687 8435 5689 8434 5688 8435 5689 8436 5690 8436 5690 8435 5689 8437 5691 8436 5690 8437 5691 8438 5692 8438 5692 8437 5691 8439 5693 8438 5692 8439 5693 8416 5670 8416 5670 8439 5693 8440 5694 8416 5670 8440 5694 8417 5671 8441 5695 8442 5696 8443 5697 8443 5697 8442 5696 8444 5698 8443 5697 8444 5698 8445 5699 8445 5699 8444 5698 8446 5619 8447 5620 8448 5620 8449 5620 8449 5700 8448 5700 8450 5700 8451 5701 8452 5701 8453 5701 8453 5702 8452 5702 8454 5702 8455 5703 8456 5703 8457 5703 8457 5704 8456 5704 8458 5704 8459 5705 8460 5705 8461 5705 8461 5706 8460 5706 8462 5706 8463 5707 8464 5707 8465 5707 8465 5708 8464 5708 8466 5708 8467 5709 8468 5709 8469 5709 8469 5534 8468 5534 8470 5534 8471 5608 8472 5710 8473 5711 8472 5710 8474 5712 8473 5711 8473 5711 8474 5712 8475 5713 8473 5711 8475 5713 8476 5714 8476 5714 8475 5713 8477 5715 8478 5505 8479 5505 8480 5505 8480 5505 8479 5505 8481 5505 8482 5716 8483 5716 8484 5716 8484 5716 8483 5716 8485 5716 8441 5695 8486 5717 8442 5696 8487 5718 8488 5719 8489 5720 8489 5720 8490 5721 8487 5718 8487 5718 8490 5721 8491 5722 8487 5718 8491 5722 8492 5723 8492 5723 8491 5722 8493 5724 8492 5723 8493 5724 8494 5725 8494 5725 8493 5724 8495 5726 8494 5725 8495 5726 8496 5727 8496 5727 8495 5726 8497 5728 8496 5727 8497 5728 8498 5729 8498 5729 8497 5728 8499 5730 8498 5729 8499 5730 8500 5731 8500 5731 8499 5730 8501 5732 8500 5731 8501 5732 8502 5733 8502 5733 8501 5732 8503 5734 8502 5733 8503 5734 8504 5735 8504 5735 8503 5734 8505 5736 8504 5735 8505 5736 8506 5737 8506 5737 8505 5736 8507 5738 8506 5737 8507 5738 8508 5739 8508 5739 8507 5738 8509 5740 8508 5739 8509 5740 8510 5741 8510 5741 8509 5740 8511 5742 8510 5741 8511 5742 8488 5719 8488 5719 8511 5742 8512 5743 8488 5719 8512 5743 8489 5720 8513 5744 8514 5745 8515 5746 8515 5746 8514 5745 8516 5747 8515 5746 8516 5747 8517 5748 8517 5748 8516 5747 8518 5665 8519 5666 8520 5666 8521 5666 8521 5749 8520 5749 8522 5749 8523 5701 8524 5701 8525 5701 8525 5750 8524 5750 8526 5750 8527 5703 8528 5703 8529 5703 8529 5704 8528 5704 8530 5704 8531 5705 8532 5705 8533 5705 8533 5706 8532 5706 8534 5706 8535 5560 8536 5560 8537 5560 8537 5708 8536 5708 8538 5708 8539 5751 8540 5751 8541 5751 8541 5659 8540 5659 8542 5659 8543 5660 8544 5752 8545 5753 8544 5752 8546 5754 8545 5753 8545 5753 8546 5754 8547 5755 8545 5753 8547 5755 8548 5756 8548 5756 8547 5755 8549 5757 8550 5505 8551 5505 8552 5505 8552 5505 8551 5505 8553 5505 8554 5716 8555 5716 8556 5716 8556 5716 8555 5716 8557 5716 8513 5744 8558 5758 8514 5745 8559 5759 8560 5760 8561 5761 8561 5761 8562 5762 8559 5759 8559 5759 8562 5762 8563 5763 8559 5759 8563 5763 8564 5764 8564 5764 8563 5763 8565 5765 8564 5764 8565 5765 8566 5766 8566 5766 8565 5765 8567 5767 8566 5766 8567 5767 8568 5768 8568 5768 8567 5767 8569 5769 8568 5768 8569 5769 8570 5770 8570 5770 8569 5769 8571 5771 8570 5770 8571 5771 8572 5772 8572 5772 8571 5771 8573 5773 8572 5772 8573 5773 8574 5774 8574 5774 8573 5773 8575 5775 8574 5774 8575 5775 8576 5776 8576 5776 8575 5775 8577 5777 8576 5776 8577 5777 8578 5778 8578 5778 8577 5777 8579 5779 8578 5778 8579 5779 8580 5780 8580 5780 8579 5779 8581 5781 8580 5780 8581 5781 8582 5782 8582 5782 8581 5781 8583 5783 8582 5782 8583 5783 8560 5760 8560 5760 8583 5783 8584 5784 8560 5760 8584 5784 8561 5761 8585 5785 8586 5785 8587 5785 8587 5785 8586 5785 8588 5785 8589 5530 8590 5530 8591 5530 8591 5786 8590 5786 8592 5786 8593 5787 8594 5787 8595 5787 8595 5788 8594 5788 8596 5788 8597 5789 8598 5789 8599 5789 8599 2380 8598 2380 8600 2380 8601 5560 8602 5560 8603 5560 8603 5487 8602 5487 8604 5487 8605 5790 8606 5790 8607 5790 8607 5791 8606 5791 8608 5791 8609 5792 8610 5792 8611 5792 8611 5793 8610 5793 8612 5793 8613 5794 8614 5794 8615 5794 8615 5795 8614 5795 8616 5795 8617 5796 8618 5796 8619 5796 8619 5621 8618 5621 8620 5621 8621 5797 8622 5797 8623 5797 8623 5798 8622 5798 8624 5798 8625 5617 8626 5617 8627 5617 8627 5617 8626 5617 8628 5617 8629 5525 8630 5525 8631 5525 8631 5799 8630 5799 8632 5799 8633 5800 8634 5801 8635 487 8635 487 8634 5801 8636 487 8635 487 8636 487 8637 5802 8638 5803 8639 5804 8640 0 8640 0 8639 5804 8641 5805 8640 0 8641 5805 8642 5806 8643 5807 8644 5808 8645 5809 8645 5809 8644 5808 8646 481 8645 5809 8646 481 8647 5810 8648 5811 8649 5812 8650 72 8650 72 8649 5812 8651 5813 8650 72 8651 5813 8652 5814 8634 5801 8633 5800 8653 5815 8653 5815 8633 5800 8654 5538 8655 5816 8656 5816 8657 5816 8657 5817 8656 5817 8658 5817 8659 5818 8660 5819 8641 5805 8641 5805 8660 5819 8642 5806 8645 5809 8647 5810 8661 5820 8661 5820 8647 5810 8662 5821 8663 5822 8664 5822 8665 5822 8665 5822 8664 5822 8666 5822 8667 5823 8668 5824 8651 5813 8651 5813 8668 5824 8652 5814 8649 5812 8648 5811 8669 2385 8669 2385 8648 5811 8670 5825 8671 5826 8672 5826 8673 5826 8673 5826 8672 5826 8674 5826 8675 5827 8676 5827 8677 5827 8677 5828 8676 5828 8637 5829 8639 5804 8638 5803 8678 2451 8678 2451 8638 5803 8679 5830 8680 5831 8681 5831 8682 5831 8682 5832 8681 5832 8683 5832 8684 5833 8685 5834 8643 5807 8643 5807 8685 5834 8644 5808 8686 5835 8687 5835 8688 5835 8689 5836 8690 5836 8691 5836 8689 5837 8691 5837 8692 5837 8693 5838 8694 5838 8695 5838 8693 5839 8695 5839 8696 5839 8697 5840 8698 5840 8699 5840 8697 5841 8699 5841 8700 5841 8701 5842 8702 5842 8703 5842 8701 5843 8703 5843 8704 5843 8705 5844 8706 5844 8707 5844 8705 5845 8707 5845 8708 5845 8709 5846 8710 5846 8711 5846 8709 5506 8711 5506 8712 5506 8713 3918 8714 3918 8715 3918 8713 5847 8715 5847 8716 5847 8717 5848 8718 5848 8719 5848 8717 5849 8719 5849 8720 5849 8721 5850 8722 5850 8723 5850 8721 5851 8723 5851 8724 5851 8725 5852 8726 5852 8727 5852 8725 5560 8727 5560 8728 5560 8729 5537 8730 5537 8731 5537 8729 5538 8731 5538 8732 5538 8686 5540 8733 5540 8687 5540 8734 5853 8735 5853 8736 5853 8736 1351 8735 1351 8737 1351 8736 1351 8737 1351 8738 1351 8738 1351 8737 1351 8739 1351 8738 5854 8739 5854 8740 5854 8740 1351 8739 1351 8741 1351 8740 5855 8741 5855 8742 5855 8742 5856 8741 5856 8743 5856 8742 1351 8743 1351 8744 1351 8744 5856 8743 5856 8745 5856 8744 1351 8745 1351 8746 1351 8746 1351 8745 1351 8747 1351 8746 1351 8747 1351 8748 1351 8748 1351 8747 1351 8749 1351 8748 1351 8749 1351 8750 1351 8750 5857 8749 5857 8751 5857 8750 5858 8751 5858 8752 5858 8752 5859 8751 5859 8753 5859 8752 5860 8753 5860 8754 5860 8754 5861 8753 5861 8755 5861 8754 1351 8755 1351 8756 1351 8756 5861 8755 5861 8757 5861 8756 1351 8757 1351 8734 1351 8734 5862 8757 5862 8735 5862 8758 5835 8759 5835 8760 5835 8761 5836 8762 5836 8763 5836 8761 5863 8763 5863 8764 5863 8765 5864 8766 5864 8767 5864 8765 5865 8767 5865 8768 5865 8769 5866 8770 5866 8771 5866 8769 5867 8771 5867 8772 5867 8773 5868 8774 5868 8775 5868 8773 5843 8775 5843 8776 5843 8777 5844 8778 5844 8779 5844 8777 5504 8779 5504 8780 5504 8781 5505 8782 5505 8783 5505 8781 5506 8783 5506 8784 5506 8785 3918 8786 3918 8787 3918 8785 5565 8787 5565 8788 5565 8789 5869 8790 5869 8791 5869 8789 5870 8791 5870 8792 5870 8793 5871 8794 5871 8795 5871 8793 5872 8795 5872 8796 5872 8797 5873 8798 5873 8799 5873 8797 5560 8799 5560 8800 5560 8801 5537 8802 5537 8803 5537 8801 5874 8803 5874 8804 5874 8758 5875 8805 5875 8759 5875 8806 1351 8807 1351 8808 1351 8808 5876 8807 5876 8809 5876 8808 1351 8809 1351 8810 1351 8810 1351 8809 1351 8811 1351 8810 1351 8811 1351 8812 1351 8812 1351 8811 1351 8813 1351 8812 1351 8813 1351 8814 1351 8814 5877 8813 5877 8815 5877 8814 1351 8815 1351 8816 1351 8816 5878 8815 5878 8817 5878 8816 1351 8817 1351 8818 1351 8818 5879 8817 5879 8819 5879 8818 1351 8819 1351 8820 1351 8820 5880 8819 5880 8821 5880 8820 1351 8821 1351 8822 1351 8822 1351 8821 1351 8823 1351 8822 5881 8823 5881 8824 5881 8824 1351 8823 1351 8825 1351 8824 1351 8825 1351 8826 1351 8826 1351 8825 1351 8827 1351 8826 1351 8827 1351 8828 1351 8828 5882 8827 5882 8829 5882 8828 1351 8829 1351 8806 1351 8806 5883 8829 5883 8807 5883 8830 5884 8831 5884 8832 5884 8832 1351 8831 1351 8833 1351 8832 5885 8833 5885 8834 5885 8834 1351 8833 1351 8835 1351 8834 1351 8835 1351 8836 1351 8836 1351 8835 1351 8837 1351 8836 5886 8837 5886 8838 5886 8838 1351 8837 1351 8839 1351 8838 1351 8839 1351 8840 1351 8840 5856 8839 5856 8841 5856 8840 5887 8841 5887 8842 5887 8842 5888 8841 5888 8843 5888 8842 5889 8843 5889 8844 5889 8844 5859 8843 5859 8845 5859 8844 1351 8845 1351 8846 1351 8846 1351 8845 1351 8847 1351 8846 1351 8847 1351 8848 1351 8848 5859 8847 5859 8849 5859 8848 5890 8849 5890 8850 5890 8850 5891 8849 5891 8851 5891 8850 5860 8851 5860 8852 5860 8852 5892 8851 5892 8853 5892 8852 1351 8853 1351 8830 1351 8830 5893 8853 5893 8831 5893 8854 5884 8855 5884 8856 5884 8856 1351 8855 1351 8857 1351 8856 5885 8857 5885 8858 5885 8858 1351 8857 1351 8859 1351 8858 1351 8859 1351 8860 1351 8860 1351 8859 1351 8861 1351 8860 5886 8861 5886 8862 5886 8862 1351 8861 1351 8863 1351 8862 1351 8863 1351 8864 1351 8864 5856 8863 5856 8865 5856 8864 5887 8865 5887 8866 5887 8866 5856 8865 5856 8867 5856 8866 5889 8867 5889 8868 5889 8868 5859 8867 5859 8869 5859 8868 1351 8869 1351 8870 1351 8870 1351 8869 1351 8871 1351 8870 1351 8871 1351 8872 1351 8872 5859 8871 5859 8873 5859 8872 5890 8873 5890 8874 5890 8874 5891 8873 5891 8875 5891 8874 5885 8875 5885 8876 5885 8876 5894 8875 5894 8877 5894 8876 1351 8877 1351 8854 1351 8854 5893 8877 5893 8855 5893 8878 5827 8879 5827 8880 5827 8881 5895 8882 5895 8883 5895 8881 5896 8883 5896 8884 5896 8885 5897 8886 5897 8887 5897 8885 5865 8887 5865 8888 5865 8889 5898 8890 5898 8891 5898 8889 5619 8891 5619 8892 5619 8893 5899 8894 5899 8895 5899 8893 5900 8895 5900 8896 5900 8897 5901 8898 5901 8899 5901 8897 5901 8899 5901 8900 5901 8901 5506 8902 5506 8903 5506 8901 5902 8903 5902 8904 5902 8905 5565 8906 5565 8907 5565 8905 5903 8907 5903 8908 5903 8909 5509 8910 5509 8911 5509 8909 5510 8911 5510 8912 5510 8913 5871 8914 5871 8915 5871 8913 5904 8915 5904 8916 5904 8917 5852 8918 5852 8919 5852 8917 5535 8919 5535 8920 5535 8921 5538 8922 5538 8923 5538 8921 5905 8923 5905 8924 5905 8878 5906 8925 5906 8879 5906 8926 1351 8927 1351 8928 1351 8928 1351 8927 1351 8929 1351 8928 1351 8929 1351 8930 1351 8930 5907 8929 5907 8931 5907 8930 5908 8931 5908 8932 5908 8932 1351 8931 1351 8933 1351 8932 1351 8933 1351 8934 1351 8934 5861 8933 5861 8935 5861 8934 1351 8935 1351 8936 1351 8936 5909 8935 5909 8937 5909 8936 5910 8937 5910 8938 5910 8938 1351 8937 1351 8939 1351 8938 5887 8939 5887 8940 5887 8940 1351 8939 1351 8941 1351 8940 1351 8941 1351 8942 1351 8942 1351 8941 1351 8943 1351 8942 5858 8943 5858 8944 5858 8944 1351 8943 1351 8945 1351 8944 1351 8945 1351 8946 1351 8946 5911 8945 5911 8947 5911 8946 5912 8947 5912 8948 5912 8948 5909 8947 5909 8949 5909 8948 1351 8949 1351 8926 1351 8926 5859 8949 5859 8927 5859 8950 5827 8951 5827 8952 5827 8953 5913 8954 5913 8955 5913 8953 5895 8955 5895 8956 5895 8957 5914 8958 5914 8959 5914 8957 5620 8959 5620 8960 5620 8961 5840 8962 5840 8963 5840 8961 5915 8963 5915 8964 5915 8965 5617 8966 5617 8967 5617 8965 5617 8967 5617 8968 5617 8969 5901 8970 5901 8971 5901 8969 5916 8971 5916 8972 5916 8973 5917 8974 5917 8975 5917 8973 5902 8975 5902 8976 5902 8977 5918 8978 5918 8979 5918 8977 5565 8979 5565 8980 5565 8981 5919 8982 5919 8983 5919 8981 5849 8983 5849 8984 5849 8985 5533 8986 5533 8987 5533 8985 5534 8987 5534 8988 5534 8989 5920 8990 5920 8991 5920 8989 5921 8991 5921 8992 5921 8993 5538 8994 5538 8995 5538 8993 5922 8995 5922 8996 5922 8950 5827 8997 5827 8951 5827 8998 1351 8999 1351 9000 1351 9000 1351 8999 1351 9001 1351 9000 1351 9001 1351 9002 1351 9002 5907 9001 5907 9003 5907 9002 5908 9003 5908 9004 5908 9004 1351 9003 1351 9005 1351 9004 1351 9005 1351 9006 1351 9006 5923 9005 5923 9007 5923 9006 1351 9007 1351 9008 1351 9008 5856 9007 5856 9009 5856 9008 5910 9009 5910 9010 5910 9010 1351 9009 1351 9011 1351 9010 5924 9011 5924 9012 5924 9012 1351 9011 1351 9013 1351 9012 1351 9013 1351 9014 1351 9014 1351 9013 1351 9015 1351 9014 5858 9015 5858 9016 5858 9016 1351 9015 1351 9017 1351 9016 1351 9017 1351 9018 1351 9018 5909 9017 5909 9019 5909 9018 5924 9019 5924 9020 5924 9020 5909 9019 5909 9021 5909 9020 1351 9021 1351 8998 1351 8998 5859 9021 5859 8999 5859 9022 5925 9023 5926 9024 5927 9024 5927 9023 5926 9025 5928 9026 5929 9027 5930 9028 5931 9028 5931 9027 5930 9029 5932 9030 5933 9031 5934 9032 5935 9032 5935 9033 5936 9030 5933 9030 5933 9033 5936 9034 0 9030 5933 9034 0 9035 5937 9035 5937 9034 0 9036 5938 9037 5939 9038 72 9039 72 9039 72 9038 72 9040 5940 9039 72 9040 5940 9041 5941 9042 1351 9043 1351 9044 1351 9045 5942 9046 5942 9047 5942 9048 5943 9049 5943 9050 5943 9051 5944 9052 5944 9053 5944 9053 1351 9052 1351 9054 1351 9053 5945 9054 5945 9055 5945 9056 1351 9057 1351 9058 1351 9058 1351 9057 1351 9059 1351 9058 1351 9059 1351 9060 1351 9060 1351 9059 1351 9061 1351 9062 1351 9063 1351 9064 1351 9064 5946 9063 5946 9048 5946 9064 5947 9048 5947 9065 5947 9065 5948 9048 5948 9050 5948 9066 5949 9057 5949 9067 5949 9067 5950 9057 5950 9056 5950 9067 1351 9056 1351 9068 1351 9068 5951 9056 5951 9069 5951 9068 5952 9069 5952 9070 5952 9070 1351 9069 1351 9047 1351 9067 5953 9071 5953 9066 5953 9066 1351 9071 1351 9072 1351 9066 1351 9072 1351 9073 1351 9073 5954 9072 5954 9074 5954 9053 5955 9062 5955 9051 5955 9051 1351 9062 1351 9075 1351 9051 1351 9075 1351 9069 1351 9069 1351 9075 1351 9076 1351 9069 1351 9076 1351 9047 1351 9047 5956 9076 5956 9077 5956 9042 1351 9044 1351 9078 1351 9078 1351 9044 1351 9079 1351 9078 1351 9079 1351 9077 1351 9077 5957 9079 5957 9047 5957 9047 5958 9079 5958 9080 5958 9047 1351 9080 1351 9045 1351 9081 5959 9082 5960 9083 5961 9084 5962 9082 5960 9081 5959 9081 5959 9085 5963 9086 5964 9087 5965 9085 5963 9081 5959 9083 5961 9087 5965 9081 5959 9081 5959 9088 5966 9089 5967 9090 5968 9088 5966 9081 5959 9086 5964 9090 5968 9081 5959 9081 5959 9091 5969 9092 5970 9093 5971 9091 5969 9081 5959 9089 5967 9093 5971 9081 5959 9092 5970 9084 5962 9081 5959 9094 5972 9095 5972 9096 5972 9096 5973 9095 5973 9097 5973 9098 5974 9099 5974 9100 5974 9100 5975 9099 5975 9101 5975 9102 5976 9103 5976 9104 5976 9104 5977 9103 5977 9105 5977 9106 5978 9107 5978 9108 5978 9108 5979 9107 5979 9109 5979 9110 5980 9111 5980 9112 5980 9112 5981 9111 5981 9113 5981 9114 5982 9115 5982 9116 5982 9116 5983 9115 5983 9117 5983 9118 5984 9119 5984 9120 5984 9120 5985 9119 5985 9121 5985 9122 5986 9123 5986 9124 5986 9124 5987 9123 5987 9125 5987 9126 5988 9127 5988 9128 5988 9128 5989 9127 5989 9129 5989 9130 5990 9131 5990 9132 5990 9132 5991 9131 5991 9133 5991 9134 5992 9135 5992 9136 5992 9136 5993 9135 5993 9137 5993 9138 5994 9139 5994 9140 5994 9140 5995 9139 5995 9141 5995 9142 5996 9143 5997 9144 5998 9144 5998 9143 5997 9145 5999 9144 5998 9145 5999 9146 6000 9146 6000 9145 5999 9147 6001 9146 6000 9147 6001 9148 6002 9148 6002 9147 6001 9149 6003 9148 6002 9149 6003 9150 6004 9150 6004 9149 6003 9151 6005 9150 6004 9151 6005 9152 6006 9152 6006 9151 6005 9153 6007 9152 6006 9153 6007 9154 6008 9154 6008 9153 6007 9155 6009 9154 6008 9155 6009 9156 6010 9156 6010 9155 6009 9157 6011 9156 6010 9157 6011 9158 6012 9158 6012 9157 6011 9159 6013 9158 6012 9159 6013 9160 6014 9160 6014 9159 6013 9161 6015 9160 6014 9161 6015 9162 6016 9162 6016 9161 6015 9163 6017 9162 6016 9163 6017 9164 6018 9164 6018 9163 6017 9165 6019 9164 6018 9165 6019 9142 5996 9142 5996 9165 6019 9143 5997 9166 6020 9167 6021 9168 6022 9169 6023 9167 6021 9166 6020 9166 6020 9170 6024 9171 6025 9172 6026 9170 6024 9166 6020 9168 6022 9172 6026 9166 6020 9166 6020 9173 6027 9174 6028 9175 6029 9173 6027 9166 6020 9171 6025 9175 6029 9166 6020 9166 6020 9176 6030 9177 6031 9178 6032 9176 6030 9166 6020 9174 6028 9178 6032 9166 6020 9177 6031 9169 6023 9166 6020 9179 5972 9180 5972 9181 5972 9181 6033 9180 6033 9182 6033 9183 6034 9184 6034 9185 6034 9185 5975 9184 5975 9186 5975 9187 5976 9188 5976 9189 5976 9189 6035 9188 6035 9190 6035 9191 6036 9192 6036 9193 6036 9193 5979 9192 5979 9194 5979 9195 5980 9196 5980 9197 5980 9197 6037 9196 6037 9198 6037 9199 6038 9200 6038 9201 6038 9201 5983 9200 5983 9202 5983 9203 5984 9204 5984 9205 5984 9205 6039 9204 6039 9206 6039 9207 6040 9208 6040 9209 6040 9209 5987 9208 5987 9210 5987 9211 5988 9212 5988 9213 5988 9213 6041 9212 6041 9214 6041 9215 6042 9216 6042 9217 6042 9217 5991 9216 5991 9218 5991 9219 5992 9220 5992 9221 5992 9221 6043 9220 6043 9222 6043 9223 6044 9224 6044 9225 6044 9225 5995 9224 5995 9226 5995 9227 6045 9228 6046 9229 6047 9229 6047 9228 6046 9230 6048 9229 6047 9230 6048 9231 6049 9231 6049 9230 6048 9232 6050 9231 6049 9232 6050 9233 6051 9233 6051 9232 6050 9234 6052 9233 6051 9234 6052 9235 6053 9235 6053 9234 6052 9236 6054 9235 6053 9236 6054 9237 6055 9237 6055 9236 6054 9238 6056 9237 6055 9238 6056 9239 6057 9239 6057 9238 6056 9240 6058 9239 6057 9240 6058 9241 6059 9241 6059 9240 6058 9242 6060 9241 6059 9242 6060 9243 6061 9243 6061 9242 6060 9244 6062 9243 6061 9244 6062 9245 6063 9245 6063 9244 6062 9246 6064 9245 6063 9246 6064 9247 6065 9247 6065 9246 6064 9248 6066 9247 6065 9248 6066 9249 6067 9249 6067 9248 6066 9250 6068 9249 6067 9250 6068 9227 6045 9227 6045 9250 6068 9228 6046 9251 6069 9252 6070 9253 6071 9254 6072 9252 6070 9251 6069 9251 6069 9255 6073 9256 6074 9257 6075 9255 6073 9251 6069 9253 6071 9257 6075 9251 6069 9251 6069 9258 6076 9259 6077 9260 6078 9258 6076 9251 6069 9256 6074 9260 6078 9251 6069 9251 6069 9261 6079 9262 6080 9263 6081 9261 6079 9251 6069 9259 6077 9263 6081 9251 6069 9262 6080 9254 6072 9251 6069 9264 6082 9265 6082 9266 6082 9266 6082 9265 6082 9267 6082 9268 6083 9269 6083 9270 6083 9270 6084 9269 6084 9271 6084 9272 6085 9273 6085 9274 6085 9274 6086 9273 6086 9275 6086 9276 6087 9277 6087 9278 6087 9278 6088 9277 6088 9279 6088 9280 6089 9281 6089 9282 6089 9282 5565 9281 5565 9283 5565 9284 6090 9285 6090 9286 6090 9286 6091 9285 6091 9287 6091 9288 6092 9289 6092 9290 6092 9290 6039 9289 6039 9291 6039 9292 6093 9293 6093 9294 6093 9294 5617 9293 5617 9295 5617 9296 6094 9297 6094 9298 6094 9298 6095 9297 6095 9299 6095 9300 6042 9301 6042 9302 6042 9302 6042 9301 6042 9303 6042 9304 6096 9305 6096 9306 6096 9306 6043 9305 6043 9307 6043 9308 5994 9309 5994 9310 5994 9310 6097 9309 6097 9311 6097 9312 6098 9313 6099 9314 6100 9314 6100 9313 6099 9315 6101 9314 6100 9315 6101 9316 6102 9316 6102 9315 6101 9317 6103 9316 6102 9317 6103 9318 6104 9318 6104 9317 6103 9319 6105 9318 6104 9319 6105 9320 6106 9320 6106 9319 6105 9321 6107 9320 6106 9321 6107 9322 6108 9322 6108 9321 6107 9323 6109 9322 6108 9323 6109 9324 6110 9324 6110 9323 6109 9325 6111 9324 6110 9325 6111 9326 6112 9326 6112 9325 6111 9327 6113 9326 6112 9327 6113 9328 6114 9328 6114 9327 6113 9329 6115 9328 6114 9329 6115 9330 6116 9330 6116 9329 6115 9331 6117 9330 6116 9331 6117 9332 6118 9332 6118 9331 6117 9333 6119 9332 6118 9333 6119 9334 6120 9334 6120 9333 6119 9335 6121 9334 6120 9335 6121 9312 6098 9312 6098 9335 6121 9313 6099 9336 6122 9337 6123 9338 6124 9339 6125 9337 6123 9336 6122 9336 6122 9340 6126 9341 6127 9342 6128 9340 6126 9336 6122 9338 6124 9342 6128 9336 6122 9336 6122 9343 6129 9344 6130 9345 6131 9343 6129 9336 6122 9341 6127 9345 6131 9336 6122 9336 6122 9346 6132 9347 6133 9348 6134 9346 6132 9336 6122 9344 6130 9348 6134 9336 6122 9347 6133 9339 6125 9336 6122 9349 6135 9350 6135 9351 6135 9351 6082 9350 6082 9352 6082 9353 6136 9354 6136 9355 6136 9355 6137 9354 6137 9356 6137 9357 6138 9358 6138 9359 6138 9359 6139 9358 6139 9360 6139 9361 6140 9362 6140 9363 6140 9363 6141 9362 6141 9364 6141 9365 6142 9366 6142 9367 6142 9367 6143 9366 6143 9368 6143 9369 6090 9370 6090 9371 6090 9371 6090 9370 6090 9372 6090 9373 6144 9374 6144 9375 6144 9375 6039 9374 6039 9376 6039 9377 2389 9378 2389 9379 2389 9379 6145 9378 6145 9380 6145 9381 5989 9382 5989 9383 5989 9383 5989 9382 5989 9384 5989 9385 6146 9386 6146 9387 6146 9387 6147 9386 6147 9388 6147 9389 6148 9390 6148 9391 6148 9391 6149 9390 6149 9392 6149 9393 5994 9394 5994 9395 5994 9395 6150 9394 6150 9396 6150 9397 6151 9398 6152 9399 6153 9399 6153 9398 6152 9400 6154 9399 6153 9400 6154 9401 6155 9401 6155 9400 6154 9402 6156 9401 6155 9402 6156 9403 6157 9403 6157 9402 6156 9404 6158 9403 6157 9404 6158 9405 6159 9405 6159 9404 6158 9406 6160 9405 6159 9406 6160 9407 6161 9407 6161 9406 6160 9408 6162 9407 6161 9408 6162 9409 6163 9409 6163 9408 6162 9410 6164 9409 6163 9410 6164 9411 6165 9411 6165 9410 6164 9412 6166 9411 6165 9412 6166 9413 6167 9413 6167 9412 6166 9414 6168 9413 6167 9414 6168 9415 6169 9415 6169 9414 6168 9416 6170 9415 6169 9416 6170 9417 6171 9417 6171 9416 6170 9418 6172 9417 6171 9418 6172 9419 6173 9419 6173 9418 6172 9420 6174 9419 6173 9420 6174 9397 6151 9397 6151 9420 6174 9398 6152 9421 6175 9422 6176 9423 6177 9424 6178 9422 6176 9421 6175 9421 6175 9425 6179 9426 6180 9427 6181 9425 6179 9421 6175 9423 6177 9427 6181 9421 6175 9421 6175 9428 6182 9429 6183 9430 6184 9428 6182 9421 6175 9426 6180 9430 6184 9421 6175 9421 6175 9431 6185 9432 6186 9433 6187 9431 6185 9421 6175 9429 6183 9433 6187 9421 6175 9432 6186 9424 6178 9421 6175 9434 6188 9435 6188 9436 6188 9436 6189 9435 6189 9437 6189 9438 6190 9439 6190 9440 6190 9440 6191 9439 6191 9441 6191 9442 6192 9443 6192 9444 6192 9444 6192 9443 6192 9445 6192 9446 6193 9447 6193 9448 6193 9448 6194 9447 6194 9449 6194 9450 6195 9451 6195 9452 6195 9452 6196 9451 6196 9453 6196 9454 6197 9455 6197 9456 6197 9456 6198 9455 6198 9457 6198 9458 6092 9459 6092 9460 6092 9460 6039 9459 6039 9461 6039 9462 6093 9463 6093 9464 6093 9464 5617 9463 5617 9465 5617 9466 6199 9467 6199 9468 6199 9468 6200 9467 6200 9469 6200 9470 6201 9471 6201 9472 6201 9472 6202 9471 6202 9473 6202 9474 6096 9475 6096 9476 6096 9476 6043 9475 6043 9477 6043 9478 5994 9479 5994 9480 5994 9480 6097 9479 6097 9481 6097 9482 6203 9483 6204 9484 6205 9484 6205 9483 6204 9485 6206 9484 6205 9485 6206 9486 6207 9486 6207 9485 6206 9487 6208 9486 6207 9487 6208 9488 6209 9488 6209 9487 6208 9489 6210 9488 6209 9489 6210 9490 6211 9490 6211 9489 6210 9491 6212 9490 6211 9491 6212 9492 6213 9492 6213 9491 6212 9493 6214 9492 6213 9493 6214 9494 6215 9494 6215 9493 6214 9495 6216 9494 6215 9495 6216 9496 6217 9496 6217 9495 6216 9497 6218 9496 6217 9497 6218 9498 6219 9498 6219 9497 6218 9499 6220 9498 6219 9499 6220 9500 6221 9500 6221 9499 6220 9501 6222 9500 6221 9501 6222 9502 6223 9502 6223 9501 6222 9503 6224 9502 6223 9503 6224 9504 6225 9504 6225 9503 6224 9505 6226 9504 6225 9505 6226 9482 6203 9482 6203 9505 6226 9483 6204 9506 6227 9507 6228 9508 6229 9509 6230 9507 6228 9506 6227 9506 6227 9510 6231 9511 6232 9512 6233 9510 6231 9506 6227 9508 6229 9512 6233 9506 6227 9506 6227 9513 6234 9514 6235 9515 6236 9513 6234 9506 6227 9511 6232 9515 6236 9506 6227 9506 6227 9516 6237 9517 6238 9518 6239 9516 6237 9506 6227 9514 6235 9518 6239 9506 6227 9517 6238 9509 6230 9506 6227 9519 6240 9520 6240 9521 6240 9521 6189 9520 6189 9522 6189 9523 6241 9524 6241 9525 6241 9525 6242 9524 6242 9526 6242 9527 6243 9528 6243 9529 6243 9529 6244 9528 6244 9530 6244 9531 6245 9532 6245 9533 6245 9533 6245 9532 6245 9534 6245 9535 6246 9536 6246 9537 6246 9537 6247 9536 6247 9538 6247 9539 6197 9540 6197 9541 6197 9541 6248 9540 6248 9542 6248 9543 6144 9544 6144 9545 6144 9545 6039 9544 6039 9546 6039 9547 5986 9548 5986 9549 5986 9549 6249 9548 6249 9550 6249 9551 6250 9552 6250 9553 6250 9553 6251 9552 6251 9554 6251 9555 6252 9556 6252 9557 6252 9557 6253 9556 6253 9558 6253 9559 6254 9560 6254 9561 6254 9561 5794 9560 5794 9562 5794 9563 5994 9564 5994 9565 5994 9565 6150 9564 6150 9566 6150 9567 6255 9568 6256 9569 6257 9569 6257 9568 6256 9570 6258 9569 6257 9570 6258 9571 6259 9571 6259 9570 6258 9572 6260 9571 6259 9572 6260 9573 6261 9573 6261 9572 6260 9574 6262 9573 6261 9574 6262 9575 6263 9575 6263 9574 6262 9576 6264 9575 6263 9576 6264 9577 6265 9577 6265 9576 6264 9578 6266 9577 6265 9578 6266 9579 6267 9579 6267 9578 6266 9580 6268 9579 6267 9580 6268 9581 6269 9581 6269 9580 6268 9582 6270 9581 6269 9582 6270 9583 6271 9583 6271 9582 6270 9584 6272 9583 6271 9584 6272 9585 6273 9585 6273 9584 6272 9586 6274 9585 6273 9586 6274 9587 6275 9587 6275 9586 6274 9588 6276 9587 6275 9588 6276 9589 6277 9589 6277 9588 6276 9590 6278 9589 6277 9590 6278 9567 6255 9567 6255 9590 6278 9568 6256 9591 6279 9592 6280 9593 6281 9594 6282 9592 6280 9591 6279 9591 6279 9595 6283 9596 6284 9597 6285 9595 6283 9591 6279 9593 6281 9597 6285 9591 6279 9591 6279 9598 6286 9599 6287 9600 6288 9598 6286 9591 6279 9596 6284 9600 6288 9591 6279 9591 6279 9601 6289 9602 6290 9603 6291 9601 6289 9591 6279 9599 6287 9603 6291 9591 6279 9602 6290 9594 6282 9591 6279 9604 6292 9605 6292 9606 6292 9606 6293 9605 6293 9607 6293 9608 6242 9609 6242 9610 6242 9610 6294 9609 6294 9611 6294 9612 6295 9613 6295 9614 6295 9614 6296 9613 6296 9615 6296 9616 6297 9617 6297 9618 6297 9618 6298 9617 6298 9619 6298 9620 6089 9621 6089 9622 6089 9622 6299 9621 6299 9623 6299 9624 6300 9625 6300 9626 6300 9626 6301 9625 6301 9627 6301 9628 6302 9629 6302 9630 6302 9630 6303 9629 6303 9631 6303 9632 6093 9633 6093 9634 6093 9634 5987 9633 5987 9635 5987 9636 6304 9637 6304 9638 6304 9638 6305 9637 6305 9639 6305 9640 6306 9641 6306 9642 6306 9642 6307 9641 6307 9643 6307 9644 6254 9645 6254 9646 6254 9646 5993 9645 5993 9647 5993 9648 6308 9649 6308 9650 6308 9650 6309 9649 6309 9651 6309 9652 6310 9653 6311 9654 6312 9654 6312 9653 6311 9655 6313 9654 6312 9655 6313 9656 6314 9656 6314 9655 6313 9657 6315 9656 6314 9657 6315 9658 6316 9658 6316 9657 6315 9659 6317 9658 6316 9659 6317 9660 6318 9660 6318 9659 6317 9661 6319 9660 6318 9661 6319 9662 6320 9662 6320 9661 6319 9663 6321 9662 6320 9663 6321 9664 6322 9664 6322 9663 6321 9665 6323 9664 6322 9665 6323 9666 6324 9666 6324 9665 6323 9667 6325 9666 6324 9667 6325 9668 6326 9668 6326 9667 6325 9669 6327 9668 6326 9669 6327 9670 6328 9670 6328 9669 6327 9671 6329 9670 6328 9671 6329 9672 6330 9672 6330 9671 6329 9673 6331 9672 6330 9673 6331 9674 6332 9674 6332 9673 6331 9675 6333 9674 6332 9675 6333 9652 6310 9652 6310 9675 6333 9653 6311 9676 6334 9677 6335 9678 6336 9679 6337 9677 6335 9676 6334 9676 6334 9680 6338 9681 6339 9682 6340 9680 6338 9676 6334 9678 6336 9682 6340 9676 6334 9676 6334 9683 6341 9684 6342 9685 6343 9683 6341 9676 6334 9681 6339 9685 6343 9676 6334 9676 6334 9686 6344 9687 6345 9688 6346 9686 6344 9676 6334 9684 6342 9688 6346 9676 6334 9687 6345 9679 6337 9676 6334 9689 6292 9690 6292 9691 6292 9691 6347 9690 6347 9692 6347 9693 6348 9694 6348 9695 6348 9695 6294 9694 6294 9696 6294 9697 6295 9698 6295 9699 6295 9699 6349 9698 6349 9700 6349 9701 6350 9702 6350 9703 6350 9703 6298 9702 6298 9704 6298 9705 6089 9706 6089 9707 6089 9707 6351 9706 6351 9708 6351 9709 6352 9710 6352 9711 6352 9711 6301 9710 6301 9712 6301 9713 6302 9714 6302 9715 6302 9715 6353 9714 6353 9716 6353 9717 6354 9718 6354 9719 6354 9719 5987 9718 5987 9720 5987 9721 6304 9722 6304 9723 6304 9723 6355 9722 6355 9724 6355 9725 5897 9726 5897 9727 5897 9727 6307 9726 6307 9728 6307 9729 6254 9730 6254 9731 6254 9731 6043 9730 6043 9732 6043 9733 6356 9734 6356 9735 6356 9735 6309 9734 6309 9736 6309 9737 6357 9738 6358 9739 6359 9739 6359 9738 6358 9740 6360 9739 6359 9740 6360 9741 6361 9741 6361 9740 6360 9742 6362 9741 6361 9742 6362 9743 6363 9743 6363 9742 6362 9744 6364 9743 6363 9744 6364 9745 6365 9745 6365 9744 6364 9746 6366 9745 6365 9746 6366 9747 6367 9747 6367 9746 6366 9748 6368 9747 6367 9748 6368 9749 6369 9749 6369 9748 6368 9750 6370 9749 6369 9750 6370 9751 6371 9751 6371 9750 6370 9752 6372 9751 6371 9752 6372 9753 6373 9753 6373 9752 6372 9754 6374 9753 6373 9754 6374 9755 6375 9755 6375 9754 6374 9756 6376 9755 6375 9756 6376 9757 6377 9757 6377 9756 6376 9758 6378 9757 6377 9758 6378 9759 6379 9759 6379 9758 6378 9760 6380 9759 6379 9760 6380 9737 6357 9737 6357 9760 6380 9738 6358 8155 5499 8157 5502 9761 6381 9761 6381 8157 5502 9762 6382 9761 6381 9762 6382 9024 5927 9024 5927 9762 6382 9022 5925 9025 5928 9023 5926 9763 6383 9025 5928 9763 6383 9764 6384 9764 6384 9763 6383 9765 6385 9764 6384 9765 6385 9766 6386 9766 6386 9765 6385 9767 6387 9766 6386 9767 6387 9768 6388 9768 6388 9767 6387 9769 6389 9768 6388 9769 6389 9770 6390 9770 6390 9769 6389 9041 5941 9770 6390 9041 5941 9040 5940 9771 6391 9037 6392 9772 6393 9771 6391 9772 6393 9773 6394 9773 6394 9772 6393 9774 6395 9773 6394 9774 6395 9775 6396 9775 6396 9774 6395 9776 6397 9775 6396 9776 6397 9777 6398 9777 6398 9776 6397 9778 6399 9777 6398 9778 6399 9779 6400 9779 6400 9778 6399 9026 5929 9779 6400 9026 5929 9028 5931 9029 5932 9027 5930 9780 6401 9780 6401 9027 5930 9781 6402 9780 6401 9781 6402 8181 5543 8181 5543 9781 6402 8224 5544 8176 6403 9782 6404 9783 6405 9783 6405 9782 6404 9784 6406 9783 6405 9784 6406 9030 5933 9030 5933 9784 6406 9031 5934 9035 5937 9036 5938 9785 6407 9785 6407 9036 5938 9786 6408 9785 6407 9786 6408 8125 5484 8125 5484 9786 6408 8174 5512 9787 6409 9788 6410 9789 6411 9787 6409 9789 6411 9790 6412 9790 6412 9789 6411 9791 6413 9790 6412 9791 6413 9792 6414 9792 6414 9791 6413 9793 6415 9792 6414 9793 6415 9794 6416 9794 6416 9793 6415 9795 6417 9794 6416 9795 6417 9796 6418 9796 6418 9795 6417 9797 6419 9796 6418 9797 6419 9798 6420 9798 6420 9797 6419 9799 6421 9798 6420 9799 6421 9800 6422 9800 6422 9799 6421 9801 6423 9800 6422 9801 6423 9802 6424 9803 6425 9804 6426 9805 6427 9805 6427 9804 6426 9806 481 9805 6427 9806 481 9807 6428 9808 6429 9809 6430 9810 72 9810 72 9809 6430 9811 6431 9810 72 9811 6431 9812 6432 9813 6433 9814 6434 9815 487 9815 487 9814 6434 9816 6435 9815 487 9816 6435 9817 6436 8095 5466 8094 5465 9818 6437 9818 6437 8094 5465 9819 6438 9818 6437 9819 6438 9816 6435 9816 6435 9819 6438 9817 6436 9809 6430 9808 6429 9820 6439 9820 6439 9808 6429 9821 5867 9822 6440 9823 6440 8068 5451 8068 5451 9823 6440 8069 5451 8123 5482 8122 5482 9824 5896 9824 5896 8122 5482 9825 5896 9826 5838 9827 6441 9811 6431 9811 6431 9827 6441 9812 6432 9805 6427 9807 6428 9828 6442 9828 6442 9807 6428 9829 6443 9828 6442 9829 6443 8096 5467 8096 5467 9829 6443 8097 5468 9813 6433 9788 6410 9814 6434 9814 6434 9788 6410 9787 6409 9801 6423 9804 6426 9802 6424 9802 6424 9804 6426 9803 6425 9830 6444 9831 6445 9832 6446 9830 6444 9832 6446 9833 6447 9833 6447 9832 6446 9834 6448 9833 6447 9834 6448 9835 6449 9835 6449 9834 6448 9836 6450 9835 6449 9836 6450 9837 6451 9837 6451 9836 6450 9838 6452 9837 6451 9838 6452 9839 6453 9839 6453 9838 6452 9840 6454 9839 6453 9840 6454 9841 6455 9841 6455 9840 6454 9842 6456 9841 6455 9842 6456 9843 6457 9843 6457 9842 6456 9844 6458 9843 6457 9844 6458 9845 6459 9845 6459 9844 6458 9846 6460 9845 6459 9846 6460 9847 6461 9847 6461 9846 6460 9848 6462 9847 6461 9848 6462 9849 6463 9849 6463 9848 6462 9850 6464 9849 6463 9850 6464 9851 6465 9851 6465 9850 6464 9852 6466 9851 6465 9852 6466 9853 6467 9853 6467 9852 6466 9854 6468 9853 6467 9854 6468 9855 6469 9855 6469 9854 6468 9856 6470 9855 6469 9856 6470 9857 6471 9857 6471 9856 6470 9858 6472 9857 6471 9858 6472 9859 6473 9860 487 9861 487 9862 487 9858 6472 9863 487 9859 6473 9859 6473 9863 487 9864 487 9859 6473 9864 487 9862 487 9862 487 9864 487 9865 487 9862 487 9865 487 9860 487 9866 0 9867 0 9868 0 9868 0 9867 0 9869 0 9868 6474 9869 6474 9870 6474 9868 0 9871 0 9866 0 9866 6475 9871 6475 9872 6475 9866 0 9872 0 9873 0 9872 0 9874 0 9873 0 9873 6476 9874 6476 9875 6476 9873 6477 9875 6477 9876 6477 9877 0 9878 0 9879 0 9879 0 9878 0 9873 0 9879 0 9873 0 9880 0 9880 0 9873 0 9876 0 9881 481 9831 6445 9830 6444 9882 481 9883 481 9884 481 9884 481 9883 481 9885 481 9884 481 9885 481 9830 6444 9830 6444 9885 481 9886 481 9830 6444 9886 481 9881 481 9887 6478 9888 6479 9889 6480 9889 6480 9888 6479 9890 6480 9891 6481 9892 6482 9893 6483 9891 6481 9893 6483 9894 6484 9894 6484 9893 6483 9895 6485 9894 6484 9895 6485 9896 6486 9896 6486 9895 6485 9897 6487 9896 6486 9897 6487 9898 6488 9898 6488 9897 6487 9899 6489 9898 6488 9899 6489 9900 6490 9900 6490 9899 6489 9901 6491 9900 6490 9901 6491 9902 6492 9902 6492 9901 6491 9903 6493 9902 6492 9903 6493 9904 6494 9904 6494 9903 6493 9905 6495 9904 6494 9905 6495 9906 6496 9906 6496 9905 6495 9907 6497 9906 6496 9907 6497 9908 6498 9908 6498 9907 6497 9909 6499 9908 6498 9909 6499 9910 6500 9910 6500 9909 6499 9911 6501 9910 6500 9911 6501 9912 6502 9912 6502 9911 6501 9913 6503 9912 6502 9913 6503 9914 6504 9914 6504 9913 6503 9915 6505 9914 6504 9915 6505 9916 6506 9916 6506 9915 6505 9917 6507 9916 6506 9917 6507 9918 6508 9918 6508 9917 6507 9888 6479 9918 6508 9888 6479 9887 6478 9892 6482 9891 6481 9919 6509 9919 6509 9891 6481 9920 6510 9921 6511 9922 6511 9923 6511 9923 6512 9922 6512 9924 6512 9925 6513 9926 6514 9927 6515 9925 6513 9927 6515 9928 6516 9924 902 9929 902 9930 902 9930 902 9929 902 9931 902 9930 902 9931 902 9932 902 9927 6517 9933 6517 9934 6517 9934 1173 9933 1173 9935 1173 9934 902 9935 902 9936 902 9936 902 9935 902 9937 902 9936 902 9937 902 9921 902 9921 6518 9937 6518 9938 6518 9921 6519 9938 6519 9922 6519 9939 6520 9940 6521 9941 6522 9942 6523 9943 6524 9944 6525 9942 6523 9944 6525 9945 6526 9941 6522 9946 6527 9939 6520 9939 6520 9946 6527 9947 6528 9939 6520 9947 6528 9948 6529 9948 6529 9947 6528 9949 6530 9948 6529 9949 6530 9950 6531 9950 6531 9949 6530 9951 6532 9950 6531 9951 6532 9952 6533 9952 6533 9951 6532 9953 6534 9952 6533 9953 6534 9954 6535 9954 6535 9953 6534 9955 6536 9954 6535 9955 6536 9956 6537 9956 6537 9955 6536 9957 6538 9956 6537 9957 6538 9925 6513 9925 6513 9957 6538 9926 6514 9944 6525 9958 6539 9945 6526 9945 6526 9958 6539 9959 6540 9945 6541 9960 6542 9961 6543 9961 6543 9960 6542 9962 6544 9961 6545 9963 6546 9964 6547 9964 6547 9963 6546 9965 6548 9964 6549 9966 6550 9967 6551 9967 6551 9966 6550 9968 6552 9967 6551 9968 6552 9969 6553 9969 6553 9968 6552 9970 6554 9969 6553 9970 6554 9971 6555 9971 6555 9970 6554 9972 6556 9971 6555 9972 6556 9940 6521 9940 6521 9972 6556 9973 6557 9940 6521 9973 6557 9941 6522 9974 6558 9975 6558 9976 6558 9976 6559 9975 6559 9977 6559 9976 6560 9977 6560 9978 6560 9974 6561 9979 6561 9975 6561 9975 6562 9979 6562 9980 6562 9975 6562 9980 6562 9981 6562 9981 6562 9980 6562 9982 6562 9981 1128 9982 1128 9983 1128 9983 6563 9982 6563 9984 6563 9983 6564 9984 6565 9942 6523 9942 6523 9984 6565 9943 6524 9978 6562 9977 6562 9985 6562 9985 6562 9977 6562 9986 6562 9985 6562 9986 6562 9987 6562 9988 6566 9989 6566 9990 6566 9990 1351 9989 1351 9991 1351 9990 1351 9991 1351 9992 1351 9993 1351 9994 1351 9990 1351 9990 6567 9994 6567 9995 6567 9990 6568 9995 6568 9988 6568 9996 6569 9997 6569 9990 6569 9990 1351 9997 1351 9998 1351 9990 1351 9998 1351 9993 1351 9992 1351 9999 1351 9990 1351 9990 1351 9999 1351 10000 1351 9990 6570 10000 6570 9996 6570 10001 6571 10002 6571 10003 6571 10003 1351 10002 1351 10004 1351 10003 1351 10004 1351 10005 1351 10006 1351 10007 1351 10003 1351 10003 6572 10007 6572 10008 6572 10003 6573 10008 6573 10001 6573 10009 1351 10010 1351 10003 1351 10003 6573 10010 6573 10011 6573 10003 6566 10011 6566 10006 6566 10005 1351 10012 1351 10003 1351 10003 1351 10012 1351 10013 1351 10003 6566 10013 6566 10009 6566 10014 6574 10015 6574 10016 6574 10016 1351 10015 1351 10017 1351 10016 1351 10017 1351 10018 1351 10019 1351 10020 1351 10016 1351 10016 1351 10020 1351 10021 1351 10016 6575 10021 6575 10014 6575 10022 1351 10023 1351 10016 1351 10016 1351 10023 1351 10024 1351 10016 6576 10024 6576 10019 6576 10018 1351 10025 1351 10016 1351 10016 6577 10025 6577 10026 6577 10016 6573 10026 6573 10022 6573 10027 6578 10028 6578 10029 6578 10029 1351 10028 1351 10030 1351 10029 1351 10030 1351 10031 1351 10032 1351 10033 1351 10029 1351 10029 6579 10033 6579 10034 6579 10029 6580 10034 6580 10027 6580 10035 1351 10036 1351 10029 1351 10029 1351 10036 1351 10037 1351 10029 6568 10037 6568 10032 6568 10031 1351 10038 1351 10029 1351 10029 6581 10038 6581 10039 6581 10029 6582 10039 6582 10035 6582 10040 6583 10041 6583 10042 6583 10043 6584 10044 6584 10045 6584 10043 6585 10045 6585 10046 6585 10047 6586 10048 6586 10049 6586 10047 6587 10049 6587 10050 6587 10051 6588 10052 6588 10053 6588 10051 6588 10053 6588 10054 6588 10055 6589 10056 6589 10057 6589 10055 6590 10057 6590 10058 6590 10059 6591 10060 6591 10061 6591 10059 6592 10061 6592 10062 6592 10063 6593 10064 6593 10065 6593 10063 6594 10065 6594 10066 6594 10067 6595 10068 6595 10069 6595 10067 6596 10069 6596 10070 6596 10071 6597 10072 6597 10073 6597 10071 6597 10073 6597 10074 6597 10075 6598 10076 6598 10077 6598 10075 6599 10077 6599 10078 6599 10079 6600 10080 6600 10081 6600 10079 6601 10081 6601 10082 6601 10083 6602 10084 6602 10085 6602 10083 6603 10085 6603 10086 6603 10040 6604 10087 6604 10041 6604 10088 6605 10089 6605 10090 6605 10091 6606 10092 6606 10093 6606 10091 6607 10093 6607 10094 6607 10095 6608 10096 6608 10097 6608 10095 6609 10097 6609 10098 6609 10099 6610 10100 6610 10101 6610 10099 6588 10101 6588 10102 6588 10103 6611 10104 6611 10105 6611 10103 6612 10105 6612 10106 6612 10107 6591 10108 6591 10109 6591 10107 6613 10109 6613 10110 6613 10111 6593 10112 6593 10113 6593 10111 6614 10113 6614 10114 6614 10115 6615 10116 6615 10117 6615 10115 6616 10117 6616 10118 6616 10119 6597 10120 6597 10121 6597 10119 6617 10121 6617 10122 6617 10123 6618 10124 6618 10125 6618 10123 6599 10125 6599 10126 6599 10127 6600 10128 6600 10129 6600 10127 6619 10129 6619 10130 6619 10131 6620 10132 6620 10133 6620 10131 6621 10133 6621 10134 6621 10088 6622 10135 6622 10089 6622 10136 6605 10137 6605 10138 6605 10139 6623 10140 6623 10141 6623 10139 6624 10141 6624 10142 6624 10143 6609 10144 6609 10145 6609 10143 6609 10145 6609 10146 6609 10147 6625 10148 6625 10149 6625 10147 6626 10149 6626 10150 6626 10151 6627 10152 6627 10153 6627 10151 6628 10153 6628 10154 6628 10155 6591 10156 6591 10157 6591 10155 6613 10157 6613 10158 6613 10159 6629 10160 6629 10161 6629 10159 6614 10161 6614 10162 6614 10163 6630 10164 6630 10165 6630 10163 6631 10165 6631 10166 6631 10167 5226 10168 5226 10169 5226 10167 6632 10169 6632 10170 6632 10171 6633 10172 6633 10173 6633 10171 6633 10173 6633 10174 6633 10175 6634 10176 6634 10177 6634 10175 6635 10177 6635 10178 6635 10179 6636 10180 6636 10181 6636 10179 6637 10181 6637 10182 6637 10136 6622 10183 6622 10137 6622 10184 6583 10185 6583 10186 6583 10187 6638 10188 6638 10189 6638 10187 6639 10189 6639 10190 6639 10191 6609 10192 6609 10193 6609 10191 6640 10193 6640 10194 6640 10195 6641 10196 6641 10197 6641 10195 6626 10197 6626 10198 6626 10199 6627 10200 6627 10201 6627 10199 6642 10201 6642 10202 6642 10203 6591 10204 6591 10205 6591 10203 6592 10205 6592 10206 6592 10207 6593 10208 6593 10209 6593 10207 6594 10209 6594 10210 6594 10211 6595 10212 6595 10213 6595 10211 6643 10213 6643 10214 6643 10215 6644 10216 6644 10217 6644 10215 6597 10217 6597 10218 6597 10219 6645 10220 6645 10221 6645 10219 6599 10221 6599 10222 6599 10223 6646 10224 6646 10225 6646 10223 6601 10225 6601 10226 6601 10227 6620 10228 6620 10229 6620 10227 6647 10229 6647 10230 6647 10184 6648 10231 6648 10185 6648 10232 1351 10233 1351 10234 1351 10235 1351 10236 1351 10233 1351 10237 1351 10238 1351 10239 1351 10239 6649 10238 6649 10240 6649 10234 1351 10233 1351 10241 1351 10241 1351 10233 1351 10236 1351 10241 1351 10236 1351 10242 1351 10242 1351 10236 1351 10243 1351 10242 6650 10243 6650 10244 6650 10245 1351 10246 1351 10247 1351 10247 1351 10246 1351 10235 1351 10247 6651 10235 6651 10248 6651 10248 1351 10235 1351 10233 1351 10249 1351 10250 1351 10251 1351 10232 1351 10234 1351 10252 1351 10252 6652 10234 6652 10253 6652 10252 1351 10253 1351 10254 1351 10245 6653 10238 6653 10246 6653 10246 6654 10238 6654 10237 6654 10246 6655 10237 6655 10255 6655 10255 6656 10237 6656 10256 6656 10255 1351 10256 1351 10250 1351 10250 6657 10256 6657 10257 6657 10250 6658 10257 6658 10251 6658 10258 1351 10259 1351 10260 1351 10260 1351 10259 1351 10261 1351 10260 6659 10261 6659 10262 6659 10262 1351 10261 1351 10263 1351 10262 1351 10263 1351 10264 1351 10264 1351 10263 1351 10251 1351 10265 6660 10266 6660 10254 6660 10265 6661 10254 6661 10267 6661 10267 1351 10254 1351 10253 1351 10267 1351 10253 1351 10268 1351 10244 1351 10243 1351 10269 1351 10269 6662 10243 6662 10270 6662 10269 1351 10270 1351 10271 1351 10240 1351 10272 1351 10239 1351 10239 1351 10272 1351 10273 1351 10239 6663 10273 6663 10266 6663 10266 1351 10273 1351 10274 1351 10266 6664 10274 6664 10254 6664 10275 1351 10259 1351 10276 1351 10276 1351 10259 1351 10258 1351 10276 6665 10258 6665 10277 6665 10277 6666 10258 6666 10278 6666 10277 1351 10278 1351 10279 1351 10279 6667 10278 6667 10265 6667 10279 1351 10265 1351 10280 1351 10280 1351 10265 1351 10267 1351 10275 1351 10281 1351 10282 1351 10282 1351 10281 1351 10283 1351 10282 1351 10283 1351 10284 1351 10283 1351 10285 1351 10284 1351 10284 6668 10285 6668 10286 6668 10284 6669 10286 6669 10287 6669 10287 6670 10286 6670 10288 6670 10287 1351 10288 1351 10270 1351 10270 6671 10288 6671 10289 6671 10268 6672 10290 6672 10267 6672 10267 1351 10290 1351 10291 1351 10267 6673 10291 6673 10289 6673 10289 1351 10291 1351 10292 1351 10289 6674 10292 6674 10270 6674 10270 6675 10292 6675 10293 6675 10270 6676 10293 6676 10271 6676 10294 6677 10295 6677 10296 6677 10297 6678 10298 6678 10299 6678 10297 6679 10299 6679 10300 6679 10301 6680 10302 6680 10303 6680 10301 6609 10303 6609 10304 6609 10305 6681 10306 6681 10307 6681 10305 6682 10307 6682 10308 6682 10309 6683 10310 6683 10311 6683 10309 6684 10311 6684 10312 6684 10313 6685 10314 6685 10315 6685 10313 6686 10315 6686 10316 6686 10317 6687 10318 6687 10319 6687 10317 6688 10319 6688 10320 6688 10321 6689 10322 6689 10323 6689 10321 5227 10323 5227 10324 5227 10325 6690 10326 6690 10327 6690 10325 6597 10327 6597 10328 6597 10329 6691 10330 6691 10331 6691 10329 6692 10331 6692 10332 6692 10333 6693 10334 6693 10335 6693 10333 6694 10335 6694 10336 6694 10337 6695 10338 6695 10339 6695 10337 6696 10339 6696 10340 6696 10294 6697 10341 6697 10295 6697 10342 1351 10343 1351 10344 1351 10345 6698 10346 6698 10347 6698 10347 1351 10346 1351 10348 1351 10347 1351 10348 1351 10349 1351 10349 6699 10348 6699 10350 6699 10349 1351 10350 1351 10351 1351 10351 6700 10350 6700 10352 6700 10351 6701 10352 6701 10344 6701 10344 6702 10352 6702 10353 6702 10344 6703 10353 6703 10342 6703 10354 1351 10355 1351 10356 1351 10356 6704 10355 6704 10357 6704 10356 1351 10357 1351 10358 1351 10358 6705 10357 6705 10359 6705 10358 1351 10359 1351 10360 1351 10360 1351 10359 1351 10361 1351 10360 1351 10361 1351 10345 1351 10345 6706 10361 6706 10362 6706 10345 6707 10362 6707 10346 6707 10342 6708 10363 6708 10343 6708 10343 1351 10363 1351 10364 1351 10343 6709 10364 6709 10365 6709 10365 1351 10364 1351 10366 1351 10365 6710 10366 6710 10367 6710 10367 1351 10366 1351 10368 1351 10367 6711 10368 6711 10354 6711 10354 1351 10368 1351 10369 1351 10354 6712 10369 6712 10355 6712 10370 6713 10371 6714 10372 6715 10372 6715 10371 6714 10373 6716 10371 6714 10374 6717 10373 6716 10373 6716 10374 6717 10375 6718 10373 6716 10375 6718 10376 6719 10377 6720 10378 6720 10379 6720 10377 6721 10379 6721 10380 6721 10381 6722 10382 6722 10383 6722 10381 6723 10383 6723 10384 6723 10385 6724 10386 6724 10387 6724 10385 6725 10387 6725 10388 6725 10389 6726 10390 6726 10391 6726 10389 6727 10391 6727 10392 6727 10393 6728 10394 6728 10395 6728 10393 6729 10395 6729 10396 6729 10397 6730 10398 6730 10399 6730 10397 6731 10399 6731 10400 6731 10401 6732 10402 6732 10403 6732 10401 6733 10403 6733 10404 6733 10405 6734 10406 6734 10407 6734 10405 6735 10407 6735 10408 6735 10409 6736 10410 6736 10411 6736 10409 6737 10411 6737 10412 6737 10413 6738 10414 6738 10415 6738 10413 6739 10415 6739 10416 6739 10417 6740 10418 6740 10419 6740 10417 6741 10419 6741 10420 6741 10421 6742 10422 6742 10423 6742 10421 6743 10423 6743 10424 6743 10425 6744 10426 6745 10370 6713 10425 6744 10370 6713 10427 6746 10427 6746 10370 6713 10372 6715 10428 6747 10429 6747 10430 6747 10428 6748 10430 6748 10431 6748 10432 1351 10433 1351 10431 1351 10434 1351 10435 1351 10436 1351 10436 6749 10435 6749 10437 6749 10436 1351 10437 1351 10438 1351 10438 6750 10437 6750 10439 6750 10438 1351 10439 1351 10440 1351 10440 6751 10439 6751 10441 6751 10440 6752 10441 6752 10442 6752 10443 1351 10444 1351 10445 1351 10445 6753 10444 6753 10446 6753 10445 6754 10446 6754 10447 6754 10447 1351 10446 1351 10448 1351 10447 1351 10448 1351 10433 1351 10433 1351 10448 1351 10449 1351 10433 6755 10449 6755 10431 6755 10450 6756 10451 6756 10452 6756 10452 6757 10451 6757 10453 6757 10454 6758 10453 6758 10455 6758 10456 1351 10457 1351 10435 1351 10435 1351 10457 1351 10458 1351 10435 6759 10458 6759 10459 6759 10458 6760 10460 6760 10459 6760 10459 6761 10460 6761 10461 6761 10459 1351 10461 1351 10462 1351 10462 1351 10461 1351 10463 1351 10462 1351 10463 1351 10464 1351 10431 6762 10430 6762 10432 6762 10432 1351 10430 1351 10465 1351 10432 1351 10465 1351 10450 1351 10450 1351 10465 1351 10466 1351 10450 1351 10466 1351 10451 1351 10467 1351 10468 1351 10469 1351 10441 6763 10470 6763 10442 6763 10442 6764 10470 6764 10471 6764 10442 6765 10471 6765 10472 6765 10472 6766 10471 6766 10473 6766 10472 1351 10473 1351 10474 1351 10474 6767 10473 6767 10475 6767 10474 6768 10475 6768 10476 6768 10476 1351 10475 1351 10477 1351 10476 1351 10477 1351 10478 1351 10478 6769 10477 6769 10479 6769 10478 6770 10479 6770 10480 6770 10468 1351 10467 1351 10434 1351 10434 1351 10467 1351 10454 1351 10434 6771 10454 6771 10435 6771 10435 1351 10454 1351 10455 1351 10435 6772 10455 6772 10456 6772 10464 1351 10463 1351 10481 1351 10481 6773 10463 6773 10482 6773 10481 6774 10482 6774 10483 6774 10483 6775 10482 6775 10484 6775 10483 1351 10484 1351 10485 1351 10485 6776 10484 6776 10486 6776 10485 1351 10486 1351 10487 1351 10487 6777 10486 6777 10488 6777 10487 1351 10488 1351 10430 1351 10430 1351 10488 1351 10489 1351 10430 1351 10489 1351 10465 1351 10479 6778 10490 6778 10480 6778 10480 1351 10490 1351 10491 1351 10480 1351 10491 1351 10469 1351 10469 1351 10491 1351 10492 1351 10469 1351 10492 1351 10467 1351 10467 1351 10492 1351 10493 1351 10467 1351 10493 1351 10494 1351 10494 1351 10493 1351 10495 1351 10494 6779 10495 6779 10496 6779 10496 6780 10495 6780 10497 6780 10496 6781 10497 6781 10498 6781 10498 1351 10497 1351 10499 1351 10498 6782 10499 6782 10500 6782 10500 6783 10499 6783 10501 6783 10500 1351 10501 1351 10443 1351 10443 1351 10501 1351 10502 1351 10443 6784 10502 6784 10444 6784 10503 72 10504 72 10505 72 10506 72 10507 72 10508 72 10509 6785 10510 6785 10511 6785 10511 6786 10510 6786 10512 6786 10513 72 10514 72 10515 72 10515 6787 10514 6787 10516 6787 10517 6788 10518 6788 10515 6788 10519 6789 10520 6789 10521 6789 10522 72 10523 72 10524 72 10524 6790 10523 6790 10521 6790 10524 6791 10521 6791 10525 6791 10525 72 10521 72 10520 72 10513 6792 10515 6792 10526 6792 10526 6793 10515 6793 10527 6793 10526 6794 10527 6794 10528 6794 10519 72 10521 72 10529 72 10529 6795 10521 6795 10518 6795 10529 6796 10518 6796 10530 6796 10512 72 10531 72 10511 72 10522 6797 10531 6797 10532 6797 10522 6798 10532 6798 10523 6798 10533 6799 10534 6799 10535 6799 10505 6800 10506 6800 10503 6800 10503 6801 10506 6801 10508 6801 10503 72 10508 72 10536 72 10536 72 10537 72 10538 72 10536 72 10538 72 10539 72 10539 6802 10538 6802 10540 6802 10539 6803 10540 6803 10541 6803 10541 6804 10540 6804 10542 6804 10541 72 10542 72 10509 72 10509 72 10542 72 10543 72 10509 6805 10543 6805 10510 6805 10528 6806 10544 6806 10526 6806 10526 6807 10544 6807 10533 6807 10526 72 10533 72 10545 72 10545 72 10533 72 10535 72 10516 6808 10546 6808 10515 6808 10515 6809 10546 6809 10547 6809 10515 6810 10547 6810 10548 6810 10548 6811 10549 6811 10515 6811 10515 6812 10549 6812 10550 6812 10515 6813 10550 6813 10517 6813 10551 72 10552 72 10553 72 10554 72 10555 72 10556 72 10556 6814 10555 6814 10557 6814 10556 72 10557 72 10558 72 10558 6815 10557 6815 10559 6815 10558 72 10559 72 10560 72 10561 72 10562 72 10563 72 10564 72 10565 72 10566 72 10567 72 10568 72 10569 72 10569 6815 10568 6815 10570 6815 10569 72 10570 72 10571 72 10572 72 10573 72 10574 72 10560 72 10563 72 10558 72 10558 72 10563 72 10562 72 10558 72 10562 72 10575 72 10575 72 10562 72 10576 72 10577 72 10578 72 10579 72 10579 72 10578 72 10580 72 10579 72 10581 72 10582 72 10582 6816 10581 6816 10583 6816 10582 72 10584 72 10585 72 10586 72 10587 72 10588 72 10588 6817 10587 6817 10589 6817 10588 6818 10590 6818 10591 6818 10551 72 10553 72 10592 72 10564 72 10566 72 10593 72 10593 72 10566 72 10594 72 10593 6819 10594 6819 10567 6819 10586 72 10588 72 10595 72 10595 6820 10588 6820 10596 6820 10595 6821 10596 6821 10561 6821 10597 72 10598 72 10599 72 10600 6822 10601 6822 10602 6822 10603 72 10604 72 10605 72 10605 6823 10604 6823 10594 6823 10605 6824 10594 6824 10606 6824 10606 72 10594 72 10566 72 10554 72 10556 72 10574 72 10574 6825 10556 6825 10607 6825 10574 6826 10607 6826 10572 6826 10608 72 10609 72 10577 72 10577 6827 10609 6827 10610 6827 10577 6828 10610 6828 10611 6828 10553 72 10612 72 10592 72 10592 72 10612 72 10613 72 10592 72 10613 72 10614 72 10614 72 10613 72 10615 72 10614 72 10615 72 10616 72 10599 72 10598 72 10617 72 10617 72 10598 72 10618 72 10617 6829 10618 6829 10619 6829 10619 6830 10618 6830 10620 6830 10619 6831 10620 6831 10621 6831 10552 72 10622 72 10553 72 10553 6832 10622 6832 10623 6832 10553 72 10623 72 10603 72 10603 6817 10623 6817 10624 6817 10603 72 10624 72 10604 72 10573 6833 10625 6833 10626 6833 10626 72 10625 72 10627 72 10626 6834 10628 6834 10629 6834 10629 6835 10628 6835 10630 6835 10629 72 10631 72 10632 72 10632 6836 10631 6836 10589 6836 10570 6837 10633 6837 10571 6837 10571 72 10633 72 10634 72 10571 72 10634 72 10635 72 10635 6838 10634 6838 10600 6838 10635 6826 10600 6826 10636 6826 10636 72 10600 72 10602 72 10637 72 10638 72 10639 72 10639 6839 10638 6839 10585 6839 10639 72 10585 72 10640 72 10640 6840 10585 6840 10584 6840 10552 72 10641 72 10622 72 10622 72 10641 72 10638 72 10622 72 10638 72 10642 72 10642 72 10638 72 10643 72 10642 72 10643 72 10600 72 10600 72 10643 72 10644 72 10600 72 10644 72 10601 72 10588 72 10591 72 10645 72 10645 6841 10591 6841 10646 6841 10645 72 10646 72 10647 72 10647 72 10646 72 10648 72 10647 72 10648 72 10649 72 10649 72 10648 72 10650 72 10649 72 10650 72 10651 72 10652 72 10650 72 10653 72 10652 6842 10653 6842 10654 6842 10590 72 10588 72 10655 72 10655 6843 10588 6843 10589 6843 10655 72 10589 72 10620 72 10620 6844 10589 6844 10631 6844 10620 6845 10631 6845 10621 6845 10608 72 10616 72 10656 72 10656 6846 10616 6846 10615 6846 10656 72 10615 72 10657 72 10657 72 10615 72 10652 72 10657 72 10652 72 10658 72 10658 6847 10652 6847 10654 6847 10658 72 10654 72 10659 72 10659 6848 10654 6848 10597 6848 10659 6828 10597 6828 10660 6828 10660 72 10597 72 10661 72 10662 0 10663 0 10664 0 10665 6849 10666 6849 10667 6849 10668 6850 10669 6850 10670 6850 10671 6851 10672 6851 10673 6851 10674 6852 10675 6852 10676 6852 10677 0 10678 0 10679 0 10680 0 10681 0 10682 0 10683 0 10678 0 10684 0 10680 0 10682 0 10685 0 10685 0 10682 0 10686 0 10685 0 10686 0 10687 0 10684 0 10688 0 10683 0 10683 6853 10688 6853 10689 6853 10683 0 10689 0 10686 0 10686 0 10689 0 10690 0 10686 0 10690 0 10687 0 10681 0 10691 0 10679 0 10679 6854 10691 6854 10692 6854 10679 0 10692 0 10677 0 10693 0 10694 0 10695 0 10696 0 10697 0 10698 0 10698 0 10697 0 10693 0 10698 6855 10693 6855 10699 6855 10699 0 10693 0 10695 0 10696 0 10700 0 10697 0 10697 0 10700 0 10701 0 10697 0 10701 0 10702 0 10702 0 10701 0 10703 0 10702 0 10703 0 10704 0 10705 6856 10706 6856 10707 6856 10707 0 10706 0 10708 0 10709 6857 10710 6857 10667 6857 10667 6858 10710 6858 10711 6858 10667 0 10711 0 10712 0 10667 0 10666 0 10709 0 10709 6859 10666 6859 10713 6859 10709 6860 10713 6860 10714 6860 10714 6861 10713 6861 10675 6861 10675 6862 10713 6862 10715 6862 10675 0 10715 0 10676 0 10716 0 10717 0 10718 0 10718 6863 10717 6863 10719 6863 10718 0 10719 0 10676 0 10676 6864 10719 6864 10720 6864 10676 6865 10720 6865 10674 6865 10721 6866 10722 6866 10723 6866 10711 0 10724 0 10712 0 10712 6867 10724 6867 10721 6867 10712 0 10721 0 10725 0 10725 6868 10721 6868 10723 6868 10726 6869 10727 6869 10728 6869 10729 6870 10727 6870 10730 6870 10729 0 10730 0 10731 0 10731 6871 10730 6871 10732 6871 10731 0 10732 0 10673 0 10673 6872 10732 6872 10733 6872 10673 6873 10733 6873 10671 6873 10702 6874 10734 6874 10735 6874 10702 0 10735 0 10697 0 10697 6858 10735 6858 10736 6858 10697 6857 10736 6857 10737 6857 10734 0 10702 0 10738 0 10738 0 10702 0 10739 0 10738 0 10739 0 10740 0 10740 6875 10739 6875 10672 6875 10672 0 10739 0 10741 0 10672 0 10741 0 10673 0 10668 6876 10670 6876 10742 6876 10743 6877 10744 6877 10745 6877 10745 0 10744 0 10746 0 10745 6850 10746 6850 10747 6850 10748 6878 10749 6878 10750 6878 10750 0 10749 0 10751 0 10750 6879 10751 6879 10742 6879 10747 6880 10746 6880 10752 6880 10752 0 10746 0 10753 0 10752 0 10753 0 10754 0 10754 0 10753 0 10755 0 10754 0 10755 0 10756 0 10757 0 10758 0 10759 0 10758 6881 10760 6881 10759 6881 10759 6882 10760 6882 10761 6882 10759 0 10761 0 10762 0 10761 0 10763 0 10762 0 10762 6883 10763 6883 10764 6883 10762 6884 10764 6884 10765 6884 10764 0 10766 0 10765 0 10765 6885 10766 6885 10767 6885 10765 6886 10767 6886 10768 6886 10769 0 10725 0 10770 0 10770 6887 10725 6887 10723 6887 10770 6888 10723 6888 10771 6888 10771 0 10723 0 10768 0 10771 6889 10768 6889 10772 6889 10772 0 10768 0 10767 0 10773 0 10744 0 10774 0 10774 0 10744 0 10741 0 10774 0 10741 0 10775 0 10775 6890 10741 6890 10739 6890 10775 6891 10739 6891 10776 6891 10776 0 10739 0 10777 0 10778 0 10779 0 10686 0 10686 6885 10779 6885 10780 6885 10686 0 10780 0 10683 0 10683 0 10780 0 10781 0 10782 6892 10783 6892 10784 6892 10784 0 10783 0 10683 0 10784 0 10683 0 10785 0 10785 0 10683 0 10781 0 10693 0 10786 0 10787 0 10788 0 10694 0 10789 0 10789 0 10694 0 10693 0 10789 0 10693 0 10790 0 10790 0 10693 0 10787 0 10786 0 10693 0 10791 0 10791 0 10693 0 10697 0 10791 0 10697 0 10726 0 10726 0 10697 0 10737 0 10726 6893 10737 6893 10727 6893 10667 0 10792 0 10793 0 10793 6894 10794 6894 10667 6894 10667 6895 10794 6895 10795 6895 10667 6896 10795 6896 10665 6896 10796 0 10797 0 10798 0 10664 6897 10663 6897 10798 6897 10798 0 10663 0 10799 0 10798 0 10799 0 10796 0 10662 0 10664 0 10800 0 10800 0 10664 0 10801 0 10800 0 10801 0 10802 0 10802 0 10801 0 10762 0 10802 0 10762 0 10803 0 10804 0 10805 0 10765 0 10765 0 10805 0 10806 0 10765 6898 10806 6898 10762 6898 10762 0 10806 0 10807 0 10762 6899 10807 6899 10803 6899 10681 0 10679 0 10682 0 10682 0 10679 0 10808 0 10682 0 10808 0 10809 0 10810 0 10811 0 10812 0 10712 0 10813 0 10814 0 10815 0 10667 0 10816 0 10816 0 10667 0 10712 0 10816 0 10712 0 10817 0 10817 0 10712 0 10814 0 10818 0 10792 0 10819 0 10819 6900 10792 6900 10667 6900 10819 0 10667 0 10820 0 10820 0 10667 0 10815 0 10818 6901 10821 6901 10792 6901 10792 0 10821 0 10822 0 10792 0 10822 0 10823 0 10823 0 10822 0 10824 0 10823 6902 10824 6902 10825 6902 10825 0 10813 0 10823 0 10826 6903 10813 6903 10712 6903 10826 0 10712 0 10759 0 10759 0 10712 0 10725 0 10759 6904 10725 6904 10757 6904 10757 6905 10725 6905 10769 6905 10704 0 10705 0 10702 0 10702 0 10705 0 10707 0 10702 0 10707 0 10739 0 10739 0 10707 0 10783 0 10739 0 10783 0 10777 0 10777 6906 10783 6906 10782 6906 10722 6907 10717 6907 10723 6907 10723 6908 10717 6908 10716 6908 10723 0 10716 0 10768 0 10768 0 10716 0 10750 0 10715 0 10729 0 10676 0 10676 0 10729 0 10731 0 10676 0 10731 0 10718 0 10718 0 10731 0 10673 0 10718 0 10673 0 10716 0 10716 0 10673 0 10741 0 10716 0 10741 0 10750 0 10750 0 10741 0 10744 0 10750 6909 10744 6909 10748 6909 10748 6910 10744 6910 10743 6910 10708 0 10694 0 10707 0 10707 0 10694 0 10788 0 10707 0 10788 0 10783 0 10783 0 10788 0 10827 0 10783 0 10827 0 10683 0 10683 0 10827 0 10828 0 10683 0 10828 0 10678 0 10678 0 10828 0 10810 0 10678 0 10810 0 10679 0 10679 6911 10810 6911 10812 6911 10679 6912 10812 6912 10808 6912 10742 0 10670 0 10750 0 10750 0 10670 0 10829 0 10750 0 10829 0 10768 0 10768 0 10829 0 10798 0 10768 0 10798 0 10765 0 10765 0 10798 0 10797 0 10765 0 10797 0 10804 0 10830 6913 10664 6913 10831 6913 10831 6914 10664 6914 10798 6914 10831 0 10798 0 10832 0 10832 0 10798 0 10829 0 10832 0 10829 0 10833 0 10833 0 10829 0 10670 0 10833 0 10670 0 10755 0 10755 0 10670 0 10669 0 10755 6915 10669 6915 10756 6915 10773 0 10778 0 10744 0 10744 6916 10778 6916 10686 6916 10744 0 10686 0 10746 0 10746 0 10686 0 10682 0 10746 0 10682 0 10834 0 10834 0 10682 0 10809 0 10835 6917 10836 6918 10837 6919 10837 6919 10836 6918 10838 6920 10839 6921 10840 6922 10841 6923 10841 6923 10840 6922 10842 6924 10843 6925 10844 6926 10845 6927 10845 6927 10844 6926 10846 6928 10847 6929 10848 6930 10849 6931 10849 6931 10848 6930 10850 6932 10851 6933 10852 6933 10853 6933 10853 6934 10852 6934 10854 6934 10855 6935 10856 6935 10857 6935 10857 6936 10856 6936 10858 6936 10859 6937 10860 6937 10861 6937 10861 6938 10860 6938 10862 6938 10863 6939 10864 6939 10865 6939 10865 6940 10864 6940 10866 6940 10867 904 10868 904 10869 904 10869 1649 10868 1649 10870 1649 10871 6941 10872 6941 10873 6941 10873 6942 10872 6942 10874 6942 10875 6943 10876 6943 10877 6943 10877 6944 10876 6944 10878 6944 10879 6945 10880 6945 10881 6945 10881 6946 10880 6946 10882 6946 10883 6947 10884 6947 10885 6947 10885 6948 10884 6948 10886 6948 10887 6949 10888 6949 10889 6949 10889 6950 10888 6950 10890 6950 10891 844 10892 844 10893 844 10893 6951 10892 6951 10894 6951 10895 6952 10896 6952 10897 6952 10897 6953 10896 6953 10898 6953 10899 6954 10900 6954 10901 6954 10901 6955 10900 6955 10902 6955 10903 839 10904 839 10905 839 10905 6936 10904 6936 10906 6936 10907 6956 10908 6956 10909 6956 10909 6938 10908 6938 10910 6938 10911 6939 10912 6939 10913 6939 10913 6957 10912 6957 10914 6957 10915 904 10916 904 10917 904 10917 6958 10916 6958 10918 6958 10919 6959 10920 6959 10921 6959 10921 6960 10920 6960 10922 6960 10923 6943 10924 6943 10925 6943 10925 6944 10924 6944 10926 6944 10927 903 10928 903 10929 903 10929 6961 10928 6961 10930 6961 10931 6962 10932 6962 10933 6962 10933 6963 10932 6963 10934 6963 10935 6964 10936 6964 10937 6964 10937 6965 10936 6965 10938 6965 10939 6966 10940 6966 10941 6966 10941 6967 10940 6967 10942 6967 10943 6952 10944 6952 10945 6952 10945 6953 10944 6953 10946 6953 10947 6954 10948 6954 10949 6954 10949 6955 10948 6955 10950 6955 10951 839 10952 839 10953 839 10953 6936 10952 6936 10954 6936 10955 6956 10956 6956 10957 6956 10957 6938 10956 6938 10958 6938 10959 6939 10960 6939 10961 6939 10961 6957 10960 6957 10962 6957 10963 904 10964 904 10965 904 10965 6958 10964 6958 10966 6958 10967 6959 10968 6959 10969 6959 10969 6960 10968 6960 10970 6960 10971 6943 10972 6943 10973 6943 10973 6944 10972 6944 10974 6944 10975 903 10976 903 10977 903 10977 6961 10976 6961 10978 6961 10979 6962 10980 6962 10981 6962 10981 6963 10980 6963 10982 6963 10983 6964 10984 6964 10985 6964 10985 6965 10984 6965 10986 6965 10987 6966 10988 6966 10989 6966 10989 6967 10988 6967 10990 6967 10991 6952 10992 6952 10993 6952 10993 6953 10992 6953 10994 6953 10995 6933 10996 6933 10997 6933 10997 6934 10996 6934 10998 6934 10999 6935 11000 6935 11001 6935 11001 6936 11000 6936 11002 6936 11003 6937 11004 6937 11005 6937 11005 6938 11004 6938 11006 6938 11007 6939 11008 6939 11009 6939 11009 6940 11008 6940 11010 6940 11011 904 11012 904 11013 904 11013 1649 11012 1649 11014 1649 11015 6941 11016 6941 11017 6941 11017 6942 11016 6942 11018 6942 11019 6943 11020 6943 11021 6943 11021 6944 11020 6944 11022 6944 11023 6945 11024 6945 11025 6945 11025 6946 11024 6946 11026 6946 11027 6947 11028 6947 11029 6947 11029 6948 11028 6948 11030 6948 11031 6949 11032 6949 11033 6949 11033 6950 11032 6950 11034 6950 11035 844 11036 844 11037 844 11037 6951 11036 6951 11038 6951 11039 6952 11040 6952 11041 6952 11041 6953 11040 6953 11042 6953 10848 6930 10847 6929 11043 6968 10848 6930 11043 6968 11044 6937 11045 6969 11046 6969 11047 6969 11045 6970 11047 6970 11048 6970 11049 6971 11050 6972 10837 6919 11049 6971 10837 6919 10838 6920 10840 6922 10839 6921 11051 6973 10840 6922 11051 6973 11052 6947 11053 6974 11054 6974 11055 6974 11053 6975 11055 6975 11056 6975 11057 6976 11058 6977 10845 6927 11057 6976 10845 6927 10846 6928 10836 6918 10835 6917 11059 6978 10836 6918 11059 6978 11060 6978 11061 6979 11062 6979 11063 6979 11061 6980 11063 6980 11064 6980 11065 6981 11066 6949 10841 6923 11065 6981 10841 6923 10842 6924 10844 6926 10843 6925 11067 6982 10844 6926 11067 6982 11068 6983 11069 6984 11070 6984 11071 6984 11069 6985 11071 6985 11072 6985 11073 1501 11074 6939 10849 6931 11073 1501 10849 6931 10850 6932 11075 6986 11076 6987 11077 6988 11077 6988 11078 6989 11075 6986 11079 6990 11080 6991 11081 6992 11079 6990 11081 6992 11082 6993 11082 6993 11081 6992 11083 6994 11082 6993 11083 6994 11084 6995 11084 6995 11083 6994 11085 6996 11086 6997 11087 6997 11088 6997 11088 6998 11087 6998 11089 6998 11090 6999 11091 6999 11092 6999 11092 7000 11091 7000 11093 7000 11094 7001 11095 7001 11096 7001 11096 7002 11095 7002 11097 7002 11098 7003 11099 7003 11100 7003 11100 7004 11099 7004 11101 7004 11102 7005 11103 7005 11104 7005 11104 7005 11103 7005 11105 7005 11106 7006 11107 7006 11108 7006 11108 7007 11107 7007 11109 7007 11110 7008 11111 7008 11112 7008 11112 7009 11111 7009 11113 7009 11114 7010 11115 7010 11116 7010 11116 7011 11115 7011 11117 7011 11118 7012 11119 7013 11076 6987 11076 6987 11119 7013 11120 7014 11076 6987 11120 7014 11077 6988 11121 7015 11122 7016 11123 7017 11123 7017 11122 7016 11124 7018 11123 7017 11124 7018 11125 7019 11125 7019 11124 7018 11126 7020 11125 7019 11126 7020 11127 7021 11127 7021 11126 7020 11128 7022 11127 7021 11128 7022 11129 7023 11129 7023 11128 7022 11130 7024 11129 7023 11130 7024 11131 7025 11131 7025 11130 7024 11132 7026 11131 7025 11132 7026 11133 7027 11133 7027 11132 7026 11134 7028 11133 7027 11134 7028 11135 7029 11135 7029 11134 7028 11136 7030 11135 7029 11136 7030 11137 7031 11137 7031 11136 7030 11138 7032 11137 7031 11138 7032 11139 7033 11139 7033 11138 7032 11140 7034 11139 7033 11140 7034 11141 7035 11141 7035 11140 7034 11142 7036 11141 7035 11142 7036 11143 7037 11143 7037 11142 7036 11144 7038 11143 7037 11144 7038 11121 7015 11121 7015 11144 7038 11122 7016 11145 7039 11146 7040 11147 7041 11147 7041 11148 7042 11145 7039 11149 7043 11150 7044 11151 7045 11149 7043 11151 7045 11152 7046 11152 7046 11151 7045 11153 7047 11152 7046 11153 7047 11154 7048 11154 7048 11153 7047 11155 7049 11156 7050 11157 7050 11158 7050 11158 7051 11157 7051 11159 7051 11160 7052 11161 7052 11162 7052 11162 7053 11161 7053 11163 7053 11164 7054 11165 7054 11166 7054 11166 7055 11165 7055 11167 7055 11168 7056 11169 7056 11170 7056 11170 7056 11169 7056 11171 7056 11172 7057 11173 7057 11174 7057 11174 7058 11173 7058 11175 7058 11176 7059 11177 7059 11178 7059 11178 7060 11177 7060 11179 7060 11180 7061 11181 7061 11182 7061 11182 7062 11181 7062 11183 7062 11184 7063 11185 7063 11186 7063 11186 7064 11185 7064 11187 7064 11188 7065 11189 7066 11146 7040 11146 7040 11189 7066 11190 7067 11146 7040 11190 7067 11147 7041 11191 7068 11192 7069 11193 7070 11193 7070 11192 7069 11194 7071 11193 7070 11194 7071 11195 7072 11195 7072 11194 7071 11196 7073 11195 7072 11196 7073 11197 7074 11197 7074 11196 7073 11198 7075 11197 7074 11198 7075 11199 7076 11199 7076 11198 7075 11200 7077 11199 7076 11200 7077 11201 7078 11201 7078 11200 7077 11202 7079 11201 7078 11202 7079 11203 7080 11203 7080 11202 7079 11204 7081 11203 7080 11204 7081 11205 7082 11205 7082 11204 7081 11206 7083 11205 7082 11206 7083 11207 7084 11207 7084 11206 7083 11208 7085 11207 7084 11208 7085 11209 7086 11209 7086 11208 7085 11210 7087 11209 7086 11210 7087 11211 7088 11211 7088 11210 7087 11212 7089 11211 7088 11212 7089 11213 7090 11213 7090 11212 7089 11214 7091 11213 7090 11214 7091 11191 7068 11191 7068 11214 7091 11192 7069 11215 7092 11216 7093 11217 7094 11217 7094 11218 7095 11215 7092 11219 7096 11220 7097 11221 7098 11219 7096 11221 7098 11222 7099 11222 7099 11221 7098 11223 7100 11222 7099 11223 7100 11224 7101 11224 7101 11223 7100 11225 7102 11226 7103 11227 7103 11228 7103 11228 7104 11227 7104 11229 7104 11230 7105 11231 7105 11232 7105 11232 7106 11231 7106 11233 7106 11234 7107 11235 7107 11236 7107 11236 7108 11235 7108 11237 7108 11238 7109 11239 7109 11240 7109 11240 7110 11239 7110 11241 7110 11242 7111 11243 7111 11244 7111 11244 7112 11243 7112 11245 7112 11246 7113 11247 7113 11248 7113 11248 7114 11247 7114 11249 7114 11250 7115 11251 7115 11252 7115 11252 7116 11251 7116 11253 7116 11254 7117 11255 7117 11256 7117 11256 7118 11255 7118 11257 7118 11258 7119 11259 7120 11216 7093 11216 7093 11259 7120 11260 7121 11216 7093 11260 7121 11217 7094 11261 7122 11262 7123 11263 7124 11263 7124 11262 7123 11264 7125 11263 7124 11264 7125 11265 7126 11265 7126 11264 7125 11266 7127 11265 7126 11266 7127 11267 7128 11267 7128 11266 7127 11268 7129 11267 7128 11268 7129 11269 7130 11269 7130 11268 7129 11270 7131 11269 7130 11270 7131 11271 7132 11271 7132 11270 7131 11272 7133 11271 7132 11272 7133 11273 7134 11273 7134 11272 7133 11274 7135 11273 7134 11274 7135 11275 7136 11275 7136 11274 7135 11276 7137 11275 7136 11276 7137 11277 7138 11277 7138 11276 7137 11278 7139 11277 7138 11278 7139 11279 7140 11279 7140 11278 7139 11280 7141 11279 7140 11280 7141 11281 7142 11281 7142 11280 7141 11282 7143 11281 7142 11282 7143 11283 7144 11283 7144 11282 7143 11284 7145 11283 7144 11284 7145 11261 7122 11261 7122 11284 7145 11262 7123 11285 7146 11286 7147 11287 7148 11287 7148 11288 7149 11285 7146 11289 7150 11290 7151 11291 7152 11289 7150 11291 7152 11292 7153 11292 7153 11291 7152 11293 7154 11292 7153 11293 7154 11294 1197 11294 1197 11293 7154 11295 7155 11296 7156 11297 7156 11298 7156 11298 7157 11297 7157 11299 7157 11300 7158 11301 7158 11302 7158 11302 947 11301 947 11303 947 11304 839 11305 839 11306 839 11306 7159 11305 7159 11307 7159 11308 7160 11309 7160 11310 7160 11310 7160 11309 7160 11311 7160 11312 7161 11313 7161 11314 7161 11314 7161 11313 7161 11315 7161 11316 844 11317 844 11318 844 11318 7162 11317 7162 11319 7162 11320 7163 11321 7163 11322 7163 11322 7164 11321 7164 11323 7164 11324 7165 11325 7165 11326 7165 11326 7166 11325 7166 11327 7166 11328 7167 11329 7168 11286 7147 11286 7147 11329 7168 11330 7169 11286 7147 11330 7169 11287 7148 11331 7170 11332 7171 11333 7172 11333 7172 11332 7171 11334 7173 11333 7172 11334 7173 11335 7174 11335 7174 11334 7173 11336 7175 11335 7174 11336 7175 11337 7176 11337 7176 11336 7175 11338 7177 11337 7176 11338 7177 11339 7178 11339 7178 11338 7177 11340 7179 11339 7178 11340 7179 11341 7180 11341 7180 11340 7179 11342 7181 11341 7180 11342 7181 11343 7182 11343 7182 11342 7181 11344 7183 11343 7182 11344 7183 11345 7184 11345 7184 11344 7183 11346 7185 11345 7184 11346 7185 11347 7186 11347 7186 11346 7185 11348 7187 11347 7186 11348 7187 11349 7188 11349 7188 11348 7187 11350 7189 11349 7188 11350 7189 11351 7190 11351 7190 11350 7189 11352 7191 11351 7190 11352 7191 11353 7192 11353 7192 11352 7191 11354 7193 11353 7192 11354 7193 11331 7170 11331 7170 11354 7193 11332 7171 11355 7194 11356 7195 11357 7196 11357 7196 11358 7197 11355 7194 11359 7198 11360 7199 11361 7200 11359 7198 11361 7200 11362 7201 11362 7201 11361 7200 11363 7202 11362 7201 11363 7202 11364 1168 11364 1168 11363 7202 11365 7203 11366 7204 11367 7204 11368 7204 11368 7205 11367 7205 11369 7205 11370 7206 11371 7206 11372 7206 11372 959 11371 959 11373 959 11374 903 11375 903 11376 903 11376 7207 11375 7207 11377 7207 11378 7208 11379 7208 11380 7208 11380 7208 11379 7208 11381 7208 11382 7209 11383 7209 11384 7209 11384 7209 11383 7209 11385 7209 11386 904 11387 904 11388 904 11388 7210 11387 7210 11389 7210 11390 7211 11391 7211 11392 7211 11392 7212 11391 7212 11393 7212 11394 7213 11395 7213 11396 7213 11396 7214 11395 7214 11397 7214 11398 7215 11399 7216 11356 7195 11356 7195 11399 7216 11400 7217 11356 7195 11400 7217 11357 7196 11401 7218 11402 7219 11403 7220 11403 7220 11402 7219 11404 7221 11403 7220 11404 7221 11405 7222 11405 7222 11404 7221 11406 7223 11405 7222 11406 7223 11407 7224 11407 7224 11406 7223 11408 7225 11407 7224 11408 7225 11409 7226 11409 7226 11408 7225 11410 7227 11409 7226 11410 7227 11411 7228 11411 7228 11410 7227 11412 7229 11411 7228 11412 7229 11413 7230 11413 7230 11412 7229 11414 7231 11413 7230 11414 7231 11415 7232 11415 7232 11414 7231 11416 7233 11415 7232 11416 7233 11417 7234 11417 7234 11416 7233 11418 7235 11417 7234 11418 7235 11419 7236 11419 7236 11418 7235 11420 7237 11419 7236 11420 7237 11421 7238 11421 7238 11420 7237 11422 7239 11421 7238 11422 7239 11423 7240 11423 7240 11422 7239 11424 7241 11423 7240 11424 7241 11401 7218 11401 7218 11424 7241 11402 7219 11425 7242 11426 7243 11427 7244 11427 7244 11426 7243 11428 7245 11427 7244 11428 7245 11429 7242 11429 7242 11428 7245 11430 7246 11425 7242 11431 7242 11426 7243 11426 7243 11431 7242 11432 7247 11426 7243 11432 7247 11433 7248 11434 7249 11435 7250 11436 7251 11434 7249 11436 7251 11437 7252 11437 7252 11436 7251 11438 7253 11437 7252 11438 7253 11439 7254 11439 7254 11438 7253 11426 7255 11440 7256 11426 7243 11433 7248 11430 7246 11428 7245 11441 7257 11430 7246 11441 7257 11442 7258 11442 7258 11441 7257 11443 7259 11442 7258 11443 7259 11444 7260 11444 7260 11443 7259 11445 7261 11444 7260 11445 7261 11446 7262 11435 7250 11434 7249 11447 7263 11447 7263 11448 7264 11435 7250 11449 2303 11448 2303 11450 2303 11449 7265 11450 7265 11451 7265 11451 7266 11450 7266 11452 7266 11453 7267 11452 7268 11454 7269 11455 7270 11446 7262 11445 7261 11456 7271 11457 7270 11458 7272 11458 7272 11457 7270 11459 7273 11458 7272 11459 7273 11460 7274 11460 2298 11459 2298 11461 2298 11460 7275 11461 7275 11455 7275 11462 7276 11463 7277 11464 7278 11462 7276 11464 7278 11465 7279 11465 7279 11464 7278 11466 7280 11465 7279 11466 7280 11467 7281 11467 7281 11466 7280 11453 7267 11467 7281 11453 7267 11454 7269 11456 7271 11458 7272 11468 7282 11456 7271 11468 7282 11469 7283 11469 7283 11468 7282 11470 7284 11469 7283 11470 7284 11471 7285 11471 7285 11470 7284 11472 7286 11471 7285 11472 7286 11473 7287 11474 7288 11473 7287 11472 7286 11463 7277 11462 7276 11475 7289 11475 7289 11476 7290 11463 7277 11477 7291 11476 7291 11478 7291 11477 7292 11478 7292 11479 7292 11472 7286 11478 7293 11480 7293 11472 7286 11480 7293 11474 7288 11481 7294 11482 7295 11483 7296 11483 7296 11484 7297 11481 7294 11481 7294 11484 7297 11485 7298 11481 7294 11485 7298 11486 7299 11486 7299 11485 7298 11487 7300 11486 7299 11487 7300 11488 7301 11482 7295 11481 7294 11489 7302 11482 7295 11489 7302 11490 7303 11490 7303 11489 7302 11491 7304 11490 7303 11491 7304 11492 7305 11492 7305 11491 7304 11493 7306 11492 7305 11493 7306 11494 7307 11495 7308 11496 7309 11497 7310 11495 7308 11497 7310 11498 7311 11499 7312 11497 7313 11500 7314 11499 7312 11500 7314 11501 7315 11501 7315 11500 7314 11486 7299 11501 7315 11486 7299 11488 7301 11502 7316 11503 7317 11493 7306 11493 7306 11503 7317 11494 7307 11504 7318 11505 7319 11495 7308 11495 7308 11505 7319 11496 7309 11503 7317 11502 7316 11506 7320 11503 7317 11506 7320 11507 7321 11507 7321 11506 7320 11508 7322 11507 7321 11508 7322 11509 7323 11509 7323 11508 7322 11510 7324 11509 7323 11510 7324 11511 7325 11512 7326 11513 7327 11514 7328 11512 7326 11514 7328 11515 7329 11515 7329 11514 7328 11516 7330 11515 7329 11516 7330 11517 7331 11517 7331 11516 7330 11505 7319 11517 7331 11505 7319 11504 7318 11513 7327 11512 7326 11510 7324 11510 7324 11512 7326 11511 7325 11518 7332 11519 7333 11520 7334 11520 7334 11519 7333 11521 7335 11519 7333 11518 7332 11522 7336 11522 7336 11518 7332 11523 7337 11522 7336 11523 7337 11524 7338 11524 7338 11523 7337 11525 7339 11524 7338 11525 7339 11526 7340 11526 7340 11525 7339 11527 7341 11528 7342 11529 7343 11530 7344 11530 7344 11529 7343 11531 7345 11530 7344 11531 7345 11532 7346 11532 7346 11531 7345 11533 7347 11532 7346 11533 7347 11521 7335 11521 7335 11533 7347 11520 7334 11534 7348 11535 7349 11527 7341 11527 7341 11535 7349 11526 7340 11536 7350 11537 7351 11528 7342 11528 7342 11537 7351 11529 7343 11535 7349 11534 7348 11538 7352 11538 7352 11534 7348 11539 7353 11538 7352 11539 7353 11540 7354 11540 7354 11539 7353 11541 7355 11540 7354 11541 7355 11542 7356 11542 7356 11541 7355 11543 7357 11544 7358 11545 7359 11546 7360 11546 7360 11545 7359 11547 7361 11546 7360 11547 7361 11548 7362 11548 7362 11547 7361 11549 7363 11548 7362 11549 7363 11536 7350 11536 7350 11549 7363 11537 7351 11545 7359 11544 7358 11543 7357 11543 7357 11544 7358 11542 7356 11550 7364 11551 7365 11552 7366 11552 7366 11551 7365 11553 7367 11551 7365 11554 7368 11553 7367 11553 7367 11554 7368 11555 7369 11553 7367 11555 7369 11556 7370 11555 7369 11557 7371 11556 7370 11558 7372 11559 7373 11560 7374 11558 7372 11560 7374 11561 7375 11560 7374 11562 7376 11561 7375 11561 7375 11562 7376 11563 7377 11561 7375 11563 7377 11564 7378 11563 7377 11565 7379 11564 7378 11566 7380 11567 7381 11568 7382 11566 7380 11568 7382 11569 7383 11570 7384 11571 7385 11572 7386 11572 7386 11571 7385 11569 7383 11572 7386 11569 7383 11573 7387 11573 7387 11569 7383 11568 7382 11574 487 11575 487 11576 487 11576 487 11575 487 11577 487 11578 7388 11579 7389 11580 7390 11580 7390 11579 7389 11581 7391 11579 7389 11582 7392 11581 7391 11581 7391 11582 7392 11583 7393 11581 7391 11583 7393 11584 7394 11583 7393 11585 7395 11584 7394 11586 7396 11587 7397 11588 7398 11586 7396 11588 7398 11589 7399 11588 7398 11590 7400 11589 7399 11589 7399 11590 7400 11591 7401 11589 7399 11591 7401 11592 7402 11591 7401 11593 7403 11592 7402 11594 7404 11595 7405 11596 7406 11594 7404 11596 7406 11597 7407 11598 7408 11599 7409 11600 7410 11600 7410 11599 7409 11597 7407 11600 7410 11597 7407 11601 7411 11601 7411 11597 7407 11596 7406 11602 0 11603 0 11604 0 11604 0 11603 0 11605 0 11606 7412 11607 7413 11608 7414 11608 7414 11607 7413 11609 7415 11607 7413 11610 7416 11609 7415 11609 7415 11610 7416 11611 7417 11609 7415 11611 7417 11612 7418 11611 7417 11613 7419 11612 7418 11614 7420 11615 7421 11616 7422 11614 7420 11616 7422 11617 7423 11616 7422 11618 7424 11617 7423 11617 7423 11618 7424 11619 7425 11617 7423 11619 7425 11620 7426 11619 7425 11621 7427 11620 7426 11622 7428 11623 7429 11624 7430 11622 7428 11624 7430 11625 7431 11626 7432 11627 7433 11628 7434 11628 7434 11627 7433 11625 7431 11628 7434 11625 7431 11629 7435 11629 7435 11625 7431 11624 7430 11630 481 11631 481 11632 481 11632 481 11631 481 11633 481 11634 7436 11635 7437 11636 7438 11636 7438 11635 7437 11637 7439 11635 7437 11638 7440 11637 7439 11637 7439 11638 7440 11639 7441 11637 7439 11639 7441 11640 7442 11639 7441 11641 7443 11640 7442 11642 7444 11643 7445 11644 7446 11642 7444 11644 7446 11645 7447 11644 7446 11646 7448 11645 7447 11645 7447 11646 7448 11647 7449 11645 7447 11647 7449 11648 7450 11647 7449 11649 7451 11648 7450 11650 7452 11651 7453 11652 7454 11650 7452 11652 7454 11653 7455 11654 7456 11655 7457 11656 7458 11656 7458 11655 7457 11653 7455 11656 7458 11653 7455 11657 7459 11657 7459 11653 7455 11652 7454 11658 72 11659 72 11660 72 11660 72 11659 72 11661 72 11662 1351 11663 1351 11664 1351 11665 1351 11666 1351 11667 1351 11668 1351 11669 1351 11670 1351 11664 1351 11663 1351 11668 1351 11668 1351 11671 1351 11672 1351 11668 1351 11672 1351 11669 1351 11665 7460 11667 7460 11673 7460 11674 7461 11675 7461 11676 7461 11670 1351 11669 1351 11667 1351 11667 7462 11669 7462 11677 7462 11667 7463 11677 7463 11673 7463 11678 7464 11679 7464 11680 7464 11680 1351 11679 1351 11681 1351 11670 1351 11682 1351 11668 1351 11668 7465 11682 7465 11683 7465 11668 7466 11683 7466 11684 7466 11684 7467 11683 7467 11678 7467 11685 1351 11686 1351 11664 1351 11664 7468 11686 7468 11687 7468 11664 7469 11687 7469 11662 7469 11688 1351 11689 1351 11690 1351 11691 1351 11692 1351 11693 1351 11671 1351 11694 1351 11672 1351 11672 1351 11694 1351 11695 1351 11672 1351 11693 1351 11696 1351 11696 7470 11693 7470 11692 7470 11697 7471 11698 7472 11699 7473 11700 7474 11701 7475 11702 7476 11702 7476 11703 7477 11698 7472 11698 7472 11703 7477 11704 7478 11705 7479 11706 7480 11707 7481 11708 7482 11709 7483 11710 7484 11701 7475 11711 7485 11702 7476 11702 7476 11711 7485 11712 7486 11702 7476 11712 7486 11703 7477 11703 7477 11712 7486 11710 7484 11703 7477 11710 7484 11713 7487 11713 7487 11710 7484 11709 7483 11714 7488 11715 7489 11716 7490 11716 7490 11715 7489 11704 7478 11699 7473 11698 7472 11717 7491 11705 7479 11707 7481 11702 7476 11702 7476 11707 7481 11718 7492 11702 7476 11718 7492 11700 7474 11710 7484 11719 7493 11720 7494 11721 7495 11722 7496 11723 7497 11704 7478 11715 7489 11698 7472 11698 7472 11715 7489 11724 7498 11698 7472 11724 7498 11717 7491 11720 7494 11725 7499 11710 7484 11710 7484 11725 7499 11726 7500 11710 7484 11726 7500 11708 7482 11714 7488 11727 7501 11715 7489 11715 7489 11727 7501 11721 7495 11715 7489 11721 7495 11728 7502 11728 7502 11721 7495 11723 7497 11699 7473 11729 7503 11730 7504 11730 7504 11731 7505 11699 7473 11699 7473 11731 7505 11732 7506 11699 7473 11732 7506 11697 7471 11733 7507 11734 7508 11735 7509 11735 7509 11626 7432 11736 7510 11735 7509 11736 7510 11737 7511 11737 7511 11736 7510 11738 7512 11737 7511 11738 7512 11739 7513 11739 7513 11738 7512 11740 7514 11739 7513 11740 7514 11741 7515 11741 7515 11740 7514 11742 7516 11741 7515 11742 7516 11743 7517 11743 7517 11742 7516 11744 7518 11743 7517 11744 7518 11715 7489 11715 7489 11744 7518 11724 7498 11745 7519 11746 7520 11747 7521 11724 7498 11748 7522 11717 7491 11717 7491 11748 7522 11749 7523 11717 7491 11749 7523 11699 7473 11699 7473 11749 7523 11750 7524 11699 7473 11750 7524 11729 7503 11729 7503 11750 7524 11751 7525 11729 7503 11751 7525 11730 7504 11730 7504 11751 7525 11752 7526 11730 7504 11752 7526 11731 7505 11731 7505 11752 7526 11753 7527 11731 7505 11753 7527 11732 7506 11732 7506 11753 7527 11747 7521 11732 7506 11747 7521 11697 7471 11697 7471 11747 7521 11746 7520 11697 7471 11746 7520 11698 7472 11754 7528 11755 7529 11756 7530 11756 7530 11755 7529 11745 7519 11745 7519 11757 7531 11756 7530 11756 7530 11757 7531 11758 7532 11756 7530 11758 7532 11759 7533 11759 7533 11758 7532 11760 7534 11759 7533 11760 7534 11761 7535 11762 7536 11760 7537 11763 7538 11762 7536 11763 7538 11764 7539 11764 7539 11763 7538 11765 7540 11764 7539 11765 7540 11766 7541 11766 7541 11765 7540 11767 7542 11766 7541 11767 7542 11768 7543 11768 7543 11767 7542 11748 7522 11768 7543 11748 7522 11769 7544 11724 7498 11744 7518 11748 7522 11748 7522 11744 7518 11742 7516 11748 7522 11742 7516 11769 7544 11769 7544 11742 7516 11740 7514 11769 7544 11740 7514 11738 7512 11754 7528 11756 7530 11770 7545 11770 7545 11756 7530 11759 7533 11770 7545 11759 7533 11771 7546 11771 7546 11759 7533 11761 7535 11771 7546 11761 7535 11772 7547 11772 7547 11761 7535 11764 7539 11772 7547 11764 7539 11773 7548 11773 7548 11764 7539 11766 7541 11773 7548 11766 7541 11774 7549 11774 7549 11766 7541 11768 7543 11774 7549 11768 7543 11775 7550 11775 7550 11768 7543 11769 7544 11775 7550 11769 7544 11776 7551 11776 7551 11769 7544 11738 7512 11776 7551 11738 7512 11736 7510 11607 7413 11777 7552 11770 7545 11770 7545 11777 7552 11778 7553 11770 7545 11778 7553 11754 7528 11623 7429 11619 7425 11774 7549 11774 7549 11619 7425 11618 7424 11774 7549 11618 7424 11773 7548 11773 7548 11618 7424 11616 7422 11773 7548 11616 7422 11772 7547 11772 7547 11616 7422 11613 7419 11772 7547 11613 7419 11771 7546 11771 7546 11613 7419 11611 7417 11771 7546 11611 7417 11770 7545 11770 7545 11611 7417 11610 7416 11770 7545 11610 7416 11607 7413 11623 7429 11774 7549 11624 7430 11624 7430 11774 7549 11775 7550 11624 7430 11775 7550 11629 7435 11629 7435 11775 7550 11776 7551 11629 7435 11776 7551 11628 7434 11628 7434 11776 7551 11736 7510 11628 7434 11736 7510 11626 7432 11741 7515 11743 7517 11779 7554 11704 7478 11780 7555 11716 7490 11716 7490 11780 7555 11781 7556 11716 7490 11781 7556 11714 7488 11714 7488 11781 7556 11782 7557 11714 7488 11782 7557 11727 7501 11727 7501 11782 7557 11783 7558 11727 7501 11783 7558 11721 7495 11721 7495 11783 7558 11784 7559 11721 7495 11784 7559 11722 7496 11722 7496 11784 7559 11785 7560 11722 7496 11785 7560 11723 7497 11723 7497 11785 7560 11786 7561 11723 7497 11786 7561 11728 7502 11728 7502 11786 7561 11743 7517 11728 7502 11743 7517 11715 7489 11737 7511 11739 7513 11787 7562 11787 7562 11739 7513 11741 7515 11741 7515 11779 7554 11787 7562 11787 7562 11779 7554 11788 7563 11787 7562 11788 7563 11789 7564 11789 7564 11788 7563 11790 7565 11789 7564 11790 7565 11791 7566 11791 7566 11790 7565 11792 7567 11791 7566 11792 7567 11793 7568 11794 7569 11792 7570 11795 7571 11794 7569 11795 7571 11796 7572 11796 7572 11795 7571 11797 7573 11796 7572 11797 7573 11798 7574 11798 7574 11797 7573 11780 7555 11798 7574 11780 7555 11799 7575 11704 7478 11800 7576 11780 7555 11780 7555 11800 7576 11801 7577 11780 7555 11801 7577 11799 7575 11799 7575 11801 7577 11802 7578 11799 7575 11802 7578 11803 7579 11737 7511 11787 7562 11804 7580 11804 7580 11787 7562 11789 7564 11804 7580 11789 7564 11805 7581 11805 7581 11789 7564 11791 7566 11805 7581 11791 7566 11806 7582 11806 7582 11791 7566 11793 7568 11806 7582 11793 7568 11807 7583 11807 7583 11793 7568 11796 7572 11807 7583 11796 7572 11808 7584 11808 7584 11796 7572 11798 7574 11808 7584 11798 7574 11809 7585 11809 7585 11798 7574 11799 7575 11809 7585 11799 7575 11810 7586 11810 7586 11799 7575 11803 7579 11810 7586 11803 7579 11811 7587 11635 7437 11733 7507 11804 7580 11804 7580 11733 7507 11735 7509 11804 7580 11735 7509 11737 7511 11651 7453 11647 7449 11808 7584 11808 7584 11647 7449 11646 7448 11808 7584 11646 7448 11807 7583 11807 7583 11646 7448 11644 7446 11807 7583 11644 7446 11806 7582 11806 7582 11644 7446 11641 7443 11806 7582 11641 7443 11805 7581 11805 7581 11641 7443 11639 7441 11805 7581 11639 7441 11804 7580 11804 7580 11639 7441 11638 7440 11804 7580 11638 7440 11635 7437 11651 7453 11808 7584 11652 7454 11652 7454 11808 7584 11809 7585 11652 7454 11809 7585 11657 7459 11657 7459 11809 7585 11810 7586 11657 7459 11810 7586 11656 7458 11656 7458 11810 7586 11811 7587 11656 7458 11811 7587 11812 7588 11777 7552 11813 7589 11778 7553 11778 7553 11598 7408 11814 7590 11778 7553 11814 7590 11754 7528 11754 7528 11814 7590 11815 7591 11754 7528 11815 7591 11755 7529 11755 7529 11815 7591 11816 7592 11755 7529 11816 7592 11745 7519 11745 7519 11816 7592 11817 7593 11745 7519 11817 7593 11746 7520 11746 7520 11817 7593 11818 7594 11746 7520 11818 7594 11698 7472 11698 7472 11818 7594 11702 7476 11819 7595 11812 7588 11820 7596 11820 7596 11812 7588 11811 7587 11820 7596 11811 7587 11821 7597 11821 7597 11811 7587 11803 7579 11821 7597 11803 7579 11822 7598 11822 7598 11803 7579 11802 7578 11822 7598 11802 7578 11823 7599 11823 7599 11802 7578 11801 7577 11823 7599 11801 7577 11824 7600 11824 7600 11801 7577 11800 7576 11824 7600 11800 7576 11703 7477 11703 7477 11800 7576 11704 7478 11825 7601 11826 7602 11827 7603 11702 7476 11828 7604 11705 7479 11705 7479 11829 7605 11830 7606 11705 7479 11830 7606 11706 7480 11706 7480 11830 7606 11831 7607 11706 7480 11831 7607 11707 7481 11707 7481 11831 7607 11832 7608 11707 7481 11832 7608 11718 7492 11718 7492 11832 7608 11833 7609 11718 7492 11833 7609 11700 7474 11700 7474 11833 7609 11834 7610 11700 7474 11834 7610 11701 7475 11701 7475 11834 7610 11835 7611 11701 7475 11835 7611 11711 7485 11711 7485 11835 7611 11826 7602 11711 7485 11826 7602 11712 7486 11836 7612 11837 7613 11838 7614 11838 7614 11837 7613 11825 7601 11825 7601 11827 7603 11838 7614 11838 7614 11827 7603 11839 7615 11838 7614 11839 7615 11840 7616 11840 7616 11839 7615 11841 7617 11840 7616 11841 7617 11842 7618 11843 7619 11841 7620 11844 7621 11843 7619 11844 7621 11845 7622 11845 7622 11844 7621 11846 7623 11845 7622 11846 7623 11847 7624 11848 7625 11846 7626 11849 7627 11848 7625 11849 7627 11850 7628 11850 7628 11849 7627 11828 7604 11850 7628 11828 7604 11851 7629 11702 7476 11818 7594 11828 7604 11828 7604 11818 7594 11817 7593 11828 7604 11817 7593 11851 7629 11851 7629 11817 7593 11816 7592 11851 7629 11816 7592 11815 7591 11836 7612 11838 7614 11852 7630 11852 7630 11838 7614 11840 7616 11852 7630 11840 7616 11853 7631 11853 7631 11840 7616 11842 7618 11853 7631 11842 7618 11854 7632 11854 7632 11842 7618 11845 7622 11854 7632 11845 7622 11855 7633 11855 7633 11845 7622 11847 7624 11855 7633 11847 7624 11856 7634 11856 7634 11847 7624 11850 7628 11856 7634 11850 7628 11857 7635 11857 7635 11850 7628 11851 7629 11857 7635 11851 7629 11858 7636 11858 7636 11851 7629 11815 7591 11858 7636 11815 7591 11814 7590 11579 7389 11859 7637 11852 7630 11852 7630 11859 7637 11860 7638 11852 7630 11860 7638 11836 7612 11595 7405 11591 7401 11856 7634 11856 7634 11591 7401 11590 7400 11856 7634 11590 7400 11855 7633 11855 7633 11590 7400 11588 7398 11855 7633 11588 7398 11854 7632 11854 7632 11588 7398 11585 7395 11854 7632 11585 7395 11853 7631 11853 7631 11585 7395 11583 7393 11853 7631 11583 7393 11852 7630 11852 7630 11583 7393 11582 7392 11852 7630 11582 7392 11579 7389 11595 7405 11856 7634 11596 7406 11596 7406 11856 7634 11857 7635 11596 7406 11857 7635 11601 7411 11601 7411 11857 7635 11858 7636 11601 7411 11858 7636 11600 7410 11600 7410 11858 7636 11814 7590 11600 7410 11814 7590 11598 7408 11823 7599 11824 7600 11861 7639 11710 7484 11862 7640 11719 7493 11719 7493 11862 7640 11863 7641 11719 7493 11863 7641 11720 7494 11720 7494 11863 7641 11864 7642 11720 7494 11864 7642 11725 7499 11725 7499 11864 7642 11865 7643 11725 7499 11865 7643 11726 7500 11726 7500 11865 7643 11866 7644 11726 7500 11866 7644 11708 7482 11708 7482 11866 7644 11867 7645 11708 7482 11867 7645 11709 7483 11709 7483 11867 7645 11868 7646 11709 7483 11868 7646 11713 7487 11713 7487 11868 7646 11824 7600 11713 7487 11824 7600 11703 7477 11821 7597 11822 7598 11869 7647 11869 7647 11822 7598 11823 7599 11823 7599 11861 7639 11869 7647 11869 7647 11861 7639 11870 7648 11869 7647 11870 7648 11871 7649 11871 7649 11870 7648 11872 7650 11871 7649 11872 7650 11873 7651 11873 7651 11872 7650 11874 7652 11873 7651 11874 7652 11875 7653 11876 7654 11874 7655 11877 7656 11876 7654 11877 7656 11878 7657 11878 7657 11877 7656 11879 7658 11878 7657 11879 7658 11880 7659 11880 7659 11879 7658 11862 7640 11880 7659 11862 7640 11881 7660 11710 7484 11882 7661 11862 7640 11862 7640 11882 7661 11883 7662 11862 7640 11883 7662 11881 7660 11881 7660 11883 7662 11884 7663 11881 7660 11884 7663 11885 7664 11821 7597 11869 7647 11886 7665 11886 7665 11869 7647 11871 7649 11886 7665 11871 7649 11887 7666 11887 7666 11871 7649 11873 7651 11887 7666 11873 7651 11888 7667 11888 7667 11873 7651 11875 7653 11888 7667 11875 7653 11889 7668 11889 7668 11875 7653 11878 7657 11889 7668 11878 7657 11890 7669 11890 7669 11878 7657 11880 7659 11890 7669 11880 7659 11891 7670 11891 7670 11880 7659 11881 7660 11891 7670 11881 7660 11892 7671 11892 7671 11881 7660 11885 7664 11892 7671 11885 7664 11893 7672 11551 7365 11819 7595 11886 7665 11886 7665 11819 7595 11820 7596 11886 7665 11820 7596 11821 7597 11567 7381 11563 7377 11890 7669 11890 7669 11563 7377 11562 7376 11890 7669 11562 7376 11889 7668 11889 7668 11562 7376 11560 7374 11889 7668 11560 7374 11888 7667 11888 7667 11560 7374 11557 7371 11888 7667 11557 7371 11887 7666 11887 7666 11557 7371 11555 7369 11887 7666 11555 7369 11886 7665 11886 7665 11555 7369 11554 7368 11886 7665 11554 7368 11551 7365 11567 7381 11890 7669 11568 7382 11568 7382 11890 7669 11891 7670 11568 7382 11891 7670 11573 7387 11573 7387 11891 7670 11892 7671 11573 7387 11892 7671 11572 7386 11572 7386 11892 7671 11893 7672 11572 7386 11893 7672 11894 7673 11859 7637 11894 7673 11860 7638 11860 7638 11894 7673 11893 7672 11860 7638 11893 7672 11836 7612 11836 7612 11893 7672 11885 7664 11836 7612 11885 7664 11837 7613 11837 7613 11885 7664 11884 7663 11837 7613 11884 7663 11825 7601 11825 7601 11884 7663 11883 7662 11825 7601 11883 7662 11826 7602 11826 7602 11883 7662 11882 7661 11826 7602 11882 7661 11712 7486 11712 7486 11882 7661 11710 7484</p>
        </triangles>
      </mesh>
    </geometry>
    <geometry id="mesh-e7aaf1a3-55fd-4aea-ae0a-495213c5094e_001-mesh" name="mesh-e7aaf1a3-55fd-4aea-ae0a-495213c5094e.001">
      <mesh>
        <source id="mesh-e7aaf1a3-55fd-4aea-ae0a-495213c5094e_001-mesh-positions">
          <float_array id="mesh-e7aaf1a3-55fd-4aea-ae0a-495213c5094e_001-mesh-positions-array" count="336">-0.05449998 0.006619274 0.01706618 -0.05199998 0.006619274 0.01706618 -0.05449998 0.006828546 0.01755809 -0.05199998 0.006899774 0.01806014 -0.05449998 0.006899774 0.01806014 -0.05449998 -0.006899774 0.01806014 -0.05199998 -0.006899774 0.01806014 -0.05449998 -0.006828546 0.01755809 -0.05199998 -0.006619274 0.01706618 -0.05449998 -0.006619274 0.01706618 -0.05199998 0.004478633 0.01473647 -0.05449998 0.004478633 0.01473647 -0.05199998 0.004478633 0.01473647 -0.05449998 0.004478633 0.01473647 -0.05199998 0.001581907 0.01346421 -0.05449998 0.001581907 0.01346421 -0.05199998 0.001581907 0.01346421 -0.05449998 0.001581907 0.01346421 -0.05199998 -0.001581907 0.01346421 -0.05449998 -0.001581907 0.01346421 -0.05199998 -0.001581907 0.01346421 -0.05449998 -0.001581907 0.01346421 -0.05199998 -0.004478633 0.01473647 -0.05449998 -0.004478633 0.01473647 -0.05199998 -0.004478633 0.01473647 -0.05449998 -0.004478633 0.01473647 -0.05449998 0.006619274 0.01706618 -0.05499994 0.007049083 0.01681071 -0.05449998 0.004478633 0.01473647 -0.05499994 0.004769444 0.01432973 -0.05449998 0.001581907 0.01346421 -0.05499994 0.001684606 0.01297491 -0.05449998 -0.001581907 0.01346421 -0.05499994 -0.001684606 0.01297491 -0.05449998 -0.004478633 0.01473647 -0.05499994 -0.004769444 0.01432973 -0.05449998 -0.006619274 0.01706618 -0.05499994 -0.007049083 0.01681071 -0.05449998 -0.006828546 0.01755809 -0.05499994 -0.007310628 0.01742565 -0.05449998 -0.006899774 0.01806014 -0.05499994 -0.007399976 0.01808792 -0.05451154 -0.006911575 0.01808792 -0.05451154 0.006911575 0.01808792 -0.05499994 0.007399976 0.01808792 -0.05449998 0.006899774 0.01806014 -0.05499994 0.007310628 0.01742565 -0.05449998 0.006828546 0.01755809 -0.05499994 -0.007399976 0.01977932 -0.05499994 0.007399976 0.01977932 -0.05499994 0.007399976 0.01808792 -0.05499994 0.007399976 0.01977932 -0.05499994 0.00638014 0.01705741 -0.05499994 0.007310628 0.01742565 -0.05499994 -0.00638014 0.01705741 -0.05499994 -0.007399976 0.01977932 -0.05499994 -0.007399976 0.01808792 -0.05499994 -0.007310628 0.01742565 -0.05499994 -0.007049083 0.01681071 -0.05499994 -0.004298746 0.01485419 -0.05499994 -0.004769444 0.01432973 -0.05499994 -0.001515388 0.01365464 -0.05499994 -0.001684606 0.01297491 -0.05499994 0.001515388 0.01365464 -0.05499994 0.001684606 0.01297491 -0.05499994 0.004298746 0.01485419 -0.05499994 0.004769444 0.01432973 -0.05499994 0.007049083 0.01681071 -0.05199998 0.00638014 0.01705741 -0.05199998 0.006899774 0.01806014 -0.05199998 0.006619274 0.01706618 -0.05199998 0.004298746 0.01485419 -0.05199998 0.004478633 0.01473647 -0.05199998 0.001515388 0.01365464 -0.05199998 0.001581907 0.01346421 -0.05199998 0.001581907 0.01346421 -0.05199998 -0.001515388 0.01365464 -0.05199998 -0.001581907 0.01346421 -0.05199998 -0.001581907 0.01346421 -0.05199998 -0.004298746 0.01485419 -0.05199998 -0.004478633 0.01473647 -0.05199998 -0.00638014 0.01705741 -0.05199998 -0.006619274 0.01706618 -0.05199998 -0.006899774 0.01806014 -0.05449998 0.006899774 0.01806014 -0.05199998 0.006899774 0.01806014 -0.05199998 0.00638014 0.01705741 -0.05499994 0.00638014 0.01705741 -0.05451154 0.006911575 0.01808792 -0.05499994 0.007399976 0.01977932 -0.05499994 -0.007399976 0.01977932 -0.05499994 -0.00638014 0.01705741 -0.05451154 -0.006911575 0.01808792 -0.05449998 -0.006899774 0.01806014 -0.05199998 0.004298746 0.01485419 -0.05499994 0.004298746 0.01485419 -0.05499994 0.004298746 0.01485419 -0.05199998 0.004298746 0.01485419 -0.05199998 0.001515388 0.01365464 -0.05499994 0.001515388 0.01365464 -0.05499994 0.001515388 0.01365464 -0.05199998 0.001515388 0.01365464 -0.05199998 -0.001515388 0.01365464 -0.05499994 -0.001515388 0.01365464 -0.05499994 -0.001515388 0.01365464 -0.05199998 -0.001515388 0.01365464 -0.05199998 -0.004298746 0.01485419 -0.05499994 -0.004298746 0.01485419 -0.05499994 -0.004298746 0.01485419 -0.05199998 -0.004298746 0.01485419 -0.05199998 -0.00638014 0.01705741 -0.05199998 -0.006899774 0.01806014</float_array>
          <technique_common>
            <accessor source="#mesh-e7aaf1a3-55fd-4aea-ae0a-495213c5094e_001-mesh-positions-array" count="112" stride="3">
              <param name="X" type="float"/>
              <param name="Y" type="float"/>
              <param name="Z" type="float"/>
            </accessor>
          </technique_common>
        </source>
        <source id="mesh-e7aaf1a3-55fd-4aea-ae0a-495213c5094e_001-mesh-normals">
          <float_array id="mesh-e7aaf1a3-55fd-4aea-ae0a-495213c5094e_001-mesh-normals-array" count="219">0 -0.808054374 0.589107909 -0.00921279102 -0.890249402 0.455380201 -0.00903320222 -0.962998317 0.269355977 -0.0135846704 -0.978348428 0.206518306 0 -0.990075842 0.140534078 0 0.990075842 0.140534078 -0.0135846704 0.978348428 0.206518306 -0.00903332132 0.962998427 0.26935558 -0.00692838335 0.857129819 0.515053852 0 0.84046975 0.541858468 0 -0.736354082 0.676596383 0 -0.736354082 0.676596383 0 -0.402122659 0.915585806 0 -0.40212106 0.915586508 0 0 1 0 0.402122659 0.915585806 0 0.40212106 0.915586508 0 0.736354082 0.676596383 0 0.736354082 0.676596383 -0.707034481 -0.615159383 0.34882829 -0.705532383 -0.572449686 0.41776239 -0.706243913 -0.450960208 0.54576041 -0.706243094 -0.370588497 0.603228695 -0.706243808 -0.193430502 0.681031808 -0.706242694 -0.0967341591 0.701329994 -0.706245948 0.0967593029 0.701323248 -0.706244874 0.193454893 0.681023775 -0.706245649 0.370612173 0.603211157 -0.706241537 0.45098276 0.545744851 -0.705532848 0.572449858 0.417761369 -0.707033252 0.615172258 0.348808076 -0.706711071 0.672616673 0.219422591 -0.70594259 0.69034879 0.158314898 -0.704917086 0.706150986 0.0666534887 -0.705871069 0.707550069 0.0334504785 -0.707104972 0.707104972 0.00226241291 -0.707104972 -0.707104972 0.00226241291 -0.705870768 -0.707550368 0.0334504785 -0.704913474 -0.706150174 0.0667002676 -0.706349444 -0.682337746 0.188376385 -0.707103695 -0.681150395 0.189838099 -0.707106781 0.707106781 0 -0.707106781 -0.707106781 0 1 -1.6872e-05 0 1 0 0 1 1.6872e-05 0 1 1.23144e-05 0 1 6.45134e-06 0 -1 0 0 -1 2.16835e-05 0 -1 -1.33869e-05 0 -1 -2.70267e-05 0 -0.0310875075 0.893669828 -0.447646964 0 0.887850062 -0.46013288 0 0.841445017 -0.540342747 -0.0737200809 0.845542496 -0.528794135 -0.181669984 0.906410021 -0.381335667 -0.268399503 0.902067411 -0.337988304 -0.268397181 -0.902068636 -0.337986876 -0.0733706257 -0.874078549 -0.480211872 -0.181668406 -0.906410529 -0.381335212 -0.0466813348 -0.8962017 -0.441184051 0 0.726922406 -0.686719605 0 0.726922064 -0.686719966 0 0.395779321 -0.918345648 0 0.39577797 -0.91834623 0 0 -1 0 -0.395779248 -0.918345679 0 -0.395778006 -0.918346215 0 -0.726922356 -0.686719658 0 -0.726922794 -0.686719194 0 -0.787371591 -0.616478693 0 -0.887850351 -0.460132323</float_array>
          <technique_common>
            <accessor source="#mesh-e7aaf1a3-55fd-4aea-ae0a-495213c5094e_001-mesh-normals-array" count="73" stride="3">
              <param name="X" type="float"/>
              <param name="Y" type="float"/>
              <param name="Z" type="float"/>
            </accessor>
          </technique_common>
        </source>
        <vertices id="mesh-e7aaf1a3-55fd-4aea-ae0a-495213c5094e_001-mesh-vertices">
          <input semantic="POSITION" source="#mesh-e7aaf1a3-55fd-4aea-ae0a-495213c5094e_001-mesh-positions"/>
        </vertices>
        <triangles material="a0000000-0000-0000-0000-000000000000_004-material" count="84">
          <input semantic="VERTEX" source="#mesh-e7aaf1a3-55fd-4aea-ae0a-495213c5094e_001-mesh-vertices" offset="0"/>
          <input semantic="NORMAL" source="#mesh-e7aaf1a3-55fd-4aea-ae0a-495213c5094e_001-mesh-normals" offset="1"/>
          <p>0 0 1 1 2 2 2 2 1 1 3 3 2 2 3 3 4 4 5 5 6 6 7 7 7 7 6 6 8 8 7 7 8 8 9 9 1 1 0 0 10 10 10 10 0 0 11 11 12 12 13 12 14 12 14 13 13 13 15 13 16 14 17 14 18 14 18 14 17 14 19 14 20 15 21 15 22 15 22 16 21 16 23 16 24 17 25 18 8 8 8 8 25 18 9 9 26 19 27 20 28 21 28 21 27 20 29 22 28 21 29 22 30 23 30 23 29 22 31 24 30 23 31 24 32 25 32 25 31 24 33 26 32 25 33 26 34 27 34 27 33 26 35 28 34 27 35 28 36 29 36 29 35 28 37 30 36 29 37 30 38 31 38 31 37 30 39 32 38 31 39 32 40 33 40 33 39 32 41 34 40 33 41 34 42 35 43 36 44 37 45 38 45 38 44 37 46 39 27 20 26 19 46 39 46 39 26 19 47 40 46 39 47 40 45 38 42 35 41 34 48 41 49 42 44 37 43 36 50 43 51 43 52 43 50 44 52 44 53 44 54 45 55 45 56 45 56 44 57 44 54 44 54 44 57 44 58 44 54 44 58 44 59 44 59 46 58 46 60 46 59 44 60 44 61 44 61 44 60 44 62 44 61 44 62 44 63 44 63 44 62 44 64 44 63 44 64 44 65 44 65 47 64 47 66 47 65 44 66 44 52 44 52 44 66 44 67 44 52 44 67 44 53 44 68 48 69 48 70 48 68 48 70 48 71 48 71 49 70 49 72 49 71 50 72 50 73 50 73 48 72 48 74 48 73 48 75 48 76 48 76 48 75 48 77 48 76 48 78 48 79 48 79 48 78 48 80 48 79 48 80 48 81 48 81 51 80 51 82 51 81 48 82 48 83 48 84 52 85 53 86 54 84 52 87 55 88 56 88 56 87 55 89 57 90 58 91 59 92 60 92 60 91 59 93 61 84 52 86 54 87 55 87 55 86 54 94 62 87 55 94 62 95 63 96 64 97 64 98 64 96 65 98 65 99 65 100 66 101 66 102 66 100 66 102 66 103 66 104 67 105 67 106 67 104 68 106 68 107 68 108 69 109 70 110 71 108 69 110 71 91 59 91 59 110 71 111 72 91 59 111 72 93 61</p>
        </triangles>
      </mesh>
    </geometry>
    <geometry id="mesh-a5368952-918b-488f-9073-5f125f50f17d_001-mesh" name="mesh-a5368952-918b-488f-9073-5f125f50f17d.001">
      <mesh>
        <source id="mesh-a5368952-918b-488f-9073-5f125f50f17d_001-mesh-positions">
          <float_array id="mesh-a5368952-918b-488f-9073-5f125f50f17d_001-mesh-positions-array" count="333">-0.05449998 -0.006619274 0.02493381 -0.05199998 -0.006619274 0.02493381 -0.05449998 -0.006828546 0.02444183 -0.05199998 -0.006899774 0.02393984 -0.05449998 -0.006899774 0.02393984 -0.05449998 0.006899774 0.02393984 -0.05199998 0.006899774 0.02393984 -0.05449998 0.006828546 0.02444183 -0.05199998 0.006619274 0.02493381 -0.05449998 0.006619274 0.02493381 -0.05199998 -0.004478633 0.02726346 -0.05449998 -0.004478633 0.02726346 -0.05199998 -0.004478633 0.02726346 -0.05449998 -0.004478633 0.02726346 -0.05199998 -0.001581907 0.02853572 -0.05449998 -0.001581907 0.02853572 -0.05199998 -0.001581907 0.02853572 -0.05449998 -0.001581907 0.02853572 -0.05199998 0.001581907 0.02853572 -0.05449998 0.001581907 0.02853572 -0.05199998 0.001581907 0.02853572 -0.05449998 0.001581907 0.02853572 -0.05199998 0.004478633 0.02726346 -0.05449998 0.004478633 0.02726346 -0.05199998 0.004478633 0.02726346 -0.05449998 0.004478633 0.02726346 -0.05451154 -0.006911575 0.02391201 -0.05499994 -0.007399976 0.02391201 -0.05449998 -0.006899774 0.02393984 -0.05499994 -0.007310628 0.02457427 -0.05499994 -0.007049083 0.02518922 -0.05449998 -0.006619274 0.02493381 -0.05449998 -0.006828546 0.02444183 -0.05449998 0.006619274 0.02493381 -0.05499994 0.007049083 0.02518922 -0.05449998 0.006828546 0.02444183 -0.05499994 0.007310628 0.02457427 -0.05449998 0.006899774 0.02393984 -0.05499994 0.007399976 0.02391201 -0.05451154 0.006911575 0.02391201 -0.05449998 -0.004478633 0.02726346 -0.05499994 -0.004769444 0.0276702 -0.05449998 -0.001581907 0.02853572 -0.05499994 -0.001684606 0.02902507 -0.05449998 0.001581907 0.02853572 -0.05499994 0.001684606 0.02902507 -0.05449998 0.004478633 0.02726346 -0.05499994 0.004769444 0.0276702 -0.05499994 -0.007399976 0.02222061 -0.05499994 0.007399976 0.02222061 -0.05199998 0.006619274 0.02493381 -0.05199998 0.006899774 0.02393984 -0.05199998 0.00638014 0.02494251 -0.05199998 0.004478633 0.02726346 -0.05199998 0.004298746 0.02714574 -0.05199998 0.001581907 0.02853572 -0.05199998 0.001515388 0.02834528 -0.05199998 -0.001581907 0.02853572 -0.05199998 -0.001515388 0.02834528 -0.05199998 -0.004478633 0.02726346 -0.05199998 -0.004298746 0.02714574 -0.05199998 -0.006619274 0.02493381 -0.05199998 -0.00638014 0.02494251 -0.05199998 -0.006899774 0.02393984 -0.05499994 -0.007399976 0.02391201 -0.05499994 -0.007399976 0.02222061 -0.05499994 -0.00638014 0.02494251 -0.05499994 -0.007310628 0.02457427 -0.05499994 0.00638014 0.02494251 -0.05499994 0.007399976 0.02222061 -0.05499994 0.007399976 0.02391201 -0.05499994 0.007310628 0.02457427 -0.05499994 0.007049083 0.02518922 -0.05499994 0.004298746 0.02714574 -0.05499994 0.004769444 0.0276702 -0.05499994 0.001515388 0.02834528 -0.05499994 0.001684606 0.02902507 -0.05499994 -0.001515388 0.02834528 -0.05499994 -0.001684606 0.02902507 -0.05499994 -0.004298746 0.02714574 -0.05499994 -0.004769444 0.0276702 -0.05499994 -0.007049083 0.02518922 -0.05449998 -0.006899774 0.02393984 -0.05199998 -0.006899774 0.02393984 -0.05199998 -0.00638014 0.02494251 -0.05499994 -0.00638014 0.02494251 -0.05451154 -0.006911575 0.02391201 -0.05499994 -0.00638014 0.02494251 -0.05499994 -0.007399976 0.02222061 -0.05499994 0.007399976 0.02222061 -0.05499994 0.00638014 0.02494251 -0.05451154 0.006911575 0.02391201 -0.05449998 0.006899774 0.02393984 -0.05199998 -0.004298746 0.02714574 -0.05499994 -0.004298746 0.02714574 -0.05499994 -0.004298746 0.02714574 -0.05199998 -0.004298746 0.02714574 -0.05199998 -0.001515388 0.02834528 -0.05499994 -0.001515388 0.02834528 -0.05499994 -0.001515388 0.02834528 -0.05199998 -0.001515388 0.02834528 -0.05199998 0.001515388 0.02834528 -0.05499994 0.001515388 0.02834528 -0.05499994 0.001515388 0.02834528 -0.05199998 0.001515388 0.02834528 -0.05199998 0.004298746 0.02714574 -0.05499994 0.004298746 0.02714574 -0.05499994 0.004298746 0.02714574 -0.05199998 0.004298746 0.02714574 -0.05199998 0.00638014 0.02494251 -0.05199998 0.006899774 0.02393984</float_array>
          <technique_common>
            <accessor source="#mesh-a5368952-918b-488f-9073-5f125f50f17d_001-mesh-positions-array" count="111" stride="3">
              <param name="X" type="float"/>
              <param name="Y" type="float"/>
              <param name="Z" type="float"/>
            </accessor>
          </technique_common>
        </source>
        <source id="mesh-a5368952-918b-488f-9073-5f125f50f17d_001-mesh-normals">
          <float_array id="mesh-a5368952-918b-488f-9073-5f125f50f17d_001-mesh-normals-array" count="231">0 0.808054976 -0.589107083 -0.00921332669 0.890249174 -0.455380635 -0.00903320334 0.962998336 -0.26935591 -0.0135848496 0.978348069 -0.206519993 0 0.990075657 -0.14053538 0 -0.990075657 -0.14053538 -0.0135848496 -0.978348069 -0.206519993 -0.00903326195 -0.962998395 -0.269355698 -0.00692820471 -0.857129564 -0.515054279 0 -0.840470336 -0.541857559 0 0.736354082 -0.676596383 0 0.736354082 -0.676596383 0 0.402122659 -0.915585806 0 0.40212106 -0.915586508 0 0 -1 0 -0.402122659 -0.915585806 0 -0.40212106 -0.915586508 0 -0.736354082 -0.676596383 0 -0.736354082 -0.676596383 -0.707104772 0.707105172 -0.00226241291 -0.705871222 0.707549922 -0.033450361 -0.704916988 0.706151088 -0.0666534289 -0.706352233 0.682334632 -0.188377209 -0.705533892 0.572445194 -0.417765995 -0.707033777 0.61518038 -0.348792688 -0.70710279 0.681151391 -0.189837897 -0.705532353 -0.572449662 -0.417762472 -0.707034046 -0.615170553 -0.348809473 -0.706711319 -0.672616222 -0.219423175 -0.705943654 -0.690347155 -0.15831729 -0.704916828 -0.706151228 -0.0666536532 -0.705871422 -0.707549722 -0.0334503563 -0.707104822 -0.707105122 -0.00226241275 -0.706244134 0.450960058 -0.545760249 -0.706243151 0.370588774 -0.603228458 -0.706245827 0.193429407 -0.681030026 -0.706245503 0.0967331505 -0.701327303 -0.706246338 -0.0967594215 -0.701322839 -0.706242097 -0.193455799 -0.681026397 -0.70624438 -0.37060869 -0.603214783 -0.706243423 -0.450978515 -0.545745918 -0.707108331 0.707105231 0 -0.707108331 -0.707105231 0 -1 -3.09272e-05 0 -1 0 0 -1 2.16835e-05 0 -1 -2.8607e-05 0 -1 3.09272e-05 0 1 1.6872e-05 0 1 0 0 1 -1.6872e-05 0 1 -1.52885e-05 0 1 6.2554e-06 0 1 -6.45132e-06 0 1 1.52885e-05 0 -0.0311034289 -0.89367237 0.447640785 0 -0.887850062 0.46013288 0 -0.841444627 0.540343353 -0.0235732086 -0.82090115 0.570583565 -0.181656205 -0.906405023 0.38135411 -0.181686492 -0.90641066 0.381326283 -0.268399503 -0.902067411 0.337988304 -0.268398376 0.90206832 0.33798677 -0.0733708686 0.874078683 0.480211591 -0.181656099 0.906410897 0.381340199 -0.0466521853 0.896197209 0.441196255 0 -0.726922356 0.686719658 0 -0.726922794 0.686719194 0 -0.395779321 0.918345648 0 -0.39577797 0.91834623 0 0 1 0 0.395779248 0.918345679 0 0.395778006 0.918346215 0 0.726922356 0.686719658 0 0.726922064 0.686719966 0 0.787371629 0.616478644 0 0.887850206 0.460132603</float_array>
          <technique_common>
            <accessor source="#mesh-a5368952-918b-488f-9073-5f125f50f17d_001-mesh-normals-array" count="77" stride="3">
              <param name="X" type="float"/>
              <param name="Y" type="float"/>
              <param name="Z" type="float"/>
            </accessor>
          </technique_common>
        </source>
        <vertices id="mesh-a5368952-918b-488f-9073-5f125f50f17d_001-mesh-vertices">
          <input semantic="POSITION" source="#mesh-a5368952-918b-488f-9073-5f125f50f17d_001-mesh-positions"/>
        </vertices>
        <triangles material="a0000000-0000-0000-0000-000000000000_004-material" count="84">
          <input semantic="VERTEX" source="#mesh-a5368952-918b-488f-9073-5f125f50f17d_001-mesh-vertices" offset="0"/>
          <input semantic="NORMAL" source="#mesh-a5368952-918b-488f-9073-5f125f50f17d_001-mesh-normals" offset="1"/>
          <p>0 0 1 1 2 2 2 2 1 1 3 3 2 2 3 3 4 4 5 5 6 6 7 7 7 7 6 6 8 8 7 7 8 8 9 9 1 1 0 0 10 10 10 10 0 0 11 11 12 12 13 12 14 12 14 13 13 13 15 13 16 14 17 14 18 14 18 14 17 14 19 14 20 15 21 15 22 15 22 16 21 16 23 16 24 17 25 18 8 8 8 8 25 18 9 9 26 19 27 20 28 21 28 21 27 20 29 22 30 23 31 24 29 22 29 22 31 24 32 25 29 22 32 25 28 21 33 26 34 27 35 28 35 28 34 27 36 29 35 28 36 29 37 30 37 30 36 29 38 31 37 30 38 31 39 32 31 24 30 23 40 33 40 33 30 23 41 34 40 33 41 34 42 35 42 35 41 34 43 36 42 35 43 36 44 37 44 37 43 36 45 38 44 37 45 38 46 39 46 39 45 38 47 40 46 39 47 40 33 26 33 26 47 40 34 27 48 41 27 20 26 19 39 32 38 31 49 42 50 43 51 43 52 43 50 44 52 44 53 44 53 44 52 44 54 44 53 44 54 44 55 44 55 44 54 44 56 44 55 44 56 44 57 44 57 44 56 44 58 44 57 44 58 44 59 44 59 44 58 44 60 44 59 45 60 45 61 45 61 46 60 46 62 46 61 47 62 47 63 47 64 48 65 48 66 48 64 49 66 49 67 49 68 50 69 50 70 50 70 49 71 49 68 49 68 51 71 51 72 51 68 49 72 49 73 49 73 49 72 49 74 49 73 49 74 49 75 49 75 52 74 52 76 52 75 49 76 49 77 49 77 49 76 49 78 49 77 49 78 49 79 49 79 53 78 53 80 53 79 49 80 49 66 49 66 49 80 49 81 49 66 54 81 54 67 54 82 55 83 56 84 57 82 55 85 58 86 59 86 60 87 61 88 61 89 62 90 63 91 64 91 64 90 63 92 65 82 55 84 57 85 58 85 58 84 57 93 66 85 58 93 66 94 67 95 68 96 68 97 68 95 69 97 69 98 69 99 70 100 70 101 70 99 70 101 70 102 70 103 71 104 71 105 71 103 72 105 72 106 72 107 73 108 74 109 75 107 73 109 75 90 63 90 63 109 75 110 76 90 63 110 76 92 65</p>
        </triangles>
      </mesh>
    </geometry>
    </library_geometries>
  <library_visual_scenes>
    <visual_scene id="Scene" name="Scene">
      <node id="Mesh_002" name="Mesh.002" type="NODE">
        <matrix sid="transform">1 0 0 0 0 1 0 0 0 0 1 0 0 0 0 1</matrix>
        <instance_geometry url="#mesh-aaafeaa4-f99e-41be-b43d-b6cd66d95594_001-mesh" name="Mesh.002">
          <bind_material>
            <technique_common>
              <instance_material symbol="Material-塑胶_024-material" target="#Material-塑胶_024-material"/>
            </technique_common>
          </bind_material>
        </instance_geometry>
      </node>
      <node id="Mesh_001" name="Mesh.001" type="NODE">
        <matrix sid="transform">1 0 0 0 0 1 0 0 0 0 1 0 0 0 0 1</matrix>
        <instance_geometry url="#mesh-e7aaf1a3-55fd-4aea-ae0a-495213c5094e_001-mesh" name="Mesh.001">
          <bind_material>
            <technique_common>
              <instance_material symbol="a0000000-0000-0000-0000-000000000000_004-material" target="#a0000000-0000-0000-0000-000000000000_004-material"/>
            </technique_common>
          </bind_material>
        </instance_geometry>
      </node>
      <node id="Mesh" name="Mesh" type="NODE">
        <matrix sid="transform">1 0 0 0 0 1 0 0 0 0 1 0 0 0 0 1</matrix>
        <instance_geometry url="#mesh-a5368952-918b-488f-9073-5f125f50f17d_001-mesh" name="Mesh">
          <bind_material>
            <technique_common>
              <instance_material symbol="a0000000-0000-0000-0000-000000000000_004-material" target="#a0000000-0000-0000-0000-000000000000_004-material"/>
            </technique_common>
          </bind_material>
        </instance_geometry>
      </node>
      </visual_scene>
  </library_visual_scenes>
  <scene>
    <instance_visual_scene url="#Scene"/>
  </scene>
</COLLADA>
