<?xml version='1.0' encoding='UTF-8'?>
<COLLADA xmlns="http://www.collada.org/2005/11/COLLADASchema" version="1.4.1">
  <asset>
    <contributor>
      <authoring_tool>STL to COLLADA converter for ROS visual mesh</authoring_tool>
    </contributor>
    <created>2026-08-13T00:31:38Z</created>
    <modified>2026-08-13T00:31:38Z</modified>
    <unit name="meter" meter="1"/>
    <up_axis>Z_UP</up_axis>
  </asset>
  <library_effects>
    <effect id="link7-uniform-dark-effect" name="link7-uniform-dark-effect">
      <profile_COMMON>
        <technique sid="common">
          <lambert>
            <emission>
              <color sid="emission">0 0 0 1</color>
            </emission>
            <ambient>
              <color sid="ambient">0 0 0 1</color>
            </ambient>
            <diffuse>
              <color sid="diffuse">0.054902 0.054902 0.054902 1</color>
            </diffuse>
            <reflective>
              <color sid="reflective">0 0 0 1</color>
            </reflective>
            <reflectivity>
              <float sid="reflectivity">0.416667</float>
            </reflectivity>
            <transparent opaque="A_ONE">
              <color sid="transparent">1 1 1 1</color>
            </transparent>
            <transparency>
              <float sid="transparency">1</float>
            </transparency>
            <index_of_refraction>
              <float sid="index_of_refraction">1.5</float>
            </index_of_refraction>
          </lambert>
        </technique>
      </profile_COMMON>
    </effect>
  </library_effects>
  <library_materials>
    <material id="link7-uniform-dark-material" name="link7-uniform-dark-material">
      <instance_effect url="#link7-uniform-dark-effect"/>
    </material>
  </library_materials>
  <library_geometries>
    <geometry id="link7-mesh" name="link7">
      <mesh>
        <source id="link7-mesh-positions">
          <float_array id="link7-mesh-positions-array" count="18774">-0.0037 -0.0764999986 0.0264999997 -0.00850000046 -0.0764999986 0.0264999997 -0.0037 -0.0764999986 0.00400000019 -0.0037 -0.0764999986 0.00400000019 -0.00850000046 -0.0764999986 0.0264999997 -0.00850000046 -0.0764999986 0.00400000019 -0.0037 -0.0729999989 0.00400000019 -0.0037 -0.0764999986 0.00400000019 -0.00850000046 -0.0764999986 0.00400000019 0.00850000046 -0.0764999986 0.00400000019 0.0037 -0.0764999986 0.00400000019 0.00850000046 -0.0700000003 0.00400000019 0.00850000046 -0.0700000003 0.00400000019 0.0037 -0.0764999986 0.00400000019 0.0037 -0.0729999989 0.00400000019 0.00850000046 -0.0700000003 0.00400000019 0.0037 -0.0729999989 0.00400000019 -0.00323750009 -0.0700000003 0.00400000019 -0.00323750009 -0.0700000003 0.00400000019 0.0037 -0.0729999989 0.00400000019 -0.0037 -0.0729999989 0.00400000019 -0.00323750009 -0.0700000003 0.00400000019 -0.0037 -0.0729999989 0.00400000019 -0.00850000046 -0.0700000003 0.00400000019 -0.00850000046 -0.0700000003 0.00400000019 -0.0037 -0.0729999989 0.00400000019 -0.00850000046 -0.0764999986 0.00400000019 -0.00850000046 -0.0700000003 0.00400000019 -0.00850000046 -0.0764999986 0.00400000019 -0.00850000046 -0.0700000003 0.0159875005 -0.00850000046 -0.0700000003 0.0159875005 -0.00850000046 -0.0764999986 0.00400000019 -0.00850000046 -0.0764999986 0.0264999997 -0.00850000046 -0.0700000003 0.0159875005 -0.00850000046 -0.0764999986 0.0264999997 -0.00850000046 -0.0700000003 0.0264999997 -0.00850000046 -0.0764999986 0.0264999997 -0.0037 -0.0764999986 0.0264999997 -0.00850000046 -0.0700000003 0.0264999997 -0.00850000046 -0.0700000003 0.0264999997 -0.0037 -0.0764999986 0.0264999997 -0.0037 -0.0729999989 0.0264999997 0.0037 -0.0764999986 0.0264999997 0.00850000046 -0.0764999986 0.0264999997 0.0037 -0.0729999989 0.0264999997 0.0037 -0.0729999989 0.0264999997 0.00850000046 -0.0764999986 0.0264999997 0.00850000046 -0.0700000003 0.0264999997 0.0037 -0.0729999989 0.0264999997 0.00850000046 -0.0700000003 0.0264999997 -0.0037 -0.0729999989 0.0264999997 -0.0037 -0.0729999989 0.0264999997 0.00850000046 -0.0700000003 0.0264999997 -0.00323750009 -0.0700000003 0.0264999997 -0.0037 -0.0729999989 0.0264999997 -0.00323750009 -0.0700000003 0.0264999997 -0.00850000046 -0.0700000003 0.0264999997 0.00850000046 -0.0764999986 0.00400000019 0.00850000046 -0.0700000003 0.00400000019 0.00850000046 -0.0764999986 0.0264999997 0.00850000046 -0.0764999986 0.0264999997 0.00850000046 -0.0700000003 0.00400000019 0.00850000046 -0.0700000003 0.0159875005 0.00850000046 -0.0764999986 0.0264999997 0.00850000046 -0.0700000003 0.0159875005 0.00850000046 -0.0700000003 0.0264999997 0.00647634128 -0.0700000003 0.012157592 0.00600000005 -0.0700000003 0.0122750001 0.00850000046 -0.0700000003 0.0159875005 0.00647634128 -0.0700000003 0.0201575924 0.00600000005 -0.0700000003 0.0202750005 0.00850000046 -0.0700000003 0.0264999997 0.00850000046 -0.0700000003 0.0264999997 0.00600000005 -0.0700000003 0.0202750005 -0.00323750009 -0.0700000003 0.0264999997 0.00600000005 -0.0700000003 0.0202750005 0.00552365882 -0.0700000003 0.0201575924 -0.00323750009 -0.0700000003 0.0264999997 -0.00323750009 -0.0700000003 0.0264999997 0.00552365882 -0.0700000003 0.0201575924 0.00515644159 -0.0700000003 0.0198322665 -0.00323750009 -0.0700000003 0.0264999997 0.00515644159 -0.0700000003 0.0198322665 -0.00323750009 -0.0700000003 0.0159875005 -0.00323750009 -0.0700000003 0.0159875005 0.00515644159 -0.0700000003 0.0198322665 0.00498247333 -0.0700000003 0.019373551 -0.00323750009 -0.0700000003 0.0159875005 0.00498247333 -0.0700000003 0.019373551 0.00504160812 -0.0700000003 0.0188865308 0.00504160812 -0.0700000003 0.0188865308 0.00532029942 -0.0700000003 0.0184827764 -0.00323750009 -0.0700000003 0.0159875005 -0.00323750009 -0.0700000003 0.0159875005 0.00532029942 -0.0700000003 0.0184827764 0.00575470133 -0.0700000003 0.0182547849 -0.00323750009 -0.0700000003 0.0159875005 0.00575470133 -0.0700000003 0.0182547849 0.00850000046 -0.0700000003 0.0159875005 0.00850000046 -0.0700000003 0.0159875005 0.00575470133 -0.0700000003 0.0182547849 0.00624529878 -0.0700000003 0.0182547849 0.00850000046 -0.0700000003 0.0159875005 0.00624529878 -0.0700000003 0.0182547849 0.00667970069 -0.0700000003 0.0184827764 0.00667970069 -0.0700000003 0.0184827764 0.00695839152 -0.0700000003 0.0188865308 0.00850000046 -0.0700000003 0.0159875005 0.00850000046 -0.0700000003 0.0159875005 0.00695839152 -0.0700000003 0.0188865308 0.00701752678 -0.0700000003 0.019373551 0.00850000046 -0.0700000003 0.0159875005 0.00701752678 -0.0700000003 0.019373551 0.00850000046 -0.0700000003 0.0264999997 0.00850000046 -0.0700000003 0.0264999997 0.00701752678 -0.0700000003 0.019373551 0.00684355851 -0.0700000003 0.0198322665 0.00850000046 -0.0700000003 0.0264999997 0.00684355851 -0.0700000003 0.0198322665 0.00647634128 -0.0700000003 0.0201575924 0.00667970069 -0.0700000003 0.0104827769 0.00850000046 -0.0700000003 0.00400000019 0.00624529878 -0.0700000003 0.0102547845 0.00624529878 -0.0700000003 0.0102547845 0.00850000046 -0.0700000003 0.00400000019 0.00575470133 -0.0700000003 0.0102547845 0.00850000046 -0.0700000003 0.0159875005 0.00600000005 -0.0700000003 0.0122750001 -0.00323750009 -0.0700000003 0.0159875005 -0.00323750009 -0.0700000003 0.0159875005 0.00600000005 -0.0700000003 0.0122750001 0.00552365882 -0.0700000003 0.012157592 -0.00323750009 -0.0700000003 0.0159875005 0.00552365882 -0.0700000003 0.012157592 0.00515644159 -0.0700000003 0.0118322661 -0.00323750009 -0.0700000003 0.0159875005 -0.000610104937 -0.0700000003 0.0136203179 -0.00111471722 -0.0700000003 0.0132536963 0.00667970069 -0.0700000003 0.0104827769 0.00695839152 -0.0700000003 0.0108865304 0.00850000046 -0.0700000003 0.00400000019 0.00850000046 -0.0700000003 0.00400000019 0.00695839152 -0.0700000003 0.0108865304 0.00701752678 -0.0700000003 0.0113735497 0.00850000046 -0.0700000003 0.00400000019 0.00701752678 -0.0700000003 0.0113735497 0.00850000046 -0.0700000003 0.0159875005 0.00850000046 -0.0700000003 0.0159875005 0.00701752678 -0.0700000003 0.0113735497 0.00684355851 -0.0700000003 0.0118322661 0.00850000046 -0.0700000003 0.0159875005 0.00684355851 -0.0700000003 0.0118322661 0.00647634128 -0.0700000003 0.012157592 -0.000881677901 -0.0700000003 0.0110364743 -0.000311867538 -0.0700000003 0.0107827783 -0.00323750009 -0.0700000003 0.00400000019 -0.00323750009 -0.0700000003 0.00400000019 -0.000311867538 -0.0700000003 0.0107827783 0.000311867538 -0.0700000003 0.0107827783 0.00575470133 -0.0700000003 0.0102547845 0.00850000046 -0.0700000003 0.00400000019 0.00532029942 -0.0700000003 0.0104827769 0.00532029942 -0.0700000003 0.0104827769 0.00850000046 -0.0700000003 0.00400000019 -0.00323750009 -0.0700000003 0.00400000019 0.00532029942 -0.0700000003 0.0104827769 -0.00323750009 -0.0700000003 0.00400000019 0.00504160812 -0.0700000003 0.0108865304 0.00504160812 -0.0700000003 0.0108865304 -0.00323750009 -0.0700000003 0.00400000019 0.000311867538 -0.0700000003 0.0107827783 0.00504160812 -0.0700000003 0.0108865304 0.000311867538 -0.0700000003 0.0107827783 0.00498247333 -0.0700000003 0.0113735497 0.000311867538 -0.0700000003 0.0107827783 0.000881677901 -0.0700000003 0.0110364743 0.00498247333 -0.0700000003 0.0113735497 0.00498247333 -0.0700000003 0.0113735497 0.000881677901 -0.0700000003 0.0110364743 0.00129903806 -0.0700000003 0.0115 0.00498247333 -0.0700000003 0.0113735497 0.00129903806 -0.0700000003 0.0115 0.00515644159 -0.0700000003 0.0118322661 0.00515644159 -0.0700000003 0.0118322661 0.00129903806 -0.0700000003 0.0115 0.00149178284 -0.0700000003 0.0120932069 0.00515644159 -0.0700000003 0.0118322661 0.00149178284 -0.0700000003 0.0120932069 0.00142658479 -0.0700000003 0.0127135254 -0.00111471722 -0.0700000003 0.0132536963 -0.00142658479 -0.0700000003 0.0127135254 -0.00323750009 -0.0700000003 0.0159875005 -0.00323750009 -0.0700000003 0.0159875005 -0.00142658479 -0.0700000003 0.0127135254 -0.00149178284 -0.0700000003 0.0120932069 -0.00323750009 -0.0700000003 0.0159875005 -0.00149178284 -0.0700000003 0.0120932069 -0.00323750009 -0.0700000003 0.00400000019 -0.00323750009 -0.0700000003 0.00400000019 -0.00149178284 -0.0700000003 0.0120932069 -0.00129903806 -0.0700000003 0.0115 -0.00323750009 -0.0700000003 0.00400000019 -0.00129903806 -0.0700000003 0.0115 -0.000881677901 -0.0700000003 0.0110364743 0.00142658479 -0.0700000003 0.0127135254 0.00111471722 -0.0700000003 0.0132536963 0.00515644159 -0.0700000003 0.0118322661 0.00515644159 -0.0700000003 0.0118322661 0.00111471722 -0.0700000003 0.0132536963 0.000610104937 -0.0700000003 0.0136203179 0.00515644159 -0.0700000003 0.0118322661 0.000610104937 -0.0700000003 0.0136203179 -0.00323750009 -0.0700000003 0.0159875005 -0.00323750009 -0.0700000003 0.0159875005 0.000610104937 -0.0700000003 0.0136203179 -1.12026907e-17 -0.0700000003 0.0137499999 -0.00323750009 -0.0700000003 0.0159875005 -1.12026907e-17 -0.0700000003 0.0137499999 -0.000610104937 -0.0700000003 0.0136203179 -0.00575470133 -0.0700000003 0.0182547849 -0.00532029942 -0.0700000003 0.0184827764 -0.00323750009 -0.0700000003 0.0159875005 -0.00575470133 -0.0700000003 0.0182547849 -0.00323750009 -0.0700000003 0.0159875005 -0.00624529878 -0.0700000003 0.0182547849 -0.00850000046 -0.0700000003 0.0159875005 -0.00667970069 -0.0700000003 0.0184827764 -0.00624529878 -0.0700000003 0.0182547849 -0.00647634128 -0.0700000003 0.0201575924 -0.00684355851 -0.0700000003 0.0198322665 -0.00850000046 -0.0700000003 0.0264999997 -0.00850000046 -0.0700000003 0.0264999997 -0.00684355851 -0.0700000003 0.0198322665 -0.00701752678 -0.0700000003 0.019373551 -0.00850000046 -0.0700000003 0.0264999997 -0.00701752678 -0.0700000003 0.019373551 -0.00850000046 -0.0700000003 0.0159875005 -0.00850000046 -0.0700000003 0.0159875005 -0.00701752678 -0.0700000003 0.019373551 -0.00695839152 -0.0700000003 0.0188865308 -0.00850000046 -0.0700000003 0.0159875005 -0.00695839152 -0.0700000003 0.0188865308 -0.00667970069 -0.0700000003 0.0184827764 -0.00323750009 -0.0700000003 0.0264999997 -0.00552365882 -0.0700000003 0.0201575924 -0.00850000046 -0.0700000003 0.0264999997 -0.00850000046 -0.0700000003 0.0264999997 -0.00552365882 -0.0700000003 0.0201575924 -0.00600000005 -0.0700000003 0.0202750005 -0.00850000046 -0.0700000003 0.0264999997 -0.00600000005 -0.0700000003 0.0202750005 -0.00647634128 -0.0700000003 0.0201575924 -0.00532029942 -0.0700000003 0.0184827764 -0.00504160812 -0.0700000003 0.0188865308 -0.00323750009 -0.0700000003 0.0159875005 -0.00323750009 -0.0700000003 0.0159875005 -0.00504160812 -0.0700000003 0.0188865308 -0.00498247333 -0.0700000003 0.019373551 -0.00323750009 -0.0700000003 0.0159875005 -0.00498247333 -0.0700000003 0.019373551 -0.00323750009 -0.0700000003 0.0264999997 -0.00323750009 -0.0700000003 0.0264999997 -0.00498247333 -0.0700000003 0.019373551 -0.00515644159 -0.0700000003 0.0198322665 -0.00323750009 -0.0700000003 0.0264999997 -0.00515644159 -0.0700000003 0.0198322665 -0.00552365882 -0.0700000003 0.0201575924 -0.00850000046 -0.0700000003 0.0159875005 -0.00600000005 -0.0700000003 0.0122750001 -0.00647634128 -0.0700000003 0.012157592 -0.00624529878 -0.0700000003 0.0182547849 -0.00323750009 -0.0700000003 0.0159875005 -0.00850000046 -0.0700000003 0.0159875005 -0.00850000046 -0.0700000003 0.0159875005 -0.00323750009 -0.0700000003 0.0159875005 -0.00552365882 -0.0700000003 0.012157592 -0.00850000046 -0.0700000003 0.0159875005 -0.00552365882 -0.0700000003 0.012157592 -0.00600000005 -0.0700000003 0.0122750001 -0.00695839152 -0.0700000003 0.0108865304 -0.00850000046 -0.0700000003 0.00400000019 -0.00701752678 -0.0700000003 0.0113735497 -0.00701752678 -0.0700000003 0.0113735497 -0.00850000046 -0.0700000003 0.00400000019 -0.00850000046 -0.0700000003 0.0159875005 -0.00701752678 -0.0700000003 0.0113735497 -0.00850000046 -0.0700000003 0.0159875005 -0.00684355851 -0.0700000003 0.0118322661 -0.00684355851 -0.0700000003 0.0118322661 -0.00850000046 -0.0700000003 0.0159875005 -0.00647634128 -0.0700000003 0.012157592 -0.00695839152 -0.0700000003 0.0108865304 -0.00667970069 -0.0700000003 0.0104827769 -0.00850000046 -0.0700000003 0.00400000019 -0.00850000046 -0.0700000003 0.00400000019 -0.00667970069 -0.0700000003 0.0104827769 -0.00624529878 -0.0700000003 0.0102547845 -0.00850000046 -0.0700000003 0.00400000019 -0.00624529878 -0.0700000003 0.0102547845 -0.00323750009 -0.0700000003 0.00400000019 -0.00323750009 -0.0700000003 0.00400000019 -0.00624529878 -0.0700000003 0.0102547845 -0.00575470133 -0.0700000003 0.0102547845 -0.00323750009 -0.0700000003 0.00400000019 -0.00575470133 -0.0700000003 0.0102547845 -0.00532029942 -0.0700000003 0.0104827769 -0.00532029942 -0.0700000003 0.0104827769 -0.00504160812 -0.0700000003 0.0108865304 -0.00323750009 -0.0700000003 0.00400000019 -0.00323750009 -0.0700000003 0.00400000019 -0.00504160812 -0.0700000003 0.0108865304 -0.00498247333 -0.0700000003 0.0113735497 -0.00323750009 -0.0700000003 0.00400000019 -0.00498247333 -0.0700000003 0.0113735497 -0.00323750009 -0.0700000003 0.0159875005 -0.00323750009 -0.0700000003 0.0159875005 -0.00498247333 -0.0700000003 0.0113735497 -0.00515644159 -0.0700000003 0.0118322661 -0.00323750009 -0.0700000003 0.0159875005 -0.00515644159 -0.0700000003 0.0118322661 -0.00552365882 -0.0700000003 0.012157592 0.0037 -0.0764999986 0.00400000019 0.00850000046 -0.0764999986 0.00400000019 0.0037 -0.0764999986 0.0264999997 0.0037 -0.0764999986 0.0264999997 0.00850000046 -0.0764999986 0.00400000019 0.00850000046 -0.0764999986 0.0264999997 0.00600000005 -0.072980687 0.0192499999 0.00639999984 -0.0724999979 0.0199428201 0.00669282023 -0.0724999979 0.0196499992 0.00600000005 -0.0724999979 0.0200500004 0.00639999984 -0.0724999979 0.0199428201 0.00600000005 -0.072980687 0.0192499999 0.00600000005 -0.072980687 0.0192499999 0.00669282023 -0.0724999979 0.0188500006 0.00639999984 -0.0724999979 0.0185571797 0.00680000009 -0.0724999979 0.0192499999 0.00669282023 -0.0724999979 0.0188500006 0.00600000005 -0.072980687 0.0192499999 0.00669282023 -0.0724999979 0.0196499992 0.00680000009 -0.0724999979 0.0192499999 0.00600000005 -0.072980687 0.0192499999 0.00600000005 -0.072980687 0.0192499999 0.0055999998 -0.0724999979 0.0185571797 0.00530717988 -0.0724999979 0.0188500006 0.00600000005 -0.0724999979 0.0184499994 0.0055999998 -0.0724999979 0.0185571797 0.00600000005 -0.072980687 0.0192499999 0.00639999984 -0.0724999979 0.0185571797 0.00600000005 -0.0724999979 0.0184499994 0.00600000005 -0.072980687 0.0192499999 0.00600000005 -0.072980687 0.0192499999 0.00530717988 -0.0724999979 0.0196499992 0.0055999998 -0.0724999979 0.0199428201 0.00520000001 -0.0724999979 0.0192499999 0.00530717988 -0.0724999979 0.0196499992 0.00600000005 -0.072980687 0.0192499999 0.00530717988 -0.0724999979 0.0188500006 0.00520000001 -0.0724999979 0.0192499999 0.00600000005 -0.072980687 0.0192499999 0.0055999998 -0.0724999979 0.0199428201 0.00600000005 -0.0724999979 0.0200500004 0.00600000005 -0.072980687 0.0192499999 0.00637177844 -0.0702250004 0.0199583657 0.00639999984 -0.0724999979 0.0199428201 0.00600000005 -0.0724999979 0.0200500004 0.00637177844 -0.0702250004 0.0199583657 0.00639999984 -0.0702250004 0.0199428201 0.00639999984 -0.0724999979 0.0199428201 0.00639999984 -0.0724999979 0.0199428201 0.00639999984 -0.0702250004 0.0199428201 0.0066583869 -0.0702250004 0.0197044518 0.00639999984 -0.0724999979 0.0199428201 0.0066583869 -0.0702250004 0.0197044518 0.00669282023 -0.0724999979 0.0196499992 0.0066583869 -0.0702250004 0.0197044518 0.00669282023 -0.0702250004 0.0196499992 0.00669282023 -0.0724999979 0.0196499992 0.00669282023 -0.0724999979 0.0196499992 0.00669282023 -0.0702250004 0.0196499992 0.00679416722 -0.0702250004 0.019346429 0.00669282023 -0.0724999979 0.0196499992 0.00679416722 -0.0702250004 0.019346429 0.00680000009 -0.0724999979 0.0192499999 0.00679416722 -0.0702250004 0.019346429 0.00680000009 -0.0702250004 0.0192499999 0.00680000009 -0.0724999979 0.0192499999 0.00680000009 -0.0724999979 0.0192499999 0.00680000009 -0.0702250004 0.0192499999 0.0067480132 -0.0702250004 0.0189663153 0.00680000009 -0.0724999979 0.0192499999 0.0067480132 -0.0702250004 0.0189663153 0.00669282023 -0.0724999979 0.0188500006 0.0067480132 -0.0702250004 0.0189663153 0.00669282023 -0.0702250004 0.0188500006 0.00669282023 -0.0724999979 0.0188500006 0.00669282023 -0.0724999979 0.0188500006 0.00669282023 -0.0702250004 0.0188500006 0.00653049815 -0.0702250004 0.0186511911 0.00669282023 -0.0724999979 0.0188500006 0.00653049815 -0.0702250004 0.0186511911 0.00639999984 -0.0724999979 0.0185571797 0.00653049815 -0.0702250004 0.0186511911 0.00639999984 -0.0702250004 0.0185571797 0.00639999984 -0.0724999979 0.0185571797 0.00639999984 -0.0724999979 0.0185571797 0.00639999984 -0.0702250004 0.0185571797 0.0061914525 -0.0702250004 0.0184732471 0.00639999984 -0.0724999979 0.0185571797 0.0061914525 -0.0702250004 0.0184732471 0.00600000005 -0.0724999979 0.0184499994 0.0061914525 -0.0702250004 0.0184732471 0.00600000005 -0.0702250004 0.0184499994 0.00600000005 -0.0724999979 0.0184499994 0.00600000005 -0.0724999979 0.0184499994 0.00600000005 -0.0702250004 0.0184499994 0.0058085476 -0.0702250004 0.0184732471 0.00600000005 -0.0724999979 0.0184499994 0.0058085476 -0.0702250004 0.0184732471 0.0055999998 -0.0724999979 0.0185571797 0.0058085476 -0.0702250004 0.0184732471 0.0055999998 -0.0702250004 0.0185571797 0.0055999998 -0.0724999979 0.0185571797 0.0055999998 -0.0724999979 0.0185571797 0.0055999998 -0.0702250004 0.0185571797 0.00546950195 -0.0702250004 0.0186511911 0.0055999998 -0.0724999979 0.0185571797 0.00546950195 -0.0702250004 0.0186511911 0.00530717988 -0.0724999979 0.0188500006 0.00546950195 -0.0702250004 0.0186511911 0.00530717988 -0.0702250004 0.0188500006 0.00530717988 -0.0724999979 0.0188500006 0.00530717988 -0.0724999979 0.0188500006 0.00530717988 -0.0702250004 0.0188500006 0.00525198691 -0.0702250004 0.0189663153 0.00530717988 -0.0724999979 0.0188500006 0.00525198691 -0.0702250004 0.0189663153 0.00520000001 -0.0724999979 0.0192499999 0.00525198691 -0.0702250004 0.0189663153 0.00520000001 -0.0702250004 0.0192499999 0.00520000001 -0.0724999979 0.0192499999 0.00520000001 -0.0724999979 0.0192499999 0.00520000001 -0.0702250004 0.0192499999 0.00520583289 -0.0702250004 0.019346429 0.00520000001 -0.0724999979 0.0192499999 0.00520583289 -0.0702250004 0.019346429 0.00530717988 -0.0724999979 0.0196499992 0.00520583289 -0.0702250004 0.019346429 0.00530717988 -0.0702250004 0.0196499992 0.00530717988 -0.0724999979 0.0196499992 0.00530717988 -0.0724999979 0.0196499992 0.00530717988 -0.0702250004 0.0196499992 0.00534161273 -0.0702250004 0.0197044518 0.00530717988 -0.0724999979 0.0196499992 0.00534161273 -0.0702250004 0.0197044518 0.0055999998 -0.0724999979 0.0199428201 0.00534161273 -0.0702250004 0.0197044518 0.0055999998 -0.0702250004 0.0199428201 0.0055999998 -0.0724999979 0.0199428201 0.0055999998 -0.0724999979 0.0199428201 0.0055999998 -0.0702250004 0.0199428201 0.00562822167 -0.0702250004 0.0199583657 0.0055999998 -0.0724999979 0.0199428201 0.00562822167 -0.0702250004 0.0199583657 0.00600000005 -0.0724999979 0.0200500004 0.00600000005 -0.0724999979 0.0200500004 0.00562822167 -0.0702250004 0.0199583657 0.00600000005 -0.0702250004 0.0200500004 0.00600000005 -0.0724999979 0.0200500004 0.00600000005 -0.0702250004 0.0200500004 0.00637177844 -0.0702250004 0.0199583657 0.00515644159 -0.0700000003 0.0198322665 0.00552365882 -0.0700000003 0.0201575924 0.0055999998 -0.0702250004 0.0199428201 0.0055999998 -0.0702250004 0.0199428201 0.00534161273 -0.0702250004 0.0197044518 0.00515644159 -0.0700000003 0.0198322665 0.00515644159 -0.0700000003 0.0198322665 0.00534161273 -0.0702250004 0.0197044518 0.00530717988 -0.0702250004 0.0196499992 0.00515644159 -0.0700000003 0.0198322665 0.00530717988 -0.0702250004 0.0196499992 0.00498247333 -0.0700000003 0.019373551 0.00530717988 -0.0702250004 0.0196499992 0.00520583289 -0.0702250004 0.019346429 0.00498247333 -0.0700000003 0.019373551 0.00498247333 -0.0700000003 0.019373551 0.00520583289 -0.0702250004 0.019346429 0.00520000001 -0.0702250004 0.0192499999 0.00498247333 -0.0700000003 0.019373551 0.00520000001 -0.0702250004 0.0192499999 0.00504160812 -0.0700000003 0.0188865308 0.00520000001 -0.0702250004 0.0192499999 0.00525198691 -0.0702250004 0.0189663153 0.00504160812 -0.0700000003 0.0188865308 0.00504160812 -0.0700000003 0.0188865308 0.00525198691 -0.0702250004 0.0189663153 0.00530717988 -0.0702250004 0.0188500006 0.00504160812 -0.0700000003 0.0188865308 0.00530717988 -0.0702250004 0.0188500006 0.00532029942 -0.0700000003 0.0184827764 0.00530717988 -0.0702250004 0.0188500006 0.00546950195 -0.0702250004 0.0186511911 0.00532029942 -0.0700000003 0.0184827764 0.00532029942 -0.0700000003 0.0184827764 0.00546950195 -0.0702250004 0.0186511911 0.0055999998 -0.0702250004 0.0185571797 0.00532029942 -0.0700000003 0.0184827764 0.0055999998 -0.0702250004 0.0185571797 0.00575470133 -0.0700000003 0.0182547849 0.00575470133 -0.0700000003 0.0182547849 0.0055999998 -0.0702250004 0.0185571797 0.0058085476 -0.0702250004 0.0184732471 0.00575470133 -0.0700000003 0.0182547849 0.0058085476 -0.0702250004 0.0184732471 0.00624529878 -0.0700000003 0.0182547849 0.0058085476 -0.0702250004 0.0184732471 0.00600000005 -0.0702250004 0.0184499994 0.00624529878 -0.0700000003 0.0182547849 0.00624529878 -0.0700000003 0.0182547849 0.00600000005 -0.0702250004 0.0184499994 0.0061914525 -0.0702250004 0.0184732471 0.00624529878 -0.0700000003 0.0182547849 0.0061914525 -0.0702250004 0.0184732471 0.00667970069 -0.0700000003 0.0184827764 0.0061914525 -0.0702250004 0.0184732471 0.00639999984 -0.0702250004 0.0185571797 0.00667970069 -0.0700000003 0.0184827764 0.00667970069 -0.0700000003 0.0184827764 0.00639999984 -0.0702250004 0.0185571797 0.00653049815 -0.0702250004 0.0186511911 0.00667970069 -0.0700000003 0.0184827764 0.00653049815 -0.0702250004 0.0186511911 0.00695839152 -0.0700000003 0.0188865308 0.00653049815 -0.0702250004 0.0186511911 0.00669282023 -0.0702250004 0.0188500006 0.00695839152 -0.0700000003 0.0188865308 0.00695839152 -0.0700000003 0.0188865308 0.00669282023 -0.0702250004 0.0188500006 0.0067480132 -0.0702250004 0.0189663153 0.00695839152 -0.0700000003 0.0188865308 0.0067480132 -0.0702250004 0.0189663153 0.00701752678 -0.0700000003 0.019373551 0.0067480132 -0.0702250004 0.0189663153 0.00680000009 -0.0702250004 0.0192499999 0.00701752678 -0.0700000003 0.019373551 0.00701752678 -0.0700000003 0.019373551 0.00680000009 -0.0702250004 0.0192499999 0.00679416722 -0.0702250004 0.019346429 0.00701752678 -0.0700000003 0.019373551 0.00679416722 -0.0702250004 0.019346429 0.00684355851 -0.0700000003 0.0198322665 0.00679416722 -0.0702250004 0.019346429 0.00669282023 -0.0702250004 0.0196499992 0.00684355851 -0.0700000003 0.0198322665 0.00684355851 -0.0700000003 0.0198322665 0.00669282023 -0.0702250004 0.0196499992 0.0066583869 -0.0702250004 0.0197044518 0.00684355851 -0.0700000003 0.0198322665 0.0066583869 -0.0702250004 0.0197044518 0.00647634128 -0.0700000003 0.0201575924 0.0066583869 -0.0702250004 0.0197044518 0.00639999984 -0.0702250004 0.0199428201 0.00647634128 -0.0700000003 0.0201575924 0.00647634128 -0.0700000003 0.0201575924 0.00639999984 -0.0702250004 0.0199428201 0.00637177844 -0.0702250004 0.0199583657 0.00647634128 -0.0700000003 0.0201575924 0.00637177844 -0.0702250004 0.0199583657 0.00600000005 -0.0700000003 0.0202750005 0.00600000005 -0.0700000003 0.0202750005 0.00637177844 -0.0702250004 0.0199583657 0.00600000005 -0.0702250004 0.0200500004 0.00600000005 -0.0700000003 0.0202750005 0.00600000005 -0.0702250004 0.0200500004 0.00552365882 -0.0700000003 0.0201575924 0.00552365882 -0.0700000003 0.0201575924 0.00600000005 -0.0702250004 0.0200500004 0.00562822167 -0.0702250004 0.0199583657 0.00552365882 -0.0700000003 0.0201575924 0.00562822167 -0.0702250004 0.0199583657 0.0055999998 -0.0702250004 0.0199428201 -0.00600000005 -0.072980687 0.0112500004 -0.0055999998 -0.0724999979 0.0119428206 -0.00530717988 -0.0724999979 0.0116499998 -0.00600000005 -0.0724999979 0.01205 -0.0055999998 -0.0724999979 0.0119428206 -0.00600000005 -0.072980687 0.0112500004 -0.00600000005 -0.072980687 0.0112500004 -0.00530717988 -0.0724999979 0.0108500002 -0.0055999998 -0.0724999979 0.0105571793 -0.00520000001 -0.0724999979 0.0112500004 -0.00530717988 -0.0724999979 0.0108500002 -0.00600000005 -0.072980687 0.0112500004 -0.00530717988 -0.0724999979 0.0116499998 -0.00520000001 -0.0724999979 0.0112500004 -0.00600000005 -0.072980687 0.0112500004 -0.00600000005 -0.072980687 0.0112500004 -0.00639999984 -0.0724999979 0.0105571793 -0.00669282023 -0.0724999979 0.0108500002 -0.00600000005 -0.0724999979 0.0104499999 -0.00639999984 -0.0724999979 0.0105571793 -0.00600000005 -0.072980687 0.0112500004 -0.0055999998 -0.0724999979 0.0105571793 -0.00600000005 -0.0724999979 0.0104499999 -0.00600000005 -0.072980687 0.0112500004 -0.00600000005 -0.072980687 0.0112500004 -0.00669282023 -0.0724999979 0.0116499998 -0.00639999984 -0.0724999979 0.0119428206 -0.00680000009 -0.0724999979 0.0112500004 -0.00669282023 -0.0724999979 0.0116499998 -0.00600000005 -0.072980687 0.0112500004 -0.00669282023 -0.0724999979 0.0108500002 -0.00680000009 -0.0724999979 0.0112500004 -0.00600000005 -0.072980687 0.0112500004 -0.00639999984 -0.0724999979 0.0119428206 -0.00600000005 -0.0724999979 0.01205 -0.00600000005 -0.072980687 0.0112500004 -0.00562822167 -0.0702250004 0.0119583644 -0.0055999998 -0.0724999979 0.0119428206 -0.00600000005 -0.0724999979 0.01205 -0.00562822167 -0.0702250004 0.0119583644 -0.0055999998 -0.0702250004 0.0119428206 -0.0055999998 -0.0724999979 0.0119428206 -0.0055999998 -0.0724999979 0.0119428206 -0.0055999998 -0.0702250004 0.0119428206 -0.00534161273 -0.0702250004 0.0117044514 -0.0055999998 -0.0724999979 0.0119428206 -0.00534161273 -0.0702250004 0.0117044514 -0.00530717988 -0.0724999979 0.0116499998 -0.00534161273 -0.0702250004 0.0117044514 -0.00530717988 -0.0702250004 0.0116499998 -0.00530717988 -0.0724999979 0.0116499998 -0.00530717988 -0.0724999979 0.0116499998 -0.00530717988 -0.0702250004 0.0116499998 -0.00520583289 -0.0702250004 0.0113464296 -0.00530717988 -0.0724999979 0.0116499998 -0.00520583289 -0.0702250004 0.0113464296 -0.00520000001 -0.0724999979 0.0112500004 -0.00520583289 -0.0702250004 0.0113464296 -0.00520000001 -0.0702250004 0.0112500004 -0.00520000001 -0.0724999979 0.0112500004 -0.00520000001 -0.0724999979 0.0112500004 -0.00520000001 -0.0702250004 0.0112500004 -0.00525198691 -0.0702250004 0.0109663159 -0.00520000001 -0.0724999979 0.0112500004 -0.00525198691 -0.0702250004 0.0109663159 -0.00530717988 -0.0724999979 0.0108500002 -0.00525198691 -0.0702250004 0.0109663159 -0.00530717988 -0.0702250004 0.0108500002 -0.00530717988 -0.0724999979 0.0108500002 -0.00530717988 -0.0724999979 0.0108500002 -0.00530717988 -0.0702250004 0.0108500002 -0.00546950195 -0.0702250004 0.0106511917 -0.00530717988 -0.0724999979 0.0108500002 -0.00546950195 -0.0702250004 0.0106511917 -0.0055999998 -0.0724999979 0.0105571793 -0.00546950195 -0.0702250004 0.0106511917 -0.0055999998 -0.0702250004 0.0105571793 -0.0055999998 -0.0724999979 0.0105571793 -0.0055999998 -0.0724999979 0.0105571793 -0.0055999998 -0.0702250004 0.0105571793 -0.0058085476 -0.0702250004 0.0104732467 -0.0055999998 -0.0724999979 0.0105571793 -0.0058085476 -0.0702250004 0.0104732467 -0.00600000005 -0.0724999979 0.0104499999 -0.0058085476 -0.0702250004 0.0104732467 -0.00600000005 -0.0702250004 0.0104499999 -0.00600000005 -0.0724999979 0.0104499999 -0.00600000005 -0.0724999979 0.0104499999 -0.00600000005 -0.0702250004 0.0104499999 -0.0061914525 -0.0702250004 0.0104732467 -0.00600000005 -0.0724999979 0.0104499999 -0.0061914525 -0.0702250004 0.0104732467 -0.00639999984 -0.0724999979 0.0105571793 -0.0061914525 -0.0702250004 0.0104732467 -0.00639999984 -0.0702250004 0.0105571793 -0.00639999984 -0.0724999979 0.0105571793 -0.00639999984 -0.0724999979 0.0105571793 -0.00639999984 -0.0702250004 0.0105571793 -0.00653049815 -0.0702250004 0.0106511917 -0.00639999984 -0.0724999979 0.0105571793 -0.00653049815 -0.0702250004 0.0106511917 -0.00669282023 -0.0724999979 0.0108500002 -0.00653049815 -0.0702250004 0.0106511917 -0.00669282023 -0.0702250004 0.0108500002 -0.00669282023 -0.0724999979 0.0108500002 -0.00669282023 -0.0724999979 0.0108500002 -0.00669282023 -0.0702250004 0.0108500002 -0.0067480132 -0.0702250004 0.0109663159 -0.00669282023 -0.0724999979 0.0108500002 -0.0067480132 -0.0702250004 0.0109663159 -0.00680000009 -0.0724999979 0.0112500004 -0.0067480132 -0.0702250004 0.0109663159 -0.00680000009 -0.0702250004 0.0112500004 -0.00680000009 -0.0724999979 0.0112500004 -0.00680000009 -0.0724999979 0.0112500004 -0.00680000009 -0.0702250004 0.0112500004 -0.00679416722 -0.0702250004 0.0113464296 -0.00680000009 -0.0724999979 0.0112500004 -0.00679416722 -0.0702250004 0.0113464296 -0.00669282023 -0.0724999979 0.0116499998 -0.00679416722 -0.0702250004 0.0113464296 -0.00669282023 -0.0702250004 0.0116499998 -0.00669282023 -0.0724999979 0.0116499998 -0.00669282023 -0.0724999979 0.0116499998 -0.00669282023 -0.0702250004 0.0116499998 -0.0066583869 -0.0702250004 0.0117044514 -0.00669282023 -0.0724999979 0.0116499998 -0.0066583869 -0.0702250004 0.0117044514 -0.00639999984 -0.0724999979 0.0119428206 -0.0066583869 -0.0702250004 0.0117044514 -0.00639999984 -0.0702250004 0.0119428206 -0.00639999984 -0.0724999979 0.0119428206 -0.00639999984 -0.0724999979 0.0119428206 -0.00639999984 -0.0702250004 0.0119428206 -0.00637177844 -0.0702250004 0.0119583644 -0.00639999984 -0.0724999979 0.0119428206 -0.00637177844 -0.0702250004 0.0119583644 -0.00600000005 -0.0724999979 0.01205 -0.00600000005 -0.0724999979 0.01205 -0.00637177844 -0.0702250004 0.0119583644 -0.00600000005 -0.0702250004 0.01205 -0.00600000005 -0.0724999979 0.01205 -0.00600000005 -0.0702250004 0.01205 -0.00562822167 -0.0702250004 0.0119583644 -0.00684355851 -0.0700000003 0.0118322661 -0.00647634128 -0.0700000003 0.012157592 -0.00639999984 -0.0702250004 0.0119428206 -0.00639999984 -0.0702250004 0.0119428206 -0.0066583869 -0.0702250004 0.0117044514 -0.00684355851 -0.0700000003 0.0118322661 -0.00684355851 -0.0700000003 0.0118322661 -0.0066583869 -0.0702250004 0.0117044514 -0.00669282023 -0.0702250004 0.0116499998 -0.00684355851 -0.0700000003 0.0118322661 -0.00669282023 -0.0702250004 0.0116499998 -0.00701752678 -0.0700000003 0.0113735497 -0.00669282023 -0.0702250004 0.0116499998 -0.00679416722 -0.0702250004 0.0113464296 -0.00701752678 -0.0700000003 0.0113735497 -0.00701752678 -0.0700000003 0.0113735497 -0.00679416722 -0.0702250004 0.0113464296 -0.00680000009 -0.0702250004 0.0112500004 -0.00701752678 -0.0700000003 0.0113735497 -0.00680000009 -0.0702250004 0.0112500004 -0.00695839152 -0.0700000003 0.0108865304 -0.00680000009 -0.0702250004 0.0112500004 -0.0067480132 -0.0702250004 0.0109663159 -0.00695839152 -0.0700000003 0.0108865304 -0.00695839152 -0.0700000003 0.0108865304 -0.0067480132 -0.0702250004 0.0109663159 -0.00669282023 -0.0702250004 0.0108500002 -0.00695839152 -0.0700000003 0.0108865304 -0.00669282023 -0.0702250004 0.0108500002 -0.00667970069 -0.0700000003 0.0104827769 -0.00669282023 -0.0702250004 0.0108500002 -0.00653049815 -0.0702250004 0.0106511917 -0.00667970069 -0.0700000003 0.0104827769 -0.00667970069 -0.0700000003 0.0104827769 -0.00653049815 -0.0702250004 0.0106511917 -0.00639999984 -0.0702250004 0.0105571793 -0.00667970069 -0.0700000003 0.0104827769 -0.00639999984 -0.0702250004 0.0105571793 -0.00624529878 -0.0700000003 0.0102547845 -0.00624529878 -0.0700000003 0.0102547845 -0.00639999984 -0.0702250004 0.0105571793 -0.0061914525 -0.0702250004 0.0104732467 -0.00624529878 -0.0700000003 0.0102547845 -0.0061914525 -0.0702250004 0.0104732467 -0.00575470133 -0.0700000003 0.0102547845 -0.0061914525 -0.0702250004 0.0104732467 -0.00600000005 -0.0702250004 0.0104499999 -0.00575470133 -0.0700000003 0.0102547845 -0.00575470133 -0.0700000003 0.0102547845 -0.00600000005 -0.0702250004 0.0104499999 -0.0058085476 -0.0702250004 0.0104732467 -0.00575470133 -0.0700000003 0.0102547845 -0.0058085476 -0.0702250004 0.0104732467 -0.00532029942 -0.0700000003 0.0104827769 -0.0058085476 -0.0702250004 0.0104732467 -0.0055999998 -0.0702250004 0.0105571793 -0.00532029942 -0.0700000003 0.0104827769 -0.00532029942 -0.0700000003 0.0104827769 -0.0055999998 -0.0702250004 0.0105571793 -0.00546950195 -0.0702250004 0.0106511917 -0.00532029942 -0.0700000003 0.0104827769 -0.00546950195 -0.0702250004 0.0106511917 -0.00504160812 -0.0700000003 0.0108865304 -0.00546950195 -0.0702250004 0.0106511917 -0.00530717988 -0.0702250004 0.0108500002 -0.00504160812 -0.0700000003 0.0108865304 -0.00504160812 -0.0700000003 0.0108865304 -0.00530717988 -0.0702250004 0.0108500002 -0.00525198691 -0.0702250004 0.0109663159 -0.00504160812 -0.0700000003 0.0108865304 -0.00525198691 -0.0702250004 0.0109663159 -0.00498247333 -0.0700000003 0.0113735497 -0.00525198691 -0.0702250004 0.0109663159 -0.00520000001 -0.0702250004 0.0112500004 -0.00498247333 -0.0700000003 0.0113735497 -0.00498247333 -0.0700000003 0.0113735497 -0.00520000001 -0.0702250004 0.0112500004 -0.00520583289 -0.0702250004 0.0113464296 -0.00498247333 -0.0700000003 0.0113735497 -0.00520583289 -0.0702250004 0.0113464296 -0.00515644159 -0.0700000003 0.0118322661 -0.00520583289 -0.0702250004 0.0113464296 -0.00530717988 -0.0702250004 0.0116499998 -0.00515644159 -0.0700000003 0.0118322661 -0.00515644159 -0.0700000003 0.0118322661 -0.00530717988 -0.0702250004 0.0116499998 -0.00534161273 -0.0702250004 0.0117044514 -0.00515644159 -0.0700000003 0.0118322661 -0.00534161273 -0.0702250004 0.0117044514 -0.00552365882 -0.0700000003 0.012157592 -0.00534161273 -0.0702250004 0.0117044514 -0.0055999998 -0.0702250004 0.0119428206 -0.00552365882 -0.0700000003 0.012157592 -0.00552365882 -0.0700000003 0.012157592 -0.0055999998 -0.0702250004 0.0119428206 -0.00562822167 -0.0702250004 0.0119583644 -0.00552365882 -0.0700000003 0.012157592 -0.00562822167 -0.0702250004 0.0119583644 -0.00600000005 -0.0700000003 0.0122750001 -0.00600000005 -0.0700000003 0.0122750001 -0.00562822167 -0.0702250004 0.0119583644 -0.00600000005 -0.0702250004 0.01205 -0.00600000005 -0.0700000003 0.0122750001 -0.00600000005 -0.0702250004 0.01205 -0.00647634128 -0.0700000003 0.012157592 -0.00647634128 -0.0700000003 0.012157592 -0.00600000005 -0.0702250004 0.01205 -0.00637177844 -0.0702250004 0.0119583644 -0.00647634128 -0.0700000003 0.012157592 -0.00637177844 -0.0702250004 0.0119583644 -0.00639999984 -0.0702250004 0.0119428206 -0.00600000005 -0.072980687 0.0192499999 -0.0055999998 -0.0724999979 0.0199428201 -0.00530717988 -0.0724999979 0.0196499992 -0.00600000005 -0.0724999979 0.0200500004 -0.0055999998 -0.0724999979 0.0199428201 -0.00600000005 -0.072980687 0.0192499999 -0.00600000005 -0.072980687 0.0192499999 -0.00530717988 -0.0724999979 0.0188500006 -0.0055999998 -0.0724999979 0.0185571797 -0.00520000001 -0.0724999979 0.0192499999 -0.00530717988 -0.0724999979 0.0188500006 -0.00600000005 -0.072980687 0.0192499999 -0.00530717988 -0.0724999979 0.0196499992 -0.00520000001 -0.0724999979 0.0192499999 -0.00600000005 -0.072980687 0.0192499999 -0.00600000005 -0.072980687 0.0192499999 -0.00639999984 -0.0724999979 0.0185571797 -0.00669282023 -0.0724999979 0.0188500006 -0.00600000005 -0.0724999979 0.0184499994 -0.00639999984 -0.0724999979 0.0185571797 -0.00600000005 -0.072980687 0.0192499999 -0.0055999998 -0.0724999979 0.0185571797 -0.00600000005 -0.0724999979 0.0184499994 -0.00600000005 -0.072980687 0.0192499999 -0.00600000005 -0.072980687 0.0192499999 -0.00669282023 -0.0724999979 0.0196499992 -0.00639999984 -0.0724999979 0.0199428201 -0.00680000009 -0.0724999979 0.0192499999 -0.00669282023 -0.0724999979 0.0196499992 -0.00600000005 -0.072980687 0.0192499999 -0.00669282023 -0.0724999979 0.0188500006 -0.00680000009 -0.0724999979 0.0192499999 -0.00600000005 -0.072980687 0.0192499999 -0.00639999984 -0.0724999979 0.0199428201 -0.00600000005 -0.0724999979 0.0200500004 -0.00600000005 -0.072980687 0.0192499999 -0.00562822167 -0.0702250004 0.0199583657 -0.0055999998 -0.0724999979 0.0199428201 -0.00600000005 -0.0724999979 0.0200500004 -0.00562822167 -0.0702250004 0.0199583657 -0.0055999998 -0.0702250004 0.0199428201 -0.0055999998 -0.0724999979 0.0199428201 -0.0055999998 -0.0724999979 0.0199428201 -0.0055999998 -0.0702250004 0.0199428201 -0.00534161273 -0.0702250004 0.0197044518 -0.0055999998 -0.0724999979 0.0199428201 -0.00534161273 -0.0702250004 0.0197044518 -0.00530717988 -0.0724999979 0.0196499992 -0.00534161273 -0.0702250004 0.0197044518 -0.00530717988 -0.0702250004 0.0196499992 -0.00530717988 -0.0724999979 0.0196499992 -0.00530717988 -0.0724999979 0.0196499992 -0.00530717988 -0.0702250004 0.0196499992 -0.00520583289 -0.0702250004 0.019346429 -0.00530717988 -0.0724999979 0.0196499992 -0.00520583289 -0.0702250004 0.019346429 -0.00520000001 -0.0724999979 0.0192499999 -0.00520583289 -0.0702250004 0.019346429 -0.00520000001 -0.0702250004 0.0192499999 -0.00520000001 -0.0724999979 0.0192499999 -0.00520000001 -0.0724999979 0.0192499999 -0.00520000001 -0.0702250004 0.0192499999 -0.00525198691 -0.0702250004 0.0189663153 -0.00520000001 -0.0724999979 0.0192499999 -0.00525198691 -0.0702250004 0.0189663153 -0.00530717988 -0.0724999979 0.0188500006 -0.00525198691 -0.0702250004 0.0189663153 -0.00530717988 -0.0702250004 0.0188500006 -0.00530717988 -0.0724999979 0.0188500006 -0.00530717988 -0.0724999979 0.0188500006 -0.00530717988 -0.0702250004 0.0188500006 -0.00546950195 -0.0702250004 0.0186511911 -0.00530717988 -0.0724999979 0.0188500006 -0.00546950195 -0.0702250004 0.0186511911 -0.0055999998 -0.0724999979 0.0185571797 -0.00546950195 -0.0702250004 0.0186511911 -0.0055999998 -0.0702250004 0.0185571797 -0.0055999998 -0.0724999979 0.0185571797 -0.0055999998 -0.0724999979 0.0185571797 -0.0055999998 -0.0702250004 0.0185571797 -0.0058085476 -0.0702250004 0.0184732471 -0.0055999998 -0.0724999979 0.0185571797 -0.0058085476 -0.0702250004 0.0184732471 -0.00600000005 -0.0724999979 0.0184499994 -0.0058085476 -0.0702250004 0.0184732471 -0.00600000005 -0.0702250004 0.0184499994 -0.00600000005 -0.0724999979 0.0184499994 -0.00600000005 -0.0724999979 0.0184499994 -0.00600000005 -0.0702250004 0.0184499994 -0.0061914525 -0.0702250004 0.0184732471 -0.00600000005 -0.0724999979 0.0184499994 -0.0061914525 -0.0702250004 0.0184732471 -0.00639999984 -0.0724999979 0.0185571797 -0.0061914525 -0.0702250004 0.0184732471 -0.00639999984 -0.0702250004 0.0185571797 -0.00639999984 -0.0724999979 0.0185571797 -0.00639999984 -0.0724999979 0.0185571797 -0.00639999984 -0.0702250004 0.0185571797 -0.00653049815 -0.0702250004 0.0186511911 -0.00639999984 -0.0724999979 0.0185571797 -0.00653049815 -0.0702250004 0.0186511911 -0.00669282023 -0.0724999979 0.0188500006 -0.00653049815 -0.0702250004 0.0186511911 -0.00669282023 -0.0702250004 0.0188500006 -0.00669282023 -0.0724999979 0.0188500006 -0.00669282023 -0.0724999979 0.0188500006 -0.00669282023 -0.0702250004 0.0188500006 -0.0067480132 -0.0702250004 0.0189663153 -0.00669282023 -0.0724999979 0.0188500006 -0.0067480132 -0.0702250004 0.0189663153 -0.00680000009 -0.0724999979 0.0192499999 -0.0067480132 -0.0702250004 0.0189663153 -0.00680000009 -0.0702250004 0.0192499999 -0.00680000009 -0.0724999979 0.0192499999 -0.00680000009 -0.0724999979 0.0192499999 -0.00680000009 -0.0702250004 0.0192499999 -0.00679416722 -0.0702250004 0.019346429 -0.00680000009 -0.0724999979 0.0192499999 -0.00679416722 -0.0702250004 0.019346429 -0.00669282023 -0.0724999979 0.0196499992 -0.00679416722 -0.0702250004 0.019346429 -0.00669282023 -0.0702250004 0.0196499992 -0.00669282023 -0.0724999979 0.0196499992 -0.00669282023 -0.0724999979 0.0196499992 -0.00669282023 -0.0702250004 0.0196499992 -0.0066583869 -0.0702250004 0.0197044518 -0.00669282023 -0.0724999979 0.0196499992 -0.0066583869 -0.0702250004 0.0197044518 -0.00639999984 -0.0724999979 0.0199428201 -0.0066583869 -0.0702250004 0.0197044518 -0.00639999984 -0.0702250004 0.0199428201 -0.00639999984 -0.0724999979 0.0199428201 -0.00639999984 -0.0724999979 0.0199428201 -0.00639999984 -0.0702250004 0.0199428201 -0.00637177844 -0.0702250004 0.0199583657 -0.00639999984 -0.0724999979 0.0199428201 -0.00637177844 -0.0702250004 0.0199583657 -0.00600000005 -0.0724999979 0.0200500004 -0.00600000005 -0.0724999979 0.0200500004 -0.00637177844 -0.0702250004 0.0199583657 -0.00600000005 -0.0702250004 0.0200500004 -0.00600000005 -0.0724999979 0.0200500004 -0.00600000005 -0.0702250004 0.0200500004 -0.00562822167 -0.0702250004 0.0199583657 -0.00684355851 -0.0700000003 0.0198322665 -0.00647634128 -0.0700000003 0.0201575924 -0.00639999984 -0.0702250004 0.0199428201 -0.00639999984 -0.0702250004 0.0199428201 -0.0066583869 -0.0702250004 0.0197044518 -0.00684355851 -0.0700000003 0.0198322665 -0.00684355851 -0.0700000003 0.0198322665 -0.0066583869 -0.0702250004 0.0197044518 -0.00669282023 -0.0702250004 0.0196499992 -0.00684355851 -0.0700000003 0.0198322665 -0.00669282023 -0.0702250004 0.0196499992 -0.00701752678 -0.0700000003 0.019373551 -0.00669282023 -0.0702250004 0.0196499992 -0.00679416722 -0.0702250004 0.019346429 -0.00701752678 -0.0700000003 0.019373551 -0.00701752678 -0.0700000003 0.019373551 -0.00679416722 -0.0702250004 0.019346429 -0.00680000009 -0.0702250004 0.0192499999 -0.00701752678 -0.0700000003 0.019373551 -0.00680000009 -0.0702250004 0.0192499999 -0.00695839152 -0.0700000003 0.0188865308 -0.00680000009 -0.0702250004 0.0192499999 -0.0067480132 -0.0702250004 0.0189663153 -0.00695839152 -0.0700000003 0.0188865308 -0.00695839152 -0.0700000003 0.0188865308 -0.0067480132 -0.0702250004 0.0189663153 -0.00669282023 -0.0702250004 0.0188500006 -0.00695839152 -0.0700000003 0.0188865308 -0.00669282023 -0.0702250004 0.0188500006 -0.00667970069 -0.0700000003 0.0184827764 -0.00669282023 -0.0702250004 0.0188500006 -0.00653049815 -0.0702250004 0.0186511911 -0.00667970069 -0.0700000003 0.0184827764 -0.00667970069 -0.0700000003 0.0184827764 -0.00653049815 -0.0702250004 0.0186511911 -0.00639999984 -0.0702250004 0.0185571797 -0.00667970069 -0.0700000003 0.0184827764 -0.00639999984 -0.0702250004 0.0185571797 -0.00624529878 -0.0700000003 0.0182547849 -0.00624529878 -0.0700000003 0.0182547849 -0.00639999984 -0.0702250004 0.0185571797 -0.0061914525 -0.0702250004 0.0184732471 -0.00624529878 -0.0700000003 0.0182547849 -0.0061914525 -0.0702250004 0.0184732471 -0.00575470133 -0.0700000003 0.0182547849 -0.0061914525 -0.0702250004 0.0184732471 -0.00600000005 -0.0702250004 0.0184499994 -0.00575470133 -0.0700000003 0.0182547849 -0.00575470133 -0.0700000003 0.0182547849 -0.00600000005 -0.0702250004 0.0184499994 -0.0058085476 -0.0702250004 0.0184732471 -0.00575470133 -0.0700000003 0.0182547849 -0.0058085476 -0.0702250004 0.0184732471 -0.00532029942 -0.0700000003 0.0184827764 -0.0058085476 -0.0702250004 0.0184732471 -0.0055999998 -0.0702250004 0.0185571797 -0.00532029942 -0.0700000003 0.0184827764 -0.00532029942 -0.0700000003 0.0184827764 -0.0055999998 -0.0702250004 0.0185571797 -0.00546950195 -0.0702250004 0.0186511911 -0.00532029942 -0.0700000003 0.0184827764 -0.00546950195 -0.0702250004 0.0186511911 -0.00504160812 -0.0700000003 0.0188865308 -0.00546950195 -0.0702250004 0.0186511911 -0.00530717988 -0.0702250004 0.0188500006 -0.00504160812 -0.0700000003 0.0188865308 -0.00504160812 -0.0700000003 0.0188865308 -0.00530717988 -0.0702250004 0.0188500006 -0.00525198691 -0.0702250004 0.0189663153 -0.00504160812 -0.0700000003 0.0188865308 -0.00525198691 -0.0702250004 0.0189663153 -0.00498247333 -0.0700000003 0.019373551 -0.00525198691 -0.0702250004 0.0189663153 -0.00520000001 -0.0702250004 0.0192499999 -0.00498247333 -0.0700000003 0.019373551 -0.00498247333 -0.0700000003 0.019373551 -0.00520000001 -0.0702250004 0.0192499999 -0.00520583289 -0.0702250004 0.019346429 -0.00498247333 -0.0700000003 0.019373551 -0.00520583289 -0.0702250004 0.019346429 -0.00515644159 -0.0700000003 0.0198322665 -0.00520583289 -0.0702250004 0.019346429 -0.00530717988 -0.0702250004 0.0196499992 -0.00515644159 -0.0700000003 0.0198322665 -0.00515644159 -0.0700000003 0.0198322665 -0.00530717988 -0.0702250004 0.0196499992 -0.00534161273 -0.0702250004 0.0197044518 -0.00515644159 -0.0700000003 0.0198322665 -0.00534161273 -0.0702250004 0.0197044518 -0.00552365882 -0.0700000003 0.0201575924 -0.00534161273 -0.0702250004 0.0197044518 -0.0055999998 -0.0702250004 0.0199428201 -0.00552365882 -0.0700000003 0.0201575924 -0.00552365882 -0.0700000003 0.0201575924 -0.0055999998 -0.0702250004 0.0199428201 -0.00562822167 -0.0702250004 0.0199583657 -0.00552365882 -0.0700000003 0.0201575924 -0.00562822167 -0.0702250004 0.0199583657 -0.00600000005 -0.0700000003 0.0202750005 -0.00600000005 -0.0700000003 0.0202750005 -0.00562822167 -0.0702250004 0.0199583657 -0.00600000005 -0.0702250004 0.0200500004 -0.00600000005 -0.0700000003 0.0202750005 -0.00600000005 -0.0702250004 0.0200500004 -0.00647634128 -0.0700000003 0.0201575924 -0.00647634128 -0.0700000003 0.0201575924 -0.00600000005 -0.0702250004 0.0200500004 -0.00637177844 -0.0702250004 0.0199583657 -0.00647634128 -0.0700000003 0.0201575924 -0.00637177844 -0.0702250004 0.0199583657 -0.00639999984 -0.0702250004 0.0199428201 0.00600000005 -0.072980687 0.0112500004 0.00639999984 -0.0724999979 0.0119428206 0.00669282023 -0.0724999979 0.0116499998 0.00600000005 -0.0724999979 0.01205 0.00639999984 -0.0724999979 0.0119428206 0.00600000005 -0.072980687 0.0112500004 0.00600000005 -0.072980687 0.0112500004 0.00669282023 -0.0724999979 0.0108500002 0.00639999984 -0.0724999979 0.0105571793 0.00680000009 -0.0724999979 0.0112500004 0.00669282023 -0.0724999979 0.0108500002 0.00600000005 -0.072980687 0.0112500004 0.00669282023 -0.0724999979 0.0116499998 0.00680000009 -0.0724999979 0.0112500004 0.00600000005 -0.072980687 0.0112500004 0.00600000005 -0.072980687 0.0112500004 0.0055999998 -0.0724999979 0.0105571793 0.00530717988 -0.0724999979 0.0108500002 0.00600000005 -0.0724999979 0.0104499999 0.0055999998 -0.0724999979 0.0105571793 0.00600000005 -0.072980687 0.0112500004 0.00639999984 -0.0724999979 0.0105571793 0.00600000005 -0.0724999979 0.0104499999 0.00600000005 -0.072980687 0.0112500004 0.00600000005 -0.072980687 0.0112500004 0.00530717988 -0.0724999979 0.0116499998 0.0055999998 -0.0724999979 0.0119428206 0.00520000001 -0.0724999979 0.0112500004 0.00530717988 -0.0724999979 0.0116499998 0.00600000005 -0.072980687 0.0112500004 0.00530717988 -0.0724999979 0.0108500002 0.00520000001 -0.0724999979 0.0112500004 0.00600000005 -0.072980687 0.0112500004 0.0055999998 -0.0724999979 0.0119428206 0.00600000005 -0.0724999979 0.01205 0.00600000005 -0.072980687 0.0112500004 0.00637177844 -0.0702250004 0.0119583644 0.00639999984 -0.0724999979 0.0119428206 0.00600000005 -0.0724999979 0.01205 0.00637177844 -0.0702250004 0.0119583644 0.00639999984 -0.0702250004 0.0119428206 0.00639999984 -0.0724999979 0.0119428206 0.00639999984 -0.0724999979 0.0119428206 0.00639999984 -0.0702250004 0.0119428206 0.0066583869 -0.0702250004 0.0117044514 0.00639999984 -0.0724999979 0.0119428206 0.0066583869 -0.0702250004 0.0117044514 0.00669282023 -0.0724999979 0.0116499998 0.0066583869 -0.0702250004 0.0117044514 0.00669282023 -0.0702250004 0.0116499998 0.00669282023 -0.0724999979 0.0116499998 0.00669282023 -0.0724999979 0.0116499998 0.00669282023 -0.0702250004 0.0116499998 0.00679416722 -0.0702250004 0.0113464296 0.00669282023 -0.0724999979 0.0116499998 0.00679416722 -0.0702250004 0.0113464296 0.00680000009 -0.0724999979 0.0112500004 0.00679416722 -0.0702250004 0.0113464296 0.00680000009 -0.0702250004 0.0112500004 0.00680000009 -0.0724999979 0.0112500004 0.00680000009 -0.0724999979 0.0112500004 0.00680000009 -0.0702250004 0.0112500004 0.0067480132 -0.0702250004 0.0109663159 0.00680000009 -0.0724999979 0.0112500004 0.0067480132 -0.0702250004 0.0109663159 0.00669282023 -0.0724999979 0.0108500002 0.0067480132 -0.0702250004 0.0109663159 0.00669282023 -0.0702250004 0.0108500002 0.00669282023 -0.0724999979 0.0108500002 0.00669282023 -0.0724999979 0.0108500002 0.00669282023 -0.0702250004 0.0108500002 0.00653049815 -0.0702250004 0.0106511917 0.00669282023 -0.0724999979 0.0108500002 0.00653049815 -0.0702250004 0.0106511917 0.00639999984 -0.0724999979 0.0105571793 0.00653049815 -0.0702250004 0.0106511917 0.00639999984 -0.0702250004 0.0105571793 0.00639999984 -0.0724999979 0.0105571793 0.00639999984 -0.0724999979 0.0105571793 0.00639999984 -0.0702250004 0.0105571793 0.0061914525 -0.0702250004 0.0104732467 0.00639999984 -0.0724999979 0.0105571793 0.0061914525 -0.0702250004 0.0104732467 0.00600000005 -0.0724999979 0.0104499999 0.0061914525 -0.0702250004 0.0104732467 0.00600000005 -0.0702250004 0.0104499999 0.00600000005 -0.0724999979 0.0104499999 0.00600000005 -0.0724999979 0.0104499999 0.00600000005 -0.0702250004 0.0104499999 0.0058085476 -0.0702250004 0.0104732467 0.00600000005 -0.0724999979 0.0104499999 0.0058085476 -0.0702250004 0.0104732467 0.0055999998 -0.0724999979 0.0105571793 0.0058085476 -0.0702250004 0.0104732467 0.0055999998 -0.0702250004 0.0105571793 0.0055999998 -0.0724999979 0.0105571793 0.0055999998 -0.0724999979 0.0105571793 0.0055999998 -0.0702250004 0.0105571793 0.00546950195 -0.0702250004 0.0106511917 0.0055999998 -0.0724999979 0.0105571793 0.00546950195 -0.0702250004 0.0106511917 0.00530717988 -0.0724999979 0.0108500002 0.00546950195 -0.0702250004 0.0106511917 0.00530717988 -0.0702250004 0.0108500002 0.00530717988 -0.0724999979 0.0108500002 0.00530717988 -0.0724999979 0.0108500002 0.00530717988 -0.0702250004 0.0108500002 0.00525198691 -0.0702250004 0.0109663159 0.00530717988 -0.0724999979 0.0108500002 0.00525198691 -0.0702250004 0.0109663159 0.00520000001 -0.0724999979 0.0112500004 0.00525198691 -0.0702250004 0.0109663159 0.00520000001 -0.0702250004 0.0112500004 0.00520000001 -0.0724999979 0.0112500004 0.00520000001 -0.0724999979 0.0112500004 0.00520000001 -0.0702250004 0.0112500004 0.00520583289 -0.0702250004 0.0113464296 0.00520000001 -0.0724999979 0.0112500004 0.00520583289 -0.0702250004 0.0113464296 0.00530717988 -0.0724999979 0.0116499998 0.00520583289 -0.0702250004 0.0113464296 0.00530717988 -0.0702250004 0.0116499998 0.00530717988 -0.0724999979 0.0116499998 0.00530717988 -0.0724999979 0.0116499998 0.00530717988 -0.0702250004 0.0116499998 0.00534161273 -0.0702250004 0.0117044514 0.00530717988 -0.0724999979 0.0116499998 0.00534161273 -0.0702250004 0.0117044514 0.0055999998 -0.0724999979 0.0119428206 0.00534161273 -0.0702250004 0.0117044514 0.0055999998 -0.0702250004 0.0119428206 0.0055999998 -0.0724999979 0.0119428206 0.0055999998 -0.0724999979 0.0119428206 0.0055999998 -0.0702250004 0.0119428206 0.00562822167 -0.0702250004 0.0119583644 0.0055999998 -0.0724999979 0.0119428206 0.00562822167 -0.0702250004 0.0119583644 0.00600000005 -0.0724999979 0.01205 0.00600000005 -0.0724999979 0.01205 0.00562822167 -0.0702250004 0.0119583644 0.00600000005 -0.0702250004 0.01205 0.00600000005 -0.0724999979 0.01205 0.00600000005 -0.0702250004 0.01205 0.00637177844 -0.0702250004 0.0119583644 0.00515644159 -0.0700000003 0.0118322661 0.00552365882 -0.0700000003 0.012157592 0.0055999998 -0.0702250004 0.0119428206 0.0055999998 -0.0702250004 0.0119428206 0.00534161273 -0.0702250004 0.0117044514 0.00515644159 -0.0700000003 0.0118322661 0.00515644159 -0.0700000003 0.0118322661 0.00534161273 -0.0702250004 0.0117044514 0.00530717988 -0.0702250004 0.0116499998 0.00515644159 -0.0700000003 0.0118322661 0.00530717988 -0.0702250004 0.0116499998 0.00498247333 -0.0700000003 0.0113735497 0.00530717988 -0.0702250004 0.0116499998 0.00520583289 -0.0702250004 0.0113464296 0.00498247333 -0.0700000003 0.0113735497 0.00498247333 -0.0700000003 0.0113735497 0.00520583289 -0.0702250004 0.0113464296 0.00520000001 -0.0702250004 0.0112500004 0.00498247333 -0.0700000003 0.0113735497 0.00520000001 -0.0702250004 0.0112500004 0.00504160812 -0.0700000003 0.0108865304 0.00520000001 -0.0702250004 0.0112500004 0.00525198691 -0.0702250004 0.0109663159 0.00504160812 -0.0700000003 0.0108865304 0.00504160812 -0.0700000003 0.0108865304 0.00525198691 -0.0702250004 0.0109663159 0.00530717988 -0.0702250004 0.0108500002 0.00504160812 -0.0700000003 0.0108865304 0.00530717988 -0.0702250004 0.0108500002 0.00532029942 -0.0700000003 0.0104827769 0.00530717988 -0.0702250004 0.0108500002 0.00546950195 -0.0702250004 0.0106511917 0.00532029942 -0.0700000003 0.0104827769 0.00532029942 -0.0700000003 0.0104827769 0.00546950195 -0.0702250004 0.0106511917 0.0055999998 -0.0702250004 0.0105571793 0.00532029942 -0.0700000003 0.0104827769 0.0055999998 -0.0702250004 0.0105571793 0.00575470133 -0.0700000003 0.0102547845 0.00575470133 -0.0700000003 0.0102547845 0.0055999998 -0.0702250004 0.0105571793 0.0058085476 -0.0702250004 0.0104732467 0.00575470133 -0.0700000003 0.0102547845 0.0058085476 -0.0702250004 0.0104732467 0.00624529878 -0.0700000003 0.0102547845 0.0058085476 -0.0702250004 0.0104732467 0.00600000005 -0.0702250004 0.0104499999 0.00624529878 -0.0700000003 0.0102547845 0.00624529878 -0.0700000003 0.0102547845 0.00600000005 -0.0702250004 0.0104499999 0.0061914525 -0.0702250004 0.0104732467 0.00624529878 -0.0700000003 0.0102547845 0.0061914525 -0.0702250004 0.0104732467 0.00667970069 -0.0700000003 0.0104827769 0.0061914525 -0.0702250004 0.0104732467 0.00639999984 -0.0702250004 0.0105571793 0.00667970069 -0.0700000003 0.0104827769 0.00667970069 -0.0700000003 0.0104827769 0.00639999984 -0.0702250004 0.0105571793 0.00653049815 -0.0702250004 0.0106511917 0.00667970069 -0.0700000003 0.0104827769 0.00653049815 -0.0702250004 0.0106511917 0.00695839152 -0.0700000003 0.0108865304 0.00653049815 -0.0702250004 0.0106511917 0.00669282023 -0.0702250004 0.0108500002 0.00695839152 -0.0700000003 0.0108865304 0.00695839152 -0.0700000003 0.0108865304 0.00669282023 -0.0702250004 0.0108500002 0.0067480132 -0.0702250004 0.0109663159 0.00695839152 -0.0700000003 0.0108865304 0.0067480132 -0.0702250004 0.0109663159 0.00701752678 -0.0700000003 0.0113735497 0.0067480132 -0.0702250004 0.0109663159 0.00680000009 -0.0702250004 0.0112500004 0.00701752678 -0.0700000003 0.0113735497 0.00701752678 -0.0700000003 0.0113735497 0.00680000009 -0.0702250004 0.0112500004 0.00679416722 -0.0702250004 0.0113464296 0.00701752678 -0.0700000003 0.0113735497 0.00679416722 -0.0702250004 0.0113464296 0.00684355851 -0.0700000003 0.0118322661 0.00679416722 -0.0702250004 0.0113464296 0.00669282023 -0.0702250004 0.0116499998 0.00684355851 -0.0700000003 0.0118322661 0.00684355851 -0.0700000003 0.0118322661 0.00669282023 -0.0702250004 0.0116499998 0.0066583869 -0.0702250004 0.0117044514 0.00684355851 -0.0700000003 0.0118322661 0.0066583869 -0.0702250004 0.0117044514 0.00647634128 -0.0700000003 0.012157592 0.0066583869 -0.0702250004 0.0117044514 0.00639999984 -0.0702250004 0.0119428206 0.00647634128 -0.0700000003 0.012157592 0.00647634128 -0.0700000003 0.012157592 0.00639999984 -0.0702250004 0.0119428206 0.00637177844 -0.0702250004 0.0119583644 0.00647634128 -0.0700000003 0.012157592 0.00637177844 -0.0702250004 0.0119583644 0.00600000005 -0.0700000003 0.0122750001 0.00600000005 -0.0700000003 0.0122750001 0.00637177844 -0.0702250004 0.0119583644 0.00600000005 -0.0702250004 0.01205 0.00600000005 -0.0700000003 0.0122750001 0.00600000005 -0.0702250004 0.01205 0.00552365882 -0.0700000003 0.012157592 0.00552365882 -0.0700000003 0.012157592 0.00600000005 -0.0702250004 0.01205 0.00562822167 -0.0702250004 0.0119583644 0.00552365882 -0.0700000003 0.012157592 0.00562822167 -0.0702250004 0.0119583644 0.0055999998 -0.0702250004 0.0119428206 -0.00111471722 -0.0729999989 0.0132536963 -0.00142658479 -0.0729999989 0.0127135254 -0.00142658479 -0.0700000003 0.0127135254 -0.00142658479 -0.0700000003 0.0127135254 -0.00142658479 -0.0729999989 0.0127135254 -0.00150000001 -0.0729999989 0.0122499997 -0.00142658479 -0.0700000003 0.0127135254 -0.00150000001 -0.0729999989 0.0122499997 -0.00149178284 -0.0700000003 0.0120932069 -0.00149178284 -0.0700000003 0.0120932069 -0.00150000001 -0.0729999989 0.0122499997 -0.00149178284 -0.0729999989 0.0120932069 -0.00149178284 -0.0700000003 0.0120932069 -0.00149178284 -0.0729999989 0.0120932069 -0.00129903806 -0.0700000003 0.0115 -0.00129903806 -0.0700000003 0.0115 -0.00149178284 -0.0729999989 0.0120932069 -0.00129903806 -0.0729999989 0.0115 -0.00129903806 -0.0700000003 0.0115 -0.00129903806 -0.0729999989 0.0115 -0.000881677901 -0.0700000003 0.0110364743 -0.000881677901 -0.0700000003 0.0110364743 -0.00129903806 -0.0729999989 0.0115 -0.000881677901 -0.0729999989 0.0110364743 -0.000881677901 -0.0700000003 0.0110364743 -0.000881677901 -0.0729999989 0.0110364743 -0.000311867538 -0.0700000003 0.0107827783 -0.000311867538 -0.0700000003 0.0107827783 -0.000881677901 -0.0729999989 0.0110364743 -0.000311867538 -0.0729999989 0.0107827783 -0.000311867538 -0.0700000003 0.0107827783 -0.000311867538 -0.0729999989 0.0107827783 0.000311867538 -0.0700000003 0.0107827783 0.000311867538 -0.0700000003 0.0107827783 -0.000311867538 -0.0729999989 0.0107827783 0.000311867538 -0.0729999989 0.0107827783 0.000311867538 -0.0700000003 0.0107827783 0.000311867538 -0.0729999989 0.0107827783 0.000881677901 -0.0700000003 0.0110364743 0.000881677901 -0.0700000003 0.0110364743 0.000311867538 -0.0729999989 0.0107827783 0.000881677901 -0.0729999989 0.0110364743 0.000881677901 -0.0700000003 0.0110364743 0.000881677901 -0.0729999989 0.0110364743 0.00129903806 -0.0700000003 0.0115 0.00129903806 -0.0700000003 0.0115 0.000881677901 -0.0729999989 0.0110364743 0.00129903806 -0.0729999989 0.0115 0.00129903806 -0.0700000003 0.0115 0.00129903806 -0.0729999989 0.0115 0.00149178284 -0.0700000003 0.0120932069 0.00149178284 -0.0700000003 0.0120932069 0.00129903806 -0.0729999989 0.0115 0.00149178284 -0.0729999989 0.0120932069 0.00149178284 -0.0700000003 0.0120932069 0.00149178284 -0.0729999989 0.0120932069 0.00142658479 -0.0700000003 0.0127135254 0.00142658479 -0.0700000003 0.0127135254 0.00149178284 -0.0729999989 0.0120932069 0.00142658479 -0.0729999989 0.0127135254 0.00142658479 -0.0700000003 0.0127135254 0.00142658479 -0.0729999989 0.0127135254 0.00111471722 -0.0700000003 0.0132536963 0.00111471722 -0.0700000003 0.0132536963 0.00142658479 -0.0729999989 0.0127135254 0.00111471722 -0.0729999989 0.0132536963 0.00111471722 -0.0700000003 0.0132536963 0.00111471722 -0.0729999989 0.0132536963 0.000610104937 -0.0700000003 0.0136203179 0.000610104937 -0.0700000003 0.0136203179 0.00111471722 -0.0729999989 0.0132536963 0.000610104937 -0.0729999989 0.0136203179 0.000610104937 -0.0700000003 0.0136203179 0.000610104937 -0.0729999989 0.0136203179 -1.15700846e-17 -0.0700000003 0.0137499999 -1.15700846e-17 -0.0700000003 0.0137499999 0.000610104937 -0.0729999989 0.0136203179 -1.4349112e-17 -0.0729999989 0.0137499999 -1.15700846e-17 -0.0700000003 0.0137499999 -1.4349112e-17 -0.0729999989 0.0137499999 -0.000610104937 -0.0700000003 0.0136203179 -0.000610104937 -0.0700000003 0.0136203179 -1.4349112e-17 -0.0729999989 0.0137499999 -0.000610104937 -0.0729999989 0.0136203179 -0.000610104937 -0.0700000003 0.0136203179 -0.000610104937 -0.0729999989 0.0136203179 -0.00111471722 -0.0700000003 0.0132536963 -0.00111471722 -0.0700000003 0.0132536963 -0.000610104937 -0.0729999989 0.0136203179 -0.00111471722 -0.0729999989 0.0132536963 -0.00111471722 -0.0700000003 0.0132536963 -0.00111471722 -0.0729999989 0.0132536963 -0.00142658479 -0.0700000003 0.0127135254 0.000881677901 -0.0729999989 0.0110364743 0.000311867538 -0.0729999989 0.0107827783 0.0037 -0.0729999989 0.00400000019 -0.000881677901 -0.0729999989 0.0110364743 -0.00129903806 -0.0729999989 0.0115 -0.0037 -0.0729999989 0.00400000019 0.0037 -0.0729999989 0.00400000019 0.000311867538 -0.0729999989 0.0107827783 -0.0037 -0.0729999989 0.00400000019 -0.0037 -0.0729999989 0.00400000019 0.000311867538 -0.0729999989 0.0107827783 -0.000311867538 -0.0729999989 0.0107827783 -0.0037 -0.0729999989 0.00400000019 -0.000311867538 -0.0729999989 0.0107827783 -0.000881677901 -0.0729999989 0.0110364743 -0.00111471722 -0.0729999989 0.0132536963 -0.000610104937 -0.0729999989 0.0136203179 -0.0037 -0.0729999989 0.0264999997 0.0037 -0.0729999989 0.0264999997 0.000610104937 -0.0729999989 0.0136203179 0.00111471722 -0.0729999989 0.0132536963 0.00111471722 -0.0729999989 0.0132536963 0.00142658479 -0.0729999989 0.0127135254 0.0037 -0.0729999989 0.0264999997 0.0037 -0.0729999989 0.0264999997 0.00142658479 -0.0729999989 0.0127135254 0.00149178284 -0.0729999989 0.0120932069 0.0037 -0.0729999989 0.0264999997 0.00149178284 -0.0729999989 0.0120932069 0.0037 -0.0729999989 0.00400000019 0.0037 -0.0729999989 0.00400000019 0.00149178284 -0.0729999989 0.0120932069 0.00129903806 -0.0729999989 0.0115 0.0037 -0.0729999989 0.00400000019 0.00129903806 -0.0729999989 0.0115 0.000881677901 -0.0729999989 0.0110364743 -0.0037 -0.0729999989 0.0264999997 -0.000610104937 -0.0729999989 0.0136203179 0.0037 -0.0729999989 0.0264999997 0.0037 -0.0729999989 0.0264999997 -0.000610104937 -0.0729999989 0.0136203179 -1.38119988e-17 -0.0729999989 0.0137499999 0.0037 -0.0729999989 0.0264999997 -1.38119988e-17 -0.0729999989 0.0137499999 0.000610104937 -0.0729999989 0.0136203179 -0.00129903806 -0.0729999989 0.0115 -0.00149178284 -0.0729999989 0.0120932069 -0.0037 -0.0729999989 0.00400000019 -0.0037 -0.0729999989 0.00400000019 -0.00149178284 -0.0729999989 0.0120932069 -0.00150000001 -0.0729999989 0.0122499997 -0.0037 -0.0729999989 0.00400000019 -0.00150000001 -0.0729999989 0.0122499997 -0.0037 -0.0729999989 0.0264999997 -0.0037 -0.0729999989 0.0264999997 -0.00150000001 -0.0729999989 0.0122499997 -0.00142658479 -0.0729999989 0.0127135254 -0.0037 -0.0729999989 0.0264999997 -0.00142658479 -0.0729999989 0.0127135254 -0.00111471722 -0.0729999989 0.0132536963 -0.0037 -0.0764999986 0.00400000019 -0.0037 -0.0729999989 0.00400000019 -0.0037 -0.0764999986 0.0264999997 -0.0037 -0.0764999986 0.0264999997 -0.0037 -0.0729999989 0.00400000019 -0.0037 -0.0729999989 0.0264999997 0.0037 -0.0729999989 0.00400000019 0.0037 -0.0764999986 0.00400000019 0.0037 -0.0729999989 0.0264999997 0.0037 -0.0729999989 0.0264999997 0.0037 -0.0764999986 0.00400000019 0.0037 -0.0764999986 0.0264999997 -0.0280000009 -0.0670000017 0.00400000019 -0.0280000009 -0.0680000037 0.00400000019 -0.0260852352 -0.0635060072 0.00400000019 -0.0260852352 -0.0635060072 0.00400000019 -0.0280000009 -0.0680000037 0.00400000019 -0.0106499996 -0.0680000037 0.00400000019 -0.0260852352 -0.0635060072 0.00400000019 -0.0106499996 -0.0680000037 0.00400000019 -0.022858277 -0.0565903112 0.00400000019 -0.022858277 -0.0565903112 0.00400000019 -0.0106499996 -0.0680000037 0.00400000019 -0.0201229397 -0.0491538681 0.00400000019 0.00865000021 -0.0700000003 0.00400000019 0.022858277 -0.0565903112 0.00400000019 0.0201229397 -0.0491538681 0.00400000019 0.0165565051 -0.0347178504 0.00400000019 -0.0165565051 -0.0347178504 0.00400000019 0.0180877838 -0.0419454165 0.00400000019 0.0180877838 -0.0419454165 0.00400000019 -0.0165565051 -0.0347178504 0.00400000019 -0.0180877838 -0.0419454165 0.00400000019 -0.00915000029 -0.0710000023 0.00400000019 -0.00865000021 -0.0705000013 0.00400000019 -0.0101500005 -0.0710000023 0.00400000019 -0.0101500005 -0.0710000023 0.00400000019 -0.00865000021 -0.0705000013 0.00400000019 -0.00865000021 -0.0700000003 0.00400000019 -0.0101500005 -0.0710000023 0.00400000019 -0.00865000021 -0.0700000003 0.00400000019 -0.0106499996 -0.0705000013 0.00400000019 -0.0106499996 -0.0705000013 0.00400000019 -0.00865000021 -0.0700000003 0.00400000019 -0.0106499996 -0.0680000037 0.00400000019 -0.0180877838 -0.0419454165 0.00400000019 -0.0201229397 -0.0491538681 0.00400000019 0.0180877838 -0.0419454165 0.00400000019 0.0180877838 -0.0419454165 0.00400000019 -0.0201229397 -0.0491538681 0.00400000019 -0.0106499996 -0.0680000037 0.00400000019 0.0180877838 -0.0419454165 0.00400000019 -0.0106499996 -0.0680000037 0.00400000019 0.0201229397 -0.0491538681 0.00400000019 0.0201229397 -0.0491538681 0.00400000019 -0.0106499996 -0.0680000037 0.00400000019 -0.00865000021 -0.0700000003 0.00400000019 0.0201229397 -0.0491538681 0.00400000019 -0.00865000021 -0.0700000003 0.00400000019 0.00865000021 -0.0700000003 0.00400000019 0.0274999999 -0.0710000023 0.00400000019 0.0280000009 -0.0705000013 0.00400000019 0.00915000029 -0.0710000023 0.00400000019 0.00915000029 -0.0710000023 0.00400000019 0.0280000009 -0.0705000013 0.00400000019 0.0280000009 -0.0670000017 0.00400000019 0.00915000029 -0.0710000023 0.00400000019 0.0280000009 -0.0670000017 0.00400000019 0.0260852352 -0.0635060072 0.00400000019 0.022858277 -0.0565903112 0.00400000019 0.00865000021 -0.0700000003 0.00400000019 0.0260852352 -0.0635060072 0.00400000019 0.0260852352 -0.0635060072 0.00400000019 0.00865000021 -0.0700000003 0.00400000019 0.00865000021 -0.0705000013 0.00400000019 0.0260852352 -0.0635060072 0.00400000019 0.00865000021 -0.0705000013 0.00400000019 0.00915000029 -0.0710000023 0.00400000019 0.0158009212 -0.0301580504 0.00379774091 -0.0158009212 -0.0301580504 0.00379774091 0.0164650157 -0.0342064202 0.00399746047 0.0164650157 -0.0342064202 0.00399746047 -0.0158009212 -0.0301580504 0.00379774091 -0.0164650157 -0.0342064202 0.00399746047 0.0164650157 -0.0342064202 0.00399746047 -0.0164650157 -0.0342064202 0.00399746047 0.0165565051 -0.0347178504 0.00400000019 0.0165565051 -0.0347178504 0.00400000019 -0.0164650157 -0.0342064202 0.00399746047 -0.0165565051 -0.0347178504 0.00400000019 -0.014778032 -0.0229948889 0.00316101545 -0.0158009212 -0.0301580504 0.00379774091 0.0158009212 -0.0301580504 0.00379774091 0.0158009212 -0.0301580504 0.00379774091 0.014778032 -0.0229948889 0.00316101545 -0.014778032 -0.0229948889 0.00316101545 -0.014778032 -0.0229948889 0.00316101545 0.014778032 -0.0229948889 0.00316101545 0.014038397 -0.0177778546 0.00269727921 -0.014778032 -0.0229948889 0.00316101545 0.014038397 -0.0177778546 0.00269727921 -0.014038397 -0.0177778546 0.00269727921 -0.014038397 -0.0177778546 0.00269727921 0.014038397 -0.0177778546 0.00269727921 0.0131978476 -0.0125762913 0.00223491783 -0.014038397 -0.0177778546 0.00269727921 0.0131978476 -0.0125762913 0.00223491783 -0.0131978476 -0.0125762913 0.00223491783 -0.0131978476 -0.0125762913 0.00223491783 0.0131978476 -0.0125762913 0.00223491783 0.0126970112 -0.00993346423 0.00200000009 -0.0131978476 -0.0125762913 0.00223491783 0.0126970112 -0.00993346423 0.00200000009 -0.0126970112 -0.00993346423 0.00200000009 -0.0126970112 -0.00993346423 0.00200000009 0.0126970112 -0.00993346423 0.00200000009 0.0116869258 -0.00550119625 0.00200000009 -0.0126970112 -0.00993346423 0.00200000009 0.0116869258 -0.00550119625 0.00200000009 -0.0116869258 -0.00550119625 0.00200000009 -0.0116869258 -0.00550119625 0.00200000009 0.0116869258 -0.00550119625 0.00200000009 0.00999999978 0 0.00200000009 -0.0116869258 -0.00550119625 0.00200000009 0.00999999978 0 0.00200000009 -0.00999999978 0 0.00200000009 -0.0280000009 -0.0680000037 0.00400000019 -0.0280000009 -0.0670000017 0.00400000019 -0.0280000009 -0.0670000017 0.00300000003 -0.00865000021 -0.0700000003 0.00400000019 -0.00865000021 -0.0700000003 0.00200000009 0.00865000021 -0.0700000003 0.00400000019 0.00865000021 -0.0700000003 0.00400000019 -0.00865000021 -0.0700000003 0.00200000009 0.00865000021 -0.0700000003 0.00200000009 0.0127148814 -0.0100221783 -5.71540444e-20 -0.0127148814 -0.0100221783 -3.21896818e-20 -0.0116869258 -0.00550119625 8.07352059e-20 0.0127148814 -0.0100221783 -5.71540444e-20 -0.0116869258 -0.00550119625 8.07352059e-20 0.0116869258 -0.00550119625 5.7789164e-20 0.0116869258 -0.00550119625 5.7789164e-20 -0.0116869258 -0.00550119625 8.07352059e-20 -0.00999999978 0 2.17715773e-19 0.0116869258 -0.00550119625 5.7789164e-20 -0.00999999978 0 2.17715773e-19 0.00999999978 0 1.98081839e-19 0.0158280991 -0.0303351302 0.0018055957 -0.0158280991 -0.0303351302 0.0018055957 -0.014778032 -0.0229948889 0.00115312985 -0.0127148814 -0.0100221783 3.84050777e-18 0.0127148814 -0.0100221783 4.36715629e-18 -0.0131978476 -0.0125762913 0.000227032229 -0.0131978476 -0.0125762913 0.000227032229 0.0127148814 -0.0100221783 4.36715629e-18 0.0131978476 -0.0125762913 0.000227032229 -0.0131978476 -0.0125762913 0.000227032229 0.0131978476 -0.0125762913 0.000227032229 -0.0140383989 -0.0177778658 0.000689394365 -0.0140383989 -0.0177778658 0.000689394365 0.0131978476 -0.0125762913 0.000227032229 0.0140383989 -0.0177778658 0.000689394365 -0.0140383989 -0.0177778658 0.000689394365 0.0140383989 -0.0177778658 0.000689394365 -0.014778032 -0.0229948889 0.00115312985 -0.014778032 -0.0229948889 0.00115312985 0.0140383989 -0.0177778658 0.000689394365 0.014778032 -0.0229948889 0.00115312985 -0.014778032 -0.0229948889 0.00115312985 0.014778032 -0.0229948889 0.00115312985 0.0158280991 -0.0303351302 0.0018055957 -0.0180877838 -0.0419454165 0.00200000009 -0.0165565051 -0.0347178504 0.00200000009 0.0165565051 -0.0347178504 0.00200000009 -0.0274311863 -0.0659999996 0.00200000009 -0.0260852352 -0.0635060072 0.00200000009 -0.0106499996 -0.0659999996 0.00200000009 -0.0106499996 -0.0659999996 0.00200000009 -0.0260852352 -0.0635060072 0.00200000009 -0.022858277 -0.0565903112 0.00200000009 -0.0106499996 -0.0659999996 0.00200000009 -0.022858277 -0.0565903112 0.00200000009 0.0165565051 -0.0347178504 0.00200000009 0.0165565051 -0.0347178504 0.00200000009 -0.022858277 -0.0565903112 0.00200000009 -0.0201229397 -0.0491538681 0.00200000009 0.0165565051 -0.0347178504 0.00200000009 -0.0201229397 -0.0491538681 0.00200000009 -0.0180877838 -0.0419454165 0.00200000009 -0.00915000029 -0.0710000023 0.00200000009 -0.0101500005 -0.0710000023 0.00200000009 -0.00865000021 -0.0705000013 0.00200000009 -0.00865000021 -0.0705000013 0.00200000009 -0.0101500005 -0.0710000023 0.00200000009 -0.0106499996 -0.0705000013 0.00200000009 -0.00865000021 -0.0705000013 0.00200000009 -0.0106499996 -0.0705000013 0.00200000009 -0.00865000021 -0.0700000003 0.00200000009 -0.00865000021 -0.0700000003 0.00200000009 -0.0106499996 -0.0705000013 0.00200000009 -0.0106499996 -0.0659999996 0.00200000009 -0.00865000021 -0.0700000003 0.00200000009 -0.0106499996 -0.0659999996 0.00200000009 0.00865000021 -0.0700000003 0.00200000009 0.0280000009 -0.0705000013 0.00200000009 0.0274999999 -0.0710000023 0.00200000009 0.0280000009 -0.0670000017 0.00200000009 0.0280000009 -0.0670000017 0.00200000009 0.0274999999 -0.0710000023 0.00200000009 0.00915000029 -0.0710000023 0.00200000009 0.0280000009 -0.0670000017 0.00200000009 0.00915000029 -0.0710000023 0.00200000009 0.0260852352 -0.0635060072 0.00200000009 0.0260852352 -0.0635060072 0.00200000009 0.00915000029 -0.0710000023 0.00200000009 0.00865000021 -0.0705000013 0.00200000009 0.0260852352 -0.0635060072 0.00200000009 0.00865000021 -0.0705000013 0.00200000009 0.022858277 -0.0565903112 0.00200000009 0.022858277 -0.0565903112 0.00200000009 0.00865000021 -0.0705000013 0.00200000009 0.00865000021 -0.0700000003 0.00200000009 0.022858277 -0.0565903112 0.00200000009 0.00865000021 -0.0700000003 0.00200000009 0.0201229397 -0.0491538681 0.00200000009 0.0201229397 -0.0491538681 0.00200000009 0.00865000021 -0.0700000003 0.00200000009 -0.0106499996 -0.0659999996 0.00200000009 0.0201229397 -0.0491538681 0.00200000009 -0.0106499996 -0.0659999996 0.00200000009 0.0180877838 -0.0419454165 0.00200000009 0.0180877838 -0.0419454165 0.00200000009 -0.0106499996 -0.0659999996 0.00200000009 0.0165565051 -0.0347178504 0.00200000009 -0.0158280991 -0.0303351302 0.0018055957 0.0158280991 -0.0303351302 0.0018055957 -0.0164650157 -0.0342064239 0.00199735793 -0.0164650157 -0.0342064239 0.00199735793 0.0158280991 -0.0303351302 0.0018055957 0.0164650157 -0.0342064239 0.00199735793 -0.0164650157 -0.0342064239 0.00199735793 0.0164650157 -0.0342064239 0.00199735793 -0.0165565051 -0.0347178504 0.00200000009 -0.0165565051 -0.0347178504 0.00200000009 0.0164650157 -0.0342064239 0.00199735793 0.0165565051 -0.0347178504 0.00200000009 0.0280000009 -0.0705000013 0.00400000019 0.0280000009 -0.0705000013 0.00200000009 0.0280000009 -0.0670000017 0.00400000019 0.0280000009 -0.0670000017 0.00400000019 0.0280000009 -0.0705000013 0.00200000009 0.0280000009 -0.0670000017 0.00200000009 0.00915000029 -0.0710000023 0.00400000019 0.00915000029 -0.0710000023 0.00200000009 0.0274999999 -0.0710000023 0.00400000019 0.0274999999 -0.0710000023 0.00400000019 0.00915000029 -0.0710000023 0.00200000009 0.0274999999 -0.0710000023 0.00200000009 0.00865000021 -0.0700000003 0.00400000019 0.00865000021 -0.0700000003 0.00200000009 0.00865000021 -0.0705000013 0.00400000019 0.00865000021 -0.0705000013 0.00400000019 0.00865000021 -0.0700000003 0.00200000009 0.00865000021 -0.0705000013 0.00200000009 0.00865000021 -0.0705000013 0.00200000009 0.00915000029 -0.0710000023 0.00200000009 0.00865000021 -0.0705000013 0.00400000019 0.00865000021 -0.0705000013 0.00400000019 0.00915000029 -0.0710000023 0.00200000009 0.00915000029 -0.0710000023 0.00400000019 0.0274999999 -0.0710000023 0.00200000009 0.0280000009 -0.0705000013 0.00200000009 0.0274999999 -0.0710000023 0.00400000019 0.0274999999 -0.0710000023 0.00400000019 0.0280000009 -0.0705000013 0.00200000009 0.0280000009 -0.0705000013 0.00400000019 0.00999999978 0 0.00200000009 0.00999999978 0 -4.02455835e-18 -0.00999999978 0 0.00200000009 -0.00999999978 0 0.00200000009 0.00999999978 0 -4.02455835e-18 -0.00999999978 0 -6.38378251e-18 0.0116869258 -0.00550119625 0.00200000009 0.0126970112 -0.00993346423 0.00200000009 0.0127148814 -0.0100221783 1.31719703e-17 0.0127148814 -0.0100221783 1.31719703e-17 0.0126970112 -0.00993346423 0.00200000009 0.0131978476 -0.0125762913 0.000227032229 0.0131978476 -0.0125762913 0.000227032229 0.0126970112 -0.00993346423 0.00200000009 0.0131978476 -0.0125762913 0.00223491783 0.0131978476 -0.0125762913 0.000227032229 0.0131978476 -0.0125762913 0.00223491783 0.0140383989 -0.0177778658 0.000689394365 0.0140383989 -0.0177778658 0.000689394365 0.0131978476 -0.0125762913 0.00223491783 0.014038397 -0.0177778546 0.00269727921 0.0140383989 -0.0177778658 0.000689394365 0.014038397 -0.0177778546 0.00269727921 0.014778032 -0.0229948889 0.00115312985 0.014778032 -0.0229948889 0.00115312985 0.014038397 -0.0177778546 0.00269727921 0.014778032 -0.0229948889 0.00316101545 0.014778032 -0.0229948889 0.00115312985 0.014778032 -0.0229948889 0.00316101545 0.0158280991 -0.0303351302 0.0018055957 0.0158280991 -0.0303351302 0.0018055957 0.014778032 -0.0229948889 0.00316101545 0.0158009212 -0.0301580504 0.00379774091 0.0158280991 -0.0303351302 0.0018055957 0.0158009212 -0.0301580504 0.00379774091 0.0164650157 -0.0342064239 0.00199735793 0.0164650157 -0.0342064239 0.00199735793 0.0158009212 -0.0301580504 0.00379774091 0.0164650157 -0.0342064202 0.00399746047 0.0164650157 -0.0342064239 0.00199735793 0.0164650157 -0.0342064202 0.00399746047 0.0165565051 -0.0347178504 0.00200000009 0.0165565051 -0.0347178504 0.00200000009 0.0164650157 -0.0342064202 0.00399746047 0.0165565051 -0.0347178504 0.00400000019 0.0165565051 -0.0347178504 0.00200000009 0.0165565051 -0.0347178504 0.00400000019 0.0180877838 -0.0419454165 0.00200000009 0.0165565051 -0.0347178504 0.00400000019 0.0180877838 -0.0419454165 0.00400000019 0.0180877838 -0.0419454165 0.00200000009 0.0180877838 -0.0419454165 0.00200000009 0.0180877838 -0.0419454165 0.00400000019 0.0201229397 -0.0491538681 0.00400000019 0.0180877838 -0.0419454165 0.00200000009 0.0201229397 -0.0491538681 0.00400000019 0.0201229397 -0.0491538681 0.00200000009 0.0201229397 -0.0491538681 0.00200000009 0.0201229397 -0.0491538681 0.00400000019 0.022858277 -0.0565903112 0.00400000019 0.0201229397 -0.0491538681 0.00200000009 0.022858277 -0.0565903112 0.00400000019 0.022858277 -0.0565903112 0.00200000009 0.022858277 -0.0565903112 0.00200000009 0.022858277 -0.0565903112 0.00400000019 0.0260852352 -0.0635060072 0.00400000019 0.022858277 -0.0565903112 0.00200000009 0.0260852352 -0.0635060072 0.00400000019 0.0260852352 -0.0635060072 0.00200000009 0.0260852352 -0.0635060072 0.00200000009 0.0260852352 -0.0635060072 0.00400000019 0.0280000009 -0.0670000017 0.00400000019 0.0260852352 -0.0635060072 0.00200000009 0.0280000009 -0.0670000017 0.00400000019 0.0280000009 -0.0670000017 0.00200000009 0.0127148814 -0.0100221783 1.31719703e-17 0.0116869258 -0.00550119625 -6.48754704e-19 0.0116869258 -0.00550119625 0.00200000009 0.0116869258 -0.00550119625 0.00200000009 0.0116869258 -0.00550119625 -6.48754704e-19 0.00999999978 0 -5.551115e-19 0.0116869258 -0.00550119625 0.00200000009 0.00999999978 0 -5.551115e-19 0.00999999978 0 0.00200000009 -0.00999999978 0 0.00200000009 -0.00999999978 0 5.551115e-19 -0.0116869258 -0.00550119625 6.48754704e-19 -0.0280000009 -0.0670000017 0.00300000003 -0.0280000009 -0.0670000017 0.00400000019 -0.0274311863 -0.0659999996 0.00200000009 -0.0274311863 -0.0659999996 0.00200000009 -0.0280000009 -0.0670000017 0.00400000019 -0.0260852352 -0.0635060072 0.00400000019 -0.0274311863 -0.0659999996 0.00200000009 -0.0260852352 -0.0635060072 0.00400000019 -0.0260852352 -0.0635060072 0.00200000009 -0.0260852352 -0.0635060072 0.00200000009 -0.0260852352 -0.0635060072 0.00400000019 -0.022858277 -0.0565903112 0.00400000019 -0.0260852352 -0.0635060072 0.00200000009 -0.022858277 -0.0565903112 0.00400000019 -0.022858277 -0.0565903112 0.00200000009 -0.022858277 -0.0565903112 0.00200000009 -0.022858277 -0.0565903112 0.00400000019 -0.0201229397 -0.0491538681 0.00400000019 -0.022858277 -0.0565903112 0.00200000009 -0.0201229397 -0.0491538681 0.00400000019 -0.0201229397 -0.0491538681 0.00200000009 -0.0201229397 -0.0491538681 0.00200000009 -0.0201229397 -0.0491538681 0.00400000019 -0.0180877838 -0.0419454165 0.00400000019 -0.0201229397 -0.0491538681 0.00200000009 -0.0180877838 -0.0419454165 0.00400000019 -0.0180877838 -0.0419454165 0.00200000009 -0.0180877838 -0.0419454165 0.00200000009 -0.0180877838 -0.0419454165 0.00400000019 -0.0165565051 -0.0347178504 0.00200000009 -0.0165565051 -0.0347178504 0.00200000009 -0.0180877838 -0.0419454165 0.00400000019 -0.0165565051 -0.0347178504 0.00400000019 -0.0165565051 -0.0347178504 0.00200000009 -0.0165565051 -0.0347178504 0.00400000019 -0.0164650157 -0.0342064239 0.00199735793 -0.0164650157 -0.0342064239 0.00199735793 -0.0165565051 -0.0347178504 0.00400000019 -0.0164650157 -0.0342064202 0.00399746047 -0.0164650157 -0.0342064239 0.00199735793 -0.0164650157 -0.0342064202 0.00399746047 -0.0158280991 -0.0303351302 0.0018055957 -0.0158280991 -0.0303351302 0.0018055957 -0.0164650157 -0.0342064202 0.00399746047 -0.0158009212 -0.0301580504 0.00379774091 -0.0158280991 -0.0303351302 0.0018055957 -0.0158009212 -0.0301580504 0.00379774091 -0.014778032 -0.0229948889 0.00115312985 -0.014778032 -0.0229948889 0.00115312985 -0.0158009212 -0.0301580504 0.00379774091 -0.014778032 -0.0229948889 0.00316101545 -0.014778032 -0.0229948889 0.00115312985 -0.014778032 -0.0229948889 0.00316101545 -0.0140383989 -0.0177778658 0.000689394365 -0.0140383989 -0.0177778658 0.000689394365 -0.014778032 -0.0229948889 0.00316101545 -0.014038397 -0.0177778546 0.00269727921 -0.0140383989 -0.0177778658 0.000689394365 -0.014038397 -0.0177778546 0.00269727921 -0.0131978476 -0.0125762913 0.000227032229 -0.0131978476 -0.0125762913 0.000227032229 -0.014038397 -0.0177778546 0.00269727921 -0.0131978476 -0.0125762913 0.00223491783 -0.0131978476 -0.0125762913 0.000227032229 -0.0131978476 -0.0125762913 0.00223491783 -0.0127148814 -0.0100221783 7.05817707e-19 -0.0127148814 -0.0100221783 7.05817707e-19 -0.0131978476 -0.0125762913 0.00223491783 -0.0126970112 -0.00993346423 0.00200000009 -0.0127148814 -0.0100221783 7.05817707e-19 -0.0126970112 -0.00993346423 0.00200000009 -0.0116869258 -0.00550119625 6.48754704e-19 -0.0116869258 -0.00550119625 6.48754704e-19 -0.0126970112 -0.00993346423 0.00200000009 -0.0116869258 -0.00550119625 0.00200000009 -0.0116869258 -0.00550119625 6.48754704e-19 -0.0116869258 -0.00550119625 0.00200000009 -0.00999999978 0 0.00200000009 -0.00865000021 -0.0705000013 0.00400000019 -0.00865000021 -0.0705000013 0.00200000009 -0.00865000021 -0.0700000003 0.00400000019 -0.00865000021 -0.0700000003 0.00400000019 -0.00865000021 -0.0705000013 0.00200000009 -0.00865000021 -0.0700000003 0.00200000009 -0.0106499996 -0.0680000037 0.00400000019 -0.0106499996 -0.0659999996 0.00200000009 -0.0106499996 -0.0705000013 0.00400000019 -0.0106499996 -0.0705000013 0.00400000019 -0.0106499996 -0.0659999996 0.00200000009 -0.0106499996 -0.0705000013 0.00200000009 -0.0101500005 -0.0710000023 0.00200000009 -0.00915000029 -0.0710000023 0.00200000009 -0.0101500005 -0.0710000023 0.00400000019 -0.0101500005 -0.0710000023 0.00400000019 -0.00915000029 -0.0710000023 0.00200000009 -0.00915000029 -0.0710000023 0.00400000019 -0.0106499996 -0.0705000013 0.00200000009 -0.0101500005 -0.0710000023 0.00200000009 -0.0106499996 -0.0705000013 0.00400000019 -0.0106499996 -0.0705000013 0.00400000019 -0.0101500005 -0.0710000023 0.00200000009 -0.0101500005 -0.0710000023 0.00400000019 -0.00915000029 -0.0710000023 0.00200000009 -0.00865000021 -0.0705000013 0.00200000009 -0.00915000029 -0.0710000023 0.00400000019 -0.00915000029 -0.0710000023 0.00400000019 -0.00865000021 -0.0705000013 0.00200000009 -0.00865000021 -0.0705000013 0.00400000019 -0.0274311863 -0.0659999996 0.00200000009 -0.0106499996 -0.0659999996 0.00200000009 -0.0280000009 -0.0670000017 0.00300000003 -0.0280000009 -0.0670000017 0.00300000003 -0.0106499996 -0.0659999996 0.00200000009 -0.0106499996 -0.0680000037 0.00400000019 -0.0280000009 -0.0670000017 0.00300000003 -0.0106499996 -0.0680000037 0.00400000019 -0.0280000009 -0.0680000037 0.00400000019 -0.0180259403 -0.0416916981 0.00400000019 -0.0165565051 -0.0347178504 0.00400000019 0.0165565051 -0.0347178504 0.00400000019 0.00865000021 -0.0700000003 0.00400000019 -0.00865000021 -0.0700000003 0.00400000019 -0.0106499996 -0.0680000037 0.00400000019 -0.0101500005 -0.0710000023 0.00400000019 -0.0106499996 -0.0705000013 0.00400000019 -0.00915000029 -0.0710000023 0.00400000019 -0.00915000029 -0.0710000023 0.00400000019 -0.0106499996 -0.0705000013 0.00400000019 -0.0106499996 -0.0680000037 0.00400000019 -0.00915000029 -0.0710000023 0.00400000019 -0.0106499996 -0.0680000037 0.00400000019 -0.00865000021 -0.0705000013 0.00400000019 -0.00865000021 -0.0705000013 0.00400000019 -0.0106499996 -0.0680000037 0.00400000019 -0.00865000021 -0.0700000003 0.00400000019 -0.0106499996 -0.0680000037 0.00400000019 -0.0280000009 -0.0680000037 0.00400000019 -0.0280000009 -0.0670000017 0.00400000019 0.0280000009 -0.0705000013 0.00400000019 0.0274999999 -0.0710000023 0.00400000019 0.0280000009 -0.0670000017 0.00400000019 0.0280000009 -0.0670000017 0.00400000019 0.0274999999 -0.0710000023 0.00400000019 0.00915000029 -0.0710000023 0.00400000019 0.0280000009 -0.0670000017 0.00400000019 0.00915000029 -0.0710000023 0.00400000019 0.0259431694 -0.0632313117 0.00400000019 0.0259431694 -0.0632313117 0.00400000019 0.00915000029 -0.0710000023 0.00400000019 0.00865000021 -0.0705000013 0.00400000019 0.0259431694 -0.0632313117 0.00400000019 0.00865000021 -0.0705000013 0.00400000019 0.0227477755 -0.056323763 0.00400000019 0.0227477755 -0.056323763 0.00400000019 0.00865000021 -0.0705000013 0.00400000019 0.00865000021 -0.0700000003 0.00400000019 0.0227477755 -0.056323763 0.00400000019 0.00865000021 -0.0700000003 0.00400000019 0.0200395621 -0.0488936678 0.00400000019 0.0200395621 -0.0488936678 0.00400000019 0.00865000021 -0.0700000003 0.00400000019 -0.0106499996 -0.0680000037 0.00400000019 0.0200395621 -0.0488936678 0.00400000019 -0.0106499996 -0.0680000037 0.00400000019 0.0180259403 -0.0416916981 0.00400000019 0.0180259403 -0.0416916981 0.00400000019 -0.0106499996 -0.0680000037 0.00400000019 0.0165565051 -0.0347178504 0.00400000019 -0.0280000009 -0.0670000017 0.00400000019 -0.0259431694 -0.0632313117 0.00400000019 -0.0106499996 -0.0680000037 0.00400000019 -0.0106499996 -0.0680000037 0.00400000019 -0.0259431694 -0.0632313117 0.00400000019 -0.0227477755 -0.056323763 0.00400000019 -0.0106499996 -0.0680000037 0.00400000019 -0.0227477755 -0.056323763 0.00400000019 0.0165565051 -0.0347178504 0.00400000019 0.0165565051 -0.0347178504 0.00400000019 -0.0227477755 -0.056323763 0.00400000019 -0.0200395621 -0.0488936678 0.00400000019 0.0165565051 -0.0347178504 0.00400000019 -0.0200395621 -0.0488936678 0.00400000019 -0.0180259403 -0.0416916981 0.00400000019 0.0165565051 -0.0347178504 0.00400000019 -0.0165565051 -0.0347178504 0.00400000019 -0.0164222065 -0.0339632966 0.00399447186 -0.0158009212 -0.0301580504 0.00379774091 0.0158009212 -0.0301580504 0.00379774091 -0.0164222065 -0.0339632966 0.00399447186 -0.0164222065 -0.0339632966 0.00399447186 0.0158009212 -0.0301580504 0.00379774091 0.0164222065 -0.0339632966 0.00399447186 -0.0164222065 -0.0339632966 0.00399447186 0.0164222065 -0.0339632966 0.00399447186 0.0165565051 -0.0347178504 0.00400000019 0.0158009212 -0.0301580504 0.00379774091 -0.0158009212 -0.0301580504 0.00379774091 -0.0147586549 -0.0228546206 0.00314854737 -0.0126970112 -0.00993346423 0.00200000009 0.0126970112 -0.00993346423 0.00200000009 -0.0131878713 -0.0125203766 0.00222994783 -0.0131878713 -0.0125203766 0.00222994783 0.0126970112 -0.00993346423 0.00200000009 0.0131878713 -0.0125203766 0.00222994783 -0.0131878713 -0.0125203766 0.00222994783 0.0131878713 -0.0125203766 0.00222994783 -0.0140238125 -0.0176797472 0.00268855854 -0.0140238125 -0.0176797472 0.00268855854 0.0131878713 -0.0125203766 0.00222994783 0.0140238125 -0.0176797472 0.00268855854 -0.0140238125 -0.0176797472 0.00268855854 0.0140238125 -0.0176797472 0.00268855854 -0.0147586549 -0.0228546206 0.00314854737 -0.0147586549 -0.0228546206 0.00314854737 0.0140238125 -0.0176797472 0.00268855854 0.0147586549 -0.0228546206 0.00314854737 -0.0147586549 -0.0228546206 0.00314854737 0.0147586549 -0.0228546206 0.00314854737 0.0158009212 -0.0301580504 0.00379774091 -0.00999999978 0 0.00200000009 0.00999999978 2.77555756e-17 0.00200000009 -0.0116814664 -0.00548001565 0.00200000009 -0.0116814664 -0.00548001565 0.00200000009 0.00999999978 2.77555756e-17 0.00200000009 0.0116814664 -0.00548001565 0.00200000009 -0.0116814664 -0.00548001565 0.00200000009 0.0116814664 -0.00548001565 0.00200000009 -0.0126970112 -0.00993346423 0.00200000009 -0.0126970112 -0.00993346423 0.00200000009 0.0116814664 -0.00548001565 0.00200000009 0.0126970112 -0.00993346423 0.00200000009 0.0135674682 -0.0649999976 0.0146249998 0.0140249999 -0.0649999976 0.0141674681 0.0146500003 -0.0649999976 0.0152500002 0.0146500003 -0.0649999976 0.0152500002 0.0140249999 -0.0649999976 0.0141674681 0.0146500003 -0.0649999976 0.0140000004 0.0146500003 -0.0649999976 0.0152500002 0.0146500003 -0.0649999976 0.0140000004 0.0152749997 -0.0649999976 0.0141674681 0.0140249999 -0.0649999976 0.0163325313 0.0135674682 -0.0649999976 0.0158750005 0.0146500003 -0.0649999976 0.0152500002 0.0146500003 -0.0649999976 0.0152500002 0.0135674682 -0.0649999976 0.0158750005 0.0133999996 -0.0649999976 0.0152500002 0.0146500003 -0.0649999976 0.0152500002 0.0133999996 -0.0649999976 0.0152500002 0.0135674682 -0.0649999976 0.0146249998 0.0157325324 -0.0649999976 0.0158750005 0.0152749997 -0.0649999976 0.0163325313 0.0146500003 -0.0649999976 0.0152500002 0.0146500003 -0.0649999976 0.0152500002 0.0152749997 -0.0649999976 0.0163325313 0.0146500003 -0.0649999976 0.0164999999 0.0146500003 -0.0649999976 0.0152500002 0.0146500003 -0.0649999976 0.0164999999 0.0140249999 -0.0649999976 0.0163325313 0.0152749997 -0.0649999976 0.0141674681 0.0157325324 -0.0649999976 0.0146249998 0.0146500003 -0.0649999976 0.0152500002 0.0146500003 -0.0649999976 0.0152500002 0.0157325324 -0.0649999976 0.0146249998 0.0159000009 -0.0649999976 0.0152500002 0.0146500003 -0.0649999976 0.0152500002 0.0159000009 -0.0649999976 0.0152500002 0.0157325324 -0.0649999976 0.0158750005 -0.00865000021 -0.0135357389 0.00824999996 -0.00865000021 -0.064000003 0.00824999996 0.00865000021 -0.0135357389 0.00824999996 0.00865000021 -0.0135357389 0.00824999996 -0.00865000021 -0.064000003 0.00824999996 0.00865000021 -0.064000003 0.00824999996 -0.00923527125 -0.0639423579 0.00830764417 -0.00865000021 -0.064000003 0.00824999996 -0.0099713821 -0.016369313 0.00855668448 -0.00930216815 -0.0142353028 0.00832174532 -0.009536542 -0.0148222605 0.00838398468 -0.00865000021 -0.064000003 0.00824999996 -0.00865000021 -0.064000003 0.00824999996 -0.009536542 -0.0148222605 0.00838398468 -0.00966398511 -0.0152141321 0.00842655636 -0.00865000021 -0.064000003 0.00824999996 -0.00966398511 -0.0152141321 0.00842655636 -0.0099713821 -0.016369313 0.00855668448 -0.00883636903 -0.0135932267 0.00825579464 -0.00899774302 -0.0137355886 0.00827022269 -0.00865000021 -0.064000003 0.00824999996 -0.00865000021 -0.064000003 0.00824999996 -0.00899774302 -0.0137355886 0.00827022269 -0.00909232069 -0.0138586797 0.00828278717 -0.00865000021 -0.064000003 0.00824999996 -0.00909232069 -0.0138586797 0.00828278717 -0.00930216815 -0.0142353028 0.00832174532 -0.00865000021 -0.0135357389 0.00824999996 -0.00868075714 -0.0135373054 0.00825015735 -0.00865000021 -0.064000003 0.00824999996 -0.00865000021 -0.064000003 0.00824999996 -0.00868075714 -0.0135373054 0.00825015735 -0.00881362613 -0.0135800578 0.00825446565 -0.00865000021 -0.064000003 0.00824999996 -0.00881362613 -0.0135800578 0.00825446565 -0.00883636903 -0.0135932267 0.00825579464 -0.0105126081 -0.0191595461 0.00889825728 -0.010752785 -0.0207575951 0.00911030546 -0.0101662464 -0.0635886267 0.00866137166 -0.00923527125 -0.0639423579 0.00830764417 -0.0099713821 -0.016369313 0.00855668448 -0.00979804993 -0.0637716353 0.00847836118 -0.00979804993 -0.0637716353 0.00847836118 -0.0099713821 -0.016369313 0.00855668448 -0.0101541067 -0.0171989277 0.00865429919 -0.00979804993 -0.0637716353 0.00847836118 -0.0101541067 -0.0171989277 0.00865429919 -0.0101662464 -0.0635886267 0.00866137166 -0.0101662464 -0.0635886267 0.00866137166 -0.0101541067 -0.0171989277 0.00865429919 -0.01025254 -0.0176917315 0.008713888 -0.0101662464 -0.0635886267 0.00866137166 -0.01025254 -0.0176917315 0.008713888 -0.0105126081 -0.0191595461 0.00889825728 -0.010752785 -0.0207575951 0.00911030546 -0.0109721757 -0.022474261 0.00935065839 -0.0101662464 -0.0635886267 0.00866137166 -0.0101662464 -0.0635886267 0.00866137166 -0.0109721757 -0.022474261 0.00935065839 -0.0111685349 -0.0243003163 0.00961997453 -0.0101662464 -0.0635886267 0.00866137166 -0.0111685349 -0.0243003163 0.00961997453 -0.0107713202 -0.0631213188 0.00912867952 -0.0107713202 -0.0631213188 0.00912867952 -0.0111685349 -0.0243003163 0.00961997453 -0.0112487171 -0.0251577552 0.00975111034 -0.0107713202 -0.0631213188 0.00912867952 -0.0112487171 -0.0251577552 0.00975111034 -0.0112547092 -0.0624884516 0.00976154767 -0.0112487171 -0.0251577552 0.00975111034 -0.0114427703 -0.0276853126 0.0101543572 -0.0112547092 -0.0624884516 0.00976154767 -0.0112547092 -0.0624884516 0.00976154767 -0.0114427703 -0.0276853126 0.0101543572 -0.0115972348 -0.0308333691 0.0106898136 -0.0112547092 -0.0624884516 0.00976154767 -0.0115972348 -0.0308333691 0.0106898136 -0.0114216385 -0.0621480495 0.0101019498 -0.0114216385 -0.0621480495 0.0101019498 -0.0115972348 -0.0308333691 0.0106898136 -0.0116499998 -0.03392772 0.0112500004 -0.0114216385 -0.0621480495 0.0101019498 -0.0116499998 -0.03392772 0.0112500004 -0.0116499998 -0.0610000007 0.0112500004 -0.0116499998 -0.0430316553 0.0142955584 -0.0116499998 -0.0610000007 0.0112500004 -0.0116499998 -0.0370904841 0.0122590149 -0.0116499998 -0.0370904841 0.0122590149 -0.0116499998 -0.0610000007 0.0112500004 -0.0116499998 -0.03392772 0.0112500004 -0.0116499998 -0.0430316553 0.0142955584 -0.0116499998 -0.0490088724 0.0165209956 -0.0116499998 -0.0610000007 0.0112500004 -0.0116499998 -0.0610000007 0.0112500004 -0.0116499998 -0.0490088724 0.0165209956 -0.0116499998 -0.0550052859 0.0189263262 -0.0116499998 -0.0610000007 0.0112500004 -0.0116499998 -0.0550052859 0.0189263262 -0.0116499998 -0.0610000007 0.0215066355 -0.0114216385 -0.0621480495 0.0101019498 -0.0116499998 -0.0610000007 0.0112500004 -0.0116499998 -0.0610000007 0.0215066355 -0.0116499998 -0.0610000007 0.0215066355 -0.0116175022 -0.0614403747 0.0218351502 -0.0114216385 -0.0621480495 0.0101019498 -0.0114216385 -0.0621480495 0.0101019498 -0.0116175022 -0.0614403747 0.0218351502 -0.0115053179 -0.0619204119 0.0221965183 -0.0114216385 -0.0621480495 0.0101019498 -0.0115053179 -0.0619204119 0.0221965183 -0.0112547092 -0.0624884516 0.00976154767 -0.0112547092 -0.0624884516 0.00976154767 -0.0115053179 -0.0619204119 0.0221965183 -0.0113115516 -0.0623842478 0.022548981 -0.0112547092 -0.0624884516 0.00976154767 -0.0113115516 -0.0623842478 0.022548981 -0.0107713202 -0.0631213188 0.00912867952 -0.0113115516 -0.0623842478 0.022548981 -0.0110535398 -0.062795274 0.0228640661 -0.0107713202 -0.0631213188 0.00912867952 -0.0107713202 -0.0631213188 0.00912867952 -0.0110535398 -0.062795274 0.0228640661 -0.0107530644 -0.0631394237 0.023129914 -0.0107713202 -0.0631213188 0.00912867952 -0.0107530644 -0.0631394237 0.023129914 -0.0101662464 -0.0635886267 0.00866137166 -0.0101662464 -0.0635886267 0.00866137166 -0.0107530644 -0.0631394237 0.023129914 -0.0103912754 -0.063442938 0.0233659353 -0.0101662464 -0.0635886267 0.00866137166 -0.0103912754 -0.063442938 0.0233659353 -0.00979804993 -0.0637716353 0.00847836118 -0.00979804993 -0.0637716353 0.00847836118 -0.0103912754 -0.063442938 0.0233659353 -0.00999910384 -0.0636795387 0.0235509444 -0.00979804993 -0.0637716353 0.00847836118 -0.00999910384 -0.0636795387 0.0235509444 -0.00923527125 -0.0639423579 0.00830764417 -0.00923527125 -0.0639423579 0.00830764417 -0.00999910384 -0.0636795387 0.0235509444 -0.00957330223 -0.0638543814 0.0236882549 -0.00923527125 -0.0639423579 0.00830764417 -0.00957330223 -0.0638543814 0.0236882549 -0.00865000021 -0.064000003 0.00824999996 -0.00865000021 -0.064000003 0.00824999996 -0.00957330223 -0.0638543814 0.0236882549 -0.00910318363 -0.0639655739 0.0237758346 -0.00865000021 -0.064000003 0.00824999996 -0.00910318363 -0.0639655739 0.0237758346 -0.00865000021 -0.064000003 0.023802992 0.0107713202 -0.0631213188 0.00912867952 0.0101500005 -0.063598074 0.00865192339 0.0109690651 -0.062903136 0.0229471922 0.00865000021 -0.064000003 0.023802992 0.00901723281 -0.0639774352 0.0237851925 0.00865000021 -0.064000003 0.00824999996 0.00865000021 -0.064000003 0.00824999996 0.00901723281 -0.0639774352 0.0237851925 0.00912976451 -0.0639613867 0.0237725358 0.0109690651 -0.062903136 0.0229471922 0.0101500005 -0.063598074 0.00865192339 0.0108681982 -0.0630198047 0.0230372995 0.00912976451 -0.0639613867 0.0237725358 0.00957164355 -0.0638549179 0.0236886758 0.00865000021 -0.064000003 0.00824999996 0.00865000021 -0.064000003 0.00824999996 0.00957164355 -0.0638549179 0.0236886758 0.00999451615 -0.0636818409 0.0235527512 0.00865000021 -0.064000003 0.00824999996 0.00999451615 -0.0636818409 0.0235527512 0.00942645688 -0.0638977811 0.00835222285 0.00942645688 -0.0638977811 0.00835222285 0.00999451615 -0.0636818409 0.0235527512 0.0101424446 -0.0636024252 0.0234905463 0.00942645688 -0.0638977811 0.00835222285 0.0101424446 -0.0636024252 0.0234905463 0.0101500005 -0.063598074 0.00865192339 0.0101500005 -0.063598074 0.00865192339 0.0101424446 -0.0636024252 0.0234905463 0.0105272224 -0.0633400902 0.023285795 0.0101500005 -0.063598074 0.00865192339 0.0105272224 -0.0633400902 0.023285795 0.0108681982 -0.0630198047 0.0230372995 0.0107713202 -0.0631213188 0.00912867952 0.0109690651 -0.062903136 0.0229471922 0.0112480763 -0.0625 0.0097500002 0.0112480763 -0.0625 0.0097500002 0.0109690651 -0.062903136 0.0229471922 0.011243375 -0.0625081137 0.0226436593 0.0112480763 -0.0625 0.0097500002 0.011243375 -0.0625081137 0.0226436593 0.0114516988 -0.0620726049 0.0223118085 0.0116093867 -0.06149197 0.0218738243 0.0116499998 -0.0610000007 0.0215066355 0.0116499998 -0.0610000007 0.0112500004 0.0114516988 -0.0620726049 0.0223118085 0.0114894006 -0.0619684011 0.0222328324 0.0112480763 -0.0625 0.0097500002 0.0112480763 -0.0625 0.0097500002 0.0114894006 -0.0619684011 0.0222328324 0.0116093867 -0.06149197 0.0218738243 0.0112480763 -0.0625 0.0097500002 0.0116093867 -0.06149197 0.0218738243 0.0115477778 -0.0617764555 0.0104735428 0.0115477778 -0.0617764555 0.0104735428 0.0116093867 -0.06149197 0.0218738243 0.0116499998 -0.0610000007 0.0112500004 0.0116499998 -0.0401263051 0.0132772159 0.0116499998 -0.03392772 0.0112500004 0.0116499998 -0.0610000007 0.0112500004 0.0116499998 -0.0401263051 0.0132772159 0.0116499998 -0.0610000007 0.0112500004 0.0116499998 -0.0464250185 0.015537736 0.0116499998 -0.0610000007 0.0215066355 0.0116499998 -0.059017431 0.0206332617 0.0116499998 -0.0610000007 0.0112500004 0.0116499998 -0.0610000007 0.0112500004 0.0116499998 -0.059017431 0.0206332617 0.0116499998 -0.0527614951 0.0180060472 0.0116499998 -0.0610000007 0.0112500004 0.0116499998 -0.0527614951 0.0180060472 0.0116499998 -0.0464250185 0.015537736 0.01156512 -0.0299816392 0.0105414269 0.0112480763 -0.0625 0.0097500002 0.0116453497 -0.0330239236 0.0110830227 0.0116453497 -0.0330239236 0.0110830227 0.0112480763 -0.0625 0.0097500002 0.0115477778 -0.0617764555 0.0104735428 0.0116453497 -0.0330239236 0.0110830227 0.0115477778 -0.0617764555 0.0104735428 0.0116499998 -0.03392772 0.0112500004 0.0116499998 -0.03392772 0.0112500004 0.0115477778 -0.0617764555 0.0104735428 0.0116499998 -0.0610000007 0.0112500004 0.01156512 -0.0299816392 0.0105414269 0.0114940451 -0.028534919 0.010295324 0.0112480763 -0.0625 0.0097500002 0.0112480763 -0.0625 0.0097500002 0.0114940451 -0.028534919 0.010295324 0.0112676658 -0.0253727734 0.00978445355 0.0112480763 -0.0625 0.0097500002 0.0112676658 -0.0253727734 0.00978445355 0.0107713202 -0.0631213188 0.00912867952 0.0107713202 -0.0631213188 0.00912867952 0.0112676658 -0.0253727734 0.00978445355 0.0109523591 -0.0223070048 0.00932668429 0.0107713202 -0.0631213188 0.00912867952 0.0109523591 -0.0223070048 0.00932668429 0.0101500005 -0.063598074 0.00865192339 0.0109523591 -0.0223070048 0.00932668429 0.0105598066 -0.0194537342 0.00893642288 0.0101500005 -0.063598074 0.00865192339 0.0101500005 -0.063598074 0.00865192339 0.0105598066 -0.0194537342 0.00893642288 0.0101811299 -0.0173309539 0.00867014751 0.0101500005 -0.063598074 0.00865192339 0.0101811299 -0.0173309539 0.00867014751 0.00942645688 -0.0638977811 0.00835222285 0.00942645688 -0.0638977811 0.00835222285 0.0101811299 -0.0173309539 0.00867014751 0.00993561279 -0.0162195396 0.008539428 0.00942645688 -0.0638977811 0.00835222285 0.00993561279 -0.0162195396 0.008539428 0.00865000021 -0.064000003 0.00824999996 0.00865000021 -0.064000003 0.00824999996 0.00993561279 -0.0162195396 0.008539428 0.00960896723 -0.0150387054 0.00840739906 0.00865000021 -0.064000003 0.00824999996 0.00960896723 -0.0150387054 0.00840739906 0.00935344584 -0.0143488245 0.00833363831 0.00935344584 -0.0143488245 0.00833363831 0.00923073851 -0.0140911825 0.00830674637 0.00865000021 -0.064000003 0.00824999996 0.00865000021 -0.064000003 0.00824999996 0.00923073851 -0.0140911825 0.00830674637 0.00904404372 -0.0137922019 0.00827599131 0.00865000021 -0.064000003 0.00824999996 0.00904404372 -0.0137922019 0.00827599131 0.00897358358 -0.0137088317 0.0082675023 0.00897358358 -0.0137088317 0.0082675023 0.00883271731 -0.0135909971 0.00825556926 0.00865000021 -0.064000003 0.00824999996 0.00865000021 -0.064000003 0.00824999996 0.00883271731 -0.0135909971 0.00825556926 0.00877684169 -0.0135623766 0.0082526831 0.00865000021 -0.064000003 0.00824999996 0.00877684169 -0.0135623766 0.0082526831 0.00865000021 -0.0135357389 0.00824999996 0.00659999996 -0.064000003 0.0202892311 0.00865000021 -0.064000003 0.023802992 0.00703923032 -0.064000003 0.0198500007 0.00703923032 -0.064000003 0.0198500007 0.00865000021 -0.064000003 0.023802992 0.00719999988 -0.064000003 0.0192499999 0.00480000023 -0.064000003 0.0192499999 -0.00600000005 -0.064000003 0.0180500001 -0.00540000014 -0.064000003 0.0182107687 0.00865000021 -0.064000003 0.023802992 -0.00540000014 -0.064000003 0.0202892311 -0.00865000021 -0.064000003 0.023802992 -0.00865000021 -0.064000003 0.023802992 -0.00540000014 -0.064000003 0.0202892311 -0.00600000005 -0.064000003 0.0204499997 -0.00865000021 -0.064000003 0.023802992 -0.00600000005 -0.064000003 0.0204499997 -0.00659999996 -0.064000003 0.0202892311 0.00659999996 -0.064000003 0.0102107693 0.00703923032 -0.064000003 0.0106499996 0.00865000021 -0.064000003 0.00824999996 0.00865000021 -0.064000003 0.00824999996 0.00703923032 -0.064000003 0.0106499996 0.00719999988 -0.064000003 0.0112500004 0.00865000021 -0.064000003 0.00824999996 0.00719999988 -0.064000003 0.0112500004 0.00865000021 -0.064000003 0.023802992 -0.00659999996 -0.064000003 0.0122892307 -0.00703923032 -0.064000003 0.0118500004 -0.00865000021 -0.064000003 0.023802992 -0.00865000021 -0.064000003 0.023802992 -0.00703923032 -0.064000003 0.0118500004 -0.00719999988 -0.064000003 0.0112500004 -0.00865000021 -0.064000003 0.023802992 -0.00719999988 -0.064000003 0.0112500004 -0.00865000021 -0.064000003 0.00824999996 0.00719999988 -0.064000003 0.0112500004 0.00703923032 -0.064000003 0.0118500004 0.00865000021 -0.064000003 0.023802992 0.00865000021 -0.064000003 0.023802992 0.00703923032 -0.064000003 0.0118500004 0.00659999996 -0.064000003 0.0122892307 0.00865000021 -0.064000003 0.023802992 0.00659999996 -0.064000003 0.0122892307 0.00719999988 -0.064000003 0.0192499999 0.00719999988 -0.064000003 0.0192499999 0.00659999996 -0.064000003 0.0122892307 0.00703923032 -0.064000003 0.0186500009 -0.00659999996 -0.064000003 0.0202892311 -0.00703923032 -0.064000003 0.0198500007 -0.00865000021 -0.064000003 0.023802992 -0.00865000021 -0.064000003 0.023802992 -0.00703923032 -0.064000003 0.0198500007 -0.00719999988 -0.064000003 0.0192499999 -0.00865000021 -0.064000003 0.023802992 -0.00719999988 -0.064000003 0.0192499999 -0.00659999996 -0.064000003 0.0122892307 -0.00719999988 -0.064000003 0.0112500004 -0.00703923032 -0.064000003 0.0106499996 -0.00865000021 -0.064000003 0.00824999996 -0.00865000021 -0.064000003 0.00824999996 -0.00703923032 -0.064000003 0.0106499996 -0.00659999996 -0.064000003 0.0102107693 -0.00865000021 -0.064000003 0.00824999996 -0.00659999996 -0.064000003 0.0102107693 -0.00600000005 -0.064000003 0.0100499997 0.00540000014 -0.064000003 0.0122892307 0.00496076932 -0.064000003 0.0118500004 -0.00540000014 -0.064000003 0.0122892307 -0.00540000014 -0.064000003 0.0182107687 -0.00496076932 -0.064000003 0.0186500009 0.00480000023 -0.064000003 0.0192499999 0.00480000023 -0.064000003 0.0192499999 -0.00496076932 -0.064000003 0.0186500009 -0.00480000023 -0.064000003 0.0192499999 0.00480000023 -0.064000003 0.0192499999 -0.00480000023 -0.064000003 0.0192499999 0.00496076932 -0.064000003 0.0198500007 0.00540000014 -0.064000003 0.0122892307 0.00540000014 -0.064000003 0.0182107687 0.00600000005 -0.064000003 0.0124500003 0.00600000005 -0.064000003 0.0124500003 0.00540000014 -0.064000003 0.0182107687 0.00600000005 -0.064000003 0.0180500001 0.00600000005 -0.064000003 0.0124500003 0.00600000005 -0.064000003 0.0180500001 0.00659999996 -0.064000003 0.0122892307 0.00659999996 -0.064000003 0.0122892307 0.00600000005 -0.064000003 0.0180500001 0.00659999996 -0.064000003 0.0182107687 0.00659999996 -0.064000003 0.0122892307 0.00659999996 -0.064000003 0.0182107687 0.00703923032 -0.064000003 0.0186500009 -0.00719999988 -0.064000003 0.0192499999 -0.00703923032 -0.064000003 0.0186500009 -0.00659999996 -0.064000003 0.0122892307 -0.00659999996 -0.064000003 0.0122892307 -0.00703923032 -0.064000003 0.0186500009 -0.00659999996 -0.064000003 0.0182107687 -0.00659999996 -0.064000003 0.0122892307 -0.00659999996 -0.064000003 0.0182107687 -0.00600000005 -0.064000003 0.0124500003 -0.00600000005 -0.064000003 0.0124500003 -0.00659999996 -0.064000003 0.0182107687 -0.00600000005 -0.064000003 0.0180500001 -0.00600000005 -0.064000003 0.0124500003 -0.00600000005 -0.064000003 0.0180500001 -0.00540000014 -0.064000003 0.0122892307 -0.00540000014 -0.064000003 0.0122892307 -0.00600000005 -0.064000003 0.0180500001 0.00480000023 -0.064000003 0.0192499999 -0.00540000014 -0.064000003 0.0122892307 0.00480000023 -0.064000003 0.0192499999 0.00540000014 -0.064000003 0.0122892307 0.00540000014 -0.064000003 0.0122892307 0.00480000023 -0.064000003 0.0192499999 0.00496076932 -0.064000003 0.0186500009 0.00540000014 -0.064000003 0.0122892307 0.00496076932 -0.064000003 0.0186500009 0.00540000014 -0.064000003 0.0182107687 0.00659999996 -0.064000003 0.0202892311 0.00600000005 -0.064000003 0.0204499997 0.00865000021 -0.064000003 0.023802992 0.00865000021 -0.064000003 0.023802992 0.00600000005 -0.064000003 0.0204499997 0.00540000014 -0.064000003 0.0202892311 0.00865000021 -0.064000003 0.023802992 0.00540000014 -0.064000003 0.0202892311 -0.00540000014 -0.064000003 0.0202892311 -0.00540000014 -0.064000003 0.0202892311 0.00540000014 -0.064000003 0.0202892311 0.00496076932 -0.064000003 0.0198500007 -0.00540000014 -0.064000003 0.0202892311 0.00496076932 -0.064000003 0.0198500007 -0.00496076932 -0.064000003 0.0198500007 -0.00496076932 -0.064000003 0.0198500007 0.00496076932 -0.064000003 0.0198500007 -0.00480000023 -0.064000003 0.0192499999 -0.00540000014 -0.064000003 0.0102107693 0.00480000023 -0.064000003 0.0112500004 -0.00600000005 -0.064000003 0.0100499997 -0.00600000005 -0.064000003 0.0100499997 0.00480000023 -0.064000003 0.0112500004 0.00496076932 -0.064000003 0.0106499996 -0.00600000005 -0.064000003 0.0100499997 0.00496076932 -0.064000003 0.0106499996 -0.00865000021 -0.064000003 0.00824999996 -0.00865000021 -0.064000003 0.00824999996 0.00496076932 -0.064000003 0.0106499996 0.00540000014 -0.064000003 0.0102107693 -0.00865000021 -0.064000003 0.00824999996 0.00540000014 -0.064000003 0.0102107693 0.00865000021 -0.064000003 0.00824999996 0.00865000021 -0.064000003 0.00824999996 0.00540000014 -0.064000003 0.0102107693 0.00600000005 -0.064000003 0.0100499997 0.00865000021 -0.064000003 0.00824999996 0.00600000005 -0.064000003 0.0100499997 0.00659999996 -0.064000003 0.0102107693 -0.00540000014 -0.064000003 0.0102107693 -0.00496076932 -0.064000003 0.0106499996 0.00480000023 -0.064000003 0.0112500004 0.00480000023 -0.064000003 0.0112500004 -0.00496076932 -0.064000003 0.0106499996 -0.00480000023 -0.064000003 0.0112500004 0.00480000023 -0.064000003 0.0112500004 -0.00480000023 -0.064000003 0.0112500004 0.00496076932 -0.064000003 0.0118500004 0.00496076932 -0.064000003 0.0118500004 -0.00480000023 -0.064000003 0.0112500004 -0.00496076932 -0.064000003 0.0118500004 0.00496076932 -0.064000003 0.0118500004 -0.00496076932 -0.064000003 0.0118500004 -0.00540000014 -0.064000003 0.0122892307 0.0146500003 -0.0649999976 0.0164999999 0.0146500003 -0.0705000013 0.0164999999 0.0140249999 -0.0649999976 0.0163325313 0.0140249999 -0.0649999976 0.0163325313 0.0146500003 -0.0705000013 0.0164999999 0.0140249999 -0.0705000013 0.0163325313 0.0140249999 -0.0649999976 0.0163325313 0.0140249999 -0.0705000013 0.0163325313 0.0135674682 -0.0649999976 0.0158750005 0.0135674682 -0.0649999976 0.0158750005 0.0140249999 -0.0705000013 0.0163325313 0.0135674682 -0.0705000013 0.0158750005 0.0135674682 -0.0649999976 0.0158750005 0.0135674682 -0.0705000013 0.0158750005 0.0133999996 -0.0649999976 0.0152500002 0.0133999996 -0.0649999976 0.0152500002 0.0135674682 -0.0705000013 0.0158750005 0.0133999996 -0.0705000013 0.0152500002 0.0133999996 -0.0649999976 0.0152500002 0.0133999996 -0.0705000013 0.0152500002 0.0135674682 -0.0649999976 0.0146249998 0.0135674682 -0.0649999976 0.0146249998 0.0133999996 -0.0705000013 0.0152500002 0.0135674682 -0.0705000013 0.0146249998 0.0135674682 -0.0649999976 0.0146249998 0.0135674682 -0.0705000013 0.0146249998 0.0140249999 -0.0649999976 0.0141674681 0.0140249999 -0.0649999976 0.0141674681 0.0135674682 -0.0705000013 0.0146249998 0.0140249999 -0.0705000013 0.0141674681 0.0140249999 -0.0649999976 0.0141674681 0.0140249999 -0.0705000013 0.0141674681 0.0146500003 -0.0649999976 0.0140000004 0.0146500003 -0.0649999976 0.0140000004 0.0140249999 -0.0705000013 0.0141674681 0.0146500003 -0.0705000013 0.0140000004 0.0146500003 -0.0649999976 0.0140000004 0.0146500003 -0.0705000013 0.0140000004 0.0152749997 -0.0649999976 0.0141674681 0.0152749997 -0.0649999976 0.0141674681 0.0146500003 -0.0705000013 0.0140000004 0.0152749997 -0.0705000013 0.0141674681 0.0152749997 -0.0649999976 0.0141674681 0.0152749997 -0.0705000013 0.0141674681 0.0157325324 -0.0649999976 0.0146249998 0.0157325324 -0.0649999976 0.0146249998 0.0152749997 -0.0705000013 0.0141674681 0.0157325324 -0.0705000013 0.0146249998 0.0157325324 -0.0649999976 0.0146249998 0.0157325324 -0.0705000013 0.0146249998 0.0159000009 -0.0649999976 0.0152500002 0.0159000009 -0.0649999976 0.0152500002 0.0157325324 -0.0705000013 0.0146249998 0.0159000009 -0.0705000013 0.0152500002 0.0159000009 -0.0649999976 0.0152500002 0.0159000009 -0.0705000013 0.0152500002 0.0157325324 -0.0649999976 0.0158750005 0.0157325324 -0.0649999976 0.0158750005 0.0159000009 -0.0705000013 0.0152500002 0.0157325324 -0.0705000013 0.0158750005 0.0157325324 -0.0649999976 0.0158750005 0.0157325324 -0.0705000013 0.0158750005 0.0152749997 -0.0649999976 0.0163325313 0.0152749997 -0.0649999976 0.0163325313 0.0157325324 -0.0705000013 0.0158750005 0.0152749997 -0.0705000013 0.0163325313 0.0152749997 -0.0649999976 0.0163325313 0.0152749997 -0.0705000013 0.0163325313 0.0146500003 -0.0649999976 0.0164999999 0.0146500003 -0.0649999976 0.0164999999 0.0152749997 -0.0705000013 0.0163325313 0.0146500003 -0.0705000013 0.0164999999 -0.00865000021 -0.0135357389 0.00824999996 0.00865000021 -0.0135357389 0.00824999996 -0.00865000021 -0.0134250093 0.00824693218 -0.00865000021 -0.0134250093 0.00824693218 0.00865000021 -0.0135357389 0.00824999996 0.00865000021 -0.0134250093 0.00824693218 -0.00865000021 -0.0134250093 0.00824693218 0.00865000021 -0.0134250093 0.00824693218 -0.00865000021 -0.0133146187 0.00823773909 -0.00865000021 -0.0133146187 0.00823773909 0.00865000021 -0.0134250093 0.00824693218 0.00865000021 -0.0133146187 0.00823773909 -0.00865000021 -0.0133146187 0.00823773909 0.00865000021 -0.0133146187 0.00823773909 -0.00865000021 -0.0132049071 0.00822244771 -0.00865000021 -0.0132049071 0.00822244771 0.00865000021 -0.0133146187 0.00823773909 0.00865000021 -0.0132049071 0.00822244771 -0.0130147003 -0.0248841569 0.0107468646 -0.0133046173 -0.0271569602 0.0113528781 -0.0125233186 -0.0272775106 0.0112192761 -0.00865000021 -0.0133146187 0.00823773909 -0.00865000021 -0.0132049071 0.00822244771 -0.00870126113 -0.0132064456 0.00822270568 -0.00865000021 -0.0134250093 0.00824693218 -0.00865000021 -0.0133146187 0.00823773909 -0.00869439822 -0.0133161647 0.00823798776 -0.0102515714 -0.0162385553 0.0086643016 -0.00966398511 -0.0152141321 0.00842655636 -0.00988295488 -0.0150915543 0.00848748162 -0.00988295488 -0.0150915543 0.00848748162 -0.00966398511 -0.0152141321 0.00842655636 -0.009536542 -0.0148222605 0.00838398468 -0.00988295488 -0.0150915543 0.00848748162 -0.009536542 -0.0148222605 0.00838398468 -0.00972910319 -0.0147024496 0.00842954684 -0.00972910319 -0.0147024496 0.00842954684 -0.009536542 -0.0148222605 0.00838398468 -0.00930216815 -0.0142353028 0.00832174532 -0.00972910319 -0.0147024496 0.00842954684 -0.00930216815 -0.0142353028 0.00832174532 -0.00944500603 -0.0141196335 0.00834476948 -0.00944500603 -0.0141196335 0.00834476948 -0.00930216815 -0.0142353028 0.00832174532 -0.00909232069 -0.0138586797 0.00828278717 -0.00944500603 -0.0141196335 0.00834476948 -0.00909232069 -0.0138586797 0.00828278717 -0.00918969512 -0.0137456693 0.00829165801 -0.00918969512 -0.0137456693 0.00829165801 -0.00909232069 -0.0138586797 0.00828278717 -0.00899774302 -0.0137355886 0.00827022269 -0.00918969512 -0.0137456693 0.00829165801 -0.00899774302 -0.0137355886 0.00827022269 -0.0090744216 -0.0136234462 0.00827452075 -0.0090744216 -0.0136234462 0.00827452075 -0.00899774302 -0.0137355886 0.00827022269 -0.00883636903 -0.0135932267 0.00825579464 -0.0090744216 -0.0136234462 0.00827452075 -0.00883636903 -0.0135932267 0.00825579464 -0.00887754187 -0.013482091 0.00825483818 -0.00887754187 -0.013482091 0.00825483818 -0.00883636903 -0.0135932267 0.00825579464 -0.00881362613 -0.0135800578 0.00825446565 -0.00887754187 -0.013482091 0.00825483818 -0.00881362613 -0.0135800578 0.00825446565 -0.00884978008 -0.0134690152 0.00825302582 -0.00884978008 -0.0134690152 0.00825302582 -0.00881362613 -0.0135800578 0.00825446565 -0.00868075714 -0.0135373054 0.00825015735 -0.00884978008 -0.0134690152 0.00825302582 -0.00868075714 -0.0135373054 0.00825015735 -0.00868755672 -0.0134265646 0.00824714731 -0.00868755672 -0.0134265646 0.00824714731 -0.00868075714 -0.0135373054 0.00825015735 -0.00865000021 -0.0135357389 0.00824999996 -0.00868755672 -0.0134265646 0.00824714731 -0.00865000021 -0.0135357389 0.00824999996 -0.00865000021 -0.0134250093 0.00824693218 -0.00865000021 -0.0133146187 0.00823773909 -0.00870126113 -0.0132064456 0.00822270568 -0.00869439822 -0.0133161647 0.00823798776 -0.00869439822 -0.0133161647 0.00823798776 -0.00870126113 -0.0132064456 0.00822270568 -0.00892271008 -0.0132484427 0.00822975859 -0.00869439822 -0.0133161647 0.00823798776 -0.00892271008 -0.0132484427 0.00822975859 -0.00888618268 -0.0133583508 0.00824478082 -0.00888618268 -0.0133583508 0.00824478082 -0.00892271008 -0.0132484427 0.00822975859 -0.00896061584 -0.0132613787 0.00823193416 -0.00888618268 -0.0133583508 0.00824478082 -0.00896061584 -0.0132613787 0.00823193416 -0.00891900528 -0.0133713456 0.0082468763 -0.00891900528 -0.0133713456 0.0082468763 -0.00896061584 -0.0132613787 0.00823193416 -0.00922957156 -0.0134012327 0.00825555716 -0.00891900528 -0.0133713456 0.0082468763 -0.00922957156 -0.0134012327 0.00825555716 -0.0091518173 -0.0135118226 0.00826962478 -0.0091518173 -0.0135118226 0.00826962478 -0.00922957156 -0.0134012327 0.00825555716 -0.0093872007 -0.0135221668 0.00827613194 -0.0091518173 -0.0135118226 0.00826962478 -0.0093872007 -0.0135221668 0.00827613194 -0.00928817131 -0.0136332884 0.00828943495 -0.00928817131 -0.0136332884 0.00828943495 -0.0093872007 -0.0135221668 0.00827613194 -0.00973694678 -0.0138922557 0.00833993498 -0.00928817131 -0.0136332884 0.00828943495 -0.00973694678 -0.0138922557 0.00833993498 -0.0095903473 -0.0140049569 0.00835085008 -0.0095903473 -0.0140049569 0.00835085008 -0.00973694678 -0.0138922557 0.00833993498 -0.0101275705 -0.0144692175 0.00844190177 -0.0095903473 -0.0140049569 0.00835085008 -0.0101275705 -0.0144692175 0.00844190177 -0.00992699526 -0.0145842414 0.00844893884 -0.00992699526 -0.0145842414 0.00844893884 -0.0101275705 -0.0144692175 0.00844190177 -0.0103399754 -0.0148545383 0.00851166807 -0.00992699526 -0.0145842414 0.00844893884 -0.0103399754 -0.0148545383 0.00851166807 -0.0101095447 -0.0149710197 0.00851601083 -0.0101095447 -0.0149710197 0.00851601083 -0.0103399754 -0.0148545383 0.00851166807 -0.0108523034 -0.0159909632 0.00872502755 -0.0101095447 -0.0149710197 0.00851601083 -0.0108523034 -0.0159909632 0.00872502755 -0.0105478587 -0.0161113031 0.00872092228 -0.0105478587 -0.0161113031 0.00872092228 -0.0108523034 -0.0159909632 0.00872502755 -0.0110189207 -0.0164244194 0.00880933087 -0.0105478587 -0.0161113031 0.00872092228 -0.0110189207 -0.0164244194 0.00880933087 -0.0109453686 -0.0174168125 0.00896824151 -0.0110189207 -0.0164244194 0.00880933087 -0.0113209002 -0.0172928609 0.00898296852 -0.0109453686 -0.0174168125 0.00896824151 -0.0109453686 -0.0174168125 0.00896824151 -0.0113209002 -0.0172928609 0.00898296852 -0.0117543461 -0.0187389906 0.00928571261 -0.0109453686 -0.0174168125 0.00896824151 -0.0117543461 -0.0187389906 0.00928571261 -0.0113088926 -0.0188659318 0.00925795734 -0.0113088926 -0.0188659318 0.00925795734 -0.0117543461 -0.0187389906 0.00928571261 -0.0121546425 -0.0203146245 0.00963416882 -0.0113088926 -0.0188659318 0.00925795734 -0.0121546425 -0.0203146245 0.00963416882 -0.0116394637 -0.0204435699 0.00959066581 -0.0116394637 -0.0204435699 0.00959066581 -0.0121546425 -0.0203146245 0.00963416882 -0.0125202928 -0.0220084637 0.0100294324 -0.0116394637 -0.0204435699 0.00959066581 -0.0125202928 -0.0220084637 0.0100294324 -0.0119349919 -0.0221380424 0.00996708311 -0.0119349919 -0.0221380424 0.00996708311 -0.0125202928 -0.0220084637 0.0100294324 -0.0128475577 -0.0238115266 0.0104726423 -0.0119349919 -0.0221380424 0.00996708311 -0.0128475577 -0.0238115266 0.0104726423 -0.0121913273 -0.0239399355 0.010387877 -0.00865000021 -0.0134250093 0.00824693218 -0.00869439822 -0.0133161647 0.00823798776 -0.00868755672 -0.0134265646 0.00824714731 -0.00868755672 -0.0134265646 0.00824714731 -0.00869439822 -0.0133161647 0.00823798776 -0.00888618268 -0.0133583508 0.00824478082 -0.00868755672 -0.0134265646 0.00824714731 -0.00888618268 -0.0133583508 0.00824478082 -0.00884978008 -0.0134690152 0.00825302582 -0.00884978008 -0.0134690152 0.00825302582 -0.00888618268 -0.0133583508 0.00824478082 -0.00891900528 -0.0133713456 0.0082468763 -0.00884978008 -0.0134690152 0.00825302582 -0.00891900528 -0.0133713456 0.0082468763 -0.00887754187 -0.013482091 0.00825483818 -0.00887754187 -0.013482091 0.00825483818 -0.00891900528 -0.0133713456 0.0082468763 -0.0091518173 -0.0135118226 0.00826962478 -0.00887754187 -0.013482091 0.00825483818 -0.0091518173 -0.0135118226 0.00826962478 -0.0090744216 -0.0136234462 0.00827452075 -0.0090744216 -0.0136234462 0.00827452075 -0.0091518173 -0.0135118226 0.00826962478 -0.00928817131 -0.0136332884 0.00828943495 -0.0090744216 -0.0136234462 0.00827452075 -0.00928817131 -0.0136332884 0.00828943495 -0.00918969512 -0.0137456693 0.00829165801 -0.00918969512 -0.0137456693 0.00829165801 -0.00928817131 -0.0136332884 0.00828943495 -0.0095903473 -0.0140049569 0.00835085008 -0.00918969512 -0.0137456693 0.00829165801 -0.0095903473 -0.0140049569 0.00835085008 -0.00944500603 -0.0141196335 0.00834476948 -0.00944500603 -0.0141196335 0.00834476948 -0.0095903473 -0.0140049569 0.00835085008 -0.00992699526 -0.0145842414 0.00844893884 -0.00944500603 -0.0141196335 0.00834476948 -0.00992699526 -0.0145842414 0.00844893884 -0.00972910319 -0.0147024496 0.00842954684 -0.00972910319 -0.0147024496 0.00842954684 -0.00992699526 -0.0145842414 0.00844893884 -0.0101095447 -0.0149710197 0.00851601083 -0.00972910319 -0.0147024496 0.00842954684 -0.0101095447 -0.0149710197 0.00851601083 -0.00988295488 -0.0150915543 0.00848748162 -0.00988295488 -0.0150915543 0.00848748162 -0.0101095447 -0.0149710197 0.00851601083 -0.0105478587 -0.0161113031 0.00872092228 -0.00988295488 -0.0150915543 0.00848748162 -0.0105478587 -0.0161113031 0.00872092228 -0.0102515714 -0.0162385553 0.0086643016 -0.0102515714 -0.0162385553 0.0086643016 -0.0105478587 -0.0161113031 0.00872092228 -0.0109453686 -0.0174168125 0.00896824151 -0.0102515714 -0.0162385553 0.0086643016 -0.0109453686 -0.0174168125 0.00896824151 -0.0105845397 -0.0175515283 0.00887736212 -0.0105845397 -0.0175515283 0.00887736212 -0.0109453686 -0.0174168125 0.00896824151 -0.0113088926 -0.0188659318 0.00925795734 -0.0105845397 -0.0175515283 0.00887736212 -0.0113088926 -0.0188659318 0.00925795734 -0.0108874179 -0.0190086775 0.00912644528 -0.0108874179 -0.0190086775 0.00912644528 -0.0113088926 -0.0188659318 0.00925795734 -0.0116394637 -0.0204435699 0.00959066581 -0.0108874179 -0.0190086775 0.00912644528 -0.0116394637 -0.0204435699 0.00959066581 -0.0111608543 -0.0205948055 0.00941181276 -0.0111608543 -0.0205948055 0.00941181276 -0.0116394637 -0.0204435699 0.00959066581 -0.0119349919 -0.0221380424 0.00996708311 -0.0111608543 -0.0205948055 0.00941181276 -0.0119349919 -0.0221380424 0.00996708311 -0.0114028435 -0.0222981554 0.00973376166 -0.0114028435 -0.0222981554 0.00973376166 -0.0119349919 -0.0221380424 0.00996708311 -0.0121913273 -0.0239399355 0.010387877 -0.0114028435 -0.0222981554 0.00973376166 -0.0121913273 -0.0239399355 0.010387877 -0.0116096297 -0.024109276 0.0100924699 -0.0116096297 -0.024109276 0.0100924699 -0.0109721757 -0.022474261 0.00935065839 -0.0114028435 -0.0222981554 0.00973376166 -0.0114028435 -0.0222981554 0.00973376166 -0.0109721757 -0.022474261 0.00935065839 -0.010752785 -0.0207575951 0.00911030546 -0.0114028435 -0.0222981554 0.00973376166 -0.010752785 -0.0207575951 0.00911030546 -0.0111608543 -0.0205948055 0.00941181276 -0.0111608543 -0.0205948055 0.00941181276 -0.010752785 -0.0207575951 0.00911030546 -0.0105126081 -0.0191595461 0.00889825728 -0.0111608543 -0.0205948055 0.00941181276 -0.0105126081 -0.0191595461 0.00889825728 -0.0108874179 -0.0190086775 0.00912644528 -0.0108874179 -0.0190086775 0.00912644528 -0.0105126081 -0.0191595461 0.00889825728 -0.01025254 -0.0176917315 0.008713888 -0.0108874179 -0.0190086775 0.00912644528 -0.01025254 -0.0176917315 0.008713888 -0.0105845397 -0.0175515283 0.00887736212 -0.0105845397 -0.0175515283 0.00887736212 -0.01025254 -0.0176917315 0.008713888 -0.0101541067 -0.0171989277 0.00865429919 -0.0105845397 -0.0175515283 0.00887736212 -0.0101541067 -0.0171989277 0.00865429919 -0.0102515714 -0.0162385553 0.0086643016 -0.0102515714 -0.0162385553 0.0086643016 -0.0101541067 -0.0171989277 0.00865429919 -0.0099713821 -0.016369313 0.00855668448 -0.0102515714 -0.0162385553 0.0086643016 -0.0099713821 -0.016369313 0.00855668448 -0.00966398511 -0.0152141321 0.00842655636 -0.0114427703 -0.0276853126 0.0101543572 -0.0112487171 -0.0251577552 0.00975111034 -0.0116096297 -0.024109276 0.0100924699 -0.0116096297 -0.024109276 0.0100924699 -0.0112487171 -0.0251577552 0.00975111034 -0.0111685349 -0.0243003163 0.00961997453 -0.0116096297 -0.024109276 0.0100924699 -0.0111685349 -0.0243003163 0.00961997453 -0.0109721757 -0.022474261 0.00935065839 -0.0133046173 -0.0271569602 0.0113528781 -0.0135620572 -0.0302712545 0.0122357374 -0.0125233186 -0.0272775106 0.0112192761 -0.0125233186 -0.0272775106 0.0112192761 -0.0135620572 -0.0302712545 0.0122357374 -0.0126690958 -0.0303763524 0.0120466026 -0.0125233186 -0.0272775106 0.0112192761 -0.0126690958 -0.0303763524 0.0120466026 -0.0118675772 -0.0274635963 0.0107971579 -0.0118675772 -0.0274635963 0.0107971579 -0.0126690958 -0.0303763524 0.0120466026 -0.0119645931 -0.0305779036 0.0114922989 -0.0119179497 -0.0336312465 0.012205041 -0.0119645931 -0.0305779036 0.0114922989 -0.0126499999 -0.0334142148 0.0129041802 -0.0126499999 -0.0334142148 0.0129041802 -0.0119645931 -0.0305779036 0.0114922989 -0.0126690958 -0.0303763524 0.0120466026 -0.0126499999 -0.0334142148 0.0129041802 -0.0126690958 -0.0303763524 0.0120466026 -0.0136500001 -0.0333347768 0.0131600825 -0.0136500001 -0.0333347768 0.0131600825 -0.0126690958 -0.0303763524 0.0120466026 -0.0135620572 -0.0302712545 0.0122357374 -0.0128475577 -0.0238115266 0.0104726423 -0.0130147003 -0.0248841569 0.0107468646 -0.0121913273 -0.0239399355 0.010387877 -0.0121913273 -0.0239399355 0.010387877 -0.0130147003 -0.0248841569 0.0107468646 -0.0125233186 -0.0272775106 0.0112192761 -0.0121913273 -0.0239399355 0.010387877 -0.0125233186 -0.0272775106 0.0112192761 -0.0116096297 -0.024109276 0.0100924699 -0.0116096297 -0.024109276 0.0100924699 -0.0125233186 -0.0272775106 0.0112192761 -0.0118675772 -0.0274635963 0.0107971579 -0.0116096297 -0.024109276 0.0100924699 -0.0118675772 -0.0274635963 0.0107971579 -0.0114427703 -0.0276853126 0.0101543572 -0.0114427703 -0.0276853126 0.0101543572 -0.0118675772 -0.0274635963 0.0107971579 -0.0119645931 -0.0305779036 0.0114922989 -0.0114427703 -0.0276853126 0.0101543572 -0.0119645931 -0.0305779036 0.0114922989 -0.0115972348 -0.0308333691 0.0106898136 -0.0115972348 -0.0308333691 0.0106898136 -0.0119645931 -0.0305779036 0.0114922989 -0.0119179497 -0.0336312465 0.012205041 -0.0115972348 -0.0308333691 0.0106898136 -0.0119179497 -0.0336312465 0.012205041 -0.0116499998 -0.03392772 0.0112500004 -0.0136500001 -0.0333347768 0.0131600825 -0.0136500001 -0.0343524925 0.0134788873 -0.0126499999 -0.0334142148 0.0129041802 -0.0126499999 -0.0334142148 0.0129041802 -0.0136500001 -0.0343524925 0.0134788873 -0.0126499999 -0.0365514196 0.0139050428 -0.0126499999 -0.0334142148 0.0129041802 -0.0126499999 -0.0365514196 0.0139050428 -0.0119179497 -0.0336312465 0.012205041 -0.0116499998 -0.03392772 0.0112500004 -0.0119179497 -0.0336312465 0.012205041 -0.0119179497 -0.0367792547 0.0132093495 -0.0136500001 -0.0343524925 0.0134788873 -0.0136500001 -0.0364680253 0.0141596841 -0.0126499999 -0.0365514196 0.0139050428 -0.0126499999 -0.0365514196 0.0139050428 -0.0136500001 -0.0364680253 0.0141596841 -0.0136500001 -0.0423579775 0.0161786824 -0.0126499999 -0.0365514196 0.0139050428 -0.0136500001 -0.0423579775 0.0161786824 -0.0126499999 -0.0424482301 0.0159263909 -0.0126499999 -0.0424482301 0.0159263909 -0.0136500001 -0.0423579775 0.0161786824 -0.0136500001 -0.0446443446 0.0170095675 -0.0126499999 -0.0424482301 0.0159263909 -0.0136500001 -0.0446443446 0.0170095675 -0.0126499999 -0.0483841039 0.0181364398 -0.0136500001 -0.0601858683 0.0233334322 -0.0126499999 -0.0602949411 0.023088688 -0.0136500001 -0.0553491637 0.0212380979 -0.0136500001 -0.0553491637 0.0212380979 -0.0126499999 -0.0602949411 0.023088688 -0.0126499999 -0.0543405972 0.0205257609 -0.0136500001 -0.0553491637 0.0212380979 -0.0126499999 -0.0543405972 0.0205257609 -0.0136500001 -0.0542377718 0.0207731947 -0.0136500001 -0.0542377718 0.0207731947 -0.0126499999 -0.0543405972 0.0205257609 -0.0126499999 -0.0483841039 0.0181364398 -0.0136500001 -0.0542377718 0.0207731947 -0.0126499999 -0.0483841039 0.0181364398 -0.0136500001 -0.0482874513 0.0183863509 -0.0136500001 -0.0482874513 0.0183863509 -0.0126499999 -0.0483841039 0.0181364398 -0.0136500001 -0.0446443446 0.0170095675 -0.0119179497 -0.0336312465 0.012205041 -0.0126499999 -0.0365514196 0.0139050428 -0.0119179497 -0.0367792547 0.0132093495 -0.0119179497 -0.0367792547 0.0132093495 -0.0126499999 -0.0365514196 0.0139050428 -0.0126499999 -0.0424482301 0.0159263909 -0.0119179497 -0.0367792547 0.0132093495 -0.0126499999 -0.0424482301 0.0159263909 -0.0119179497 -0.0426948145 0.01523712 -0.0119179497 -0.0426948145 0.01523712 -0.0126499999 -0.0424482301 0.0159263909 -0.0126499999 -0.0483841039 0.0181364398 -0.0119179497 -0.0426948145 0.01523712 -0.0126499999 -0.0483841039 0.0181364398 -0.0119179497 -0.04864816 0.0174536724 -0.0119179497 -0.04864816 0.0174536724 -0.0126499999 -0.0483841039 0.0181364398 -0.0126499999 -0.0543405972 0.0205257609 -0.0119179497 -0.04864816 0.0174536724 -0.0126499999 -0.0543405972 0.0205257609 -0.0119179497 -0.0546215288 0.0198497605 -0.0119179497 -0.0546215288 0.0198497605 -0.0126499999 -0.0543405972 0.0205257609 -0.0126499999 -0.0602949411 0.023088688 -0.0119179497 -0.0546215288 0.0198497605 -0.0126499999 -0.0602949411 0.023088688 -0.0119179497 -0.0605929345 0.0224200338 -0.0116499998 -0.03392772 0.0112500004 -0.0119179497 -0.0367792547 0.0132093495 -0.0116499998 -0.0370904841 0.0122590149 -0.0116499998 -0.0370904841 0.0122590149 -0.0119179497 -0.0367792547 0.0132093495 -0.0119179497 -0.0426948145 0.01523712 -0.0116499998 -0.0370904841 0.0122590149 -0.0119179497 -0.0426948145 0.01523712 -0.0116499998 -0.0430316553 0.0142955584 -0.0116499998 -0.0430316553 0.0142955584 -0.0119179497 -0.0426948145 0.01523712 -0.0119179497 -0.04864816 0.0174536724 -0.0116499998 -0.0430316553 0.0142955584 -0.0119179497 -0.04864816 0.0174536724 -0.0116499998 -0.0490088724 0.0165209956 -0.0116499998 -0.0490088724 0.0165209956 -0.0119179497 -0.04864816 0.0174536724 -0.0119179497 -0.0546215288 0.0198497605 -0.0116499998 -0.0490088724 0.0165209956 -0.0119179497 -0.0546215288 0.0198497605 -0.0116499998 -0.0550052859 0.0189263262 -0.0116499998 -0.0550052859 0.0189263262 -0.0119179497 -0.0546215288 0.0198497605 -0.0119179497 -0.0605929345 0.0224200338 -0.0116499998 -0.0550052859 0.0189263262 -0.0119179497 -0.0605929345 0.0224200338 -0.0116499998 -0.0610000007 0.0215066355 -0.0126499999 -0.0602949411 0.023088688 -0.0136500001 -0.0601858683 0.0233334322 -0.0135958372 -0.0609139353 0.0236593094 -0.0119179497 -0.0605929345 0.0224200338 -0.0126499999 -0.0602949411 0.023088688 -0.0126395263 -0.0608976521 0.0233798362 -0.0116499998 -0.0610000007 0.0215066355 -0.0119179497 -0.0605929345 0.0224200338 -0.0119205955 -0.0610889606 0.0227169339 -0.0126499999 -0.0602949411 0.023088688 -0.0135958372 -0.0609139353 0.0236593094 -0.0126395263 -0.0608976521 0.0233798362 -0.0126395263 -0.0608976521 0.0233798362 -0.0135958372 -0.0609139353 0.0236593094 -0.013408863 -0.0617075004 0.0240177419 -0.0126395263 -0.0608976521 0.0233798362 -0.013408863 -0.0617075004 0.0240177419 -0.0125206159 -0.0615639389 0.023703156 -0.0125206159 -0.0615639389 0.023703156 -0.013408863 -0.0617075004 0.0240177419 -0.0130859185 -0.0624741949 0.0243673045 -0.0125206159 -0.0615639389 0.023703156 -0.0130859185 -0.0624741949 0.0243673045 -0.012284616 -0.0622159801 0.0240211952 -0.012284616 -0.0622159801 0.0240211952 -0.0130859185 -0.0624741949 0.0243673045 -0.0126558989 -0.0631535128 0.0246797595 -0.012284616 -0.0622159801 0.0240211952 -0.0126558989 -0.0631535128 0.0246797595 -0.0119522493 -0.0627998784 0.0243074801 -0.0119522493 -0.0627998784 0.0243074801 -0.0126558989 -0.0631535128 0.0246797595 -0.0121551082 -0.0637222379 0.0249433573 -0.0119522493 -0.0627998784 0.0243074801 -0.0121551082 -0.0637222379 0.0249433573 -0.0115532801 -0.0632928163 0.0245503243 -0.0115532801 -0.0632928163 0.0245503243 -0.0121551082 -0.0637222379 0.0249433573 -0.0115521261 -0.0642237738 0.0251773559 -0.0115532801 -0.0632928163 0.0245503243 -0.0115521261 -0.0642237738 0.0251773559 -0.0110635012 -0.0637303889 0.0247668251 -0.0110635012 -0.0637303889 0.0247668251 -0.0115521261 -0.0642237738 0.0251773559 -0.0108985053 -0.0646146834 0.0253607631 -0.0110635012 -0.0637303889 0.0247668251 -0.0108985053 -0.0646146834 0.0253607631 -0.01052556 -0.0640732273 0.0249370821 -0.01052556 -0.0640732273 0.0249370821 -0.0108985053 -0.0646146834 0.0253607631 -0.0101888375 -0.0649035498 0.0254968721 -0.01052556 -0.0640732273 0.0249370821 -0.0101888375 -0.0649035498 0.0254968721 -0.00993637182 -0.0643275157 0.0250637382 -0.00993637182 -0.0643275157 0.0250637382 -0.0101888375 -0.0649035498 0.0254968721 -0.00940530561 -0.0650872365 0.0255836807 -0.00993637182 -0.0643275157 0.0250637382 -0.00940530561 -0.0650872365 0.0255836807 -0.00928223785 -0.0644896254 0.0251446459 -0.00928223785 -0.0644896254 0.0251446459 -0.00940530561 -0.0650872365 0.0255836807 -0.00865000021 -0.0651441067 0.0256105997 -0.00928223785 -0.0644896254 0.0251446459 -0.00865000021 -0.0651441067 0.0256105997 -0.00865000021 -0.0645398796 0.0251697544 -0.0119179497 -0.0605929345 0.0224200338 -0.0126395263 -0.0608976521 0.0233798362 -0.0119205955 -0.0610889606 0.0227169339 -0.0119205955 -0.0610889606 0.0227169339 -0.0126395263 -0.0608976521 0.0233798362 -0.0125206159 -0.0615639389 0.023703156 -0.0119205955 -0.0610889606 0.0227169339 -0.0125206159 -0.0615639389 0.023703156 -0.0118341241 -0.0616407245 0.023046352 -0.0118341241 -0.0616407245 0.023046352 -0.0125206159 -0.0615639389 0.023703156 -0.012284616 -0.0622159801 0.0240211952 -0.0118341241 -0.0616407245 0.023046352 -0.012284616 -0.0622159801 0.0240211952 -0.0116492938 -0.062183775 0.0233701337 -0.0116492938 -0.062183775 0.0233701337 -0.012284616 -0.0622159801 0.0240211952 -0.0119522493 -0.0627998784 0.0243074801 -0.0116492938 -0.062183775 0.0233701337 -0.0119522493 -0.0627998784 0.0243074801 -0.0113820778 -0.0626724064 0.0236613974 -0.0113820778 -0.0626724064 0.0236613974 -0.0119522493 -0.0627998784 0.0243074801 -0.0115532801 -0.0632928163 0.0245503243 -0.0113820778 -0.0626724064 0.0236613974 -0.0115532801 -0.0632928163 0.0245503243 -0.0110569336 -0.0630864874 0.0239083357 -0.0110569336 -0.0630864874 0.0239083357 -0.0115532801 -0.0632928163 0.0245503243 -0.0110635012 -0.0637303889 0.0247668251 -0.0110569336 -0.0630864874 0.0239083357 -0.0110635012 -0.0637303889 0.0247668251 -0.0106543647 -0.0634551942 0.0241283979 -0.0106543647 -0.0634551942 0.0241283979 -0.0110635012 -0.0637303889 0.0247668251 -0.01052556 -0.0640732273 0.0249370821 -0.0106543647 -0.0634551942 0.0241283979 -0.01052556 -0.0640732273 0.0249370821 -0.0102096545 -0.063744761 0.0243014023 -0.0102096545 -0.063744761 0.0243014023 -0.01052556 -0.0640732273 0.0249370821 -0.00993637182 -0.0643275157 0.0250637382 -0.0102096545 -0.063744761 0.0243014023 -0.00993637182 -0.0643275157 0.0250637382 -0.0097207129 -0.0639599264 0.0244300719 -0.0097207129 -0.0639599264 0.0244300719 -0.00993637182 -0.0643275157 0.0250637382 -0.00928223785 -0.0644896254 0.0251446459 -0.0097207129 -0.0639599264 0.0244300719 -0.00928223785 -0.0644896254 0.0251446459 -0.00917655416 -0.0640972629 0.0245122537 -0.00917655416 -0.0640972629 0.0245122537 -0.00928223785 -0.0644896254 0.0251446459 -0.00865000021 -0.0645398796 0.0251697544 -0.00917655416 -0.0640972629 0.0245122537 -0.00865000021 -0.0645398796 0.0251697544 -0.00865000021 -0.0641398579 0.0245377552 -0.0116499998 -0.0610000007 0.0215066355 -0.0119205955 -0.0610889606 0.0227169339 -0.0116175022 -0.0614403747 0.0218351502 -0.0116175022 -0.0614403747 0.0218351502 -0.0119205955 -0.0610889606 0.0227169339 -0.0118341241 -0.0616407245 0.023046352 -0.0116175022 -0.0614403747 0.0218351502 -0.0118341241 -0.0616407245 0.023046352 -0.0115053179 -0.0619204119 0.0221965183 -0.0115053179 -0.0619204119 0.0221965183 -0.0118341241 -0.0616407245 0.023046352 -0.0116492938 -0.062183775 0.0233701337 -0.0115053179 -0.0619204119 0.0221965183 -0.0116492938 -0.062183775 0.0233701337 -0.0113115516 -0.0623842478 0.022548981 -0.0113115516 -0.0623842478 0.022548981 -0.0116492938 -0.062183775 0.0233701337 -0.0113820778 -0.0626724064 0.0236613974 -0.0113115516 -0.0623842478 0.022548981 -0.0113820778 -0.0626724064 0.0236613974 -0.0110535398 -0.062795274 0.0228640661 -0.0110535398 -0.062795274 0.0228640661 -0.0113820778 -0.0626724064 0.0236613974 -0.0110569336 -0.0630864874 0.0239083357 -0.0110535398 -0.062795274 0.0228640661 -0.0110569336 -0.0630864874 0.0239083357 -0.0107530644 -0.0631394237 0.023129914 -0.0107530644 -0.0631394237 0.023129914 -0.0110569336 -0.0630864874 0.0239083357 -0.0106543647 -0.0634551942 0.0241283979 -0.0107530644 -0.0631394237 0.023129914 -0.0106543647 -0.0634551942 0.0241283979 -0.0103912754 -0.063442938 0.0233659353 -0.0103912754 -0.063442938 0.0233659353 -0.0106543647 -0.0634551942 0.0241283979 -0.0102096545 -0.063744761 0.0243014023 -0.0103912754 -0.063442938 0.0233659353 -0.0102096545 -0.063744761 0.0243014023 -0.00999910384 -0.0636795387 0.0235509444 -0.00999910384 -0.0636795387 0.0235509444 -0.0102096545 -0.063744761 0.0243014023 -0.0097207129 -0.0639599264 0.0244300719 -0.00999910384 -0.0636795387 0.0235509444 -0.0097207129 -0.0639599264 0.0244300719 -0.00957330223 -0.0638543814 0.0236882549 -0.00957330223 -0.0638543814 0.0236882549 -0.0097207129 -0.0639599264 0.0244300719 -0.00917655416 -0.0640972629 0.0245122537 -0.00957330223 -0.0638543814 0.0236882549 -0.00917655416 -0.0640972629 0.0245122537 -0.00910318363 -0.0639655739 0.0237758346 -0.00910318363 -0.0639655739 0.0237758346 -0.00917655416 -0.0640972629 0.0245122537 -0.00865000021 -0.0641398579 0.0245377552 -0.00910318363 -0.0639655739 0.0237758346 -0.00865000021 -0.0641398579 0.0245377552 -0.00865000021 -0.064000003 0.023802992 -0.00865000021 -0.0651441067 0.0256105997 0.00865000021 -0.0651441067 0.0256105997 0.00865000021 -0.0645398796 0.0251697544 -0.00865000021 -0.0651441067 0.0256105997 0.00865000021 -0.0645398796 0.0251697544 -0.00865000021 -0.0645398796 0.0251697544 -0.00865000021 -0.0645398796 0.0251697544 0.00865000021 -0.0645398796 0.0251697544 0.00865000021 -0.0641398579 0.0245377552 -0.00865000021 -0.0645398796 0.0251697544 0.00865000021 -0.0641398579 0.0245377552 -0.00865000021 -0.0641398579 0.0245377552 -0.00865000021 -0.0641398579 0.0245377552 0.00865000021 -0.0641398579 0.0245377552 0.00865000021 -0.064000003 0.023802992 -0.00865000021 -0.0641398579 0.0245377552 0.00865000021 -0.064000003 0.023802992 -0.00865000021 -0.064000003 0.023802992 0.00865000021 -0.0645398796 0.0251697544 0.00865000021 -0.0651441067 0.0256105997 0.00926205516 -0.0651068315 0.0255929567 0.00865000021 -0.0641398579 0.0245377552 0.00865000021 -0.0645398796 0.0251697544 0.00916240085 -0.0645069405 0.0251532961 0.00865000021 -0.064000003 0.023802992 0.00865000021 -0.0641398579 0.0245377552 0.00907677505 -0.0641119406 0.0245210398 0.00865000021 -0.0645398796 0.0251697544 0.00926205516 -0.0651068315 0.0255929567 0.00916240085 -0.0645069405 0.0251532961 0.00916240085 -0.0645069405 0.0251532961 0.00926205516 -0.0651068315 0.0255929567 0.00944960769 -0.0650803223 0.0255804118 0.00916240085 -0.0645069405 0.0251532961 0.00944960769 -0.0650803223 0.0255804118 0.00931928772 -0.0644835159 0.0251415968 0.00931928772 -0.0644835159 0.0251415968 0.00944960769 -0.0650803223 0.0255804118 0.0101860724 -0.0649044365 0.0254972912 0.00931928772 -0.0644835159 0.0251415968 0.0101860724 -0.0649044365 0.0254972912 0.00993406866 -0.064328298 0.0250641275 0.00993406866 -0.064328298 0.0250641275 0.0101860724 -0.0649044365 0.0254972912 0.0108908601 -0.0646184906 0.0253625531 0.00993406866 -0.064328298 0.0250641275 0.0108908601 -0.0646184906 0.0253625531 0.0105192363 -0.0640765727 0.0249387473 0.0105192363 -0.0640765727 0.0249387473 0.0108908601 -0.0646184906 0.0253625531 0.0111374073 -0.0644872785 0.0253008883 0.0105192363 -0.0640765727 0.0249387473 0.0111374073 -0.0644872785 0.0253008883 0.0107228281 -0.0639613196 0.0248814486 0.0107228281 -0.0639613196 0.0248814486 0.0111374073 -0.0644872785 0.0253008883 0.0117787039 -0.0640538335 0.0250979047 0.0107228281 -0.0639613196 0.0248814486 0.0117787039 -0.0640538335 0.0250979047 0.0112484461 -0.0635818318 0.0246932209 0.0112484461 -0.0635818318 0.0246932209 0.0117787039 -0.0640538335 0.0250979047 0.0123469969 -0.0635245666 0.0248515289 0.0112484461 -0.0635818318 0.0246932209 0.0123469969 -0.0635245666 0.0248515289 0.0117072221 -0.0631210804 0.0244655963 0.0117072221 -0.0631210804 0.0244655963 0.0123469969 -0.0635245666 0.0248515289 0.012515109 -0.0633317754 0.0247621834 0.0117072221 -0.0631210804 0.0244655963 0.012515109 -0.0633317754 0.0247621834 0.0118410587 -0.0629540011 0.0243832916 0.0118410587 -0.0629540011 0.0243832916 0.012515109 -0.0633317754 0.0247621834 0.0129722925 -0.0626789182 0.0244611967 0.0118410587 -0.0629540011 0.0243832916 0.0129722925 -0.0626789182 0.0244611967 0.0121981483 -0.0623913631 0.0241070334 0.0121981483 -0.0623913631 0.0241070334 0.0129722925 -0.0626789182 0.0244611967 0.0133194979 -0.0619590767 0.0241320878 0.0121981483 -0.0623913631 0.0241070334 0.0133194979 -0.0619590767 0.0241320878 0.0124573652 -0.0617770366 0.023806911 0.0124573652 -0.0617770366 0.023806911 0.0133194979 -0.0619590767 0.0241320878 0.0133823352 -0.0617868267 0.0240537617 0.0124573652 -0.0617770366 0.023806911 0.0133823352 -0.0617868267 0.0240537617 0.0125020789 -0.0616310425 0.0237358082 0.0125020789 -0.0616310425 0.0237358082 0.0133823352 -0.0617868267 0.0240537617 0.0135823106 -0.0609992296 0.0236976724 0.0125020789 -0.0616310425 0.0237358082 0.0135823106 -0.0609992296 0.0236976724 0.0126322955 -0.0609688163 0.0234142933 0.0126322955 -0.0609688163 0.0234142933 0.0135823106 -0.0609992296 0.0236976724 0.0136500001 -0.0601858683 0.0233334322 0.0126322955 -0.0609688163 0.0234142933 0.0136500001 -0.0601858683 0.0233334322 0.0126499999 -0.0602949411 0.023088688 0.00865000021 -0.0641398579 0.0245377552 0.00916240085 -0.0645069405 0.0251532961 0.00907677505 -0.0641119406 0.0245210398 0.00907677505 -0.0641119406 0.0245210398 0.00916240085 -0.0645069405 0.0251532961 0.00931928772 -0.0644835159 0.0251415968 0.00907677505 -0.0641119406 0.0245210398 0.00931928772 -0.0644835159 0.0251415968 0.00920739863 -0.0640920848 0.0245091561 0.00920739863 -0.0640920848 0.0245091561 0.00931928772 -0.0644835159 0.0251415968 0.00993406866 -0.064328298 0.0250641275 0.00920739863 -0.0640920848 0.0245091561 0.00993406866 -0.064328298 0.0250641275 0.00971879903 -0.0639605895 0.0244304668 0.00971879903 -0.0639605895 0.0244304668 0.00993406866 -0.064328298 0.0250641275 0.0105192363 -0.0640765727 0.0249387473 0.00971879903 -0.0639605895 0.0244304668 0.0105192363 -0.0640765727 0.0249387473 0.0102044158 -0.0637475923 0.0243030936 0.0102044158 -0.0637475923 0.0243030936 0.0105192363 -0.0640765727 0.0249387473 0.0107228281 -0.0639613196 0.0248814486 0.0102044158 -0.0637475923 0.0243030936 0.0107228281 -0.0639613196 0.0248814486 0.0103729684 -0.0636501834 0.0242448766 0.0103729684 -0.0636501834 0.0242448766 0.0107228281 -0.0639613196 0.0248814486 0.0112484461 -0.0635818318 0.0246932209 0.0103729684 -0.0636501834 0.0242448766 0.0112484461 -0.0635818318 0.0246932209 0.0108067049 -0.0633298978 0.0240535941 0.0108067049 -0.0633298978 0.0240535941 0.0112484461 -0.0635818318 0.0246932209 0.0117072221 -0.0631210804 0.0244655963 0.0108067049 -0.0633298978 0.0240535941 0.0117072221 -0.0631210804 0.0244655963 0.0111827767 -0.0629420653 0.0238221921 0.0111827767 -0.0629420653 0.0238221921 0.0117072221 -0.0631210804 0.0244655963 0.0118410587 -0.0629540011 0.0243832916 0.0111827767 -0.0629420653 0.0238221921 0.0118410587 -0.0629540011 0.0243832916 0.0112918131 -0.0628017187 0.0237384979 0.0112918131 -0.0628017187 0.0237384979 0.0118410587 -0.0629540011 0.0243832916 0.0121981483 -0.0623913631 0.0241070334 0.0112918131 -0.0628017187 0.0237384979 0.0121981483 -0.0623913631 0.0241070334 0.0115802689 -0.0623303205 0.0234574843 0.0115802689 -0.0623303205 0.0234574843 0.0121981483 -0.0623913631 0.0241070334 0.0124573652 -0.0617770366 0.023806911 0.0115802689 -0.0623303205 0.0234574843 0.0124573652 -0.0617770366 0.023806911 0.0117853647 -0.0618178844 0.0231520068 0.0117853647 -0.0618178844 0.0231520068 0.0124573652 -0.0617770366 0.023806911 0.0125020789 -0.0616310425 0.0237358082 0.0117853647 -0.0618178844 0.0231520068 0.0125020789 -0.0616310425 0.0237358082 0.011819927 -0.0616964735 0.0230796058 0.011819927 -0.0616964735 0.0230796058 0.0125020789 -0.0616310425 0.0237358082 0.0126322955 -0.0609688163 0.0234142933 0.011819927 -0.0616964735 0.0230796058 0.0126322955 -0.0609688163 0.0234142933 0.0119159268 -0.0611477308 0.022752054 0.0119159268 -0.0611477308 0.022752054 0.0126322955 -0.0609688163 0.0234142933 0.0126499999 -0.0602949411 0.023088688 0.0119159268 -0.0611477308 0.022752054 0.0126499999 -0.0602949411 0.023088688 0.0119179497 -0.0605929345 0.0224200338 0.00865000021 -0.064000003 0.023802992 0.00907677505 -0.0641119406 0.0245210398 0.00901723281 -0.0639774352 0.0237851925 0.00901723281 -0.0639774352 0.0237851925 0.00907677505 -0.0641119406 0.0245210398 0.00920739863 -0.0640920848 0.0245091561 0.00901723281 -0.0639774352 0.0237851925 0.00920739863 -0.0640920848 0.0245091561 0.00912976451 -0.0639613867 0.0237725358 0.00912976451 -0.0639613867 0.0237725358 0.00920739863 -0.0640920848 0.0245091561 0.00971879903 -0.0639605895 0.0244304668 0.00912976451 -0.0639613867 0.0237725358 0.00971879903 -0.0639605895 0.0244304668 0.00957164355 -0.0638549179 0.0236886758 0.00957164355 -0.0638549179 0.0236886758 0.00971879903 -0.0639605895 0.0244304668 0.0102044158 -0.0637475923 0.0243030936 0.00957164355 -0.0638549179 0.0236886758 0.0102044158 -0.0637475923 0.0243030936 0.00999451615 -0.0636818409 0.0235527512 0.00999451615 -0.0636818409 0.0235527512 0.0102044158 -0.0637475923 0.0243030936 0.0103729684 -0.0636501834 0.0242448766 0.00999451615 -0.0636818409 0.0235527512 0.0103729684 -0.0636501834 0.0242448766 0.0101424446 -0.0636024252 0.0234905463 0.0101424446 -0.0636024252 0.0234905463 0.0103729684 -0.0636501834 0.0242448766 0.0108067049 -0.0633298978 0.0240535941 0.0101424446 -0.0636024252 0.0234905463 0.0108067049 -0.0633298978 0.0240535941 0.0105272224 -0.0633400902 0.023285795 0.0105272224 -0.0633400902 0.023285795 0.0108067049 -0.0633298978 0.0240535941 0.0111827767 -0.0629420653 0.0238221921 0.0105272224 -0.0633400902 0.023285795 0.0111827767 -0.0629420653 0.0238221921 0.0108681982 -0.0630198047 0.0230372995 0.0108681982 -0.0630198047 0.0230372995 0.0111827767 -0.0629420653 0.0238221921 0.0112918131 -0.0628017187 0.0237384979 0.0108681982 -0.0630198047 0.0230372995 0.0112918131 -0.0628017187 0.0237384979 0.0109690651 -0.062903136 0.0229471922 0.0109690651 -0.062903136 0.0229471922 0.0112918131 -0.0628017187 0.0237384979 0.0115802689 -0.0623303205 0.0234574843 0.0109690651 -0.062903136 0.0229471922 0.0115802689 -0.0623303205 0.0234574843 0.011243375 -0.0625081137 0.0226436593 0.011243375 -0.0625081137 0.0226436593 0.0115802689 -0.0623303205 0.0234574843 0.0117853647 -0.0618178844 0.0231520068 0.011243375 -0.0625081137 0.0226436593 0.0117853647 -0.0618178844 0.0231520068 0.0114516988 -0.0620726049 0.0223118085 0.0114516988 -0.0620726049 0.0223118085 0.0117853647 -0.0618178844 0.0231520068 0.011819927 -0.0616964735 0.0230796058 0.0114516988 -0.0620726049 0.0223118085 0.011819927 -0.0616964735 0.0230796058 0.0114894006 -0.0619684011 0.0222328324 0.0114894006 -0.0619684011 0.0222328324 0.011819927 -0.0616964735 0.0230796058 0.0119159268 -0.0611477308 0.022752054 0.0114894006 -0.0619684011 0.0222328324 0.0119159268 -0.0611477308 0.022752054 0.0116093867 -0.06149197 0.0218738243 0.0116093867 -0.06149197 0.0218738243 0.0119159268 -0.0611477308 0.022752054 0.0119179497 -0.0605929345 0.0224200338 0.0116093867 -0.06149197 0.0218738243 0.0119179497 -0.0605929345 0.0224200338 0.0116499998 -0.0610000007 0.0215066355 0.0126499999 -0.0602949411 0.023088688 0.0136500001 -0.0601858683 0.0233334322 0.0136500001 -0.0582189523 0.0224669557 0.0119179497 -0.0605929345 0.0224200338 0.0126499999 -0.0602949411 0.023088688 0.0126499999 -0.0583259277 0.0222212877 0.0116499998 -0.0610000007 0.0215066355 0.0119179497 -0.0605929345 0.0224200338 0.0119179497 -0.0586181916 0.0215501096 0.0126499999 -0.0602949411 0.023088688 0.0136500001 -0.0582189523 0.0224669557 0.0126499999 -0.0583259277 0.0222212877 0.0126499999 -0.0583259277 0.0222212877 0.0136500001 -0.0582189523 0.0224669557 0.0136500001 -0.0553491637 0.0212380979 0.0126499999 -0.0583259277 0.0222212877 0.0136500001 -0.0553491637 0.0212380979 0.0126499999 -0.0521116816 0.0196115803 0.0136500001 -0.0553491637 0.0212380979 0.0136500001 -0.0520111546 0.0198599584 0.0126499999 -0.0521116816 0.0196115803 0.0126499999 -0.0521116816 0.0196115803 0.0136500001 -0.0520111546 0.0198599584 0.0136500001 -0.0457238965 0.0174108166 0.0126499999 -0.0521116816 0.0196115803 0.0136500001 -0.0457238965 0.0174108166 0.0126499999 -0.0458178297 0.0171598699 0.0126499999 -0.0458178297 0.0171598699 0.0136500001 -0.0457238965 0.0174108166 0.0136500001 -0.0446443446 0.0170095675 0.0126499999 -0.0458178297 0.0171598699 0.0136500001 -0.0446443446 0.0170095675 0.0126499999 -0.0395640619 0.014915471 0.0126499999 -0.0395640619 0.014915471 0.0136500001 -0.0446443446 0.0170095675 0.0136500001 -0.0394770801 0.015168909 0.0126499999 -0.0395640619 0.014915471 0.0136500001 -0.0394770801 0.015168909 0.0126499999 -0.0334142148 0.0129041802 0.0126499999 -0.0334142148 0.0129041802 0.0136500001 -0.0394770801 0.015168909 0.0136500001 -0.0343524925 0.0134788873 0.0126499999 -0.0334142148 0.0129041802 0.0136500001 -0.0343524925 0.0134788873 0.0136500001 -0.0333347768 0.0131600825 0.0119179497 -0.0605929345 0.0224200338 0.0126499999 -0.0583259277 0.0222212877 0.0119179497 -0.0586181916 0.0215501096 0.0119179497 -0.0586181916 0.0215501096 0.0126499999 -0.0583259277 0.0222212877 0.0126499999 -0.0521116816 0.0196115803 0.0119179497 -0.0586181916 0.0215501096 0.0126499999 -0.0521116816 0.0196115803 0.0119179497 -0.0523863249 0.0189330019 0.0119179497 -0.0523863249 0.0189330019 0.0126499999 -0.0521116816 0.0196115803 0.0126499999 -0.0458178297 0.0171598699 0.0119179497 -0.0523863249 0.0189330019 0.0126499999 -0.0458178297 0.0171598699 0.0119179497 -0.0460744575 0.0164742768 0.0119179497 -0.0460744575 0.0164742768 0.0126499999 -0.0458178297 0.0171598699 0.0126499999 -0.0395640619 0.014915471 0.0119179497 -0.0460744575 0.0164742768 0.0126499999 -0.0395640619 0.014915471 0.0119179497 -0.0398016945 0.0142230624 0.0119179497 -0.0398016945 0.0142230624 0.0126499999 -0.0395640619 0.014915471 0.0126499999 -0.0334142148 0.0129041802 0.0119179497 -0.0398016945 0.0142230624 0.0126499999 -0.0334142148 0.0129041802 0.0119179497 -0.0336312465 0.012205041 0.0116499998 -0.0610000007 0.0215066355 0.0119179497 -0.0586181916 0.0215501096 0.0116499998 -0.059017431 0.0206332617 0.0116499998 -0.059017431 0.0206332617 0.0119179497 -0.0586181916 0.0215501096 0.0119179497 -0.0523863249 0.0189330019 0.0116499998 -0.059017431 0.0206332617 0.0119179497 -0.0523863249 0.0189330019 0.0116499998 -0.0527614951 0.0180060472 0.0116499998 -0.0527614951 0.0180060472 0.0119179497 -0.0523863249 0.0189330019 0.0119179497 -0.0460744575 0.0164742768 0.0116499998 -0.0527614951 0.0180060472 0.0119179497 -0.0460744575 0.0164742768 0.0116499998 -0.0464250185 0.015537736 0.0116499998 -0.0464250185 0.015537736 0.0119179497 -0.0460744575 0.0164742768 0.0119179497 -0.0398016945 0.0142230624 0.0116499998 -0.0464250185 0.015537736 0.0119179497 -0.0398016945 0.0142230624 0.0116499998 -0.0401263051 0.0132772159 0.0116499998 -0.0401263051 0.0132772159 0.0119179497 -0.0398016945 0.0142230624 0.0119179497 -0.0336312465 0.012205041 0.0116499998 -0.0401263051 0.0132772159 0.0119179497 -0.0336312465 0.012205041 0.0116499998 -0.03392772 0.0112500004 0.0126499999 -0.0334142148 0.0129041802 0.0136500001 -0.0333347768 0.0131600825 0.0136422487 -0.0324397683 0.012884493 0.0119179497 -0.0336312465 0.012205041 0.0126499999 -0.0334142148 0.0129041802 0.0126732821 -0.032528013 0.012649552 0.0116499998 -0.03392772 0.0112500004 0.0119179497 -0.0336312465 0.012205041 0.0119470116 -0.03274047 0.01199436 0.0126499999 -0.0334142148 0.0129041802 0.0136422487 -0.0324397683 0.012884493 0.0126732821 -0.032528013 0.012649552 0.0126732821 -0.032528013 0.012649552 0.0136422487 -0.0324397683 0.012884493 0.0135085331 -0.029428402 0.0119910035 0.0126732821 -0.032528013 0.012649552 0.0135085331 -0.029428402 0.0119910035 0.0126454607 -0.0295385923 0.0118179908 0.0126454607 -0.0295385923 0.0118179908 0.0135085331 -0.029428402 0.0119910035 0.0133900754 -0.0279971901 0.0115852291 0.0126454607 -0.0295385923 0.0118179908 0.0133900754 -0.0279971901 0.0115852291 0.0125782955 -0.0281144381 0.0114376955 0.0125782955 -0.0281144381 0.0114376955 0.0133900754 -0.0279971901 0.0115852291 0.0130150672 -0.0248866659 0.0107475156 0.0125782955 -0.0281144381 0.0114376955 0.0130150672 -0.0248866659 0.0107475156 0.0123161729 -0.0249978118 0.0106443074 0.0130150672 -0.0248866659 0.0107475156 0.0130127762 -0.0248710439 0.0107434662 0.0123161729 -0.0249978118 0.0106443074 0.0123161729 -0.0249978118 0.0106443074 0.0130127762 -0.0248710439 0.0107434662 0.0124872653 -0.0218433794 0.00998999458 0.0123161729 -0.0249978118 0.0106443074 0.0124872653 -0.0218433794 0.00998999458 0.011908628 -0.0219729673 0.00992957316 0.011908628 -0.0219729673 0.00992957316 0.0124872653 -0.0218433794 0.00998999458 0.0118330102 -0.0190289617 0.00934840925 0.011908628 -0.0219729673 0.00992957316 0.0118330102 -0.0190289617 0.00934840925 0.0113743078 -0.0191563703 0.00931787957 0.0113743078 -0.0191563703 0.00931787957 0.0118330102 -0.0190289617 0.00934840925 0.0112018837 -0.0169375855 0.00891117938 0.0113743078 -0.0191563703 0.00931787957 0.0112018837 -0.0169375855 0.00891117938 0.0108447867 -0.0170606375 0.0088994531 0.0108447867 -0.0170606375 0.0088994531 0.0112018837 -0.0169375855 0.00891117938 0.0110190697 -0.0164248217 0.00880941004 0.0108447867 -0.0170606375 0.0088994531 0.0110190697 -0.0164248217 0.00880941004 0.010497028 -0.0159634519 0.0086937584 0.0110190697 -0.0164248217 0.00880941004 0.0107926875 -0.0158435758 0.00869672559 0.010497028 -0.0159634519 0.0086937584 0.010497028 -0.0159634519 0.0086937584 0.0107926875 -0.0158435758 0.00869672559 0.0102482783 -0.0146820322 0.00848027039 0.010497028 -0.0159634519 0.0086937584 0.0102482783 -0.0146820322 0.00848027039 0.0100307874 -0.0147978701 0.00848582946 0.0100307874 -0.0147978701 0.00848582946 0.0102482783 -0.0146820322 0.00848027039 0.0098224096 -0.0140038254 0.00835941732 0.0100307874 -0.0147978701 0.00848582946 0.0098224096 -0.0140038254 0.00835941732 0.00966408942 -0.0141169894 0.00836959668 0.00966408942 -0.0141169894 0.00836959668 0.0098224096 -0.0140038254 0.00835941732 0.00961789768 -0.0137506248 0.00831536856 0.00966408942 -0.0141169894 0.00836959668 0.00961789768 -0.0137506248 0.00831536856 0.00948755629 -0.01386273 0.0083272066 0.00948755629 -0.01386273 0.0083272066 0.00961789768 -0.0137506248 0.00831536856 0.00930673908 -0.0134568531 0.00826500263 0.00948755629 -0.01386273 0.0083272066 0.00930673908 -0.0134568531 0.00826500263 0.00921858009 -0.0135676889 0.00827872008 0.00921858009 -0.0135676889 0.00827872008 0.00930673908 -0.0134568531 0.00826500263 0.00918930583 -0.0133749461 0.00825110357 0.00921858009 -0.0135676889 0.00827872008 0.00918930583 -0.0133749461 0.00825110357 0.00911697373 -0.0134854196 0.00826533604 0.00911697373 -0.0134854196 0.00826533604 0.00918930583 -0.0133749461 0.00825110357 0.00895452872 -0.0132591883 0.00823156629 0.00911697373 -0.0134854196 0.00826533604 0.00895452872 -0.0132591883 0.00823156629 0.00891373493 -0.0133691449 0.00824652147 0.00891373493 -0.0133691449 0.00824652147 0.00895452872 -0.0132591883 0.00823156629 0.00886140298 -0.0132310735 0.00822683983 0.00891373493 -0.0133691449 0.00824652147 0.00886140298 -0.0132310735 0.00822683983 0.00883309264 -0.0133409034 0.00824196916 0.00883309264 -0.0133409034 0.00824196916 0.00886140298 -0.0132310735 0.00822683983 0.00865000021 -0.0132049071 0.00822244771 0.00883309264 -0.0133409034 0.00824196916 0.00865000021 -0.0132049071 0.00822244771 0.00865000021 -0.0133146187 0.00823773909 0.0119179497 -0.0336312465 0.012205041 0.0126732821 -0.032528013 0.012649552 0.0119470116 -0.03274047 0.01199436 0.0119470116 -0.03274047 0.01199436 0.0126732821 -0.032528013 0.012649552 0.0126454607 -0.0295385923 0.0118179908 0.0119470116 -0.03274047 0.01199436 0.0126454607 -0.0295385923 0.0118179908 0.0119521916 -0.029735947 0.011300886 0.0119521916 -0.029735947 0.011300886 0.0126454607 -0.0295385923 0.0118179908 0.0125782955 -0.0281144381 0.0114376955 0.0119521916 -0.029735947 0.011300886 0.0125782955 -0.0281144381 0.0114376955 0.0119074611 -0.0283046924 0.0109813139 0.0119074611 -0.0283046924 0.0109813139 0.0125782955 -0.0281144381 0.0114376955 0.0123161729 -0.0249978118 0.0106443074 0.0119074611 -0.0283046924 0.0109813139 0.0123161729 -0.0249978118 0.0106443074 0.0117085883 -0.0251724962 0.0103104133 0.0117085883 -0.0251724962 0.0103104133 0.0123161729 -0.0249978118 0.0106443074 0.011908628 -0.0219729673 0.00992957316 0.0117085883 -0.0251724962 0.0103104133 0.011908628 -0.0219729673 0.00992957316 0.0113813831 -0.0221322253 0.00970172416 0.0113813831 -0.0221322253 0.00970172416 0.011908628 -0.0219729673 0.00992957316 0.0113743078 -0.0191563703 0.00931787957 0.0113813831 -0.0221322253 0.00970172416 0.0113743078 -0.0191563703 0.00931787957 0.0109417019 -0.0193006992 0.00917789619 0.0109417019 -0.0193006992 0.00917789619 0.0113743078 -0.0191563703 0.00931787957 0.0108447867 -0.0170606375 0.0088994531 0.0109417019 -0.0193006992 0.00917789619 0.0108447867 -0.0170606375 0.0088994531 0.0105004376 -0.0171933398 0.00881814118 0.0105004376 -0.0171933398 0.00881814118 0.0108447867 -0.0170606375 0.0088994531 0.010497028 -0.0159634519 0.0086937584 0.0105004376 -0.0171933398 0.00881814118 0.010497028 -0.0159634519 0.0086937584 0.0102088917 -0.0160898454 0.00864087697 0.0102088917 -0.0160898454 0.00864087697 0.010497028 -0.0159634519 0.0086937584 0.0100307874 -0.0147978701 0.00848582946 0.0102088917 -0.0160898454 0.00864087697 0.0100307874 -0.0147978701 0.00848582946 0.00981659908 -0.0149173662 0.00846141577 0.00981659908 -0.0149173662 0.00846141577 0.0100307874 -0.0147978701 0.00848582946 0.00966408942 -0.0141169894 0.00836959668 0.00981659908 -0.0149173662 0.00846141577 0.00966408942 -0.0141169894 0.00836959668 0.00950727146 -0.0142323542 0.00836097635 0.00950727146 -0.0142323542 0.00836097635 0.00966408942 -0.0141169894 0.00836959668 0.00948755629 -0.01386273 0.0083272066 0.00950727146 -0.0142323542 0.00836097635 0.00948755629 -0.01386273 0.0083272066 0.00935818348 -0.0139765302 0.00832432508 0.00935818348 -0.0139765302 0.00832432508 0.00948755629 -0.01386273 0.0083272066 0.00921858009 -0.0135676889 0.00827872008 0.00935818348 -0.0139765302 0.00832432508 0.00921858009 -0.0135676889 0.00827872008 0.00913086627 -0.0136796609 0.00828238949 0.00913086627 -0.0136796609 0.00828238949 0.00921858009 -0.0135676889 0.00827872008 0.00911697373 -0.0134854196 0.00826533604 0.00913086627 -0.0136796609 0.00828238949 0.00911697373 -0.0134854196 0.00826533604 0.00904496014 -0.0135968784 0.00827081036 0.00904496014 -0.0135968784 0.00827081036 0.00911697373 -0.0134854196 0.00826533604 0.00891373493 -0.0133691449 0.00824652147 0.00904496014 -0.0135968784 0.00827081036 0.00891373493 -0.0133691449 0.00824652147 0.00887308363 -0.0134798773 0.00825453177 0.00887308363 -0.0134798773 0.00825453177 0.00891373493 -0.0133691449 0.00824652147 0.00883309264 -0.0133409034 0.00824196916 0.00887308363 -0.0134798773 0.00825453177 0.00883309264 -0.0133409034 0.00824196916 0.00880487449 -0.013451458 0.00825059321 0.00880487449 -0.013451458 0.00825059321 0.00883309264 -0.0133409034 0.00824196916 0.00865000021 -0.0133146187 0.00823773909 0.00880487449 -0.013451458 0.00825059321 0.00865000021 -0.0133146187 0.00823773909 0.00865000021 -0.0134250093 0.00824693218 0.0116499998 -0.03392772 0.0112500004 0.0119470116 -0.03274047 0.01199436 0.0116453497 -0.0330239236 0.0110830227 0.0116453497 -0.0330239236 0.0110830227 0.0119470116 -0.03274047 0.01199436 0.0119521916 -0.029735947 0.011300886 0.0116453497 -0.0330239236 0.0110830227 0.0119521916 -0.029735947 0.011300886 0.01156512 -0.0299816392 0.0105414269 0.01156512 -0.0299816392 0.0105414269 0.0119521916 -0.029735947 0.011300886 0.0119074611 -0.0283046924 0.0109813139 0.01156512 -0.0299816392 0.0105414269 0.0119074611 -0.0283046924 0.0109813139 0.0114940451 -0.028534919 0.010295324 0.0114940451 -0.028534919 0.010295324 0.0119074611 -0.0283046924 0.0109813139 0.0117085883 -0.0251724962 0.0103104133 0.0114940451 -0.028534919 0.010295324 0.0117085883 -0.0251724962 0.0103104133 0.0112676658 -0.0253727734 0.00978445355 0.0112676658 -0.0253727734 0.00978445355 0.0117085883 -0.0251724962 0.0103104133 0.0113813831 -0.0221322253 0.00970172416 0.0112676658 -0.0253727734 0.00978445355 0.0113813831 -0.0221322253 0.00970172416 0.0109523591 -0.0223070048 0.00932668429 0.0109523591 -0.0223070048 0.00932668429 0.0113813831 -0.0221322253 0.00970172416 0.0109417019 -0.0193006992 0.00917789619 0.0109523591 -0.0223070048 0.00932668429 0.0109417019 -0.0193006992 0.00917789619 0.0105598066 -0.0194537342 0.00893642288 0.0105598066 -0.0194537342 0.00893642288 0.0109417019 -0.0193006992 0.00917789619 0.0105004376 -0.0171933398 0.00881814118 0.0105598066 -0.0194537342 0.00893642288 0.0105004376 -0.0171933398 0.00881814118 0.0101811299 -0.0173309539 0.00867014751 0.0101811299 -0.0173309539 0.00867014751 0.0105004376 -0.0171933398 0.00881814118 0.0102088917 -0.0160898454 0.00864087697 0.0101811299 -0.0173309539 0.00867014751 0.0102088917 -0.0160898454 0.00864087697 0.00993561279 -0.0162195396 0.008539428 0.00993561279 -0.0162195396 0.008539428 0.0102088917 -0.0160898454 0.00864087697 0.00981659908 -0.0149173662 0.00846141577 0.00993561279 -0.0162195396 0.008539428 0.00981659908 -0.0149173662 0.00846141577 0.00960896723 -0.0150387054 0.00840739906 0.00960896723 -0.0150387054 0.00840739906 0.00981659908 -0.0149173662 0.00846141577 0.00950727146 -0.0142323542 0.00836097635 0.00960896723 -0.0150387054 0.00840739906 0.00950727146 -0.0142323542 0.00836097635 0.00935344584 -0.0143488245 0.00833363831 0.00935344584 -0.0143488245 0.00833363831 0.00950727146 -0.0142323542 0.00836097635 0.00935818348 -0.0139765302 0.00832432508 0.00935344584 -0.0143488245 0.00833363831 0.00935818348 -0.0139765302 0.00832432508 0.00923073851 -0.0140911825 0.00830674637 0.00923073851 -0.0140911825 0.00830674637 0.00935818348 -0.0139765302 0.00832432508 0.00913086627 -0.0136796609 0.00828238949 0.00923073851 -0.0140911825 0.00830674637 0.00913086627 -0.0136796609 0.00828238949 0.00904404372 -0.0137922019 0.00827599131 0.00904404372 -0.0137922019 0.00827599131 0.00913086627 -0.0136796609 0.00828238949 0.00904496014 -0.0135968784 0.00827081036 0.00904404372 -0.0137922019 0.00827599131 0.00904496014 -0.0135968784 0.00827081036 0.00897358358 -0.0137088317 0.0082675023 0.00897358358 -0.0137088317 0.0082675023 0.00904496014 -0.0135968784 0.00827081036 0.00887308363 -0.0134798773 0.00825453177 0.00897358358 -0.0137088317 0.0082675023 0.00887308363 -0.0134798773 0.00825453177 0.00883271731 -0.0135909971 0.00825556926 0.00883271731 -0.0135909971 0.00825556926 0.00887308363 -0.0134798773 0.00825453177 0.00880487449 -0.013451458 0.00825059321 0.00883271731 -0.0135909971 0.00825556926 0.00880487449 -0.013451458 0.00825059321 0.00877684169 -0.0135623766 0.0082526831 0.00877684169 -0.0135623766 0.0082526831 0.00880487449 -0.013451458 0.00825059321 0.00865000021 -0.0134250093 0.00824693218 0.00877684169 -0.0135623766 0.0082526831 0.00865000021 -0.0134250093 0.00824693218 0.00865000021 -0.0135357389 0.00824999996 0.0179999992 -0.0663859546 0.0262033362 -0.0179999992 -0.0663859546 0.0262033362 0.0179999992 -0.0670196339 0.0264248941 0.0179999992 -0.0670196339 0.0264248941 -0.0179999992 -0.0663859546 0.0262033362 -0.0179999992 -0.0670196339 0.0264248941 0.0179999992 -0.0670196339 0.0264248941 -0.0179999992 -0.0670196339 0.0264248941 0.0179999992 -0.0676867142 0.0264999997 0.0179999992 -0.0676867142 0.0264999997 -0.0179999992 -0.0670196339 0.0264248941 -0.0179999992 -0.0676867142 0.0264999997 -0.0179999992 -0.0684999973 0.0260000005 -0.0179999992 -0.0680000037 0.0264999997 -0.0205881912 -0.0680000037 0.0261592586 -0.0179999992 -0.0684999973 0.0260000005 -0.0205881912 -0.0680000037 0.0261592586 -0.0204587802 -0.0684999973 0.0256762952 -0.0204587802 -0.0684999973 0.0256762952 -0.0205881912 -0.0680000037 0.0261592586 -0.023 -0.0680000037 0.0251602549 -0.0204587802 -0.0684999973 0.0256762952 -0.023 -0.0680000037 0.0251602549 -0.0227499995 -0.0684999973 0.0247272421 -0.0227499995 -0.0684999973 0.0247272421 -0.023 -0.0680000037 0.0251602549 -0.0250710677 -0.0680000037 0.0235710684 -0.0227499995 -0.0684999973 0.0247272421 -0.0250710677 -0.0680000037 0.0235710684 -0.0247175153 -0.0684999973 0.0232175142 -0.0247175153 -0.0684999973 0.0232175142 -0.0250710677 -0.0680000037 0.0235710684 -0.0266602542 -0.0680000037 0.0215000007 -0.0247175153 -0.0684999973 0.0232175142 -0.0266602542 -0.0680000037 0.0215000007 -0.0262272414 -0.0684999973 0.0212500002 -0.0262272414 -0.0684999973 0.0212500002 -0.0266602542 -0.0680000037 0.0215000007 -0.0276592579 -0.0680000037 0.01908819 -0.0262272414 -0.0684999973 0.0212500002 -0.0276592579 -0.0680000037 0.01908819 -0.0271762945 -0.0684999973 0.0189587809 -0.0271762945 -0.0684999973 0.0189587809 -0.0276592579 -0.0680000037 0.01908819 -0.0280000009 -0.0680000037 0.0164999999 -0.0271762945 -0.0684999973 0.0189587809 -0.0280000009 -0.0680000037 0.0164999999 -0.0274999999 -0.0684999973 0.0164999999 0.00600000005 -0.064000003 0.0124500003 0.00600000005 -0.0700000003 0.0124500003 0.00540000014 -0.064000003 0.0122892307 0.00540000014 -0.064000003 0.0122892307 0.00600000005 -0.0700000003 0.0124500003 0.00540000014 -0.0700000003 0.0122892307 0.00540000014 -0.064000003 0.0122892307 0.00540000014 -0.0700000003 0.0122892307 0.00496076932 -0.064000003 0.0118500004 0.00496076932 -0.064000003 0.0118500004 0.00540000014 -0.0700000003 0.0122892307 0.00496076932 -0.0700000003 0.0118500004 0.00496076932 -0.064000003 0.0118500004 0.00496076932 -0.0700000003 0.0118500004 0.00480000023 -0.064000003 0.0112500004 0.00480000023 -0.064000003 0.0112500004 0.00496076932 -0.0700000003 0.0118500004 0.00480000023 -0.0700000003 0.0112500004 0.00480000023 -0.064000003 0.0112500004 0.00480000023 -0.0700000003 0.0112500004 0.00496076932 -0.064000003 0.0106499996 0.00496076932 -0.064000003 0.0106499996 0.00480000023 -0.0700000003 0.0112500004 0.00496076932 -0.0700000003 0.0106499996 0.00496076932 -0.064000003 0.0106499996 0.00496076932 -0.0700000003 0.0106499996 0.00540000014 -0.064000003 0.0102107693 0.00540000014 -0.064000003 0.0102107693 0.00496076932 -0.0700000003 0.0106499996 0.00540000014 -0.0700000003 0.0102107693 0.00540000014 -0.064000003 0.0102107693 0.00540000014 -0.0700000003 0.0102107693 0.00600000005 -0.064000003 0.0100499997 0.00600000005 -0.064000003 0.0100499997 0.00540000014 -0.0700000003 0.0102107693 0.00600000005 -0.0700000003 0.0100499997 0.00600000005 -0.064000003 0.0100499997 0.00600000005 -0.0700000003 0.0100499997 0.00659999996 -0.064000003 0.0102107693 0.00659999996 -0.064000003 0.0102107693 0.00600000005 -0.0700000003 0.0100499997 0.00659999996 -0.0700000003 0.0102107693 0.00659999996 -0.064000003 0.0102107693 0.00659999996 -0.0700000003 0.0102107693 0.00703923032 -0.064000003 0.0106499996 0.00703923032 -0.064000003 0.0106499996 0.00659999996 -0.0700000003 0.0102107693 0.00703923032 -0.0700000003 0.0106499996 0.00703923032 -0.064000003 0.0106499996 0.00703923032 -0.0700000003 0.0106499996 0.00719999988 -0.064000003 0.0112500004 0.00719999988 -0.064000003 0.0112500004 0.00703923032 -0.0700000003 0.0106499996 0.00719999988 -0.0700000003 0.0112500004 0.00719999988 -0.064000003 0.0112500004 0.00719999988 -0.0700000003 0.0112500004 0.00703923032 -0.064000003 0.0118500004 0.00703923032 -0.064000003 0.0118500004 0.00719999988 -0.0700000003 0.0112500004 0.00703923032 -0.0700000003 0.0118500004 0.00703923032 -0.064000003 0.0118500004 0.00703923032 -0.0700000003 0.0118500004 0.00659999996 -0.064000003 0.0122892307 0.00659999996 -0.064000003 0.0122892307 0.00703923032 -0.0700000003 0.0118500004 0.00659999996 -0.0700000003 0.0122892307 0.00659999996 -0.064000003 0.0122892307 0.00659999996 -0.0700000003 0.0122892307 0.00600000005 -0.064000003 0.0124500003 0.00600000005 -0.064000003 0.0124500003 0.00659999996 -0.0700000003 0.0122892307 0.00600000005 -0.0700000003 0.0124500003 0.00600000005 -0.064000003 0.0204499997 0.00600000005 -0.0700000003 0.0204499997 0.00540000014 -0.064000003 0.0202892311 0.00540000014 -0.064000003 0.0202892311 0.00600000005 -0.0700000003 0.0204499997 0.00540000014 -0.0700000003 0.0202892311 0.00540000014 -0.064000003 0.0202892311 0.00540000014 -0.0700000003 0.0202892311 0.00496076932 -0.064000003 0.0198500007 0.00496076932 -0.064000003 0.0198500007 0.00540000014 -0.0700000003 0.0202892311 0.00496076932 -0.0700000003 0.0198500007 0.00496076932 -0.064000003 0.0198500007 0.00496076932 -0.0700000003 0.0198500007 0.00480000023 -0.064000003 0.0192499999 0.00480000023 -0.064000003 0.0192499999 0.00496076932 -0.0700000003 0.0198500007 0.00480000023 -0.0700000003 0.0192499999 0.00480000023 -0.064000003 0.0192499999 0.00480000023 -0.0700000003 0.0192499999 0.00496076932 -0.064000003 0.0186500009 0.00496076932 -0.064000003 0.0186500009 0.00480000023 -0.0700000003 0.0192499999 0.00496076932 -0.0700000003 0.0186500009 0.00496076932 -0.064000003 0.0186500009 0.00496076932 -0.0700000003 0.0186500009 0.00540000014 -0.064000003 0.0182107687 0.00540000014 -0.064000003 0.0182107687 0.00496076932 -0.0700000003 0.0186500009 0.00540000014 -0.0700000003 0.0182107687 0.00540000014 -0.064000003 0.0182107687 0.00540000014 -0.0700000003 0.0182107687 0.00600000005 -0.064000003 0.0180500001 0.00600000005 -0.064000003 0.0180500001 0.00540000014 -0.0700000003 0.0182107687 0.00600000005 -0.0700000003 0.0180500001 0.00600000005 -0.064000003 0.0180500001 0.00600000005 -0.0700000003 0.0180500001 0.00659999996 -0.064000003 0.0182107687 0.00659999996 -0.064000003 0.0182107687 0.00600000005 -0.0700000003 0.0180500001 0.00659999996 -0.0700000003 0.0182107687 0.00659999996 -0.064000003 0.0182107687 0.00659999996 -0.0700000003 0.0182107687 0.00703923032 -0.064000003 0.0186500009 0.00703923032 -0.064000003 0.0186500009 0.00659999996 -0.0700000003 0.0182107687 0.00703923032 -0.0700000003 0.0186500009 0.00703923032 -0.064000003 0.0186500009 0.00703923032 -0.0700000003 0.0186500009 0.00719999988 -0.064000003 0.0192499999 0.00719999988 -0.064000003 0.0192499999 0.00703923032 -0.0700000003 0.0186500009 0.00719999988 -0.0700000003 0.0192499999 0.00719999988 -0.064000003 0.0192499999 0.00719999988 -0.0700000003 0.0192499999 0.00703923032 -0.064000003 0.0198500007 0.00703923032 -0.064000003 0.0198500007 0.00719999988 -0.0700000003 0.0192499999 0.00703923032 -0.0700000003 0.0198500007 0.00703923032 -0.064000003 0.0198500007 0.00703923032 -0.0700000003 0.0198500007 0.00659999996 -0.064000003 0.0202892311 0.00659999996 -0.064000003 0.0202892311 0.00703923032 -0.0700000003 0.0198500007 0.00659999996 -0.0700000003 0.0202892311 0.00659999996 -0.064000003 0.0202892311 0.00659999996 -0.0700000003 0.0202892311 0.00600000005 -0.064000003 0.0204499997 0.00600000005 -0.064000003 0.0204499997 0.00659999996 -0.0700000003 0.0202892311 0.00600000005 -0.0700000003 0.0204499997 -0.00600000005 -0.064000003 0.0124500003 -0.00600000005 -0.0700000003 0.0124500003 -0.00659999996 -0.064000003 0.0122892307 -0.00659999996 -0.064000003 0.0122892307 -0.00600000005 -0.0700000003 0.0124500003 -0.00659999996 -0.0700000003 0.0122892307 -0.00659999996 -0.064000003 0.0122892307 -0.00659999996 -0.0700000003 0.0122892307 -0.00703923032 -0.064000003 0.0118500004 -0.00703923032 -0.064000003 0.0118500004 -0.00659999996 -0.0700000003 0.0122892307 -0.00703923032 -0.0700000003 0.0118500004 -0.00703923032 -0.064000003 0.0118500004 -0.00703923032 -0.0700000003 0.0118500004 -0.00719999988 -0.064000003 0.0112500004 -0.00719999988 -0.064000003 0.0112500004 -0.00703923032 -0.0700000003 0.0118500004 -0.00719999988 -0.0700000003 0.0112500004 -0.00719999988 -0.064000003 0.0112500004 -0.00719999988 -0.0700000003 0.0112500004 -0.00703923032 -0.064000003 0.0106499996 -0.00703923032 -0.064000003 0.0106499996 -0.00719999988 -0.0700000003 0.0112500004 -0.00703923032 -0.0700000003 0.0106499996 -0.00703923032 -0.064000003 0.0106499996 -0.00703923032 -0.0700000003 0.0106499996 -0.00659999996 -0.064000003 0.0102107693 -0.00659999996 -0.064000003 0.0102107693 -0.00703923032 -0.0700000003 0.0106499996 -0.00659999996 -0.0700000003 0.0102107693 -0.00659999996 -0.064000003 0.0102107693 -0.00659999996 -0.0700000003 0.0102107693 -0.00600000005 -0.064000003 0.0100499997 -0.00600000005 -0.064000003 0.0100499997 -0.00659999996 -0.0700000003 0.0102107693 -0.00600000005 -0.0700000003 0.0100499997 -0.00600000005 -0.064000003 0.0100499997 -0.00600000005 -0.0700000003 0.0100499997 -0.00540000014 -0.064000003 0.0102107693 -0.00540000014 -0.064000003 0.0102107693 -0.00600000005 -0.0700000003 0.0100499997 -0.00540000014 -0.0700000003 0.0102107693 -0.00540000014 -0.064000003 0.0102107693 -0.00540000014 -0.0700000003 0.0102107693 -0.00496076932 -0.064000003 0.0106499996 -0.00496076932 -0.064000003 0.0106499996 -0.00540000014 -0.0700000003 0.0102107693 -0.00496076932 -0.0700000003 0.0106499996 -0.00496076932 -0.064000003 0.0106499996 -0.00496076932 -0.0700000003 0.0106499996 -0.00480000023 -0.064000003 0.0112500004 -0.00480000023 -0.064000003 0.0112500004 -0.00496076932 -0.0700000003 0.0106499996 -0.00480000023 -0.0700000003 0.0112500004 -0.00480000023 -0.064000003 0.0112500004 -0.00480000023 -0.0700000003 0.0112500004 -0.00496076932 -0.064000003 0.0118500004 -0.00496076932 -0.064000003 0.0118500004 -0.00480000023 -0.0700000003 0.0112500004 -0.00496076932 -0.0700000003 0.0118500004 -0.00496076932 -0.064000003 0.0118500004 -0.00496076932 -0.0700000003 0.0118500004 -0.00540000014 -0.064000003 0.0122892307 -0.00540000014 -0.064000003 0.0122892307 -0.00496076932 -0.0700000003 0.0118500004 -0.00540000014 -0.0700000003 0.0122892307 -0.00540000014 -0.064000003 0.0122892307 -0.00540000014 -0.0700000003 0.0122892307 -0.00600000005 -0.064000003 0.0124500003 -0.00600000005 -0.064000003 0.0124500003 -0.00540000014 -0.0700000003 0.0122892307 -0.00600000005 -0.0700000003 0.0124500003 -0.00600000005 -0.064000003 0.0204499997 -0.00600000005 -0.0700000003 0.0204499997 -0.00659999996 -0.064000003 0.0202892311 -0.00659999996 -0.064000003 0.0202892311 -0.00600000005 -0.0700000003 0.0204499997 -0.00659999996 -0.0700000003 0.0202892311 -0.00659999996 -0.064000003 0.0202892311 -0.00659999996 -0.0700000003 0.0202892311 -0.00703923032 -0.064000003 0.0198500007 -0.00703923032 -0.064000003 0.0198500007 -0.00659999996 -0.0700000003 0.0202892311 -0.00703923032 -0.0700000003 0.0198500007 -0.00703923032 -0.064000003 0.0198500007 -0.00703923032 -0.0700000003 0.0198500007 -0.00719999988 -0.064000003 0.0192499999 -0.00719999988 -0.064000003 0.0192499999 -0.00703923032 -0.0700000003 0.0198500007 -0.00719999988 -0.0700000003 0.0192499999 -0.00719999988 -0.064000003 0.0192499999 -0.00719999988 -0.0700000003 0.0192499999 -0.00703923032 -0.064000003 0.0186500009 -0.00703923032 -0.064000003 0.0186500009 -0.00719999988 -0.0700000003 0.0192499999 -0.00703923032 -0.0700000003 0.0186500009 -0.00703923032 -0.064000003 0.0186500009 -0.00703923032 -0.0700000003 0.0186500009 -0.00659999996 -0.064000003 0.0182107687 -0.00659999996 -0.064000003 0.0182107687 -0.00703923032 -0.0700000003 0.0186500009 -0.00659999996 -0.0700000003 0.0182107687 -0.00659999996 -0.064000003 0.0182107687 -0.00659999996 -0.0700000003 0.0182107687 -0.00600000005 -0.064000003 0.0180500001 -0.00600000005 -0.064000003 0.0180500001 -0.00659999996 -0.0700000003 0.0182107687 -0.00600000005 -0.0700000003 0.0180500001 -0.00600000005 -0.064000003 0.0180500001 -0.00600000005 -0.0700000003 0.0180500001 -0.00540000014 -0.064000003 0.0182107687 -0.00540000014 -0.064000003 0.0182107687 -0.00600000005 -0.0700000003 0.0180500001 -0.00540000014 -0.0700000003 0.0182107687 -0.00540000014 -0.064000003 0.0182107687 -0.00540000014 -0.0700000003 0.0182107687 -0.00496076932 -0.064000003 0.0186500009 -0.00496076932 -0.064000003 0.0186500009 -0.00540000014 -0.0700000003 0.0182107687 -0.00496076932 -0.0700000003 0.0186500009 -0.00496076932 -0.064000003 0.0186500009 -0.00496076932 -0.0700000003 0.0186500009 -0.00480000023 -0.064000003 0.0192499999 -0.00480000023 -0.064000003 0.0192499999 -0.00496076932 -0.0700000003 0.0186500009 -0.00480000023 -0.0700000003 0.0192499999 -0.00480000023 -0.064000003 0.0192499999 -0.00480000023 -0.0700000003 0.0192499999 -0.00496076932 -0.064000003 0.0198500007 -0.00496076932 -0.064000003 0.0198500007 -0.00480000023 -0.0700000003 0.0192499999 -0.00496076932 -0.0700000003 0.0198500007 -0.00496076932 -0.064000003 0.0198500007 -0.00496076932 -0.0700000003 0.0198500007 -0.00540000014 -0.064000003 0.0202892311 -0.00540000014 -0.064000003 0.0202892311 -0.00496076932 -0.0700000003 0.0198500007 -0.00540000014 -0.0700000003 0.0202892311 -0.00540000014 -0.064000003 0.0202892311 -0.00540000014 -0.0700000003 0.0202892311 -0.00600000005 -0.064000003 0.0204499997 -0.00600000005 -0.064000003 0.0204499997 -0.00540000014 -0.0700000003 0.0202892311 -0.00600000005 -0.0700000003 0.0204499997 0.0140249999 -0.0705000013 0.0163325313 0.0137750003 -0.0710000023 0.0167655442 0.0135674682 -0.0705000013 0.0158750005 0.0135674682 -0.0705000013 0.0158750005 0.0137750003 -0.0710000023 0.0167655442 0.0131344553 -0.0710000023 0.0161249992 0.0135674682 -0.0705000013 0.0158750005 0.0131344553 -0.0710000023 0.0161249992 0.0133999996 -0.0705000013 0.0152500002 0.0133999996 -0.0705000013 0.0152500002 0.0131344553 -0.0710000023 0.0161249992 0.0129000004 -0.0710000023 0.0152500002 0.0133999996 -0.0705000013 0.0152500002 0.0129000004 -0.0710000023 0.0152500002 0.0135674682 -0.0705000013 0.0146249998 0.0135674682 -0.0705000013 0.0146249998 0.0129000004 -0.0710000023 0.0152500002 0.0131344553 -0.0710000023 0.0143750003 0.0135674682 -0.0705000013 0.0146249998 0.0131344553 -0.0710000023 0.0143750003 0.0140249999 -0.0705000013 0.0141674681 0.0140249999 -0.0705000013 0.0141674681 0.0131344553 -0.0710000023 0.0143750003 0.0137750003 -0.0710000023 0.0137344552 0.0140249999 -0.0705000013 0.0141674681 0.0137750003 -0.0710000023 0.0137344552 0.0146500003 -0.0705000013 0.0140000004 0.0146500003 -0.0705000013 0.0140000004 0.0137750003 -0.0710000023 0.0137344552 0.0146500003 -0.0710000023 0.0135000004 0.0146500003 -0.0705000013 0.0140000004 0.0146500003 -0.0710000023 0.0135000004 0.0152749997 -0.0705000013 0.0141674681 0.0152749997 -0.0705000013 0.0141674681 0.0146500003 -0.0710000023 0.0135000004 0.0155250002 -0.0710000023 0.0137344552 0.0152749997 -0.0705000013 0.0141674681 0.0155250002 -0.0710000023 0.0137344552 0.0157325324 -0.0705000013 0.0146249998 0.0157325324 -0.0705000013 0.0146249998 0.0155250002 -0.0710000023 0.0137344552 0.0161655452 -0.0710000023 0.0143750003 0.0157325324 -0.0705000013 0.0146249998 0.0161655452 -0.0710000023 0.0143750003 0.0159000009 -0.0705000013 0.0152500002 0.0159000009 -0.0705000013 0.0152500002 0.0161655452 -0.0710000023 0.0143750003 0.0164000001 -0.0710000023 0.0152500002 0.0159000009 -0.0705000013 0.0152500002 0.0164000001 -0.0710000023 0.0152500002 0.0157325324 -0.0705000013 0.0158750005 0.0157325324 -0.0705000013 0.0158750005 0.0164000001 -0.0710000023 0.0152500002 0.0161655452 -0.0710000023 0.0161249992 0.0157325324 -0.0705000013 0.0158750005 0.0161655452 -0.0710000023 0.0161249992 0.0152749997 -0.0705000013 0.0163325313 0.0152749997 -0.0705000013 0.0163325313 0.0161655452 -0.0710000023 0.0161249992 0.0155250002 -0.0710000023 0.0167655442 0.0152749997 -0.0705000013 0.0163325313 0.0155250002 -0.0710000023 0.0167655442 0.0146500003 -0.0705000013 0.0164999999 0.0146500003 -0.0705000013 0.0164999999 0.0155250002 -0.0710000023 0.0167655442 0.0146500003 -0.0710000023 0.0170000009 0.0146500003 -0.0705000013 0.0164999999 0.0146500003 -0.0710000023 0.0170000009 0.0140249999 -0.0705000013 0.0163325313 0.0140249999 -0.0705000013 0.0163325313 0.0146500003 -0.0710000023 0.0170000009 0.0137750003 -0.0710000023 0.0167655442 0.00703923032 -0.0700000003 0.0106499996 0.00865000021 -0.0700000003 0.00400000019 0.00719999988 -0.0700000003 0.0112500004 0.00719999988 -0.0700000003 0.0112500004 0.00865000021 -0.0700000003 0.00400000019 0.00865000021 -0.0700000003 0.0264999997 0.00719999988 -0.0700000003 0.0112500004 0.00865000021 -0.0700000003 0.0264999997 0.00703923032 -0.0700000003 0.0118500004 0.00540000014 -0.0700000003 0.0122892307 0.00600000005 -0.0700000003 0.0124500003 0.00600000005 -0.0700000003 0.0180500001 -0.00703923032 -0.0700000003 0.0198500007 -0.00865000021 -0.0700000003 0.0264999997 -0.00719999988 -0.0700000003 0.0192499999 -0.00719999988 -0.0700000003 0.0192499999 -0.00865000021 -0.0700000003 0.0264999997 -0.00865000021 -0.0700000003 0.00400000019 0.00659999996 -0.0700000003 0.0202892311 0.00703923032 -0.0700000003 0.0198500007 0.00865000021 -0.0700000003 0.0264999997 0.00865000021 -0.0700000003 0.0264999997 0.00703923032 -0.0700000003 0.0198500007 0.00719999988 -0.0700000003 0.0192499999 0.00865000021 -0.0700000003 0.0264999997 0.00719999988 -0.0700000003 0.0192499999 0.00703923032 -0.0700000003 0.0118500004 0.00703923032 -0.0700000003 0.0118500004 0.00719999988 -0.0700000003 0.0192499999 0.00703923032 -0.0700000003 0.0186500009 0.00703923032 -0.0700000003 0.0118500004 0.00703923032 -0.0700000003 0.0186500009 0.00659999996 -0.0700000003 0.0182107687 0.00600000005 -0.0700000003 0.0180500001 0.00600000005 -0.0700000003 0.0124500003 0.00659999996 -0.0700000003 0.0182107687 0.00659999996 -0.0700000003 0.0182107687 0.00600000005 -0.0700000003 0.0124500003 0.00659999996 -0.0700000003 0.0122892307 0.00659999996 -0.0700000003 0.0182107687 0.00659999996 -0.0700000003 0.0122892307 0.00703923032 -0.0700000003 0.0118500004 0.00703923032 -0.0700000003 0.0106499996 0.00659999996 -0.0700000003 0.0102107693 0.00865000021 -0.0700000003 0.00400000019 0.00865000021 -0.0700000003 0.00400000019 0.00659999996 -0.0700000003 0.0102107693 0.00600000005 -0.0700000003 0.0100499997 0.00865000021 -0.0700000003 0.00400000019 0.00600000005 -0.0700000003 0.0100499997 0.00540000014 -0.0700000003 0.0102107693 -0.00600000005 -0.0700000003 0.0100499997 -0.00659999996 -0.0700000003 0.0102107693 -0.00865000021 -0.0700000003 0.00400000019 -0.00865000021 -0.0700000003 0.00400000019 -0.00659999996 -0.0700000003 0.0102107693 -0.00703923032 -0.0700000003 0.0106499996 -0.00865000021 -0.0700000003 0.00400000019 -0.00703923032 -0.0700000003 0.0106499996 -0.00719999988 -0.0700000003 0.0112500004 0.00540000014 -0.0700000003 0.0182107687 0.00480000023 -0.0700000003 0.0112500004 0.00600000005 -0.0700000003 0.0180500001 0.00600000005 -0.0700000003 0.0180500001 0.00480000023 -0.0700000003 0.0112500004 0.00496076932 -0.0700000003 0.0118500004 0.00600000005 -0.0700000003 0.0180500001 0.00496076932 -0.0700000003 0.0118500004 0.00540000014 -0.0700000003 0.0122892307 -0.00496076932 -0.0700000003 0.0186500009 -0.00540000014 -0.0700000003 0.0182107687 0.00540000014 -0.0700000003 0.0102107693 -0.00600000005 -0.0700000003 0.0100499997 -0.00865000021 -0.0700000003 0.00400000019 -0.00540000014 -0.0700000003 0.0102107693 -0.00540000014 -0.0700000003 0.0102107693 -0.00865000021 -0.0700000003 0.00400000019 0.00865000021 -0.0700000003 0.00400000019 -0.00540000014 -0.0700000003 0.0102107693 0.00865000021 -0.0700000003 0.00400000019 -0.00496076932 -0.0700000003 0.0106499996 -0.00496076932 -0.0700000003 0.0106499996 0.00865000021 -0.0700000003 0.00400000019 0.00540000014 -0.0700000003 0.0102107693 -0.00496076932 -0.0700000003 0.0106499996 0.00540000014 -0.0700000003 0.0102107693 -0.00480000023 -0.0700000003 0.0112500004 -0.00703923032 -0.0700000003 0.0118500004 -0.00600000005 -0.0700000003 0.0180500001 -0.00719999988 -0.0700000003 0.0112500004 -0.00719999988 -0.0700000003 0.0112500004 -0.00600000005 -0.0700000003 0.0180500001 -0.00659999996 -0.0700000003 0.0182107687 -0.00719999988 -0.0700000003 0.0112500004 -0.00659999996 -0.0700000003 0.0182107687 -0.00865000021 -0.0700000003 0.00400000019 -0.00865000021 -0.0700000003 0.00400000019 -0.00659999996 -0.0700000003 0.0182107687 -0.00703923032 -0.0700000003 0.0186500009 -0.00865000021 -0.0700000003 0.00400000019 -0.00703923032 -0.0700000003 0.0186500009 -0.00719999988 -0.0700000003 0.0192499999 0.00540000014 -0.0700000003 0.0182107687 0.00496076932 -0.0700000003 0.0186500009 0.00480000023 -0.0700000003 0.0112500004 0.00480000023 -0.0700000003 0.0112500004 0.00496076932 -0.0700000003 0.0186500009 -0.00540000014 -0.0700000003 0.0202892311 0.00480000023 -0.0700000003 0.0112500004 -0.00540000014 -0.0700000003 0.0202892311 0.00496076932 -0.0700000003 0.0106499996 0.00496076932 -0.0700000003 0.0106499996 -0.00540000014 -0.0700000003 0.0202892311 -0.00496076932 -0.0700000003 0.0198500007 0.00496076932 -0.0700000003 0.0106499996 -0.00496076932 -0.0700000003 0.0198500007 0.00540000014 -0.0700000003 0.0102107693 0.00540000014 -0.0700000003 0.0102107693 -0.00496076932 -0.0700000003 0.0198500007 -0.00480000023 -0.0700000003 0.0192499999 0.00540000014 -0.0700000003 0.0102107693 -0.00480000023 -0.0700000003 0.0192499999 -0.00496076932 -0.0700000003 0.0186500009 -0.00703923032 -0.0700000003 0.0198500007 -0.00659999996 -0.0700000003 0.0202892311 -0.00865000021 -0.0700000003 0.0264999997 -0.00865000021 -0.0700000003 0.0264999997 -0.00659999996 -0.0700000003 0.0202892311 -0.00600000005 -0.0700000003 0.0204499997 -0.00865000021 -0.0700000003 0.0264999997 -0.00600000005 -0.0700000003 0.0204499997 -0.00540000014 -0.0700000003 0.0202892311 -0.00703923032 -0.0700000003 0.0118500004 -0.00659999996 -0.0700000003 0.0122892307 -0.00600000005 -0.0700000003 0.0180500001 -0.00600000005 -0.0700000003 0.0180500001 -0.00659999996 -0.0700000003 0.0122892307 -0.00600000005 -0.0700000003 0.0124500003 -0.00600000005 -0.0700000003 0.0180500001 -0.00600000005 -0.0700000003 0.0124500003 -0.00540000014 -0.0700000003 0.0182107687 -0.00540000014 -0.0700000003 0.0182107687 -0.00600000005 -0.0700000003 0.0124500003 -0.00540000014 -0.0700000003 0.0122892307 -0.00540000014 -0.0700000003 0.0182107687 -0.00540000014 -0.0700000003 0.0122892307 0.00540000014 -0.0700000003 0.0102107693 0.00540000014 -0.0700000003 0.0102107693 -0.00540000014 -0.0700000003 0.0122892307 -0.00496076932 -0.0700000003 0.0118500004 0.00540000014 -0.0700000003 0.0102107693 -0.00496076932 -0.0700000003 0.0118500004 -0.00480000023 -0.0700000003 0.0112500004 0.00496076932 -0.0700000003 0.0186500009 0.00480000023 -0.0700000003 0.0192499999 -0.00540000014 -0.0700000003 0.0202892311 -0.00540000014 -0.0700000003 0.0202892311 0.00480000023 -0.0700000003 0.0192499999 0.00496076932 -0.0700000003 0.0198500007 -0.00540000014 -0.0700000003 0.0202892311 0.00496076932 -0.0700000003 0.0198500007 -0.00865000021 -0.0700000003 0.0264999997 -0.00865000021 -0.0700000003 0.0264999997 0.00496076932 -0.0700000003 0.0198500007 0.00540000014 -0.0700000003 0.0202892311 -0.00865000021 -0.0700000003 0.0264999997 0.00540000014 -0.0700000003 0.0202892311 0.00865000021 -0.0700000003 0.0264999997 0.00865000021 -0.0700000003 0.0264999997 0.00540000014 -0.0700000003 0.0202892311 0.00600000005 -0.0700000003 0.0204499997 0.00865000021 -0.0700000003 0.0264999997 0.00600000005 -0.0700000003 0.0204499997 0.00659999996 -0.0700000003 0.0202892311 -0.0179999992 -0.0680000037 0.0264999997 -0.0179999992 -0.0684999973 0.0260000005 -0.0106499996 -0.0680000037 0.0264999997 -0.0106499996 -0.0680000037 0.0264999997 -0.0179999992 -0.0684999973 0.0260000005 -0.0106499996 -0.0684999973 0.0260000005 0.00865000021 -0.0700000003 0.0264999997 0.00865000021 -0.0705000013 0.0264999997 0.0179999992 -0.0705000013 0.0264999997 -0.00915000029 -0.0710000023 0.0264999997 -0.00865000021 -0.0705000013 0.0264999997 -0.00865000021 -0.0700000003 0.0264999997 0.0179999992 -0.0676867142 0.0264999997 -0.0179999992 -0.0676867142 0.0264999997 -0.0106499996 -0.0680000037 0.0264999997 -0.0106499996 -0.0680000037 0.0264999997 -0.0179999992 -0.0676867142 0.0264999997 -0.0179999992 -0.0680000037 0.0264999997 -0.0101500005 -0.0710000023 0.0264999997 -0.00915000029 -0.0710000023 0.0264999997 -0.0106499996 -0.0705000013 0.0264999997 -0.0106499996 -0.0705000013 0.0264999997 -0.00915000029 -0.0710000023 0.0264999997 -0.00865000021 -0.0700000003 0.0264999997 -0.0106499996 -0.0705000013 0.0264999997 -0.00865000021 -0.0700000003 0.0264999997 -0.0106499996 -0.0680000037 0.0264999997 -0.0106499996 -0.0680000037 0.0264999997 -0.00865000021 -0.0700000003 0.0264999997 0.00865000021 -0.0700000003 0.0264999997 -0.0106499996 -0.0680000037 0.0264999997 0.00865000021 -0.0700000003 0.0264999997 0.0179999992 -0.0676867142 0.0264999997 0.0179999992 -0.0676867142 0.0264999997 0.00865000021 -0.0700000003 0.0264999997 0.0179999992 -0.0705000013 0.0264999997 -0.00865000021 -0.0700000003 0.0264999997 -0.00865000021 -0.0705000013 0.0264999997 -0.00865000021 -0.0700000003 0.00400000019 -0.00865000021 -0.0700000003 0.00400000019 -0.00865000021 -0.0705000013 0.0264999997 -0.00865000021 -0.0705000013 0.00400000019 -0.00915000029 -0.0710000023 0.00400000019 -0.00915000029 -0.0710000023 0.0264999997 -0.0101500005 -0.0710000023 0.00400000019 -0.0101500005 -0.0710000023 0.00400000019 -0.00915000029 -0.0710000023 0.0264999997 -0.0101500005 -0.0710000023 0.0264999997 -0.00865000021 -0.0705000013 0.00400000019 -0.00865000021 -0.0705000013 0.0264999997 -0.00915000029 -0.0710000023 0.00400000019 -0.00915000029 -0.0710000023 0.00400000019 -0.00865000021 -0.0705000013 0.0264999997 -0.00915000029 -0.0710000023 0.0264999997 -0.0274999999 -0.0684999973 0.0164999999 -0.0274999999 -0.0684999973 0.00449999981 -0.0106499996 -0.0684999973 0.00449999981 -0.0106499996 -0.0684999973 0.00449999981 -0.0106499996 -0.0684999973 0.0260000005 -0.0179999992 -0.0684999973 0.0260000005 -0.0179999992 -0.0684999973 0.0260000005 -0.0204587802 -0.0684999973 0.0256762952 -0.0106499996 -0.0684999973 0.00449999981 -0.0106499996 -0.0684999973 0.00449999981 -0.0204587802 -0.0684999973 0.0256762952 -0.0227499995 -0.0684999973 0.0247272421 -0.0106499996 -0.0684999973 0.00449999981 -0.0227499995 -0.0684999973 0.0247272421 -0.0247175153 -0.0684999973 0.0232175142 -0.0247175153 -0.0684999973 0.0232175142 -0.0262272414 -0.0684999973 0.0212500002 -0.0106499996 -0.0684999973 0.00449999981 -0.0106499996 -0.0684999973 0.00449999981 -0.0262272414 -0.0684999973 0.0212500002 -0.0271762945 -0.0684999973 0.0189587809 -0.0106499996 -0.0684999973 0.00449999981 -0.0271762945 -0.0684999973 0.0189587809 -0.0274999999 -0.0684999973 0.0164999999 -0.0106499996 -0.0705000013 0.0264999997 -0.0106499996 -0.0680000037 0.0264999997 -0.0106499996 -0.0684999973 0.0260000005 -0.0106499996 -0.0705000013 0.0264999997 -0.0106499996 -0.0684999973 0.0260000005 -0.0106499996 -0.0705000013 0.00400000019 -0.0106499996 -0.0705000013 0.00400000019 -0.0106499996 -0.0684999973 0.0260000005 -0.0106499996 -0.0684999973 0.00449999981 -0.0106499996 -0.0705000013 0.00400000019 -0.0106499996 -0.0684999973 0.00449999981 -0.0106499996 -0.0680000037 0.00400000019 -0.0280000009 -0.0680000037 0.00400000019 -0.0274999999 -0.0684999973 0.00449999981 -0.0280000009 -0.0680000037 0.0164999999 -0.0280000009 -0.0680000037 0.0164999999 -0.0274999999 -0.0684999973 0.00449999981 -0.0274999999 -0.0684999973 0.0164999999 -0.0106499996 -0.0680000037 0.00400000019 -0.0106499996 -0.0684999973 0.00449999981 -0.0280000009 -0.0680000037 0.00400000019 -0.0280000009 -0.0680000037 0.00400000019 -0.0106499996 -0.0684999973 0.00449999981 -0.0274999999 -0.0684999973 0.00449999981 -0.0101500005 -0.0710000023 0.00400000019 -0.0101500005 -0.0710000023 0.0264999997 -0.0106499996 -0.0705000013 0.00400000019 -0.0106499996 -0.0705000013 0.00400000019 -0.0101500005 -0.0710000023 0.0264999997 -0.0106499996 -0.0705000013 0.0264999997 0.00915000029 -0.0710000023 0.0260000005 0.0179999992 -0.0710000023 0.0260000005 0.00865000021 -0.0705000013 0.0264999997 0.00865000021 -0.0705000013 0.0264999997 0.0179999992 -0.0710000023 0.0260000005 0.0179999992 -0.0705000013 0.0264999997 0.0274999999 -0.0710000023 0.0164999999 0.0280000009 -0.0705000013 0.0164999999 0.0276592579 -0.0705000013 0.01908819 0.0274999999 -0.0710000023 0.0164999999 0.0276592579 -0.0705000013 0.01908819 0.0271762945 -0.0710000023 0.0189587809 0.0271762945 -0.0710000023 0.0189587809 0.0276592579 -0.0705000013 0.01908819 0.0266602542 -0.0705000013 0.0215000007 0.0271762945 -0.0710000023 0.0189587809 0.0266602542 -0.0705000013 0.0215000007 0.0262272414 -0.0710000023 0.0212500002 0.0262272414 -0.0710000023 0.0212500002 0.0266602542 -0.0705000013 0.0215000007 0.0250710677 -0.0705000013 0.0235710684 0.0262272414 -0.0710000023 0.0212500002 0.0250710677 -0.0705000013 0.0235710684 0.0247175153 -0.0710000023 0.0232175142 0.0247175153 -0.0710000023 0.0232175142 0.0250710677 -0.0705000013 0.0235710684 0.023 -0.0705000013 0.0251602549 0.0247175153 -0.0710000023 0.0232175142 0.023 -0.0705000013 0.0251602549 0.0227499995 -0.0710000023 0.0247272421 0.0227499995 -0.0710000023 0.0247272421 0.023 -0.0705000013 0.0251602549 0.0205881912 -0.0705000013 0.0261592586 0.0227499995 -0.0710000023 0.0247272421 0.0205881912 -0.0705000013 0.0261592586 0.0204587802 -0.0710000023 0.0256762952 0.0204587802 -0.0710000023 0.0256762952 0.0205881912 -0.0705000013 0.0261592586 0.0179999992 -0.0705000013 0.0264999997 0.0204587802 -0.0710000023 0.0256762952 0.0179999992 -0.0705000013 0.0264999997 0.0179999992 -0.0710000023 0.0260000005 0.00887186732 2.77555756e-17 0.00700000022 -0.00881132949 0 0.00700000022 -0.00948766153 -0.00190342439 0.00703061139 0.0114532085 -0.0090166349 0.00760689471 0.011150497 -0.00766177243 0.00744784856 -0.0113930451 -0.00901429355 0.00760660181 -0.0113930451 -0.00901429355 0.00760660181 0.011150497 -0.00766177243 0.00744784856 0.0103904614 -0.00466963276 0.00717504695 -0.0113930451 -0.00901429355 0.00760660181 0.0103904614 -0.00466963276 0.00717504695 -0.010852661 -0.00666585285 0.00734462356 0.00887186732 2.77555756e-17 0.00700000022 -0.00948766153 -0.00190342439 0.00703061139 0.0100877862 -0.00361719611 0.0071070469 0.0100877862 -0.00361719611 0.0071070469 -0.00948766153 -0.00190342439 0.00703061139 -0.00975306239 -0.00272152084 0.00706161279 0.0100877862 -0.00361719611 0.0071070469 -0.00975306239 -0.00272152084 0.00706161279 0.0103904614 -0.00466963276 0.00717504695 0.0103904614 -0.00466963276 0.00717504695 -0.00975306239 -0.00272152084 0.00706161279 -0.0100270342 -0.00361543871 0.00710694632 0.0103904614 -0.00466963276 0.00717504695 -0.0100270342 -0.00361543871 0.00710694632 -0.010852661 -0.00666585285 0.00734462356 -0.0127348211 -0.0164233372 0.00880911853 -0.0110189207 -0.0164244194 0.00880933087 -0.0126414262 -0.0158279557 0.00869373605 -0.0126414262 -0.0158279557 0.00869373605 -0.0110189207 -0.0164244194 0.00880933087 -0.0108523034 -0.0159909632 0.00872502755 -0.0126414262 -0.0158279557 0.00869373605 -0.0108523034 -0.0159909632 0.00872502755 -0.0119443871 -0.0117643569 0.00799075048 -0.0119443871 -0.0117643569 0.00799075048 -0.0108523034 -0.0159909632 0.00872502755 -0.0103399754 -0.0148545383 0.00851166807 -0.0119443871 -0.0117643569 0.00799075048 -0.0103399754 -0.0148545383 0.00851166807 -0.0101275705 -0.0144692175 0.00844190177 -0.0101275705 -0.0144692175 0.00844190177 -0.00973694678 -0.0138922557 0.00833993498 -0.0119443871 -0.0117643569 0.00799075048 -0.0119443871 -0.0117643569 0.00799075048 -0.00973694678 -0.0138922557 0.00833993498 -0.0093872007 -0.0135221668 0.00827613194 -0.0119443871 -0.0117643569 0.00799075048 -0.0093872007 -0.0135221668 0.00827613194 -0.0113930451 -0.00901429355 0.00760660181 -0.0093872007 -0.0135221668 0.00827613194 -0.00922957156 -0.0134012327 0.00825555716 -0.0113930451 -0.00901429355 0.00760660181 -0.0113930451 -0.00901429355 0.00760660181 -0.00922957156 -0.0134012327 0.00825555716 -0.00896061584 -0.0132613787 0.00823193416 -0.0113930451 -0.00901429355 0.00760660181 -0.00896061584 -0.0132613787 0.00823193416 -0.00892271008 -0.0132484427 0.00822975859 0.00865000021 -0.0132049071 0.00822244771 0.0114532085 -0.0090166349 0.00760689471 -0.00865000021 -0.0132049071 0.00822244771 -0.00865000021 -0.0132049071 0.00822244771 0.0114532085 -0.0090166349 0.00760689471 -0.0113930451 -0.00901429355 0.00760660181 -0.00865000021 -0.0132049071 0.00822244771 -0.0113930451 -0.00901429355 0.00760660181 -0.00870126113 -0.0132064456 0.00822270568 -0.00870126113 -0.0132064456 0.00822270568 -0.0113930451 -0.00901429355 0.00760660181 -0.00892271008 -0.0132484427 0.00822975859 0.00865000021 -0.0132049071 0.00822244771 0.00886140298 -0.0132310735 0.00822683983 0.0114532085 -0.0090166349 0.00760689471 0.0114532085 -0.0090166349 0.00760689471 0.00886140298 -0.0132310735 0.00822683983 0.00895452872 -0.0132591883 0.00823156629 0.0114532085 -0.0090166349 0.00760689471 0.00895452872 -0.0132591883 0.00823156629 0.0116134165 -0.0097767096 0.00770510267 0.00895452872 -0.0132591883 0.00823156629 0.00918930583 -0.0133749461 0.00825110357 0.0116134165 -0.0097767096 0.00770510267 0.0116134165 -0.0097767096 0.00770510267 0.00918930583 -0.0133749461 0.00825110357 0.00930673908 -0.0134568531 0.00826500263 0.0116134165 -0.0097767096 0.00770510267 0.00930673908 -0.0134568531 0.00826500263 0.0119992923 -0.0117400493 0.00798701495 0.0119992923 -0.0117400493 0.00798701495 0.00930673908 -0.0134568531 0.00826500263 0.00961789768 -0.0137506248 0.00831536856 0.0110190697 -0.0164248217 0.00880941004 0.0127946129 -0.0164268576 0.00880980957 0.0107926875 -0.0158435758 0.00869672559 0.0107926875 -0.0158435758 0.00869672559 0.0127946129 -0.0164268576 0.00880980957 0.0127037726 -0.0158474501 0.00869746599 0.0107926875 -0.0158435758 0.00869672559 0.0127037726 -0.0158474501 0.00869746599 0.0102482783 -0.0146820322 0.00848027039 0.0102482783 -0.0146820322 0.00848027039 0.0127037726 -0.0158474501 0.00869746599 0.0119992923 -0.0117400493 0.00798701495 0.0102482783 -0.0146820322 0.00848027039 0.0119992923 -0.0117400493 0.00798701495 0.0098224096 -0.0140038254 0.00835941732 0.0098224096 -0.0140038254 0.00835941732 0.0119992923 -0.0117400493 0.00798701495 0.00961789768 -0.0137506248 0.00831536856 0.0110190697 -0.0164248217 0.00880941004 0.0112018837 -0.0169375855 0.00891117938 0.0127946129 -0.0164268576 0.00880980957 0.0127946129 -0.0164268576 0.00880980957 0.0112018837 -0.0169375855 0.00891117938 0.0118330102 -0.0190289617 0.00934840925 0.0127946129 -0.0164268576 0.00880980957 0.0118330102 -0.0190289617 0.00934840925 0.0137399705 -0.0229604226 0.0102606136 0.0137399705 -0.0229604226 0.0102606136 0.0118330102 -0.0190289617 0.00934840925 0.0124872653 -0.0218433794 0.00998999458 0.0137399705 -0.0229604226 0.0102606136 0.0124872653 -0.0218433794 0.00998999458 0.0138885351 -0.0240285099 0.0105274906 0.0138885351 -0.0240285099 0.0105274906 0.0124872653 -0.0218433794 0.00998999458 0.0130127762 -0.0248710439 0.0107434662 0.0138885351 -0.0240285099 0.0105274906 0.0130127762 -0.0248710439 0.0107434662 0.014008522 -0.0248884987 0.0107479878 0.014008522 -0.0248884987 0.0107479878 0.0130127762 -0.0248710439 0.0107434662 0.0130150672 -0.0248866659 0.0107475156 0.014008522 -0.0248884987 0.0107479878 0.0130150672 -0.0248866659 0.0107475156 0.0149358846 -0.0311727487 0.0125021338 0.0130150672 -0.0248866659 0.0107475156 0.0133900754 -0.0279971901 0.0115852291 0.0149358846 -0.0311727487 0.0125021338 0.0149358846 -0.0311727487 0.0125021338 0.0133900754 -0.0279971901 0.0115852291 0.0135085331 -0.029428402 0.0119910035 0.0149358846 -0.0311727487 0.0125021338 0.0135085331 -0.029428402 0.0119910035 0.0150895631 -0.0321197286 0.012787045 0.0150895631 -0.0321197286 0.012787045 0.0135085331 -0.029428402 0.0119910035 0.0136422487 -0.0324397683 0.012884493 0.0150895631 -0.0321197286 0.012787045 0.0136422487 -0.0324397683 0.012884493 0.0154758776 -0.0343619213 0.0134818675 0.0136422487 -0.0324397683 0.012884493 0.0136500001 -0.0333347768 0.0131600825 0.0154758776 -0.0343619213 0.0134818675 0.0154758776 -0.0343619213 0.0134818675 0.0136500001 -0.0333347768 0.0131600825 0.0136500001 -0.0343524925 0.0134788873 0.0154758776 -0.0343619213 0.0134818675 0.0136500001 -0.0343524925 0.0134788873 0.0158044267 -0.0361166522 0.0140449405 0.0158044267 -0.0361166522 0.0140449405 0.0136500001 -0.0343524925 0.0134788873 0.0136500001 -0.0394770801 0.015168909 0.0158044267 -0.0361166522 0.0140449405 0.0136500001 -0.0394770801 0.015168909 0.0164338667 -0.0391494334 0.0150567368 0.0164338667 -0.0391494334 0.0150567368 0.0136500001 -0.0394770801 0.015168909 0.0166405961 -0.0400675014 0.0153724318 0.0166405961 -0.0400675014 0.0153724318 0.0136500001 -0.0394770801 0.015168909 0.0177946649 -0.0446542241 0.0170132089 0.0177946649 -0.0446542241 0.0170132089 0.0136500001 -0.0394770801 0.015168909 0.0136500001 -0.0446443446 0.0170095675 0.0177946649 -0.0446542241 0.0170132089 0.0136500001 -0.0446443446 0.0170095675 0.0183209628 -0.0465043075 0.0177044179 0.0183209628 -0.0465043075 0.0177044179 0.0136500001 -0.0446443446 0.0170095675 0.0136500001 -0.0457238965 0.0174108166 0.0183209628 -0.0465043075 0.0177044179 0.0136500001 -0.0457238965 0.0174108166 0.0187114254 -0.0477990843 0.0181980524 0.0187114254 -0.0477990843 0.0181980524 0.0136500001 -0.0457238965 0.0174108166 0.0136500001 -0.0520111546 0.0198599584 0.0187114254 -0.0477990843 0.0181980524 0.0136500001 -0.0520111546 0.0198599584 0.0207161605 -0.0536397807 0.0205255598 0.0207161605 -0.0536397807 0.0205255598 0.0136500001 -0.0520111546 0.0198599584 0.0136500001 -0.0553491637 0.0212380979 0.0207161605 -0.0536397807 0.0205255598 0.0136500001 -0.0553491637 0.0212380979 0.0213625506 -0.0552967526 0.0212160368 0.0133823352 -0.0617868267 0.0240537617 0.0224135425 -0.0631044731 0.0246571172 0.0135823106 -0.0609992296 0.0236976724 0.0135823106 -0.0609992296 0.0236976724 0.0224135425 -0.0631044731 0.0246571172 0.0230432488 -0.0618565455 0.0240854453 0.0135823106 -0.0609992296 0.0236976724 0.0230432488 -0.0618565455 0.0240854453 0.0136500001 -0.0601858683 0.0233334322 0.0136500001 -0.0601858683 0.0233334322 0.0230432488 -0.0618565455 0.0240854453 0.0235268325 -0.0606338158 0.0235335976 0.0136500001 -0.0601858683 0.0233334322 0.0235268325 -0.0606338158 0.0235335976 0.0136500001 -0.0582189523 0.0224669557 0.0136500001 -0.0582189523 0.0224669557 0.0235268325 -0.0606338158 0.0235335976 0.0236004014 -0.0604210496 0.0234383903 0.0136500001 -0.0582189523 0.0224669557 0.0236004014 -0.0604210496 0.0234383903 0.0136500001 -0.0553491637 0.0212380979 0.0136500001 -0.0553491637 0.0212380979 0.0236004014 -0.0604210496 0.0234383903 0.0213887226 -0.0553619377 0.0212434754 0.0136500001 -0.0553491637 0.0212380979 0.0213887226 -0.0553619377 0.0212434754 0.0213625506 -0.0552967526 0.0212160368 0.0133194979 -0.0619590767 0.0241320878 0.0202077217 -0.0656499937 0.0258509126 0.0202727709 -0.0656044856 0.0258292314 0.0202727709 -0.0656044856 0.0258292314 0.0209078975 -0.0650778785 0.0255792569 0.0133194979 -0.0619590767 0.0241320878 0.0133194979 -0.0619590767 0.0241320878 0.0209078975 -0.0650778785 0.0255792569 0.0215235036 -0.0644098297 0.0252645388 0.0133194979 -0.0619590767 0.0241320878 0.0215235036 -0.0644098297 0.0252645388 0.0133823352 -0.0617868267 0.0240537617 0.0133823352 -0.0617868267 0.0240537617 0.0215235036 -0.0644098297 0.0252645388 0.0217231251 -0.0641552657 0.025145309 0.0133823352 -0.0617868267 0.0240537617 0.0217231251 -0.0641552657 0.025145309 0.0224135425 -0.0631044731 0.0246571172 0.0202077217 -0.0656499937 0.0258509126 0.0133194979 -0.0619590767 0.0241320878 0.0196480211 -0.0659815222 0.0260092504 0.0196480211 -0.0659815222 0.0260092504 0.0133194979 -0.0619590767 0.0241320878 0.0129722925 -0.0626789182 0.0244611967 0.0196480211 -0.0659815222 0.0260092504 0.0129722925 -0.0626789182 0.0244611967 0.0190895218 -0.0662108734 0.0261191912 0.012515109 -0.0633317754 0.0247621834 0.0179999992 -0.0663859546 0.0262033362 0.0129722925 -0.0626789182 0.0244611967 0.0129722925 -0.0626789182 0.0244611967 0.0179999992 -0.0663859546 0.0262033362 0.0185323153 -0.0663443953 0.0261833444 0.0129722925 -0.0626789182 0.0244611967 0.0185323153 -0.0663443953 0.0261833444 0.0190895218 -0.0662108734 0.0261191912 0.012515109 -0.0633317754 0.0247621834 0.0123469969 -0.0635245666 0.0248515289 0.0179999992 -0.0663859546 0.0262033362 0.0179999992 -0.0663859546 0.0262033362 0.0123469969 -0.0635245666 0.0248515289 0.0117787039 -0.0640538335 0.0250979047 0.0179999992 -0.0663859546 0.0262033362 0.0117787039 -0.0640538335 0.0250979047 0.0111374073 -0.0644872785 0.0253008883 0.0111374073 -0.0644872785 0.0253008883 0.0108908601 -0.0646184906 0.0253625531 0.0179999992 -0.0663859546 0.0262033362 0.0179999992 -0.0663859546 0.0262033362 0.0108908601 -0.0646184906 0.0253625531 0.0101860724 -0.0649044365 0.0254972912 0.0179999992 -0.0663859546 0.0262033362 0.0101860724 -0.0649044365 0.0254972912 0.00944960769 -0.0650803223 0.0255804118 0.00944960769 -0.0650803223 0.0255804118 0.00926205516 -0.0651068315 0.0255929567 0.0179999992 -0.0663859546 0.0262033362 0.0179999992 -0.0663859546 0.0262033362 0.00926205516 -0.0651068315 0.0255929567 0.00865000021 -0.0651441067 0.0256105997 0.0179999992 -0.0663859546 0.0262033362 0.00865000021 -0.0651441067 0.0256105997 -0.0179999992 -0.0663859546 0.0262033362 -0.0179999992 -0.0663859546 0.0262033362 0.00865000021 -0.0651441067 0.0256105997 -0.00865000021 -0.0651441067 0.0256105997 -0.0179999992 -0.0663859546 0.0262033362 -0.00865000021 -0.0651441067 0.0256105997 -0.00940530561 -0.0650872365 0.0255836807 -0.00940530561 -0.0650872365 0.0255836807 -0.0101888375 -0.0649035498 0.0254968721 -0.0179999992 -0.0663859546 0.0262033362 -0.0179999992 -0.0663859546 0.0262033362 -0.0101888375 -0.0649035498 0.0254968721 -0.0108985053 -0.0646146834 0.0253607631 -0.0179999992 -0.0663859546 0.0262033362 -0.0108985053 -0.0646146834 0.0253607631 -0.0115521261 -0.0642237738 0.0251773559 -0.0202727709 -0.0656044856 0.0258292314 -0.0202077217 -0.0656499937 0.0258509126 -0.0130859185 -0.0624741949 0.0243673045 -0.0130859185 -0.0624741949 0.0243673045 -0.0202077217 -0.0656499937 0.0258509126 -0.0196480211 -0.0659815222 0.0260092504 -0.0115521261 -0.0642237738 0.0251773559 -0.0121551082 -0.0637222379 0.0249433573 -0.0179999992 -0.0663859546 0.0262033362 -0.0179999992 -0.0663859546 0.0262033362 -0.0121551082 -0.0637222379 0.0249433573 -0.0126558989 -0.0631535128 0.0246797595 -0.0179999992 -0.0663859546 0.0262033362 -0.0126558989 -0.0631535128 0.0246797595 -0.0185323153 -0.0663443953 0.0261833444 -0.0185323153 -0.0663443953 0.0261833444 -0.0126558989 -0.0631535128 0.0246797595 -0.0130859185 -0.0624741949 0.0243673045 -0.0185323153 -0.0663443953 0.0261833444 -0.0130859185 -0.0624741949 0.0243673045 -0.0190895218 -0.0662108734 0.0261191912 -0.0190895218 -0.0662108734 0.0261191912 -0.0130859185 -0.0624741949 0.0243673045 -0.0196480211 -0.0659815222 0.0260092504 -0.0202727709 -0.0656044856 0.0258292314 -0.0130859185 -0.0624741949 0.0243673045 -0.0209078975 -0.0650778785 0.0255792569 -0.0209078975 -0.0650778785 0.0255792569 -0.0130859185 -0.0624741949 0.0243673045 -0.013408863 -0.0617075004 0.0240177419 -0.0209078975 -0.0650778785 0.0255792569 -0.013408863 -0.0617075004 0.0240177419 -0.0215235036 -0.0644098297 0.0252645388 -0.0135958372 -0.0609139353 0.0236593094 -0.0224135425 -0.0631044731 0.0246571172 -0.013408863 -0.0617075004 0.0240177419 -0.013408863 -0.0617075004 0.0240177419 -0.0224135425 -0.0631044731 0.0246571172 -0.0217231251 -0.0641552657 0.025145309 -0.013408863 -0.0617075004 0.0240177419 -0.0217231251 -0.0641552657 0.025145309 -0.0215235036 -0.0644098297 0.0252645388 -0.0225622915 -0.0583127812 0.0225078333 -0.0235694479 -0.0605115704 0.0234788656 -0.0136500001 -0.0601858683 0.0233334322 -0.0136500001 -0.0601858683 0.0233334322 -0.0235694479 -0.0605115704 0.0234788656 -0.0235268325 -0.0606338158 0.0235335976 -0.0136500001 -0.0601858683 0.0233334322 -0.0235268325 -0.0606338158 0.0235335976 -0.0135958372 -0.0609139353 0.0236593094 -0.0135958372 -0.0609139353 0.0236593094 -0.0235268325 -0.0606338158 0.0235335976 -0.0230432488 -0.0618565455 0.0240854453 -0.0135958372 -0.0609139353 0.0236593094 -0.0230432488 -0.0618565455 0.0240854453 -0.0224135425 -0.0631044731 0.0246571172 -0.0136500001 -0.0446443446 0.0170095675 -0.0177292023 -0.0446501747 0.0170117132 -0.0136500001 -0.0482874513 0.0183863509 -0.0136500001 -0.0482874513 0.0183863509 -0.0177292023 -0.0446501747 0.0170117132 -0.019778654 -0.0512508489 0.0195536353 -0.0225622915 -0.0583127812 0.0225078333 -0.0136500001 -0.0601858683 0.0233334322 -0.0213203728 -0.0553662889 0.0212453082 -0.0213203728 -0.0553662889 0.0212453082 -0.0136500001 -0.0601858683 0.0233334322 -0.0136500001 -0.0553491637 0.0212380979 -0.0213203728 -0.0553662889 0.0212453082 -0.0136500001 -0.0553491637 0.0212380979 -0.019778654 -0.0512508489 0.0195536353 -0.019778654 -0.0512508489 0.0195536353 -0.0136500001 -0.0553491637 0.0212380979 -0.0136500001 -0.0542377718 0.0207731947 -0.019778654 -0.0512508489 0.0195536353 -0.0136500001 -0.0542377718 0.0207731947 -0.0136500001 -0.0482874513 0.0183863509 -0.015414549 -0.0343593359 0.0134810498 -0.0157379452 -0.036090184 0.0140363229 -0.0136500001 -0.0364680253 0.0141596841 -0.0136500001 -0.0364680253 0.0141596841 -0.0157379452 -0.036090184 0.0140363229 -0.0158316512 -0.0365683548 0.0141925681 -0.0136500001 -0.0364680253 0.0141596841 -0.0158316512 -0.0365683548 0.0141925681 -0.0136500001 -0.0423579775 0.0161786824 -0.0136500001 -0.0423579775 0.0161786824 -0.0158316512 -0.0365683548 0.0141925681 -0.0165712293 -0.0400379226 0.0153621947 -0.0136500001 -0.0423579775 0.0161786824 -0.0165712293 -0.0400379226 0.0153621947 -0.0136500001 -0.0446443446 0.0170095675 -0.0136500001 -0.0446443446 0.0170095675 -0.0165712293 -0.0400379226 0.0153621947 -0.0175222941 -0.0438845307 0.0167305786 -0.0136500001 -0.0446443446 0.0170095675 -0.0175222941 -0.0438845307 0.0167305786 -0.0177292023 -0.0446501747 0.0170117132 -0.0136500001 -0.0364680253 0.0141596841 -0.0136500001 -0.0343524925 0.0134788873 -0.015414549 -0.0343593359 0.0134810498 -0.015414549 -0.0343593359 0.0134810498 -0.0136500001 -0.0343524925 0.0134788873 -0.0136500001 -0.0333347768 0.0131600825 -0.015414549 -0.0343593359 0.0134810498 -0.0136500001 -0.0333347768 0.0131600825 -0.0150253978 -0.0320966057 0.0127800265 -0.0150253978 -0.0320966057 0.0127800265 -0.0136500001 -0.0333347768 0.0131600825 -0.0135620572 -0.0302712545 0.0122357374 -0.0150253978 -0.0320966057 0.0127800265 -0.0135620572 -0.0302712545 0.0122357374 -0.0144026289 -0.0280692298 0.0116053512 -0.0144026289 -0.0280692298 0.0116053512 -0.0135620572 -0.0302712545 0.0122357374 -0.0133046173 -0.0271569602 0.0113528781 -0.0144026289 -0.0280692298 0.0116053512 -0.0133046173 -0.0271569602 0.0113528781 -0.0143761141 -0.0278878454 0.0115547385 -0.0143761141 -0.0278878454 0.0115547385 -0.0133046173 -0.0271569602 0.0113528781 -0.0139489667 -0.0248875078 0.0107477307 -0.0125202928 -0.0220084637 0.0100294324 -0.0131196575 -0.0189897995 0.00933990348 -0.0128475577 -0.0238115266 0.0104726423 -0.0128475577 -0.0238115266 0.0104726423 -0.0131196575 -0.0189897995 0.00933990348 -0.0139489667 -0.0248875078 0.0107477307 -0.0128475577 -0.0238115266 0.0104726423 -0.0139489667 -0.0248875078 0.0107477307 -0.0130147003 -0.0248841569 0.0107468646 -0.0130147003 -0.0248841569 0.0107468646 -0.0139489667 -0.0248875078 0.0107477307 -0.0133046173 -0.0271569602 0.0113528781 -0.0125202928 -0.0220084637 0.0100294324 -0.0121546425 -0.0203146245 0.00963416882 -0.0131196575 -0.0189897995 0.00933990348 -0.0131196575 -0.0189897995 0.00933990348 -0.0121546425 -0.0203146245 0.00963416882 -0.0117543461 -0.0187389906 0.00928571261 -0.0131196575 -0.0189897995 0.00933990348 -0.0117543461 -0.0187389906 0.00928571261 -0.0127348211 -0.0164233372 0.00880911853 -0.0127348211 -0.0164233372 0.00880911853 -0.0117543461 -0.0187389906 0.00928571261 -0.0113209002 -0.0172928609 0.00898296852 -0.0127348211 -0.0164233372 0.00880911853 -0.0113209002 -0.0172928609 0.00898296852 -0.0110189207 -0.0164244194 0.00880933087 0.0280000009 -0.0670000017 0.0164999999 0.0280000009 -0.0705000013 0.0164999999 0.0280000009 -0.0670000017 0.00400000019 0.0280000009 -0.0670000017 0.00400000019 0.0280000009 -0.0705000013 0.0164999999 0.0280000009 -0.0705000013 0.00400000019 0.0205881912 -0.0705000013 0.0261592586 0.0195564609 -0.0675092116 0.0263781287 0.0179999992 -0.0705000013 0.0264999997 0.0179999992 -0.0705000013 0.0264999997 0.0195564609 -0.0675092116 0.0263781287 0.0187604502 -0.0676445737 0.026471043 0.0179999992 -0.0705000013 0.0264999997 0.0187604502 -0.0676445737 0.026471043 0.0179999992 -0.0676867142 0.0264999997 0.0221541394 -0.0663608387 0.0255963244 0.021246817 -0.0668945238 0.0259582344 0.023 -0.0705000013 0.0251602549 0.023 -0.0705000013 0.0251602549 0.021246817 -0.0668945238 0.0259582344 0.0211538877 -0.0669406503 0.0259896256 0.023 -0.0705000013 0.0251602549 0.0211538877 -0.0669406503 0.0259896256 0.0205881912 -0.0705000013 0.0261592586 0.0205881912 -0.0705000013 0.0261592586 0.0211538877 -0.0669406503 0.0259896256 0.0203543156 -0.0672767013 0.0262189098 0.0205881912 -0.0705000013 0.0261592586 0.0203543156 -0.0672767013 0.0262189098 0.0195564609 -0.0675092116 0.0263781287 0.0252046417 -0.0630981773 0.0234349221 0.0243050605 -0.0643617585 0.0242618434 0.0250710677 -0.0705000013 0.0235710684 0.0250710677 -0.0705000013 0.0235710684 0.0243050605 -0.0643617585 0.0242618434 0.0233187508 -0.0654260665 0.0249682274 0.0250710677 -0.0705000013 0.0235710684 0.0233187508 -0.0654260665 0.0249682274 0.023 -0.0705000013 0.0251602549 0.023 -0.0705000013 0.0251602549 0.0233187508 -0.0654260665 0.0249682274 0.0230335761 -0.0656839535 0.0251407828 0.023 -0.0705000013 0.0251602549 0.0230335761 -0.0656839535 0.0251407828 0.0221541394 -0.0663608387 0.0255963244 0.0255648196 -0.0624881424 0.0230401456 0.0252046417 -0.0630981773 0.0234349221 0.0259431694 -0.0632313117 0.0225750376 0.0259431694 -0.0632313117 0.0225750376 0.0252046417 -0.0630981773 0.0234349221 0.0250710677 -0.0705000013 0.0235710684 0.0259431694 -0.0632313117 0.0225750376 0.0250710677 -0.0705000013 0.0235710684 0.026679514 -0.0646305978 0.0214664936 0.026679514 -0.0646305978 0.0214664936 0.0250710677 -0.0705000013 0.0235710684 0.0266602542 -0.0705000013 0.0215000007 0.0280000009 -0.0705000013 0.0164999999 0.0280000009 -0.0670000017 0.0164999999 0.0276592579 -0.0705000013 0.01908819 0.0276592579 -0.0705000013 0.01908819 0.0280000009 -0.0670000017 0.0164999999 0.0279523805 -0.0669174194 0.0174747445 0.0279523805 -0.0669174194 0.0174747445 0.0278162993 -0.0666803047 0.0184079465 0.0276592579 -0.0705000013 0.01908819 0.0276592579 -0.0705000013 0.01908819 0.0278162993 -0.0666803047 0.0184079465 0.0276050773 -0.0663088933 0.0192825329 0.0276592579 -0.0705000013 0.01908819 0.0276050773 -0.0663088933 0.0192825329 0.0266602542 -0.0705000013 0.0215000007 0.0266602542 -0.0705000013 0.0215000007 0.0276050773 -0.0663088933 0.0192825329 0.0273355003 -0.0658287928 0.0200844724 0.0266602542 -0.0705000013 0.0215000007 0.0273355003 -0.0658287928 0.0200844724 0.026679514 -0.0646305978 0.0214664936 0.024949681 -0.0620007925 0.0235329289 0.0245461334 -0.0617333688 0.0236988701 0.024239853 -0.0624107756 0.0240182057 0.0255648196 -0.0624881424 0.0230401456 0.0253913142 -0.0621415041 0.023203006 0.0252046417 -0.0630981773 0.0234349221 0.0252046417 -0.0630981773 0.0234349221 0.0253913142 -0.0621415041 0.023203006 0.0253149532 -0.0621282533 0.0232709609 0.0252046417 -0.0630981773 0.0234349221 0.0253149532 -0.0621282533 0.0232709609 0.024949681 -0.0620007925 0.0235329289 0.0245461334 -0.0617333688 0.0236988701 0.0241896175 -0.0613715313 0.0237249751 0.0230432488 -0.0618565455 0.0240854453 0.0230432488 -0.0618565455 0.0240854453 0.0241896175 -0.0613715313 0.0237249751 0.0239123646 -0.0609895587 0.0236504786 0.0230432488 -0.0618565455 0.0240854453 0.0239123646 -0.0609895587 0.0236504786 0.0235268325 -0.0606338158 0.0235335976 0.0235268325 -0.0606338158 0.0235335976 0.0239123646 -0.0609895587 0.0236504786 0.0236004014 -0.0604210496 0.0234383903 0.0245461334 -0.0617333688 0.0236988701 0.0230432488 -0.0618565455 0.0240854453 0.024239853 -0.0624107756 0.0240182057 0.024239853 -0.0624107756 0.0240182057 0.0230432488 -0.0618565455 0.0240854453 0.0224135425 -0.0631044731 0.0246571172 0.024239853 -0.0624107756 0.0240182057 0.0224135425 -0.0631044731 0.0246571172 0.0234379377 -0.06368085 0.0246695243 0.0234379377 -0.06368085 0.0246695243 0.0224135425 -0.0631044731 0.0246571172 0.0217231251 -0.0641552657 0.025145309 0.0234379377 -0.06368085 0.0246695243 0.0217231251 -0.0641552657 0.025145309 0.0225718878 -0.0647500902 0.0252246615 0.0225718878 -0.0647500902 0.0252246615 0.0217231251 -0.0641552657 0.025145309 0.0215235036 -0.0644098297 0.0252645388 0.0225718878 -0.0647500902 0.0252246615 0.0215235036 -0.0644098297 0.0252645388 0.022323329 -0.0650091022 0.0253601037 0.022323329 -0.0650091022 0.0253601037 0.0215235036 -0.0644098297 0.0252645388 0.0209078975 -0.0650778785 0.0255792569 0.022323329 -0.0650091022 0.0253601037 0.0209078975 -0.0650778785 0.0255792569 0.0215607025 -0.0656888038 0.0257173777 0.0215607025 -0.0656888038 0.0257173777 0.0209078975 -0.0650778785 0.0255792569 0.0202727709 -0.0656044856 0.0258292314 0.0215607025 -0.0656888038 0.0257173777 0.0202727709 -0.0656044856 0.0258292314 0.0207786188 -0.066224575 0.026000917 0.0207786188 -0.066224575 0.026000917 0.0202727709 -0.0656044856 0.0258292314 0.0202077217 -0.0656499937 0.0258509126 0.0207786188 -0.066224575 0.026000917 0.0202077217 -0.0656499937 0.0258509126 0.020698728 -0.066270873 0.0260254983 0.020698728 -0.066270873 0.0260254983 0.0202077217 -0.0656499937 0.0258509126 0.0196480211 -0.0659815222 0.0260092504 0.020698728 -0.066270873 0.0260254983 0.0196480211 -0.0659815222 0.0260092504 0.020012591 -0.0666081682 0.0262049865 0.020012591 -0.0666081682 0.0262049865 0.0196480211 -0.0659815222 0.0260092504 0.0190895218 -0.0662108734 0.0261191912 0.020012591 -0.0666081682 0.0262049865 0.0190895218 -0.0662108734 0.0261191912 0.0193296578 -0.0668415129 0.0263295677 0.0193296578 -0.0668415129 0.0263295677 0.0190895218 -0.0662108734 0.0261191912 0.0185323153 -0.0663443953 0.0261833444 0.0193296578 -0.0668415129 0.0263295677 0.0185323153 -0.0663443953 0.0261833444 0.0186493881 -0.0669773519 0.0264022481 0.0186493881 -0.0669773519 0.0264022481 0.0185323153 -0.0663443953 0.0261833444 0.0179999992 -0.0663859546 0.0262033362 0.0186493881 -0.0669773519 0.0264022481 0.0179999992 -0.0663859546 0.0262033362 0.0179999992 -0.0670196339 0.0264248941 0.024949681 -0.0620007925 0.0235329289 0.024239853 -0.0624107756 0.0240182057 0.0252046417 -0.0630981773 0.0234349221 0.0252046417 -0.0630981773 0.0234349221 0.024239853 -0.0624107756 0.0240182057 0.0234379377 -0.06368085 0.0246695243 0.0252046417 -0.0630981773 0.0234349221 0.0234379377 -0.06368085 0.0246695243 0.0243050605 -0.0643617585 0.0242618434 0.0243050605 -0.0643617585 0.0242618434 0.0234379377 -0.06368085 0.0246695243 0.0225718878 -0.0647500902 0.0252246615 0.0243050605 -0.0643617585 0.0242618434 0.0225718878 -0.0647500902 0.0252246615 0.0233187508 -0.0654260665 0.0249682274 0.0233187508 -0.0654260665 0.0249682274 0.0225718878 -0.0647500902 0.0252246615 0.022323329 -0.0650091022 0.0253601037 0.0233187508 -0.0654260665 0.0249682274 0.022323329 -0.0650091022 0.0253601037 0.0230335761 -0.0656839535 0.0251407828 0.0230335761 -0.0656839535 0.0251407828 0.022323329 -0.0650091022 0.0253601037 0.0215607025 -0.0656888038 0.0257173777 0.0230335761 -0.0656839535 0.0251407828 0.0215607025 -0.0656888038 0.0257173777 0.0221541394 -0.0663608387 0.0255963244 0.0221541394 -0.0663608387 0.0255963244 0.0215607025 -0.0656888038 0.0257173777 0.0207786188 -0.066224575 0.026000917 0.0221541394 -0.0663608387 0.0255963244 0.0207786188 -0.066224575 0.026000917 0.021246817 -0.0668945238 0.0259582344 0.021246817 -0.0668945238 0.0259582344 0.0207786188 -0.066224575 0.026000917 0.020698728 -0.066270873 0.0260254983 0.021246817 -0.0668945238 0.0259582344 0.020698728 -0.066270873 0.0260254983 0.0211538877 -0.0669406503 0.0259896256 0.0211538877 -0.0669406503 0.0259896256 0.020698728 -0.066270873 0.0260254983 0.020012591 -0.0666081682 0.0262049865 0.0211538877 -0.0669406503 0.0259896256 0.020012591 -0.0666081682 0.0262049865 0.0203543156 -0.0672767013 0.0262189098 0.0203543156 -0.0672767013 0.0262189098 0.020012591 -0.0666081682 0.0262049865 0.0193296578 -0.0668415129 0.0263295677 0.0203543156 -0.0672767013 0.0262189098 0.0193296578 -0.0668415129 0.0263295677 0.0195564609 -0.0675092116 0.0263781287 0.0195564609 -0.0675092116 0.0263781287 0.0193296578 -0.0668415129 0.0263295677 0.0186493881 -0.0669773519 0.0264022481 0.0195564609 -0.0675092116 0.0263781287 0.0186493881 -0.0669773519 0.0264022481 0.0187604502 -0.0676445737 0.026471043 0.0187604502 -0.0676445737 0.026471043 0.0186493881 -0.0669773519 0.0264022481 0.0179999992 -0.0670196339 0.0264248941 0.0187604502 -0.0676445737 0.026471043 0.0179999992 -0.0670196339 0.0264248941 0.0179999992 -0.0676867142 0.0264999997 0.0150895631 -0.0321197286 0.012787045 0.0160970613 -0.0320361257 0.0116461674 0.0149358846 -0.0311727487 0.0125021338 0.0253149532 -0.0621282533 0.0232709609 0.0253913142 -0.0621415041 0.023203006 0.0248055682 -0.0609426536 0.0226535648 0.0248055682 -0.0609426536 0.0226535648 0.0236004014 -0.0604210496 0.0234383903 0.0239123646 -0.0609895587 0.0236504786 0.024949681 -0.0620007925 0.0235329289 0.0253149532 -0.0621282533 0.0232709609 0.0245461334 -0.0617333688 0.0236988701 0.0245461334 -0.0617333688 0.0236988701 0.0253149532 -0.0621282533 0.0232709609 0.0248055682 -0.0609426536 0.0226535648 0.0245461334 -0.0617333688 0.0236988701 0.0248055682 -0.0609426536 0.0226535648 0.0241896175 -0.0613715313 0.0237249751 0.0241896175 -0.0613715313 0.0237249751 0.0248055682 -0.0609426536 0.0226535648 0.0239123646 -0.0609895587 0.0236504786 0.0236004014 -0.0604210496 0.0234383903 0.0248055682 -0.0609426536 0.0226535648 0.0213887226 -0.0553619377 0.0212434754 0.0213887226 -0.0553619377 0.0212434754 0.0248055682 -0.0609426536 0.0226535648 0.0227497295 -0.0563284829 0.0206109975 0.0213887226 -0.0553619377 0.0212434754 0.0227497295 -0.0563284829 0.0206109975 0.0213625506 -0.0552967526 0.0212160368 0.0227497295 -0.0563284829 0.0206109975 0.0220400095 -0.0545577593 0.0198564511 0.0213625506 -0.0552967526 0.0212160368 0.0213625506 -0.0552967526 0.0212160368 0.0220400095 -0.0545577593 0.0198564511 0.020961469 -0.0516441539 0.018649241 0.0213625506 -0.0552967526 0.0212160368 0.020961469 -0.0516441539 0.018649241 0.0207161605 -0.0536397807 0.0205255598 0.0207161605 -0.0536397807 0.0205255598 0.020961469 -0.0516441539 0.018649241 0.0187114254 -0.0477990843 0.0181980524 0.0187114254 -0.0477990843 0.0181980524 0.020961469 -0.0516441539 0.018649241 0.0200405754 -0.048896838 0.0175496601 0.0187114254 -0.0477990843 0.0181980524 0.0200405754 -0.048896838 0.0175496601 0.0197243504 -0.047887072 0.0171549339 0.0176621303 -0.0401444174 0.0142985471 0.0166405961 -0.0400675014 0.0153724318 0.0180272739 -0.0416972004 0.014846907 0.0180272739 -0.0416972004 0.014846907 0.0166405961 -0.0400675014 0.0153724318 0.0177946649 -0.0446542241 0.0170132089 0.0180272739 -0.0416972004 0.014846907 0.0177946649 -0.0446542241 0.0170132089 0.0197243504 -0.047887072 0.0171549339 0.0197243504 -0.047887072 0.0171549339 0.0177946649 -0.0446542241 0.0170132089 0.0183209628 -0.0465043075 0.0177044179 0.0197243504 -0.047887072 0.0171549339 0.0183209628 -0.0465043075 0.0177044179 0.0187114254 -0.0477990843 0.0181980524 0.0160970613 -0.0320361257 0.0116461674 0.0150895631 -0.0321197286 0.012787045 0.0164237674 -0.0339722 0.0122458441 0.0164237674 -0.0339722 0.0122458441 0.0150895631 -0.0321197286 0.012787045 0.0154758776 -0.0343619213 0.0134818675 0.0164237674 -0.0339722 0.0122458441 0.0154758776 -0.0343619213 0.0134818675 0.0168452431 -0.0362611301 0.0129828267 0.0168452431 -0.0362611301 0.0129828267 0.0154758776 -0.0343619213 0.0134818675 0.0158044267 -0.0361166522 0.0140449405 0.0168452431 -0.0362611301 0.0129828267 0.0158044267 -0.0361166522 0.0140449405 0.0176621303 -0.0401444174 0.0142985471 0.0176621303 -0.0401444174 0.0142985471 0.0158044267 -0.0361166522 0.0140449405 0.0164338667 -0.0391494334 0.0150567368 0.0176621303 -0.0401444174 0.0142985471 0.0164338667 -0.0391494334 0.0150567368 0.0166405961 -0.0400675014 0.0153724318 0.0149358846 -0.0311727487 0.0125021338 0.0160970613 -0.0320361257 0.0116461674 0.014008522 -0.0248884987 0.0107479878 0.014008522 -0.0248884987 0.0107479878 0.0160970613 -0.0320361257 0.0116461674 0.0148936221 -0.0238319132 0.00936244987 0.014008522 -0.0248884987 0.0107479878 0.0148936221 -0.0238319132 0.00936244987 0.0138885351 -0.0240285099 0.0105274906 0.0138885351 -0.0240285099 0.0105274906 0.0148936221 -0.0238319132 0.00936244987 0.0147594344 -0.0228602644 0.00912149251 0.0138885351 -0.0240285099 0.0105274906 0.0147594344 -0.0228602644 0.00912149251 0.0137399705 -0.0229604226 0.0102606136 0.0137399705 -0.0229604226 0.0102606136 0.0147594344 -0.0228602644 0.00912149251 0.0127946129 -0.0164268576 0.00880980957 0.0127946129 -0.0164268576 0.00880980957 0.0147594344 -0.0228602644 0.00912149251 0.0137050152 -0.015600902 0.00754509307 0.0127946129 -0.0164268576 0.00880980957 0.0137050152 -0.015600902 0.00754509307 0.0127037726 -0.0158474501 0.00869746599 0.0127037726 -0.0158474501 0.00869746599 0.0137050152 -0.015600902 0.00754509307 0.0131890355 -0.0125268931 0.00700952532 0.0127037726 -0.0158474501 0.00869746599 0.0131890355 -0.0125268931 0.00700952532 0.0119992923 -0.0117400493 0.00798701495 0.0119992923 -0.0117400493 0.00798701495 0.0131890355 -0.0125268931 0.00700952532 0.0116134165 -0.0097767096 0.00770510267 0.0116134165 -0.0097767096 0.00770510267 0.0131890355 -0.0125268931 0.00700952532 0.0126775987 -0.00983753428 0.00661450811 0.0116134165 -0.0097767096 0.00770510267 0.0126775987 -0.00983753428 0.00661450811 0.0114532085 -0.0090166349 0.00760689471 0.00999999978 2.77555756e-17 0.00588412024 0.00887186732 2.77555756e-17 0.00700000022 0.01110519 -0.00338312937 0.00599186914 0.01110519 -0.00338312937 0.00599186914 0.00887186732 2.77555756e-17 0.00700000022 0.0100877862 -0.00361719611 0.0071070469 0.01110519 -0.00338312937 0.00599186914 0.0100877862 -0.00361719611 0.0071070469 0.0115255136 -0.00488586631 0.00609148201 0.0115255136 -0.00488586631 0.00609148201 0.0100877862 -0.00361719611 0.0071070469 0.0103904614 -0.00466963276 0.00717504695 0.0114532085 -0.0090166349 0.00760689471 0.0126775987 -0.00983753428 0.00661450811 0.011150497 -0.00766177243 0.00744784856 0.011150497 -0.00766177243 0.00744784856 0.0126775987 -0.00983753428 0.00661450811 0.0121838357 -0.00754668424 0.00633749319 0.011150497 -0.00766177243 0.00744784856 0.0121838357 -0.00754668424 0.00633749319 0.0103904614 -0.00466963276 0.00717504695 0.0103904614 -0.00466963276 0.00717504695 0.0121838357 -0.00754668424 0.00633749319 0.0116818864 -0.00548164174 0.006139067 0.0103904614 -0.00466963276 0.00717504695 0.0116818864 -0.00548164174 0.006139067 0.0115255136 -0.00488586631 0.00609148201 -0.00881132949 0 0.00700000022 -0.00999999978 0 0.00594113115 -0.00948766153 -0.00190342439 0.00703061139 -0.00948766153 -0.00190342439 0.00703061139 -0.00999999978 0 0.00594113115 -0.0102272732 -0.000637719 0.00594842806 -0.00948766153 -0.00190342439 0.00703061139 -0.0102272732 -0.000637719 0.00594842806 -0.00975306239 -0.00272152084 0.00706161279 -0.00975306239 -0.00272152084 0.00706161279 -0.0102272732 -0.000637719 0.00594842806 -0.0110989194 -0.00336172641 0.00604855968 -0.0116446596 -0.00533789024 0.00618545013 -0.010852661 -0.00666585285 0.00734462356 -0.0110989194 -0.00336172641 0.00604855968 -0.0110989194 -0.00336172641 0.00604855968 -0.010852661 -0.00666585285 0.00734462356 -0.0100270342 -0.00361543871 0.00710694632 -0.0110989194 -0.00336172641 0.00604855968 -0.0100270342 -0.00361543871 0.00710694632 -0.00975306239 -0.00272152084 0.00706161279 -0.0116446596 -0.00533789024 0.00618545013 -0.011681594 -0.00548050785 0.00619727001 -0.010852661 -0.00666585285 0.00734462356 -0.010852661 -0.00666585285 0.00734462356 -0.011681594 -0.00548050785 0.00619727001 -0.0121784592 -0.0075232354 0.00639357651 -0.010852661 -0.00666585285 0.00734462356 -0.0121784592 -0.0075232354 0.00639357651 -0.0113930451 -0.00901429355 0.00760660181 -0.0113930451 -0.00901429355 0.00760660181 -0.0121784592 -0.0075232354 0.00639357651 -0.0119443871 -0.0117643569 0.00799075048 -0.0121784592 -0.0075232354 0.00639357651 -0.012847689 -0.0106940772 0.00679147383 -0.0119443871 -0.0117643569 0.00799075048 -0.0119443871 -0.0117643569 0.00799075048 -0.012847689 -0.0106940772 0.00679147383 -0.0131890764 -0.0125271231 0.00706879888 -0.0119443871 -0.0117643569 0.00799075048 -0.0131890764 -0.0125271231 0.00706879888 -0.0126414262 -0.0158279557 0.00869373605 -0.0126414262 -0.0158279557 0.00869373605 -0.0131890764 -0.0125271231 0.00706879888 -0.0139248688 -0.0170208346 0.00788022019 -0.0126414262 -0.0158279557 0.00869373605 -0.0139248688 -0.0170208346 0.00788022019 -0.0127348211 -0.0164233372 0.00880911853 -0.0127348211 -0.0164233372 0.00880911853 -0.0139248688 -0.0170208346 0.00788022019 -0.0131196575 -0.0189897995 0.00933990348 -0.0131196575 -0.0189897995 0.00933990348 -0.0139248688 -0.0170208346 0.00788022019 -0.0143608851 -0.0200040843 0.0085127037 -0.0131196575 -0.0189897995 0.00933990348 -0.0143608851 -0.0200040843 0.0085127037 -0.0139489667 -0.0248875078 0.0107477307 -0.0143608851 -0.0200040843 0.0085127037 -0.0147601236 -0.0228652507 0.00918318238 -0.0139489667 -0.0248875078 0.0107477307 -0.0139489667 -0.0248875078 0.0107477307 -0.0147601236 -0.0228652507 0.00918318238 -0.0150678437 -0.0250897855 0.00974491145 -0.0139489667 -0.0248875078 0.0107477307 -0.0150678437 -0.0250897855 0.00974491145 -0.0143761141 -0.0278878454 0.0115547385 -0.0143761141 -0.0278878454 0.0115547385 -0.0150678437 -0.0250897855 0.00974491145 -0.0155079747 -0.0281937215 0.0105843879 -0.0143761141 -0.0278878454 0.0115547385 -0.0155079747 -0.0281937215 0.0105843879 -0.0144026289 -0.0280692298 0.0116053512 -0.0144026289 -0.0280692298 0.0116053512 -0.0155079747 -0.0281937215 0.0105843879 -0.0162890926 -0.0331915691 0.0120638767 -0.0165712293 -0.0400379226 0.0153621947 -0.0158316512 -0.0365683548 0.0141925681 -0.0168347042 -0.0362065956 0.0130282585 -0.0168347042 -0.0362065956 0.0130282585 -0.0158316512 -0.0365683548 0.0141925681 -0.0157379452 -0.036090184 0.0140363229 -0.0168347042 -0.0362065956 0.0130282585 -0.0157379452 -0.036090184 0.0140363229 -0.0164230317 -0.0339680053 0.0123072071 -0.0164230317 -0.0339680053 0.0123072071 -0.0157379452 -0.036090184 0.0140363229 -0.015414549 -0.0343593359 0.0134810498 -0.0164230317 -0.0339680053 0.0123072071 -0.015414549 -0.0343593359 0.0134810498 -0.0162890926 -0.0331915691 0.0120638767 -0.0162890926 -0.0331915691 0.0120638767 -0.015414549 -0.0343593359 0.0134810498 -0.0150253978 -0.0320966057 0.0127800265 -0.0162890926 -0.0331915691 0.0120638767 -0.0150253978 -0.0320966057 0.0127800265 -0.0144026289 -0.0280692298 0.0116053512 -0.0168347042 -0.0362065956 0.0130282585 -0.017875107 -0.0410618857 0.0146859102 -0.0165712293 -0.0400379226 0.0153621947 -0.0165712293 -0.0400379226 0.0153621947 -0.017875107 -0.0410618857 0.0146859102 -0.0180265233 -0.0416941009 0.0149108879 -0.0165712293 -0.0400379226 0.0153621947 -0.0180265233 -0.0416941009 0.0149108879 -0.0175222941 -0.0438845307 0.0167305786 -0.0175222941 -0.0438845307 0.0167305786 -0.0180265233 -0.0416941009 0.0149108879 -0.0186137687 -0.0440064035 0.0157512147 -0.0175222941 -0.0438845307 0.0167305786 -0.0186137687 -0.0440064035 0.0157512147 -0.0177292023 -0.0446501747 0.0170117132 -0.0177292023 -0.0446501747 0.0170117132 -0.0186137687 -0.0440064035 0.0157512147 -0.019778654 -0.0512508489 0.0195536353 -0.019778654 -0.0512508489 0.0195536353 -0.0186137687 -0.0440064035 0.0157512147 -0.0198598597 -0.0483243465 0.0173927918 -0.019778654 -0.0512508489 0.0195536353 -0.0198598597 -0.0483243465 0.0173927918 -0.0200402196 -0.0488957278 0.0176170003 -0.0239937063 -0.0612247027 0.0237239338 -0.0236437824 -0.0606618673 0.0235435143 -0.0244562142 -0.0612860583 0.0233552903 -0.0247195214 -0.0618742071 0.0236461665 -0.0245711077 -0.0617850311 0.0237007607 -0.0244562142 -0.0612860583 0.0233552903 -0.0244562142 -0.0612860583 0.0233552903 -0.0245711077 -0.0617850311 0.0237007607 -0.0243600011 -0.061622683 0.0237467475 -0.0244562142 -0.0612860583 0.0233552903 -0.0243600011 -0.061622683 0.0237467475 -0.0239937063 -0.0612247027 0.0237239338 -0.022749126 -0.0563270189 0.020681439 -0.0253457408 -0.0620498322 0.0232347585 -0.0244562142 -0.0612860583 0.0233552903 -0.0244562142 -0.0612860583 0.0233552903 -0.0253457408 -0.0620498322 0.0232347585 -0.0250413548 -0.0620034784 0.0234701168 -0.0244562142 -0.0612860583 0.0233552903 -0.0250413548 -0.0620034784 0.0234701168 -0.0247195214 -0.0618742071 0.0236461665 -0.0200402196 -0.0488957278 0.0176170003 -0.0209342353 -0.0515666306 0.0186865944 -0.019778654 -0.0512508489 0.0195536353 -0.019778654 -0.0512508489 0.0195536353 -0.0209342353 -0.0515666306 0.0186865944 -0.0223559588 -0.0553590767 0.0202665497 -0.019778654 -0.0512508489 0.0195536353 -0.0223559588 -0.0553590767 0.0202665497 -0.0213203728 -0.0553662889 0.0212453082 -0.0213203728 -0.0553662889 0.0212453082 -0.0223559588 -0.0553590767 0.0202665497 -0.022749126 -0.0563270189 0.020681439 -0.0213203728 -0.0553662889 0.0212453082 -0.022749126 -0.0563270189 0.020681439 -0.0225622915 -0.0583127812 0.0225078333 -0.0225622915 -0.0583127812 0.0225078333 -0.022749126 -0.0563270189 0.020681439 -0.0244562142 -0.0612860583 0.0233552903 -0.0225622915 -0.0583127812 0.0225078333 -0.0244562142 -0.0612860583 0.0233552903 -0.0235694479 -0.0605115704 0.0234788656 -0.0235694479 -0.0605115704 0.0234788656 -0.0244562142 -0.0612860583 0.0233552903 -0.0236437824 -0.0606618673 0.0235435143 -0.0253457408 -0.0620498322 0.0232347585 -0.0255648196 -0.0624881424 0.0230401456 -0.0250413548 -0.0620034784 0.0234701168 -0.0250413548 -0.0620034784 0.0234701168 -0.0255648196 -0.0624881424 0.0230401456 -0.0252046417 -0.0630981773 0.0234349221 -0.0250413548 -0.0620034784 0.0234701168 -0.0252046417 -0.0630981773 0.0234349221 -0.0247195214 -0.0618742071 0.0236461665 -0.0239937063 -0.0612247027 0.0237239338 -0.0230432488 -0.0618565455 0.0240854453 -0.0236437824 -0.0606618673 0.0235435143 -0.0236437824 -0.0606618673 0.0235435143 -0.0230432488 -0.0618565455 0.0240854453 -0.0235268325 -0.0606338158 0.0235335976 -0.0236437824 -0.0606618673 0.0235435143 -0.0235268325 -0.0606338158 0.0235335976 -0.0235694479 -0.0605115704 0.0234788656 -0.0239937063 -0.0612247027 0.0237239338 -0.0243600011 -0.061622683 0.0237467475 -0.024239853 -0.0624107756 0.0240182057 -0.024239853 -0.0624107756 0.0240182057 -0.0243600011 -0.061622683 0.0237467475 -0.0245711077 -0.0617850311 0.0237007607 -0.024239853 -0.0624107756 0.0240182057 -0.0245711077 -0.0617850311 0.0237007607 -0.0247195214 -0.0618742071 0.0236461665 -0.0247195214 -0.0618742071 0.0236461665 -0.0252046417 -0.0630981773 0.0234349221 -0.024239853 -0.0624107756 0.0240182057 -0.024239853 -0.0624107756 0.0240182057 -0.0252046417 -0.0630981773 0.0234349221 -0.0243050605 -0.0643617585 0.0242618434 -0.024239853 -0.0624107756 0.0240182057 -0.0243050605 -0.0643617585 0.0242618434 -0.0234379377 -0.06368085 0.0246695243 -0.0234379377 -0.06368085 0.0246695243 -0.0243050605 -0.0643617585 0.0242618434 -0.0233187508 -0.0654260665 0.0249682274 -0.0234379377 -0.06368085 0.0246695243 -0.0233187508 -0.0654260665 0.0249682274 -0.0225718878 -0.0647500902 0.0252246615 -0.0225718878 -0.0647500902 0.0252246615 -0.0233187508 -0.0654260665 0.0249682274 -0.0230335761 -0.0656839535 0.0251407828 -0.0225718878 -0.0647500902 0.0252246615 -0.0230335761 -0.0656839535 0.0251407828 -0.022323329 -0.0650091022 0.0253601037 -0.022323329 -0.0650091022 0.0253601037 -0.0230335761 -0.0656839535 0.0251407828 -0.0221541394 -0.0663608387 0.0255963244 -0.022323329 -0.0650091022 0.0253601037 -0.0221541394 -0.0663608387 0.0255963244 -0.0215607025 -0.0656888038 0.0257173777 -0.0215607025 -0.0656888038 0.0257173777 -0.0221541394 -0.0663608387 0.0255963244 -0.021246817 -0.0668945238 0.0259582344 -0.0215607025 -0.0656888038 0.0257173777 -0.021246817 -0.0668945238 0.0259582344 -0.0207786188 -0.066224575 0.026000917 -0.0207786188 -0.066224575 0.026000917 -0.021246817 -0.0668945238 0.0259582344 -0.0211538877 -0.0669406503 0.0259896256 -0.0207786188 -0.066224575 0.026000917 -0.0211538877 -0.0669406503 0.0259896256 -0.020698728 -0.066270873 0.0260254983 -0.020698728 -0.066270873 0.0260254983 -0.0211538877 -0.0669406503 0.0259896256 -0.0203543156 -0.0672767013 0.0262189098 -0.020698728 -0.066270873 0.0260254983 -0.0203543156 -0.0672767013 0.0262189098 -0.020012591 -0.0666081682 0.0262049865 -0.020012591 -0.0666081682 0.0262049865 -0.0203543156 -0.0672767013 0.0262189098 -0.0195564609 -0.0675092116 0.0263781287 -0.020012591 -0.0666081682 0.0262049865 -0.0195564609 -0.0675092116 0.0263781287 -0.0193296578 -0.0668415129 0.0263295677 -0.0193296578 -0.0668415129 0.0263295677 -0.0195564609 -0.0675092116 0.0263781287 -0.0187604502 -0.0676445737 0.026471043 -0.0193296578 -0.0668415129 0.0263295677 -0.0187604502 -0.0676445737 0.026471043 -0.0186493881 -0.0669773519 0.0264022481 -0.0186493881 -0.0669773519 0.0264022481 -0.0187604502 -0.0676445737 0.026471043 -0.0179999992 -0.0676867142 0.0264999997 -0.0186493881 -0.0669773519 0.0264022481 -0.0179999992 -0.0676867142 0.0264999997 -0.0179999992 -0.0670196339 0.0264248941 -0.0239937063 -0.0612247027 0.0237239338 -0.024239853 -0.0624107756 0.0240182057 -0.0230432488 -0.0618565455 0.0240854453 -0.0230432488 -0.0618565455 0.0240854453 -0.024239853 -0.0624107756 0.0240182057 -0.0234379377 -0.06368085 0.0246695243 -0.0230432488 -0.0618565455 0.0240854453 -0.0234379377 -0.06368085 0.0246695243 -0.0224135425 -0.0631044731 0.0246571172 -0.0224135425 -0.0631044731 0.0246571172 -0.0234379377 -0.06368085 0.0246695243 -0.0225718878 -0.0647500902 0.0252246615 -0.0224135425 -0.0631044731 0.0246571172 -0.0225718878 -0.0647500902 0.0252246615 -0.0217231251 -0.0641552657 0.025145309 -0.0217231251 -0.0641552657 0.025145309 -0.0225718878 -0.0647500902 0.0252246615 -0.022323329 -0.0650091022 0.0253601037 -0.0217231251 -0.0641552657 0.025145309 -0.022323329 -0.0650091022 0.0253601037 -0.0215235036 -0.0644098297 0.0252645388 -0.0215235036 -0.0644098297 0.0252645388 -0.022323329 -0.0650091022 0.0253601037 -0.0215607025 -0.0656888038 0.0257173777 -0.0215235036 -0.0644098297 0.0252645388 -0.0215607025 -0.0656888038 0.0257173777 -0.0209078975 -0.0650778785 0.0255792569 -0.0209078975 -0.0650778785 0.0255792569 -0.0215607025 -0.0656888038 0.0257173777 -0.0207786188 -0.066224575 0.026000917 -0.0209078975 -0.0650778785 0.0255792569 -0.0207786188 -0.066224575 0.026000917 -0.0202727709 -0.0656044856 0.0258292314 -0.0202727709 -0.0656044856 0.0258292314 -0.0207786188 -0.066224575 0.026000917 -0.020698728 -0.066270873 0.0260254983 -0.0202727709 -0.0656044856 0.0258292314 -0.020698728 -0.066270873 0.0260254983 -0.0202077217 -0.0656499937 0.0258509126 -0.0202077217 -0.0656499937 0.0258509126 -0.020698728 -0.066270873 0.0260254983 -0.020012591 -0.0666081682 0.0262049865 -0.0202077217 -0.0656499937 0.0258509126 -0.020012591 -0.0666081682 0.0262049865 -0.0196480211 -0.0659815222 0.0260092504 -0.0196480211 -0.0659815222 0.0260092504 -0.020012591 -0.0666081682 0.0262049865 -0.0193296578 -0.0668415129 0.0263295677 -0.0196480211 -0.0659815222 0.0260092504 -0.0193296578 -0.0668415129 0.0263295677 -0.0190895218 -0.0662108734 0.0261191912 -0.0190895218 -0.0662108734 0.0261191912 -0.0193296578 -0.0668415129 0.0263295677 -0.0186493881 -0.0669773519 0.0264022481 -0.0190895218 -0.0662108734 0.0261191912 -0.0186493881 -0.0669773519 0.0264022481 -0.0185323153 -0.0663443953 0.0261833444 -0.0185323153 -0.0663443953 0.0261833444 -0.0186493881 -0.0669773519 0.0264022481 -0.0179999992 -0.0670196339 0.0264248941 -0.0185323153 -0.0663443953 0.0261833444 -0.0179999992 -0.0670196339 0.0264248941 -0.0179999992 -0.0663859546 0.0262033362 -0.0195564609 -0.0675092116 0.0263781287 -0.0203543156 -0.0672767013 0.0262189098 -0.0205881912 -0.0680000037 0.0261592586 -0.0243050605 -0.0643617585 0.0242618434 -0.0252046417 -0.0630981773 0.0234349221 -0.0250710677 -0.0680000037 0.0235710684 -0.0280000009 -0.0670000017 0.0164999999 -0.0280000009 -0.0680000037 0.0164999999 -0.0279531255 -0.0669187084 0.0174671132 -0.0279531255 -0.0669187084 0.0174671132 -0.0280000009 -0.0680000037 0.0164999999 -0.0276592579 -0.0680000037 0.01908819 -0.0279531255 -0.0669187084 0.0174671132 -0.0276592579 -0.0680000037 0.01908819 -0.0278389901 -0.0667199567 0.0182872526 -0.0278389901 -0.0667199567 0.0182872526 -0.0276592579 -0.0680000037 0.01908819 -0.0276555512 -0.0663980246 0.0191019867 -0.0276555512 -0.0663980246 0.0191019867 -0.0276592579 -0.0680000037 0.01908819 -0.0275035091 -0.0661288202 0.019611802 -0.0275035091 -0.0661288202 0.019611802 -0.0276592579 -0.0680000037 0.01908819 -0.0266602542 -0.0680000037 0.0215000007 -0.0275035091 -0.0661288202 0.019611802 -0.0266602542 -0.0680000037 0.0215000007 -0.0271682329 -0.0655273721 0.02049293 -0.0252046417 -0.0630981773 0.0234349221 -0.0255648196 -0.0624881424 0.0230401456 -0.0250710677 -0.0680000037 0.0235710684 -0.0250710677 -0.0680000037 0.0235710684 -0.0255648196 -0.0624881424 0.0230401456 -0.0259431694 -0.0632313117 0.0225750376 -0.0250710677 -0.0680000037 0.0235710684 -0.0259431694 -0.0632313117 0.0225750376 -0.0266602542 -0.0680000037 0.0215000007 -0.0266602542 -0.0680000037 0.0215000007 -0.0259431694 -0.0632313117 0.0225750376 -0.0265856571 -0.064455539 0.021627035 -0.0266602542 -0.0680000037 0.0215000007 -0.0265856571 -0.064455539 0.021627035 -0.0271682329 -0.0655273721 0.02049293 -0.021246817 -0.0668945238 0.0259582344 -0.0221541394 -0.0663608387 0.0255963244 -0.023 -0.0680000037 0.0251602549 -0.023 -0.0680000037 0.0251602549 -0.0221541394 -0.0663608387 0.0255963244 -0.0230335761 -0.0656839535 0.0251407828 -0.023 -0.0680000037 0.0251602549 -0.0230335761 -0.0656839535 0.0251407828 -0.0250710677 -0.0680000037 0.0235710684 -0.0250710677 -0.0680000037 0.0235710684 -0.0230335761 -0.0656839535 0.0251407828 -0.0233187508 -0.0654260665 0.0249682274 -0.0250710677 -0.0680000037 0.0235710684 -0.0233187508 -0.0654260665 0.0249682274 -0.0243050605 -0.0643617585 0.0242618434 -0.0205881912 -0.0680000037 0.0261592586 -0.0203543156 -0.0672767013 0.0262189098 -0.023 -0.0680000037 0.0251602549 -0.023 -0.0680000037 0.0251602549 -0.0203543156 -0.0672767013 0.0262189098 -0.0211538877 -0.0669406503 0.0259896256 -0.023 -0.0680000037 0.0251602549 -0.0211538877 -0.0669406503 0.0259896256 -0.021246817 -0.0668945238 0.0259582344 -0.0195564609 -0.0675092116 0.0263781287 -0.0205881912 -0.0680000037 0.0261592586 -0.0187604502 -0.0676445737 0.026471043 -0.0187604502 -0.0676445737 0.026471043 -0.0205881912 -0.0680000037 0.0261592586 -0.0179999992 -0.0680000037 0.0264999997 -0.0187604502 -0.0676445737 0.026471043 -0.0179999992 -0.0680000037 0.0264999997 -0.0179999992 -0.0676867142 0.0264999997 -0.0280000009 -0.0680000037 0.0164999999 -0.0280000009 -0.0670000017 0.0164999999 -0.0280000009 -0.0680000037 0.00400000019 -0.0280000009 -0.0680000037 0.00400000019 -0.0280000009 -0.0670000017 0.0164999999 -0.0280000009 -0.0670000017 0.00400000019 0.00999999978 2.77555756e-17 0.00588412024 0.00999999978 2.77555756e-17 0.00200000009 0.00887186732 2.77555756e-17 0.00700000022 0.00887186732 2.77555756e-17 0.00700000022 0.00999999978 2.77555756e-17 0.00200000009 -0.00999999978 0 0.00200000009 0.00887186732 2.77555756e-17 0.00700000022 -0.00999999978 0 0.00200000009 -0.00881132949 0 0.00700000022 -0.00881132949 0 0.00700000022 -0.00999999978 0 0.00200000009 -0.00999999978 0 0.00594113115 -0.0116446596 -0.00533789024 0.00618545013 -0.0110989194 -0.00336172641 0.00604855968 -0.0116814664 -0.00548001565 0.00200000009 -0.0116814664 -0.00548001565 0.00200000009 -0.0110989194 -0.00336172641 0.00604855968 -0.00999999978 0 0.00200000009 -0.00999999978 0 0.00200000009 -0.0110989194 -0.00336172641 0.00604855968 -0.0102272732 -0.000637719 0.00594842806 -0.00999999978 0 0.00200000009 -0.0102272732 -0.000637719 0.00594842806 -0.00999999978 0 0.00594113115 -0.0131878713 -0.0125203766 0.00222994783 -0.012847689 -0.0106940772 0.00679147383 -0.0126970112 -0.00993346423 0.00200000009 -0.0126970112 -0.00993346423 0.00200000009 -0.012847689 -0.0106940772 0.00679147383 -0.0121784592 -0.0075232354 0.00639357651 -0.0126970112 -0.00993346423 0.00200000009 -0.0121784592 -0.0075232354 0.00639357651 -0.0116814664 -0.00548001565 0.00200000009 -0.0116814664 -0.00548001565 0.00200000009 -0.0121784592 -0.0075232354 0.00639357651 -0.011681594 -0.00548050785 0.00619727001 -0.0116814664 -0.00548001565 0.00200000009 -0.011681594 -0.00548050785 0.00619727001 -0.0116446596 -0.00533789024 0.00618545013 -0.0147586549 -0.0228546206 0.00314854737 -0.0143608851 -0.0200040843 0.0085127037 -0.0140238125 -0.0176797472 0.00268855854 -0.0140238125 -0.0176797472 0.00268855854 -0.0143608851 -0.0200040843 0.0085127037 -0.0139248688 -0.0170208346 0.00788022019 -0.0140238125 -0.0176797472 0.00268855854 -0.0139248688 -0.0170208346 0.00788022019 -0.0131878713 -0.0125203766 0.00222994783 -0.0131878713 -0.0125203766 0.00222994783 -0.0139248688 -0.0170208346 0.00788022019 -0.0131890764 -0.0125271231 0.00706879888 -0.0131878713 -0.0125203766 0.00222994783 -0.0131890764 -0.0125271231 0.00706879888 -0.012847689 -0.0106940772 0.00679147383 -0.0158009212 -0.0301580504 0.00379774091 -0.0150678437 -0.0250897855 0.00974491145 -0.0147586549 -0.0228546206 0.00314854737 -0.0147586549 -0.0228546206 0.00314854737 -0.0150678437 -0.0250897855 0.00974491145 -0.0147601236 -0.0228652507 0.00918318238 -0.0147586549 -0.0228546206 0.00314854737 -0.0147601236 -0.0228652507 0.00918318238 -0.0143608851 -0.0200040843 0.0085127037 -0.0180265233 -0.0416941009 0.0149108879 -0.017875107 -0.0410618857 0.0146859102 -0.0180259403 -0.0416916981 0.00400000019 -0.0180259403 -0.0416916981 0.00400000019 -0.017875107 -0.0410618857 0.0146859102 -0.0168347042 -0.0362065956 0.0130282585 -0.0180259403 -0.0416916981 0.00400000019 -0.0168347042 -0.0362065956 0.0130282585 -0.0165565051 -0.0347178504 0.00400000019 -0.0165565051 -0.0347178504 0.00400000019 -0.0168347042 -0.0362065956 0.0130282585 -0.0164230317 -0.0339680053 0.0123072071 -0.0165565051 -0.0347178504 0.00400000019 -0.0164230317 -0.0339680053 0.0123072071 -0.0164222065 -0.0339632966 0.00399447186 -0.0164222065 -0.0339632966 0.00399447186 -0.0164230317 -0.0339680053 0.0123072071 -0.0162890926 -0.0331915691 0.0120638767 -0.0164222065 -0.0339632966 0.00399447186 -0.0162890926 -0.0331915691 0.0120638767 -0.0158009212 -0.0301580504 0.00379774091 -0.0158009212 -0.0301580504 0.00379774091 -0.0162890926 -0.0331915691 0.0120638767 -0.0155079747 -0.0281937215 0.0105843879 -0.0158009212 -0.0301580504 0.00379774091 -0.0155079747 -0.0281937215 0.0105843879 -0.0150678437 -0.0250897855 0.00974491145 -0.0180265233 -0.0416941009 0.0149108879 -0.0180259403 -0.0416916981 0.00400000019 -0.0186137687 -0.0440064035 0.0157512147 -0.0186137687 -0.0440064035 0.0157512147 -0.0180259403 -0.0416916981 0.00400000019 -0.0200395621 -0.0488936678 0.00400000019 -0.0186137687 -0.0440064035 0.0157512147 -0.0200395621 -0.0488936678 0.00400000019 -0.0198598597 -0.0483243465 0.0173927918 -0.022749126 -0.0563270189 0.020681439 -0.0223559588 -0.0553590767 0.0202665497 -0.0227477755 -0.056323763 0.00400000019 -0.0227477755 -0.056323763 0.00400000019 -0.0223559588 -0.0553590767 0.0202665497 -0.0209342353 -0.0515666306 0.0186865944 -0.0227477755 -0.056323763 0.00400000019 -0.0209342353 -0.0515666306 0.0186865944 -0.0200395621 -0.0488936678 0.00400000019 -0.0200395621 -0.0488936678 0.00400000019 -0.0209342353 -0.0515666306 0.0186865944 -0.0200402196 -0.0488957278 0.0176170003 -0.0200395621 -0.0488936678 0.00400000019 -0.0200402196 -0.0488957278 0.0176170003 -0.0198598597 -0.0483243465 0.0173927918 -0.0259431694 -0.0632313117 0.00400000019 -0.0280000009 -0.0670000017 0.00400000019 -0.0280000009 -0.0670000017 0.0164999999 -0.0275035091 -0.0661288202 0.019611802 -0.0271682329 -0.0655273721 0.02049293 -0.0269455612 -0.0651217997 0.0195375178 -0.0269455612 -0.0651217997 0.0195375178 -0.0271682329 -0.0655273721 0.02049293 -0.0265856571 -0.064455539 0.021627035 -0.0269455612 -0.0651217997 0.0195375178 -0.0265856571 -0.064455539 0.021627035 -0.0259431694 -0.0632313117 0.0225750376 -0.0279531255 -0.0669187084 0.0174671132 -0.0278389901 -0.0667199567 0.0182872526 -0.0269455612 -0.0651217997 0.0195375178 -0.0269455612 -0.0651217997 0.0195375178 -0.0278389901 -0.0667199567 0.0182872526 -0.0276555512 -0.0663980246 0.0191019867 -0.0269455612 -0.0651217997 0.0195375178 -0.0276555512 -0.0663980246 0.0191019867 -0.0275035091 -0.0661288202 0.019611802 -0.0253457408 -0.0620498322 0.0232347585 -0.022749126 -0.0563270189 0.020681439 -0.0255648196 -0.0624881424 0.0230401456 -0.0255648196 -0.0624881424 0.0230401456 -0.022749126 -0.0563270189 0.020681439 -0.0227477755 -0.056323763 0.00400000019 -0.0255648196 -0.0624881424 0.0230401456 -0.0227477755 -0.056323763 0.00400000019 -0.0259431694 -0.0632313117 0.0225750376 -0.0259431694 -0.0632313117 0.0225750376 -0.0227477755 -0.056323763 0.00400000019 -0.0259431694 -0.0632313117 0.00400000019 -0.0259431694 -0.0632313117 0.0225750376 -0.0259431694 -0.0632313117 0.00400000019 -0.0269455612 -0.0651217997 0.0195375178 -0.0269455612 -0.0651217997 0.0195375178 -0.0259431694 -0.0632313117 0.00400000019 -0.0280000009 -0.0670000017 0.0164999999 -0.0269455612 -0.0651217997 0.0195375178 -0.0280000009 -0.0670000017 0.0164999999 -0.0279531255 -0.0669187084 0.0174671132 0.0126970112 -0.00993346423 0.00200000009 0.0126775987 -0.00983753428 0.00661450811 0.0131878713 -0.0125203766 0.00222994783 0.0131878713 -0.0125203766 0.00222994783 0.0126775987 -0.00983753428 0.00661450811 0.0131890355 -0.0125268931 0.00700952532 0.0131878713 -0.0125203766 0.00222994783 0.0131890355 -0.0125268931 0.00700952532 0.0140238125 -0.0176797472 0.00268855854 0.0140238125 -0.0176797472 0.00268855854 0.0131890355 -0.0125268931 0.00700952532 0.0137050152 -0.015600902 0.00754509307 0.0140238125 -0.0176797472 0.00268855854 0.0137050152 -0.015600902 0.00754509307 0.0147586549 -0.0228546206 0.00314854737 0.0164237674 -0.0339722 0.0122458441 0.0168452431 -0.0362611301 0.0129828267 0.0180259403 -0.0416916981 0.00400000019 0.0137050152 -0.015600902 0.00754509307 0.0147594344 -0.0228602644 0.00912149251 0.0147586549 -0.0228546206 0.00314854737 0.0147586549 -0.0228546206 0.00314854737 0.0147594344 -0.0228602644 0.00912149251 0.0148936221 -0.0238319132 0.00936244987 0.0147586549 -0.0228546206 0.00314854737 0.0148936221 -0.0238319132 0.00936244987 0.0158009212 -0.0301580504 0.00379774091 0.0158009212 -0.0301580504 0.00379774091 0.0148936221 -0.0238319132 0.00936244987 0.0160970613 -0.0320361257 0.0116461674 0.0158009212 -0.0301580504 0.00379774091 0.0160970613 -0.0320361257 0.0116461674 0.0164222065 -0.0339632966 0.00399447186 0.0164222065 -0.0339632966 0.00399447186 0.0160970613 -0.0320361257 0.0116461674 0.0164237674 -0.0339722 0.0122458441 0.0164222065 -0.0339632966 0.00399447186 0.0164237674 -0.0339722 0.0122458441 0.0165565051 -0.0347178504 0.00400000019 0.0165565051 -0.0347178504 0.00400000019 0.0164237674 -0.0339722 0.0122458441 0.0180259403 -0.0416916981 0.00400000019 0.0168452431 -0.0362611301 0.0129828267 0.0176621303 -0.0401444174 0.0142985471 0.0180259403 -0.0416916981 0.00400000019 0.0180259403 -0.0416916981 0.00400000019 0.0176621303 -0.0401444174 0.0142985471 0.0180272739 -0.0416972004 0.014846907 0.0180259403 -0.0416916981 0.00400000019 0.0180272739 -0.0416972004 0.014846907 0.0200395621 -0.0488936678 0.00400000019 0.0180272739 -0.0416972004 0.014846907 0.0197243504 -0.047887072 0.0171549339 0.0200395621 -0.0488936678 0.00400000019 0.0200395621 -0.0488936678 0.00400000019 0.0197243504 -0.047887072 0.0171549339 0.0200405754 -0.048896838 0.0175496601 0.0200395621 -0.0488936678 0.00400000019 0.0200405754 -0.048896838 0.0175496601 0.0227477755 -0.056323763 0.00400000019 0.0227477755 -0.056323763 0.00400000019 0.0200405754 -0.048896838 0.0175496601 0.020961469 -0.0516441539 0.018649241 0.020961469 -0.0516441539 0.018649241 0.0220400095 -0.0545577593 0.0198564511 0.0227477755 -0.056323763 0.00400000019 0.0227477755 -0.056323763 0.00400000019 0.0220400095 -0.0545577593 0.0198564511 0.0227497295 -0.0563284829 0.0206109975 0.0227477755 -0.056323763 0.00400000019 0.0227497295 -0.0563284829 0.0206109975 0.0259431694 -0.0632313117 0.00400000019 0.0227497295 -0.0563284829 0.0206109975 0.0248055682 -0.0609426536 0.0226535648 0.0259431694 -0.0632313117 0.00400000019 0.0259431694 -0.0632313117 0.00400000019 0.0248055682 -0.0609426536 0.0226535648 0.0253913142 -0.0621415041 0.023203006 0.0259431694 -0.0632313117 0.00400000019 0.0253913142 -0.0621415041 0.023203006 0.0255648196 -0.0624881424 0.0230401456 0.0276050773 -0.0663088933 0.0192825329 0.0278162993 -0.0666803047 0.0184079465 0.0269455612 -0.0651217997 0.0195375178 0.0269455612 -0.0651217997 0.0195375178 0.0278162993 -0.0666803047 0.0184079465 0.0279523805 -0.0669174194 0.0174747445 0.0269455612 -0.0651217997 0.0195375178 0.0279523805 -0.0669174194 0.0174747445 0.0280000009 -0.0670000017 0.0164999999 0.0259431694 -0.0632313117 0.0225750376 0.026679514 -0.0646305978 0.0214664936 0.0269455612 -0.0651217997 0.0195375178 0.0269455612 -0.0651217997 0.0195375178 0.026679514 -0.0646305978 0.0214664936 0.0273355003 -0.0658287928 0.0200844724 0.0269455612 -0.0651217997 0.0195375178 0.0273355003 -0.0658287928 0.0200844724 0.0276050773 -0.0663088933 0.0192825329 0.0280000009 -0.0670000017 0.0164999999 0.0280000009 -0.0670000017 0.00400000019 0.0269455612 -0.0651217997 0.0195375178 0.0269455612 -0.0651217997 0.0195375178 0.0280000009 -0.0670000017 0.00400000019 0.0259431694 -0.0632313117 0.00400000019 0.0269455612 -0.0651217997 0.0195375178 0.0259431694 -0.0632313117 0.00400000019 0.0259431694 -0.0632313117 0.0225750376 0.0259431694 -0.0632313117 0.0225750376 0.0259431694 -0.0632313117 0.00400000019 0.0255648196 -0.0624881424 0.0230401456 0.00999999978 2.77555756e-17 0.00200000009 0.00999999978 2.77555756e-17 0.00588412024 0.0116814664 -0.00548001565 0.00200000009 0.0116814664 -0.00548001565 0.00200000009 0.00999999978 2.77555756e-17 0.00588412024 0.01110519 -0.00338312937 0.00599186914 0.01110519 -0.00338312937 0.00599186914 0.0115255136 -0.00488586631 0.00609148201 0.0116814664 -0.00548001565 0.00200000009 0.0116814664 -0.00548001565 0.00200000009 0.0115255136 -0.00488586631 0.00609148201 0.0116818864 -0.00548164174 0.006139067 0.0116814664 -0.00548001565 0.00200000009 0.0116818864 -0.00548164174 0.006139067 0.0126970112 -0.00993346423 0.00200000009 0.0126970112 -0.00993346423 0.00200000009 0.0116818864 -0.00548164174 0.006139067 0.0121838357 -0.00754668424 0.00633749319 0.0126970112 -0.00993346423 0.00200000009 0.0121838357 -0.00754668424 0.00633749319 0.0126775987 -0.00983753428 0.00661450811 0.0262272414 -0.0710000023 0.0212500002 0.0161655452 -0.0710000023 0.0161249992 0.0271762945 -0.0710000023 0.0189587809 0.0271762945 -0.0710000023 0.0189587809 0.0161655452 -0.0710000023 0.0161249992 0.0164000001 -0.0710000023 0.0152500002 0.0271762945 -0.0710000023 0.0189587809 0.0164000001 -0.0710000023 0.0152500002 0.0274999999 -0.0710000023 0.0164999999 0.0274999999 -0.0710000023 0.0164999999 0.0164000001 -0.0710000023 0.0152500002 0.0274999999 -0.0710000023 0.00400000019 0.0164000001 -0.0710000023 0.0152500002 0.0161655452 -0.0710000023 0.0143750003 0.0274999999 -0.0710000023 0.00400000019 0.0274999999 -0.0710000023 0.00400000019 0.0161655452 -0.0710000023 0.0143750003 0.0155250002 -0.0710000023 0.0137344552 0.0274999999 -0.0710000023 0.00400000019 0.0155250002 -0.0710000023 0.0137344552 0.00915000029 -0.0710000023 0.00400000019 0.00915000029 -0.0710000023 0.00400000019 0.0155250002 -0.0710000023 0.0137344552 0.0146500003 -0.0710000023 0.0135000004 0.00915000029 -0.0710000023 0.00400000019 0.0146500003 -0.0710000023 0.0135000004 0.0137750003 -0.0710000023 0.0137344552 0.0137750003 -0.0710000023 0.0137344552 0.0131344553 -0.0710000023 0.0143750003 0.00915000029 -0.0710000023 0.00400000019 0.00915000029 -0.0710000023 0.00400000019 0.0131344553 -0.0710000023 0.0143750003 0.0129000004 -0.0710000023 0.0152500002 0.00915000029 -0.0710000023 0.00400000019 0.0129000004 -0.0710000023 0.0152500002 0.00915000029 -0.0710000023 0.0260000005 0.0129000004 -0.0710000023 0.0152500002 0.0131344553 -0.0710000023 0.0161249992 0.00915000029 -0.0710000023 0.0260000005 0.00915000029 -0.0710000023 0.0260000005 0.0131344553 -0.0710000023 0.0161249992 0.0137750003 -0.0710000023 0.0167655442 0.00915000029 -0.0710000023 0.0260000005 0.0137750003 -0.0710000023 0.0167655442 0.0179999992 -0.0710000023 0.0260000005 0.0179999992 -0.0710000023 0.0260000005 0.0137750003 -0.0710000023 0.0167655442 0.0146500003 -0.0710000023 0.0170000009 0.0179999992 -0.0710000023 0.0260000005 0.0146500003 -0.0710000023 0.0170000009 0.0204587802 -0.0710000023 0.0256762952 0.0204587802 -0.0710000023 0.0256762952 0.0146500003 -0.0710000023 0.0170000009 0.0155250002 -0.0710000023 0.0167655442 0.0204587802 -0.0710000023 0.0256762952 0.0155250002 -0.0710000023 0.0167655442 0.0227499995 -0.0710000023 0.0247272421 0.0227499995 -0.0710000023 0.0247272421 0.0155250002 -0.0710000023 0.0167655442 0.0161655452 -0.0710000023 0.0161249992 0.0227499995 -0.0710000023 0.0247272421 0.0161655452 -0.0710000023 0.0161249992 0.0247175153 -0.0710000023 0.0232175142 0.0247175153 -0.0710000023 0.0232175142 0.0161655452 -0.0710000023 0.0161249992 0.0262272414 -0.0710000023 0.0212500002 0.0280000009 -0.0705000013 0.00400000019 0.0280000009 -0.0705000013 0.0164999999 0.0274999999 -0.0710000023 0.00400000019 0.0274999999 -0.0710000023 0.00400000019 0.0280000009 -0.0705000013 0.0164999999 0.0274999999 -0.0710000023 0.0164999999 0.00865000021 -0.0705000013 0.0264999997 0.00865000021 -0.0700000003 0.0264999997 0.00865000021 -0.0705000013 0.00400000019 0.00865000021 -0.0705000013 0.00400000019 0.00865000021 -0.0700000003 0.0264999997 0.00865000021 -0.0700000003 0.00400000019 0.00915000029 -0.0710000023 0.00400000019 0.00915000029 -0.0710000023 0.0260000005 0.00865000021 -0.0705000013 0.00400000019 0.00865000021 -0.0705000013 0.00400000019 0.00915000029 -0.0710000023 0.0260000005 0.00865000021 -0.0705000013 0.0264999997</float_array>
          <technique_common>
            <accessor source="#link7-mesh-positions-array" count="6258" stride="3">
              <param name="X" type="float"/>
              <param name="Y" type="float"/>
              <param name="Z" type="float"/>
            </accessor>
          </technique_common>
        </source>
        <source id="link7-mesh-normals">
          <float_array id="link7-mesh-normals-array" count="6258">0 -1 0 0 -1 0 0 0 -1 0 0 -1 0 0 -1 0 0 -1 0 0 -1 0 0 -1 0 0 -1 -1 0 0 -1 0 0 -1 0 0 0 0 1 0 0 1 0 0 1 0 0 1 0 0 1 0 0 1 0 0 1 1 0 0 1 0 0 1 0 0 0 1 0 0 1 0 0 1 0 0 1 0 0 1 0 0 1 0 0 1 0 0 1 0 0 1 0 0 1 0 0 1 0 0 1 0 0 1 0 0 1 0 0 1 0 0 1 0 0 1 0 0 1 0 0 1 0 0 1 0 0 1 0 0 1 0 0 1 0 0 1 0 0 1 0 0 1 0 0 1 0 0 1 0 0 1 0 0 1 0 0 1 0 0 1 0 0 1 0 0 1 0 0 1 0 0 1 0 0 1 0 0 1 0 0 1 0 0 1 0 0 1 0 0 1 0 0 1 0 0 1 0 0 1 0 0 1 0 0 1 0 0 1 0 0 1 0 0 1 0 0 1 0 0 1 0 0 1 0 0 1 0 0 1 0 0 1 0 0 1 0 0 1 0 0 1 0 0 1 0 0 1 0 0 1 0 0 1 0 0 1 0 0 1 0 0 1 0 0 1 0 0 1 0 0 1 0 0 1 0 0 1 0 0 1 0 0 1 0 0 1 0 0 1 0 0 1 0 0 1 0 0 1 0 0 1 0 0 1 0 0 1 0 0 1 0 0 1 0 0 1 0 0 1 0 0 -1 0 0 -1 0 -0.37349498 0.849119216 -0.373494386 -0.136709312 0.849119389 -0.510202731 -0.37349498 0.849119216 0.373494386 -0.510202976 0.849119302 0.136708943 -0.510202976 0.849119302 -0.136708943 0.37349522 0.849119267 0.373494032 0.136709156 0.849119408 0.510202742 -0.136709312 0.849119389 0.510202731 0.37349522 0.849119267 -0.373494032 0.510202976 0.849119302 -0.136708943 0.510202976 0.849119302 0.136708943 0.136709156 0.849119408 -0.510202742 -0.258819152 0.00338971769 -0.96591985 -0.482487323 0 -0.875902953 -0.678060669 0 -0.735005939 -0.707093655 0.00622216915 -0.707092531 -0.845192847 0 -0.534461458 -0.948536094 0 -0.316669035 -0.965890763 0.00849361745 -0.258810535 -0.998175564 0 -0.0603783422 -0.983620053 0 0.180254242 -0.965875349 0.0102006834 0.258806405 -0.903447607 0 0.42869852 -0.774606491 0 0.632443503 -0.707061876 0.0113400539 0.707060752 -0.584520249 0 0.811379121 -0.373359826 0 0.927686607 -0.258802283 0.0119096411 0.965856894 -0.120542497 0 0.992708168 0.120542497 0 0.992708168 0.258802002 0.0119096167 0.965856969 0.373359108 0 0.927686896 0.584521622 0 0.811378132 0.707062439 0.0113399647 0.70706019 0.774606491 0 0.632443503 0.903447607 0 0.42869852 0.965875349 0.0102006834 0.258806405 0.983620053 0 0.180254242 0.998175564 0 -0.0603783422 0.965890763 0.00849361745 -0.258810535 0.948536094 0 -0.316669035 0.845196112 0 -0.534456295 0.707094217 0.00622229192 -0.707091968 0.678060669 0 -0.735005939 0.482481215 0 -0.875906318 0.258818871 0.00338966871 -0.965919925 0.239314554 0 -0.970942091 -0.239314554 0 -0.970942091 0.48329501 0.684708357 -0.545527634 0.48535484 0.69830684 -0.526116181 0.597886698 0.706819399 -0.378071201 0.690280515 0.674521358 -0.261789511 0.677527084 0.699852811 -0.226192603 0.706460786 0.706460938 -0.0427328946 0.740244997 0.666302195 0.089881756 0.701244334 0.701243382 0.128507207 0.639871609 0.705956335 0.303628024 0.618084407 0.660269943 0.426632474 0.551287756 0.702483116 0.450110299 0.41436751 0.705308776 0.575186142 0.350518961 0.656582961 0.667858723 0.265317196 0.703574001 0.659234716 0 0.696606334 0.717453564 0.0973663614 0.589546096 0.801844868 -0.0855476408 0.704515458 0.704513712 -0.333416967 0.696606507 0.635273564 -0.295695577 0.610539869 0.734714362 -0.414366572 0.705308715 0.575186892 -0.590453833 0.69660554 0.407559802 -0.601447917 0.630171375 0.491064601 -0.639872207 0.705955671 0.303628308 -0.7122237 0.696605055 0.0864800454 -0.748730969 0.648517935 0.137209416 -0.706460786 0.706460938 -0.0427328946 -0.670830293 0.696606593 -0.254412997 -0.707851655 0.665657991 -0.236316469 -0.597883792 0.706820105 -0.378074477 -0.475759593 0.696606264 -0.537021901 -0.496114307 0.681662721 -0.537779256 -0.3412054 0.707033523 -0.619421079 -0.171699051 0.696604501 -0.69660721 -0.171697136 0.696606092 -0.696606092 0.171698727 0.696605895 -0.696605895 0.171697551 0.696604305 -0.696607776 0.341201057 0.707033572 -0.619423414 -0.37349522 0.849119267 -0.373494032 -0.136708105 0.84911927 -0.510203254 -0.37349499 0.849119468 0.373493802 -0.510202998 0.849119339 0.136708631 -0.510202976 0.849119302 -0.136708943 0.373494751 0.849119418 0.373494157 0.136708147 0.849119527 0.510202814 -0.13670799 0.849119545 0.510202825 0.37349498 0.849119216 -0.373494386 0.510202976 0.849119302 -0.136708943 0.510202998 0.849119339 0.136708631 0.136708261 0.849119251 -0.510203242 -0.258816773 0.00338890775 -0.96592049 -0.482436861 0 -0.875930748 -0.6780621 0 -0.735004618 -0.707094218 0.00622200246 -0.707091969 -0.845191983 0 -0.534462825 -0.948536094 0 -0.316669035 -0.965890763 0.00849361745 -0.258810535 -0.998175564 0 -0.0603783422 -0.983620053 0 0.180254242 -0.965875501 0.0102006098 0.258805843 -0.903448937 0 0.428695718 -0.77460504 0 0.63244528 -0.707062441 0.0113396753 0.707060193 -0.584525434 0 0.811375386 -0.373359108 0 0.927686896 -0.258799903 0.0119098297 0.965857529 -0.120537738 0 0.992708746 0.120537738 0 0.992708746 0.258800184 0.0119098542 0.965857453 0.373359826 0 0.927686607 0.584524061 0 0.811376375 0.707061878 0.0113397645 0.707060754 0.77460504 0 0.63244528 0.903448937 0 0.428695718 0.965875501 0.0102006098 0.258805843 0.983620053 0 0.180254242 0.998175564 0 -0.0603783422 0.965890763 0.00849361745 -0.258810535 0.948536094 0 -0.316669035 0.845188718 0 -0.534467988 0.707093657 0.0062218797 -0.707092532 0.6780621 0 -0.735004618 0.482442968 0 -0.875927384 0.258817055 0.00338895672 -0.965920415 0.239316847 0 -0.970941526 -0.239316847 0 -0.970941526 0.483295426 0.684707689 -0.545528104 0.48535542 0.698307512 -0.526114755 0.597880778 0.706820216 -0.378079037 0.690281316 0.674520627 -0.261789283 0.677527972 0.699851856 -0.226192899 0.706460963 0.706460761 -0.0427329053 0.74024481 0.666302287 0.0898826129 0.701244786 0.701242915 0.12850729 0.639872501 0.70595639 0.303626016 0.618084876 0.66026912 0.426633069 0.551286622 0.702483248 0.450111482 0.414369177 0.705308883 0.575184809 0.350520276 0.656582484 0.667858501 0.26531772 0.703573962 0.659234546 0 0.696606334 0.717453564 0.0973620632 0.589551259 0.801841594 -0.0855442882 0.704515251 0.704514326 -0.333418102 0.696606358 0.635273131 -0.295695782 0.610537182 0.734716512 -0.414370115 0.705308944 0.575184059 -0.590452944 0.696605704 0.40756081 -0.601446907 0.630171188 0.491066077 -0.639871903 0.705957054 0.303625732 -0.712222913 0.696605935 0.0864794343 -0.748730417 0.648518593 0.137209315 -0.706460963 0.706460761 -0.0427329053 -0.670831395 0.696605568 -0.254412898 -0.707852116 0.665657446 -0.236316623 -0.597883684 0.706819509 -0.378075762 -0.47575992 0.696605757 -0.53702227 -0.496116646 0.681660677 -0.53777969 -0.341168898 0.707035215 -0.619439252 -0.171698706 0.696605985 -0.696605811 -0.17169883 0.696605883 -0.696605883 0.171698727 0.696605895 -0.696605895 0.171698803 0.696605998 -0.696605774 0.341173241 0.707035166 -0.619436917 -0.37349522 0.849119267 -0.373494032 -0.136709156 0.849119408 -0.510202742 -0.37349522 0.849119267 0.373494032 -0.510202976 0.849119302 0.136708943 -0.510202976 0.849119302 -0.136708943 0.37349498 0.849119216 0.373494386 0.136709312 0.849119389 0.510202731 -0.136709156 0.849119408 0.510202742 0.37349498 0.849119216 -0.373494386 0.510202976 0.849119302 -0.136708943 0.510202976 0.849119302 0.136708943 0.136709312 0.849119389 -0.510202731 -0.258818871 0.00338966871 -0.965919925 -0.482481215 0 -0.875906318 -0.678060669 0 -0.735005939 -0.707094217 0.00622229192 -0.707091968 -0.845196112 0 -0.534456295 -0.948536094 0 -0.316669035 -0.965890763 0.00849361745 -0.258810535 -0.998175564 0 -0.0603783422 -0.983620053 0 0.180254242 -0.965875349 0.0102006834 0.258806405 -0.903447607 0 0.42869852 -0.774606491 0 0.632443503 -0.707062439 0.0113399647 0.70706019 -0.584521622 0 0.811378132 -0.373359108 0 0.927686896 -0.258802002 0.0119096167 0.965856969 -0.120542497 0 0.992708168 0.120542497 0 0.992708168 0.258802283 0.0119096411 0.965856894 0.373359826 0 0.927686607 0.584520249 0 0.811379121 0.707061876 0.0113400539 0.707060752 0.774606491 0 0.632443503 0.903447607 0 0.42869852 0.965875349 0.0102006834 0.258806405 0.983620053 0 0.180254242 0.998175564 0 -0.0603783422 0.965890763 0.00849361745 -0.258810535 0.948536094 0 -0.316669035 0.845192847 0 -0.534461458 0.707093655 0.00622216915 -0.707092531 0.678060669 0 -0.735005939 0.482487323 0 -0.875902953 0.258819152 0.00338971769 -0.96591985 0.239314554 0 -0.970942091 -0.239314554 0 -0.970942091 0.483294679 0.684708888 -0.54552726 0.4853545 0.698307355 -0.526115812 0.597883792 0.706820105 -0.378074477 0.690280515 0.674521358 -0.261789511 0.677527084 0.699852811 -0.226192603 0.706460786 0.706460938 -0.0427328946 0.740245141 0.666301936 0.0898824814 0.701245048 0.701242645 0.128507338 0.639872207 0.705955671 0.303628308 0.61808507 0.660269487 0.426632219 0.551287756 0.702483116 0.450110299 0.414366572 0.705308715 0.575186892 0.350518794 0.656583374 0.667858404 0.26531772 0.703573962 0.659234546 0 0.696606334 0.717453564 0.0973663614 0.589546096 0.801844868 -0.0855476408 0.704515458 0.704513712 -0.333416967 0.696606507 0.635273564 -0.295695233 0.61053909 0.734715148 -0.41436751 0.705308776 0.575186142 -0.59045346 0.696605609 0.407560225 -0.601447445 0.630172125 0.491064215 -0.639871609 0.705956335 0.303628024 -0.71222313 0.696605731 0.0864792952 -0.748730969 0.648517935 0.137209416 -0.706460786 0.706460938 -0.0427328946 -0.670830293 0.696606593 -0.254412997 -0.707851655 0.665657991 -0.236316469 -0.597886698 0.706819399 -0.378071201 -0.47575992 0.696605757 -0.53702227 -0.496114655 0.681662172 -0.537779633 -0.341201057 0.707033572 -0.619423414 -0.171699051 0.696604501 -0.69660721 -0.171697136 0.696606092 -0.696606092 0.171698727 0.696605895 -0.696605895 0.171697551 0.696604305 -0.696607776 0.3412054 0.707033523 -0.619421079 -0.37349498 0.849119216 -0.373494386 -0.136708261 0.849119251 -0.510203242 -0.373494751 0.849119418 0.373494157 -0.510202998 0.849119339 0.136708631 -0.510202976 0.849119302 -0.136708943 0.37349499 0.849119468 0.373493802 0.13670799 0.849119545 0.510202825 -0.136708147 0.849119527 0.510202814 0.37349522 0.849119267 -0.373494032 0.510202976 0.849119302 -0.136708943 0.510202998 0.849119339 0.136708631 0.136708105 0.84911927 -0.510203254 -0.258817055 0.00338895672 -0.965920415 -0.482442968 0 -0.875927384 -0.6780621 0 -0.735004618 -0.707093657 0.0062218797 -0.707092532 -0.845188718 0 -0.534467988 -0.948536094 0 -0.316669035 -0.965890763 0.00849361745 -0.258810535 -0.998175564 0 -0.0603783422 -0.983620053 0 0.180254242 -0.965875501 0.0102006098 0.258805843 -0.903448937 0 0.428695718 -0.77460504 0 0.63244528 -0.707061878 0.0113397645 0.707060754 -0.584524061 0 0.811376375 -0.373359826 0 0.927686607 -0.258800184 0.0119098542 0.965857453 -0.120537738 0 0.992708746 0.120537738 0 0.992708746 0.258799903 0.0119098297 0.965857529 0.373359108 0 0.927686896 0.584525434 0 0.811375386 0.707062441 0.0113396753 0.707060193 0.77460504 0 0.63244528 0.903448937 0 0.428695718 0.965875501 0.0102006098 0.258805843 0.983620053 0 0.180254242 0.998175564 0 -0.0603783422 0.965890763 0.00849361745 -0.258810535 0.948536094 0 -0.316669035 0.845191983 0 -0.534462825 0.707094218 0.00622200246 -0.707091969 0.6780621 0 -0.735004618 0.482436861 0 -0.875930748 0.258816773 0.00338890775 -0.96592049 0.239316847 0 -0.970941526 -0.239316847 0 -0.970941526 0.483295757 0.684707157 -0.545528477 0.485355761 0.698306997 -0.526115124 0.597883684 0.706819509 -0.378075762 0.690281316 0.674520627 -0.261789283 0.677527972 0.699851856 -0.226192899 0.706460963 0.706460761 -0.0427329053 0.740244665 0.666302546 0.0898818876 0.701244073 0.701243653 0.128507159 0.639871903 0.705957054 0.303625732 0.618084213 0.660269576 0.426633324 0.551286622 0.702483248 0.450111482 0.414370115 0.705308944 0.575184059 0.350520443 0.656582072 0.667858819 0.265317196 0.703574001 0.659234716 0 0.696606334 0.717453564 0.0973620632 0.589551259 0.801841594 -0.0855442882 0.704515251 0.704514326 -0.333418102 0.696606358 0.635273131 -0.295696126 0.610537962 0.734715726 -0.414369177 0.705308883 0.575184809 -0.590453318 0.696605635 0.407560386 -0.601447379 0.630170438 0.491066462 -0.639872501 0.70595639 0.303626016 -0.712223483 0.69660526 0.0864801844 -0.748730417 0.648518593 0.137209315 -0.706460963 0.706460761 -0.0427329053 -0.670831395 0.696605568 -0.254412898 -0.707852116 0.665657446 -0.236316623 -0.597880778 0.706820216 -0.378079037 -0.475759593 0.696606264 -0.537021901 -0.496116299 0.681661226 -0.537779314 -0.341173241 0.707035166 -0.619436917 -0.171698706 0.696605985 -0.696605811 -0.17169883 0.696605883 -0.696605883 0.171698727 0.696605895 -0.696605895 0.171698803 0.696605998 -0.696605774 0.341168898 0.707035215 -0.619439252 0.866025543 0 -0.499999759 0.987688354 0 -0.156434379 0.994488576 -0.00818688214 -0.104524868 0.998629531 0 0.052336035 0.951056429 0 0.309017264 0.951056429 0 0.309017264 0.743145073 0 0.669130332 0.743145073 0 0.669130332 0.406736744 0 0.913545413 0.406736744 0 0.913545413 0 0 1 0 0 1 -0.406736744 0 0.913545413 -0.406736744 0 0.913545413 -0.743145073 0 0.669130332 -0.743145073 0 0.669130332 -0.951056429 0 0.309017264 -0.951056429 0 0.309017264 -0.994521905 0 -0.104528371 -0.994521905 0 -0.104528371 -0.866025543 0 -0.499999759 -0.866025543 0 -0.499999759 -0.587784589 0 -0.809017477 -0.587784589 0 -0.809017477 -0.207912004 0 -0.978147534 -0.207912004 1.83896069e-16 -0.978147534 0.207912004 -1.92597808e-16 -0.978147534 0.207912004 0 -0.978147534 0.587784589 0 -0.809017477 0.587784589 0 -0.809017477 0.866025543 0 -0.499999759 0 -1 0 0 -1 0 0 -1 0 0 -1 0 0 -1 0 0 -1 0 0 -1 0 0 -1 0 0 -1 0 0 -1 0 0 -1 0 0 -1 0 0 -1 0 0 -1 0 0 -1 0 0 -1 0 0 -1 0 0 -1 0 0 -1 0 0 -1 0 1 0 0 1 0 0 -1 0 0 -1 0 0 0 0 1 0 0 1 0 0 1 0 0 1 0 0 1 0 0 1 0 0 1 0 0 1 0 0 1 0 0 1 0 0 1 0 0 1 0 0 1 0 0 1 0 0 1 0 0 1 0 0 1 0 0 1 0 0 1 0 0 1 0 0 1 0 0 1 0 0.0492734063 0.998785328 0 0.0492734063 0.998785328 0 0.00496584935 0.99998767 0 0.00496584935 0.99998767 0 0.0885397896 0.996072641 0 0.0885397896 0.996072641 0 0.0885397628 0.996072643 0 0.0885397628 0.996072643 0 0.0885398286 0.996072637 0 0.0885398286 0.996072637 0 0.0885397052 0.996072648 0 0.0885397052 0.996072648 0 0 1 0 0 1 0 0 1 0 0 1 -1 0 0 0 -1 0 0 -1 0 -9.81698598e-19 2.52011686e-17 -1 -9.81697083e-19 2.52011767e-17 -1 -9.81697083e-19 2.52011764e-17 -1 -9.8169668e-19 2.52011779e-17 -1 0 -0.0885397858 -0.996072641 2.06285914e-17 -0.0885397743 -0.996072642 0 -0.0885397743 -0.996072642 0 -0.0885397836 -0.996072641 0 -0.0885397836 -0.996072641 0 -0.0885398077 -0.996072639 0 -0.0885398077 -0.996072639 0 -0.0885397858 -0.996072641 0 0 -1 0 0 -1 0 0 -1 0 0 -1 0 0 -1 0 0 -1 0 0 -1 0 0 -1 0 0 -1 0 0 -1 0 0 -1 0 0 -1 0 0 -1 0 0 -1 0 0 -1 0 0 -1 0 0 -1 0 0 -1 0 0 -1 0 0 -1 0 0 -1 0 -0.0494737455 -0.998775424 0 -0.0494737455 -0.998775424 0 -0.00516619103 -0.999986655 0 -0.00516619103 -0.999986655 1 0 0 1 0 0 0 -1 0 0 -1 0 -1 0 0 -1 0 0 -0.70710744 -0.707106123 0 -0.70710744 -0.707106123 0 0.707106781 -0.707106781 0 0.707106781 -0.707106781 0 0 1 0 0 1 0 0.975001227 0.222196529 -0.00114423637 0.982578576 0.185846858 0.00053583149 0.982513018 0.186193902 0 0.987193711 0.1595261 0 0.987193713 0.159526092 2.78644349e-08 0.990099208 0.140369362 1.37185966e-07 0.990099203 0.140369402 0 0.989921885 0.141614479 0 0.989945577 0.1414457 0.000932371668 0.986741991 0.162293912 -0.000964510132 0.986811035 0.161876437 -3.01502903e-07 0.984373153 0.176095131 -3.27985925e-07 0.984373375 0.17609389 0 0.978284688 0.207265696 0 0.978284688 0.207265696 0 0.962379782 0.271707849 0 0.962379782 0.271707849 0 0.938523328 0.34521582 0 0.938523328 0.34521582 0 0.906201546 0.422846021 0 0.906201546 0.422846021 0 0.87694949 0.480582555 0 0.87694949 0.480582555 0 0.975111421 0.221715395 0 0.956059446 0.293172878 0 0.956059446 0.293172878 0 -0.956059446 0.293172878 0 -0.86922065 0.494424373 0 -0.87691303 0.480562574 -0.00911868199 -0.8800241 0.47492903 0 -0.906201546 0.422846021 0 -0.906201546 0.422846021 0 -0.938523328 0.34521582 0 -0.938523328 0.34521582 0 -0.962379782 0.271707849 0 -0.962379782 0.271707849 0 -0.978284688 0.207265696 0 -0.978284688 0.207265696 0 -0.984373153 0.176095132 0 -0.984373376 0.176093888 -3.2798361e-07 -0.9867348 0.16234049 -3.02367224e-07 -0.986817881 0.161832069 -0.00092242205 -0.989910135 0.141693673 0.000909846073 -0.989957608 0.141364541 0 -0.99009921 0.14036935 0 -0.990099201 0.140369414 1.37185671e-07 -0.987193711 0.159526102 2.7864375e-08 -0.987193713 0.159526089 0 -0.982587414 0.1858009 0 -0.982504465 0.186238309 0.000517805714 -0.975110807 0.221715255 -0.00112190939 -0.975001866 0.222196674 0 -0.956059446 0.293172878 0 1 0 0 1 0 0 -1 0 0 -1 0 0 0 -1 0 0 -1 0 -0.707108098 -0.707105464 0 -0.707108098 -0.707105464 0 0.70710744 -0.707106123 0 0.70710744 -0.707106123 0 0 -0.70710604 -0.707107522 4.74456132e-09 -0.707106081 -0.707107481 0 -0.707106123 -0.70710744 0 0 -1 0 0 -1 0 0 -1 0 0 -1 0 0 -1 0 0 -1 0 0 -1 0 0 -1 0 0 -1 0 0 -1 0 0 -1 0 0 -1 0 0 -1 0 0 -1 0 0 -1 0 0 -1 0 0 -1 0 0 -1 0 0 -1 0 0 -1 0 0 -1 0 0 -1 0 -0.00732642556 -0.999973161 0 -0.0516309713 -0.998666232 0 -0.0516309713 -0.998666232 0 -0.00732642556 -0.999973161 0 -0.0885397602 -0.996072643 0 -0.0885397784 -0.996072642 0 -0.0885397784 -0.996072642 0 -0.0885397883 -0.996072641 0 -0.0885397883 -0.996072641 0 -0.0885398071 -0.996072639 0 -0.0885398071 -0.996072639 0 -0.0885397602 -0.996072643 0 0 -1 0 0 -1 0 0 -1 0 0 -1 0 -1 0 0 -1 0 0 -1 0 0 -1 0 0 -1 0 0 -1 0 0 -1 0 0 -1 0 0 -1 0 0 -1 0 0 -1 0 0 -1 0 0 0 1 0 0 1 0.0976557323 -0.00369879223 0.995213383 0.252189114 0.00190985541 0.967676084 0.308601145 0.00297173667 0.951186891 0.375592453 0.00445246017 0.926774236 0.0888649636 0.000214056446 0.99604366 0.131041813 0.000507724937 0.991376712 0.180878088 0.000952501674 0.983505064 0.00511726835 0 0.999986907 0.0324027796 1.66320695e-05 0.999474892 0.0582780767 0.000100708211 0.998300383 0.65768129 0.00111077503 0.753295485 0.290140053 -0.000520302388 0.956984054 0.470271882 0.000261405926 0.882521551 0.445103869 2.00427016e-05 0.895478947 0.517889671 -5.10783552e-06 0.85544742 0.577767232 0.000152377684 0.81620157 0.728549162 0.0027972244 0.684987806 0.790777027 0.00523929879 0.612081893 0.609399798 -0.00379852823 0.792853995 0.847423245 0.00195186551 0.530914339 0.794722792 4.21393769e-05 0.606972555 0.901148776 -2.34421753e-05 0.433509957 0.957741814 0.00192893326 0.287622836 0.896543837 -0.00328792639 0.442942816 0.993624929 0.00345634262 0.112683426 0.980785321 0 0.19509012 1 0 0 1 0 0 1 0 0 1 0 0 1 0 0 0.98078526 0.195090424 0 0.99654339 0.0822494623 0.0116746291 0.973354438 0.229293017 0.00241876681 0.89701352 0.441998056 -0.00211283921 0.92246387 0.386082243 0.000954355877 0.794013713 0.607898178 -0.00142418834 0.845327761 0.534227482 0.00468759642 0.753337922 0.657633604 -0.000131872475 0.611352842 0.791358106 0.000226175904 0.641855699 0.766822216 0.00222507937 0.444263031 0.895893991 -0.00207755525 0.516006364 0.856583162 0.00164913212 0.28974181 0.95710279 -0.00198321762 0.379004625 0.925389796 0.00303647176 0.0976722697 0.995212316 -0.00354595798 0.229366787 0.97332949 0.00453658935 0.07575344 0.99712658 0 -0.60688876 0.794777391 -0.00386420633 -0.0613380041 0.998117052 0 -0.140975993 0.990011202 0.00189431813 -0.752186249 0.658857603 0.0110682773 -0.233379359 0.972373946 0.00479416152 -0.374986291 0.926929492 0.0136747419 -0.129322421 0.991559422 -0.00925327818 -0.471333339 0.881940488 0.00508527642 -0.382716297 0.923865916 7.60268404e-05 -0.563333158 0.826229841 -4.45730736e-05 -0.682809236 0.73058145 0.00472140671 -0.794205743 0.607646362 0.00177097003 -0.821359445 0.570410955 5.94604413e-05 -0.902121408 0.431482285 -5.74117835e-05 -0.99660989 0.0822722738 0 -0.939469253 0.342614604 0.00357156207 -0.968230957 0.249927213 0.00807482018 -0.922211809 0.386656977 -0.00466496386 -0.991719228 0.128406885 0.00215510319 -1 0 0 -1 0 0 -1 0 0 -1 0 0 -1 0 0 -0.984425925 0.00532120873 0.175719331 -0.922063238 -0.00507450662 0.387005988 -0.999138501 0.00251250072 0.0414239409 -0.991444963 0 0.130525418 -0.957084674 0.00227817566 0.289799475 -0.914016037 0.000105800928 0.40567804 -0.793282595 -0.000146444643 0.608853598 -0.820814725 0.000869799191 0.571193864 -0.608204545 -0.00115311178 0.793779504 -0.698174025 0.0018674087 0.715925655 -0.574960992 6.457281e-05 0.81818082 -0.38264467 -0.000106461418 0.923895581 -0.464714149 0.0014859897 0.885459514 -0.130202472 -0.0025025588 0.991484268 -0.361984737 0.00409319035 0.932175035 -0.271781863 0.00222943082 0.9623563 -0.211372445 0.00134821584 0.977404661 -0.161365559 0.000755546592 0.986894415 -0.1191236 0.000420922769 0.992879344 -0.0842472943 0.000195280832 0.996444858 -0.0515455922 7.65013324e-05 0.998670639 -0.021148762 0 0.99977634 0 1 0 0 1 0 0 1 0 0 1 0 0 1 0 0 1 0 0 1 0 0 1 0 0 1 0 0 1 0 0 1 0 0 1 0 0 1 0 0 1 0 0 1 0 0 1 0 0 1 0 0 1 0 0 1 0 0 1 0 0 1 0 0 1 0 0 1 0 0 1 0 0 1 0 0 1 0 0 1 0 0 1 0 0 1 0 0 1 0 0 1 0 0 1 0 0 1 0 0 1 0 0 1 0 0 1 0 0 1 0 0 1 0 0 1 0 0 1 0 0 1 0 0 1 0 0 1 0 0 1 0 0 1 0 0 1 0 0 1 0 0 1 0 0 1 0 0 1 0 0 1 0 0 1 0 0 1 0 0 1 0 0 1 0 0 1 0 0 1 0 0 1 0 0.258819373 0 -0.965925738 0.258819373 0 -0.965925738 0.707106062 0 -0.707107501 0.707106062 0 -0.707107501 0.965925738 0 -0.258819373 0.965925738 0 -0.258819373 0.965925738 0 0.258819373 0.965925738 0 0.258819373 0.707106781 0 0.707106781 0.707106781 0 0.707106781 0.25881803 0 0.965926098 0.25881803 0 0.965926098 -0.25881839 0 0.965926002 -0.25881839 0 0.965926002 -0.707106062 0 0.707107501 -0.707106062 0 0.707107501 -0.965925738 0 0.258819373 -0.965925738 0 0.258819373 -0.965925738 0 -0.258819373 -0.965925738 0 -0.258819373 -0.707105342 0 -0.707108221 -0.707105342 0 -0.707108221 -0.258819733 0 -0.965925642 -0.258819733 0 -0.965925642 0 0.0276944912 0.999616434 0 0.0276944912 0.999616434 0 0.082990512 0.996550337 0 0.082990512 0.996550337 0 0.138043557 0.990426159 0 0.138043557 0.990426159 0.198280114 0.228828487 0.953059558 0.000841192447 0.138043508 0.990425809 0.00269160567 0.0829902114 0.996546727 0.294779905 0.0523525996 0.954129977 0.275683654 0.0147577906 0.961135126 0.2552397 0.042897545 0.96592572 0.235542003 0.00899677052 0.971822526 0.195924644 0.0469740263 0.979493223 0.166433954 0.00925952907 0.986009128 0.141219077 0.0440479552 0.988997952 0.110090467 0.0168509895 0.993778714 0.109014755 0.0364673351 0.993370986 0.0766241463 0.0141823841 0.996959177 0.0738367091 0.0359318091 0.99662282 0.0439550479 0.0248795193 0.998723667 0.0512172575 0.0296193579 0.998248209 0.0255597253 0.0212811535 0.999446753 0.0286401215 0.0289169149 0.999171434 0.00371992128 0.0273989203 0.999617658 0.00457917125 0.0276942009 0.999605954 0.000741940323 0.137997379 0.990432316 0.0053188549 0.138276296 0.99037941 0.00494338702 0.137031732 0.990554323 0.00956099023 0.138533198 0.990311638 0.00865421635 0.1378509 0.990415183 0.0142102753 0.1399054 0.990062901 0.014575802 0.136253449 0.990566779 0.02117573 0.140797743 0.989811893 0.0213305324 0.137559475 0.990263803 0.0283818699 0.143717528 0.989211677 0.0320305513 0.137543937 0.989977631 0.0399132435 0.147629018 0.98823712 0.0460044252 0.140726082 0.988979152 0.0515716026 0.150330601 0.987289765 0.0548825369 0.145401757 0.987849298 0.061052072 0.157523818 0.985626142 0.0723509767 0.149398105 0.986126535 0.077174291 0.161679124 0.983821117 0.0761614004 0.163156373 0.983656159 0.0926871227 0.164127987 0.982074896 0.0965557149 0.176140423 0.979618061 0.109057239 0.168499064 0.979650235 0.114035253 0.186819647 0.975753237 0.127203853 0.179085629 0.97557548 0.131633612 0.198234768 0.971275228 0.145550862 0.190289903 0.970878313 0.149486335 0.210351246 0.966129489 0.164259227 0.202102657 0.965491286 0.00227871112 0.0828230182 0.996561666 0.0168775752 0.0837099202 0.996347227 0.0153635816 0.0793147723 0.996731221 0.0302662098 0.0841618809 0.995992336 0.0266118116 0.0815917892 0.996310489 0.0441040738 0.0880566926 0.995138608 0.045543284 0.0752692865 0.996122655 0.0652581472 0.0888416009 0.993905702 0.0658499386 0.0773816338 0.994824541 0.0854058451 0.094459256 0.991858503 0.0992546603 0.0731762729 0.992367747 0.118845997 0.0982357828 0.988041173 0.141347533 0.0746900466 0.987138426 0.154596872 0.0975246475 0.983152455 0.166541874 0.0804728748 0.982745094 0.179833391 0.106605208 0.977903513 0.21984168 0.0792387437 0.972312119 0.232772274 0.112134186 0.966045026 0.273442996 0.0861171992 0.958025446 0.284036515 0.118957165 0.951405513 0.325213864 0.093260632 0.941030498 0.334364419 0.126881553 0.933863752 0.376078852 0.100882475 0.921079488 0.384187879 0.135857962 0.913204406 0.426506993 0.109114909 0.897878456 0.433751869 0.145933747 0.889135905 0.476741694 0.118091611 0.871075042 0.678383761 0.0674457943 0.731605452 0.668761475 0.0185947195 0.743244459 0.609179906 0.0628743939 0.790535675 0.598385529 0.0163580472 0.801041305 0.536336134 0.0590167494 0.841938581 0.524101115 0.0140996707 0.851539324 0.459948885 0.0558798974 0.886185342 0.447980467 0.0186021954 0.893849797 0.437083803 0.0349975859 0.898739627 0.369709122 0.0278476145 0.928730141 0.362054079 0.00865689737 0.932116893 0.754434672 0.0465329872 0.654723611 0.737413165 0.0342106209 0.67457502 0.73502309 0.0209151869 0.67771942 0.20074142 0.251791695 0.946733238 0.228172977 0.241106286 0.943294679 0.568705594 0.187091991 0.800980982 0.637415904 0.148888906 0.755998055 0.706535797 0.171086176 0.68668529 0.641044543 0.212243874 0.73757334 0.258747466 0.263932741 0.929187418 0.230091699 0.275053306 0.933489951 0.167137282 0.219677469 0.96114876 0.163077586 0.223176259 0.961040092 0.484469759 0.165777881 0.858956778 0.562297366 0.128378594 0.81690918 0.840915156 0.0485651919 0.538983416 0.844987242 0.091294113 0.526936377 0.911952396 0.0249125222 0.409539001 0.916445124 0.104187599 0.386359003 0.964813101 0.0308206384 0.261124048 0.258817573 0.288745745 0.92175884 0.253754356 0.293989104 0.921509161 0.707096202 0.214919391 0.673665062 0.965923646 0.0786672033 0.246582604 0.258815863 0.29589919 0.919487911 0.258796248 0.313217779 0.91373909 0.258797266 0.313217525 0.913738889 0.258815613 0.329915976 0.907838051 0.241467185 0.338596228 0.909420801 0.258805508 0.383972625 0.886332179 0.247595151 0.383050788 0.889926253 0.258817982 0.372755273 0.891104236 0.258800149 0.35960995 0.896494934 0.258801176 0.359609688 0.896494742 0.258812715 0.34146758 0.903557342 0.707096522 0.214919158 0.6736648 0.707073485 0.229300553 0.668930746 0.707075602 0.229299397 0.668928905 0.707077757 0.246734645 0.662693791 0.707078488 0.246734232 0.662693165 0.707079173 0.263261652 0.656302023 0.707080196 0.263261055 0.65630116 0.707079262 0.27957326 0.649521139 0.70707822 0.279573888 0.649522003 0.965923744 0.0786669797 0.246582292 0.96591953 0.0839333235 0.244856405 0.965919906 0.0839326411 0.244855155 0.965920302 0.0903145771 0.24257215 0.965920489 0.0903142234 0.242571536 0.965920623 0.0963638404 0.240231888 0.965920708 0.0963636734 0.240231613 0.965920533 0.102334822 0.237750096 0.965920356 0.102335182 0.237750658 0.2587713 0.410593479 0.874328548 0.706726278 0.317657277 0.632164395 0.965579298 0.129776786 0.225420949 0.247246987 0.424947795 0.870797508 0.244003392 0.446357017 0.860945851 0.230150915 0.45779018 0.85875416 0.222738115 0.480549303 0.848209938 0.208458751 0.488676963 0.84719524 0.197295623 0.509987775 0.837249608 0.183984151 0.51516294 0.837112285 0.170058674 0.533699016 0.828399305 0.158438452 0.536566131 0.828851038 0.141478371 0.553138752 0.820988058 0.131443917 0.553902379 0.822140287 0.111122925 0.568313799 0.815273648 0.103398389 0.567796437 0.816649239 0.0802713916 0.579379938 0.81109518 0.0748552844 0.578132153 0.812502246 0.0480017548 0.586766183 0.808332406 0.0449601312 0.585424783 0.809479098 0.0156419304 0.589886793 0.807334442 0.0147654158 0.589337399 0.807752074 0.680568223 0.373619941 0.630265844 0.673711989 0.416467281 0.610464708 0.638359383 0.465870634 0.612749419 0.622530361 0.513412279 0.590646918 0.582317021 0.553313794 0.595609547 0.558010244 0.599139468 0.574157179 0.517210301 0.628880904 0.580519003 0.486116007 0.669907768 0.56117271 0.447814907 0.690434024 0.568122053 0.408120323 0.728827017 0.549771753 0.373201609 0.740813198 0.558494732 0.323160975 0.776033438 0.541607873 0.294708836 0.781314952 0.550176015 0.234857404 0.811032284 0.535787863 0.214072922 0.811558541 0.543640984 0.141041324 0.834759319 0.532244516 0.128904102 0.8328511 0.538277603 0.04605944 0.845366246 0.532197744 0.0424126623 0.844206487 0.534337508 0.943441086 0.240142664 0.228583504 0.937777528 0.274177242 0.213073104 0.898485651 0.378015145 0.223222053 0.883645541 0.421824997 0.203062131 0.831158681 0.512003148 0.216859456 0.806644242 0.557727893 0.195613556 0.747080557 0.630464192 0.210678769 0.71382691 0.673979266 0.190271097 0.653108715 0.728880276 0.205383905 0.607097803 0.77292873 0.184427321 0.548581634 0.81124652 0.202329618 0.486053966 0.854883239 0.181455754 0.435904777 0.877809403 0.198589215 0.356246264 0.916960805 0.179642647 0.318016267 0.927773476 0.195197415 0.215192822 0.959962277 0.179344574 0.192036136 0.962569802 0.191262904 0.0704985963 0.980694642 0.182395086 0.0632995367 0.980393088 0.186608043 0 0.589401652 0.80784014 0 0.589401652 0.80784014 0 0.844966807 0.53481875 0 0.844966807 0.53481875 0 0.982363145 0.186983024 0 0.982363145 0.186983024 -0.0126079857 0.589354805 0.80777593 -0.0371136152 0.844384669 0.534450288 -0.0568453549 0.980774659 0.186680671 -0.011978787 0.5897991 0.807461163 -0.0289941485 0.587750419 0.808522593 -0.0275598177 0.588240635 0.808216192 -0.0482814505 0.584823363 0.809722505 -0.0464363028 0.587236774 0.808082076 -0.0786201276 0.576882903 0.813034434 -0.076422249 0.581187312 0.810173407 -0.099259114 0.569865408 0.815721181 -0.095646958 0.573459465 0.813631306 -0.119008077 0.560029175 0.819880723 -0.117447269 0.567049378 0.815267528 -0.147432286 0.543099815 0.826623441 -0.147056288 0.551934071 0.820818634 -0.166740017 0.530549967 0.831092353 -0.163237195 0.538106487 0.826918997 -0.182765549 0.514291121 0.83791491 -0.184919616 0.525210353 0.830637599 -0.206922633 0.487597117 0.848193419 -0.211367164 0.499596705 0.840075624 -0.222984155 0.469756457 0.854170321 -0.221313637 0.480951651 0.848354751 -0.232182233 0.449048546 0.862813313 -0.239935793 0.461769009 0.853932197 -0.24815146 0.413053215 0.87624648 -0.258651577 0.425755205 0.867082388 -0.0344362139 0.845489562 0.532880425 -0.0853982294 0.839758733 0.53620184 -0.0792379669 0.841305626 0.534720664 -0.141718903 0.830315727 0.538972677 -0.133474231 0.836826405 0.530948394 -0.229746191 0.805875392 0.545693633 -0.21924132 0.817932521 0.531901904 -0.289330256 0.784080768 0.54909503 -0.273747851 0.796176294 0.539597463 -0.344837955 0.754558068 0.558326882 -0.335236242 0.774423436 0.536549163 -0.423991451 0.703780673 0.570021064 -0.417385469 0.728687297 0.54295874 -0.477335501 0.665199705 0.574160406 -0.461826377 0.690663886 0.556506778 -0.519701197 0.618979869 0.588875697 -0.5197483 0.649137924 0.555411253 -0.582981734 0.541788177 0.60547326 -0.588887236 0.574548181 0.568424322 -0.624140657 0.488232226 0.609981749 -0.615469292 0.525497199 0.587409776 -0.646315941 0.432356597 0.628763451 -0.660392844 0.46668915 0.588287794 -0.683693667 0.33197731 0.64988771 -0.704414363 0.36638027 0.607919322 -0.0514275412 0.981655254 0.183597848 -0.130803877 0.973323653 0.188497778 -0.118250293 0.975494871 0.18554413 -0.216456911 0.957099729 0.192630515 -0.198724994 0.963985916 0.176747083 -0.349184206 0.915529064 0.199692073 -0.325137215 0.929813506 0.17243154 -0.437818302 0.87669572 0.199298142 -0.405204022 0.89621621 0.180571886 -0.518740101 0.828490105 0.210980694 -0.49271269 0.853817906 0.16801544 -0.631452276 0.743556578 0.219980996 -0.607797223 0.776397413 0.166702109 -0.704700835 0.675990331 0.215485047 -0.670387667 0.719543964 0.181209435 -0.761455986 0.604873984 0.233049876 -0.744929953 0.645829815 0.167281843 -0.841801957 0.481896915 0.243197098 -0.832061737 0.527859233 0.170405095 -0.889338872 0.392773829 0.23410487 -0.867644171 0.458908674 0.191301915 -0.914468223 0.313042985 0.256421446 -0.914655119 0.363542405 0.176756708 -0.949622265 0.1634777 0.267380995 -0.958594518 0.216878718 0.184553979 -0.258816421 0.389404966 0.883955787 -0.707103831 0.285065186 0.647102783 -0.965925044 0.104341832 0.236857747 -0.258816372 0.38940495 0.883955808 -0.258814066 0.380222445 0.887944915 -0.238968193 0.375979553 0.895284077 -0.258814159 0.368614613 0.89282613 -0.258799224 0.350607531 0.900054066 -0.258799265 0.350607533 0.900054053 -0.258819935 0.336523286 0.905408371 -0.247025982 0.327323742 0.912051168 -0.258802607 0.324128824 0.909924017 -0.258793342 0.300255842 0.918080844 -0.244295782 0.303705356 0.920914018 -0.258817573 0.288745745 0.92175884 -0.707103785 0.285065176 0.647102838 -0.707076665 0.273801765 0.651977901 -0.707076848 0.27380173 0.651977718 -0.707076326 0.256672174 0.658910058 -0.707074957 0.256672395 0.658911441 -0.707073469 0.238866486 0.665574872 -0.707072679 0.23886659 0.665575675 -0.707069908 0.219812426 0.672112076 -0.707066798 0.219812725 0.67211525 -0.965925144 0.104341851 0.236857329 -0.965920182 0.100222303 0.238649727 -0.965920108 0.100222369 0.238649998 -0.965920011 0.0939522665 0.241187695 -0.965919999 0.0939522758 0.241187738 -0.965919727 0.0874347122 0.24362728 -0.965919272 0.0874350291 0.24362897 -0.965918765 0.0804606836 0.246022392 -0.965918267 0.0804609706 0.246024255 -0.258815928 0.282207879 0.923781916 -0.70710414 0.212367915 0.674465421 -0.965845046 0.0890627946 0.243333446 -0.250105514 0.273439809 0.928804556 -0.249944253 0.265203674 0.93123299 -0.221555845 0.25941823 0.940008079 -0.220829244 0.249072342 0.942972647 -0.207340508 0.243246665 0.947544708 -0.206193895 0.231207473 0.95080344 -0.177715443 0.228707986 0.957136291 -0.176971573 0.222557317 0.958722746 -0.17499855 0.209060251 0.962117103 -0.147658861 0.208548948 0.966801012 -0.143582324 0.188110732 0.971595836 -0.11749555 0.189421331 0.974840682 -0.112558489 0.170679657 0.978876418 -0.0916931986 0.17263691 0.980708343 -0.0885820316 0.1634309 0.982569878 -0.0763505555 0.160296473 0.984111596 -0.0753268967 0.16142815 0.984005493 -0.0709219423 0.150513005 0.986060806 -0.0564846218 0.153396913 0.986548972 -0.0513582923 0.143854366 0.988265272 -0.0411934436 0.146534962 0.988347411 -0.0376610474 0.14166948 0.989197353 -0.0325622029 0.142325205 0.989284205 -0.0293374559 0.138641753 0.989907964 -0.0235238291 0.141200076 0.989701555 -0.0204003948 0.138766852 0.990114935 -0.0177370103 0.139170603 0.99010956 -0.0147463358 0.137253265 0.990426215 -0.0120574402 0.139149944 0.990197915 -0.00863221037 0.137907688 0.990407469 -0.00745657968 0.138345926 0.990355898 -0.00357627826 0.137367457 0.990513701 -0.00306473989 0.138042909 0.990421508 -0.687653785 0.188278813 0.70120137 -0.687662945 0.188623681 0.701099694 -0.620358512 0.177406319 0.763991044 -0.620185999 0.17495008 0.764697192 -0.585778075 0.159133355 0.794695301 -0.585212557 0.153472711 0.796223831 -0.5088358 0.149291147 0.847819723 -0.506439583 0.133070556 0.851945524 -0.426778635 0.133155249 0.894499679 -0.423112086 0.114921749 0.898759787 -0.341509213 0.119436669 0.93225873 -0.336842724 0.101778331 0.936043883 -0.267515185 0.107450226 0.957543772 -0.263756023 0.0963333347 0.959766976 -0.220880831 0.0975287818 0.970412178 -0.216557919 0.0868424114 0.972399642 -0.164940448 0.0950754641 0.981710398 -0.158295179 0.0827125764 0.983921372 -0.120831431 0.0903821733 0.988549861 -0.116349738 0.0842092455 0.989632023 -0.0972139463 0.085408989 0.99159203 -0.0918994651 0.0793416818 0.99260233 -0.0695981453 0.0870865836 0.993766585 -0.0640121101 0.0827352153 0.994513617 -0.0536340737 0.0835255525 0.995061238 -0.0468743551 0.079192253 0.995756688 -0.0362202266 0.0853247834 0.99569462 -0.0274684652 0.0821514408 0.996241248 -0.0227289294 0.0835158246 0.99624721 -0.0114457704 0.0806692763 0.996675204 -0.00938406513 0.0829868578 0.996506458 -0.952710087 0.0504612024 0.299661738 -0.953295388 0.0694873295 0.293937774 -0.896659471 0.0545671421 0.439345217 -0.89769322 0.0691094117 0.435167523 -0.862068403 0.0435401925 0.504918133 -0.863029365 0.0528120484 0.502385513 -0.774165775 0.0465636307 0.631267916 -0.773674056 0.0432870089 0.632103385 -0.667294165 0.042400026 0.743586401 -0.665695505 0.0345326914 0.745424032 -0.545274865 0.0395079747 0.837325768 -0.542662058 0.0296724827 0.839426849 -0.432889745 0.0357638802 0.90073715 -0.431247042 0.0309123339 0.901704173 -0.360367138 0.0300490545 0.932326434 -0.357605379 0.0232465097 0.933583415 -0.269662301 0.0330098951 0.962389002 -0.263865199 0.0222379384 0.964303184 -0.197922026 0.0314417744 0.97971337 -0.194701149 0.0270053948 0.980490781 -0.16014123 0.0267217396 0.986732352 -0.154987548 0.020845199 0.987696481 -0.113621645 0.0312002131 0.993034072 -0.108059921 0.0268670042 0.993781273 -0.0882251823 0.026825879 0.995739268 -0.0797996073 0.0214292421 0.996580559 -0.0588492992 0.0306942075 0.997794882 -0.0467057439 0.0262900068 0.998562672 -0.0371477764 0.0282095884 0.998911539 -0.0195668409 0.0237778781 0.999525763 -0.0153275219 0.0276912379 0.999499006 0 0.330045376 0.943965068 0 0.330045376 0.943965068 0 0.111881631 0.993721541 0 0.111881631 0.993721541 -0.0926908658 -0.704066575 0.704058706 -0.0926911443 -0.704067659 0.704057585 -0.271755942 -0.704067893 0.656077061 -0.271755952 -0.704067378 0.656077609 -0.432301699 -0.70406746 0.563386416 -0.432301767 -0.704067227 0.563386654 -0.563386788 -0.704066987 0.432301984 -0.563386521 -0.704067472 0.432301541 -0.656077606 -0.704067378 0.271755958 -0.656077593 -0.704067396 0.271755946 -0.704057728 -0.704067494 0.0926913104 -0.704057378 -0.70406787 0.092691117 0.258819147 0 -0.965925799 0.258819147 0 -0.965925799 0.707106406 0 -0.707107156 0.707106406 0 -0.707107156 0.965925987 0 -0.258818447 0.965925987 0 -0.258818447 0.965926087 0 0.258818072 0.965926087 0 0.258818072 0.707106406 0 0.707107156 0.707106406 0 0.707107156 0.258819147 0 0.965925799 0.258819147 0 0.965925799 -0.258819147 0 0.965925799 -0.258819147 0 0.965925799 -0.707106781 0 0.707106781 -0.707106781 0 0.707106781 -0.9659259 0 0.258818772 -0.9659259 0 0.258818772 -0.965925799 0 -0.258819147 -0.965925799 0 -0.258819147 -0.707106781 0 -0.707106781 -0.707106781 0 -0.707106781 -0.258819147 0 -0.965925799 -0.258819147 0 -0.965925799 0.258817748 0 -0.965926174 0.258817748 0 -0.965926174 0.707106406 0 -0.707107156 0.707106406 0 -0.707107156 0.965926087 0 -0.258818072 0.965926087 0 -0.258818072 0.965925886 0 0.258818822 0.965925886 0 0.258818822 0.707107906 0 0.707105657 0.707107906 0 0.707105657 0.258817748 0 0.965926174 0.258817748 0 0.965926174 -0.258817748 0 0.965926174 -0.258817748 0 0.965926174 -0.70710828 0 0.707105282 -0.70710828 0 0.707105282 -0.965925699 0 0.258819521 -0.965925699 0 0.258819521 -0.9659259 0 -0.258818772 -0.9659259 0 -0.258818772 -0.707106781 0 -0.707106781 -0.707106781 0 -0.707106781 -0.258817748 0 -0.965926174 -0.258817748 0 -0.965926174 0.258819147 0 -0.965925799 0.258819147 0 -0.965925799 0.707106781 0 -0.707106781 0.707106781 0 -0.707106781 0.965925799 0 -0.258819147 0.965925799 0 -0.258819147 0.9659259 0 0.258818772 0.9659259 0 0.258818772 0.707106781 0 0.707106781 0.707106781 0 0.707106781 0.258819147 0 0.965925799 0.258819147 0 0.965925799 -0.258819147 0 0.965925799 -0.258819147 0 0.965925799 -0.707106406 0 0.707107156 -0.707106406 0 0.707107156 -0.965926087 0 0.258818072 -0.965926087 0 0.258818072 -0.965925987 0 -0.258818447 -0.965925987 0 -0.258818447 -0.707106406 0 -0.707107156 -0.707106406 0 -0.707107156 -0.258819147 0 -0.965925799 -0.258819147 0 -0.965925799 0.258817748 0 -0.965926174 0.258817748 0 -0.965926174 0.707106781 0 -0.707106781 0.707106781 0 -0.707106781 0.9659259 0 -0.258818772 0.9659259 0 -0.258818772 0.965925699 0 0.258819521 0.965925699 0 0.258819521 0.70710828 0 0.707105282 0.70710828 0 0.707105282 0.258817748 0 0.965926174 0.258817748 0 0.965926174 -0.258817748 0 0.965926174 -0.258817748 0 0.965926174 -0.707107906 0 0.707105657 -0.707107906 0 0.707105657 -0.965925886 0 0.258818822 -0.965925886 0 0.258818822 -0.965926087 0 -0.258818072 -0.965926087 0 -0.258818072 -0.707106406 0 -0.707107156 -0.707106406 0 -0.707107156 -0.258817748 0 -0.965926174 -0.258817748 0 -0.965926174 0.508589817 -0.694745811 -0.508590853 0.508590737 -0.694745223 -0.508590737 0.694747325 -0.694745735 -0.186157238 0.694747881 -0.694745293 -0.186156816 0.694747807 -0.694745219 0.186157367 0.694747443 -0.694745815 0.186156501 0.508590402 -0.694745713 0.508590402 0.508590402 -0.694745713 0.508590402 0.186156261 -0.694745781 0.694747542 0.186156458 -0.694745988 0.694747282 -0.186156468 -0.694745986 0.694747281 -0.186156456 -0.694745995 0.694747275 -0.508589483 -0.694746301 0.508590518 -0.508590402 -0.694745713 0.508590402 -0.694747158 -0.694745915 0.186157193 -0.694747906 -0.694745318 0.186156625 -0.694747807 -0.694745219 -0.186157367 -0.694747537 -0.694745662 -0.186156724 -0.508589835 -0.694745027 -0.508591906 -0.508590067 -0.694746203 -0.508590067 -0.186157398 -0.69474613 -0.694746888 -0.186157718 -0.694746466 -0.694746466 0.186157032 -0.694746558 -0.694746558 0.186157833 -0.694746007 -0.694746895 0 -1 0 0 -1 0 0 -1 0 0 -1 0 0 -1 0 0 -1 0 0 -1 0 0 -1 0 0 -1 0 0 -1 0 0 -1 0 0 -1 0 0 -1 0 0 -1 0 0 -1 0 0 -1 0 0 -1 0 0 -1 0 0 -1 0 0 -1 0 0 -1 0 0 -1 0 0 -1 0 0 -1 0 0 -1 0 0 -1 0 0 -1 0 0 -1 0 0 -1 0 0 -1 0 0 -1 0 0 -1 0 0 -1 0 0 -1 0 0 -1 0 0 -1 0 0 -1 0 0 -1 0 0 -1 0 0 -1 0 0 -1 0 0 -1 0 0 -1 0 0 -1 0 0 -1 0 0 -1 0 0 -1 0 0 -1 0 0 -1 0 0 -1 0 0 -1 0 0 -1 0 0 -1 0 0 -1 0 0 -1 0 0 -1 0 0 -1 0 0 -1 0 0 -0.707110732 0.70710283 0 -0.707110732 0.70710283 0 0 1 0 0 1 0 0 1 0 0 1 0 0 1 0 0 1 0 0 1 0 0 1 0 0 1 0 0 1 1 0 0 1 0 0 0 -1 0 0 -1 0 0.70710744 -0.707106123 0 0.70710744 -0.707106123 0 0 -1 0 0 -1 0 0 -1 0 0 -1 0 0 -1 0 0 -1 0 0 -1 0 0 -1 0 -1 0 0 -1 0 0 -1 0 0 -1 0 0 -0.707101513 -0.70711205 0 -0.707101513 -0.70711205 0 0 -0.707111062 -0.707102501 0 -0.707111062 -0.707102501 -0.707108098 -0.707105464 0 -0.707108098 -0.707105464 0 0 -0.707105464 0.707108098 0 -0.707105464 0.707108098 0.704062569 -0.704062569 0.0926919478 0.704062957 -0.704062194 0.0926918515 0.656082437 -0.704062104 0.271757959 0.656082456 -0.704062087 0.27175796 0.563390578 -0.704062169 0.432304892 0.563391074 -0.704061684 0.432305035 0.432305029 -0.704061942 0.563390756 0.432304817 -0.704062175 0.563390628 0.27175814 -0.7040621 0.656082367 0.271757759 -0.704062615 0.656081972 0.0926914138 -0.70406234 0.704062868 0.0926919729 -0.704061256 0.704063879 -2.52393222e-17 0.0160800809 0.999870707 -7.84801143e-07 0.116588413 0.993180317 0.00154202543 0.0911845112 0.995832821 -0.00253943001 0.111443202 0.99376756 -0.00135307183 0.0291264116 0.99957482 -0.000570479739 0.0380521738 0.999275591 0.000633768363 0.0646590636 0.997907212 -0.000704899205 0.0508636831 0.998705356 0.00067604938 0.077499049 0.996992197 -1.49671069e-06 0.190256337 0.981734448 0.000218394054 0.190832796 0.981622532 -0.00167657712 0.170742815 0.985314204 0.0194545718 0.17600855 0.984196378 0.0114920276 0.172014508 0.985027382 0.00726177624 0.169259407 0.985544783 0.0041290965 0.16610076 0.986100141 -0.0135538369 0.140996116 0.989917365 0.0122135546 0.152217257 0.98827159 0.00858479964 0.15047285 0.988576867 0.0059111283 0.148977783 0.988822875 0 0.145408581 0.989371692 2.21650815e-06 0.145398167 0.989373222 0.000603308015 0.145783267 0.989316368 0.00350667645 0.14760689 0.989039893 -0.00236106445 0.146954844 0.989140384 -0.00529085598 0.148716218 0.988865761 0.0223412797 0.132741443 0.990898873 -0.00622980577 0.154122216 0.988032151 -0.00841435582 0.155557346 0.987791026 0.0102789163 0.144102031 0.989509448 -0.00357485275 0.165299725 0.986236899 -2.68226127e-06 0.190322468 0.98172163 5.5507768e-06 0.190349702 0.98171635 -9.48448018e-06 0.183193242 0.983076923 -0.00682264315 0.169297453 0.985541386 -0.00848648585 0.170257834 0.985363004 -0.00527292636 0.167255868 0.985899422 2.50151425e-06 0.194675798 0.980867643 -0.00302900491 0.203762125 0.979015741 -0.0286179918 0.21273715 0.976690286 -0.0156940883 0.218764855 0.97565139 0.00750432274 0.243387335 0.969900144 0.00598089977 0.242469544 0.970140582 -4.50825595e-05 0.248355895 0.968668853 2.83807785e-06 0.250918488 0.968008219 3.82365274e-05 0.26886135 0.96317889 -0.0512235504 0.253946113 0.965861025 -0.012432905 0.271793422 0.962275303 0.0114404276 0.289789041 0.957022167 0.00163355943 0.284515381 0.958670084 -0.00109837707 0.295825964 0.955241222 -0.00289735781 0.294259038 0.955721311 -1.39230626e-05 0.29893147 0.954274581 2.36631976e-05 0.305547067 0.952176974 0.00693969303 0.313187381 0.949665997 0.000952154919 0.316650123 0.94854193 -0.000163913005 0.325147347 0.945663352 0.00254532831 0.337387592 0.941362382 -2.77862878e-05 0.335561321 0.942018365 1.12165278e-05 0.349984111 0.936755636 -0.000709823253 0.34839454 0.937347716 0.00082800295 0.356456573 0.934311525 0.00389069665 0.362970883 0.931792359 -0.00237003251 0.369484589 0.929233836 0.000889196735 0.38161726 0.924320007 2.63714578e-05 0.384658337 0.923059025 -0.000741263267 0.412127489 0.911125888 0.000455920251 0.41628694 0.90923318 -0.000368498879 0.408735725 0.912652711 0.000181702404 0.411308587 0.91149614 -0.000262507766 0.403141379 0.915137673 0.00118853086 0.408103239 0.912935011 -0.00263162782 0.393633334 0.919263767 1.95265222e-05 0.398016576 0.917378224 -5.2356719e-08 0.387963966 0.921674542 0.00294563321 0.426669141 0.90440299 0.0026533873 0.426212385 0.904619236 0.00191231411 0.424732898 0.90531669 -0.00180412676 0.41448181 0.910055808 0.00157748966 0.423135414 0.906065082 0.000807936388 0.420904424 0.907104632 0.0030299501 0.426798044 0.904341887 -0.00418866195 0.417466666 0.908682584 0.00215338417 0.427988838 0.903781455 -0.00393646341 0.420946308 0.907077014 0.000708084226 0.426113966 0.904669214 0.00169072347 0.427333525 0.904092473 -0.00286430829 0.422526775 0.906345917 -0.002057415 0.423833569 0.90573775 -0.00124361887 0.425610139 0.904905776 -0.000879435134 0.42668581 0.904399495 -0.000626910194 0.42751525 0.904007919 -0.000380662343 0.42857491 0.903506171 -0.000256973092 0.429235347 0.903192643 -0.000150279067 0.429829378 0.902910119 0 0.430751135 0.902470753 0 0.430751135 0.902470753 0.000171939818 0.429696482 0.902973368 0.000376715812 0.428591721 0.903498199 0.000629847132 0.427503476 0.904013485 0.00103623377 0.426172762 0.904641201 -0.0022807703 0.427445678 0.904038157 -0.00240059742 0.427665646 0.90393381 0.0017197763 0.424505645 0.905423658 0.00280802123 0.422549144 0.906335664 -0.000606601008 0.427173439 0.9041695 0.00412884717 0.420023656 0.907503763 -0.00182032515 0.426892623 0.904300489 -0.00235290147 0.427592636 0.903968474 -0.00197875218 0.426877883 0.904307115 0.00253334571 0.415732164 0.909483562 -0.00224305137 0.424482982 0.905433137 0.000820044387 0.411793132 0.911276985 -0.000882177312 0.420864268 0.907123194 -0.00167245525 0.423074244 0.906093476 0.000149476411 0.403923544 0.914792735 -3.55296915e-05 0.408624679 0.912702509 -3.06192193e-05 0.408534455 0.912742898 6.6174254e-05 0.411390038 0.911459397 -0.000519627288 0.416260353 0.909245318 -1.31869387e-05 0.353512631 0.935429751 0.00467481844 0.358105014 0.933669612 -0.0021793116 0.394626481 0.918839045 -2.49522371e-05 0.39751622 0.917595147 2.06264276e-05 0.380182022 0.924911687 0.00449951912 0.385900635 0.922529379 -0.00324368533 0.372291541 0.92811017 -0.000946576708 0.305635383 0.952148159 4.43153285e-05 0.310587549 0.950544777 -0.000653685857 0.324264786 0.945966131 -0.00952927718 0.321255896 0.946944477 0.0085706285 0.341541282 0.939827695 -0.00201717825 0.335604089 0.94200097 1.15961879e-06 0.344684996 0.93871841 -2.14283683e-05 0.306337113 0.951923092 1.01744025e-05 0.29893147 0.954274581 0.00213245717 0.295600504 0.955309266 -0.00438805855 0.288976404 0.957326163 0.00966318025 0.278614806 0.960354316 -0.005778301 0.273176226 0.961946652 -0.0020793373 0.269049965 0.963123976 0.00526388756 0.259038247 0.965852721 0.0444676177 0.230849037 0.971972918 0.0186849923 0.229657028 0.973092247 9.81450701e-06 0.247686463 0.968840243 -2.82923205e-05 0.257639257 0.966241177 0.0115947682 0.224858706 0.974322392 -0.000957368275 0.216167281 0.976355873 0.00171097701 0.202283426 0.979325527 0.00478431292 0.203529473 0.97905713 2.30521064e-06 0.196060358 0.98059183 1 0 0 1 0 0 0.130476459 -0.0275174719 0.991069464 0.119562794 -0.0217759306 0.992587803 0.0380507263 0 0.999275809 0.380383541 -0.0196771239 0.924619474 0.338915297 -0.0432064689 0.939824251 0.382629413 -0.0167878319 0.923749371 0.274814824 0.00214629443 0.961494777 0.19678201 -0.00386619422 0.980439643 0.675708386 0.00136528532 0.737167764 0.593834842 -0.0164201745 0.804419392 0.60874096 -0.00821770475 0.793326486 0.51779215 -0.00015093502 0.855506439 0.459714886 0.000385607983 0.888066481 0.756569856 -0.0238041719 0.653479467 0.75847819 -0.00170051751 0.651696205 0.820830362 -0.0202650958 0.570812441 0.793352973 0.000871989631 0.608761284 0.991444797 0 0.13052668 0.996910665 -0.0574404619 0.0535697603 0.988906797 -0.014328096 0.147844688 0.972217503 0.00171432884 0.23407304 0.923864126 -0.00580154962 0.38267665 0.941004843 -0.034001704 0.336680516 0.903224725 -0.00051380199 0.429167605 0.477738892 0.188486148 0.858043428 0.71506865 0.0297814619 0.698419566 0.668747601 0.0493483056 0.741849979 0.596872012 0.0672702645 0.799511421 0.233482042 0.160863294 0.958962531 0.166454044 0.303776415 0.938090049 0.0763379041 0.384929496 0.919783566 0.0765086325 0.385088052 0.919703007 0.208304991 0.338408045 0.917654088 0.201221003 0.32221826 0.925032703 0.187047805 0.352180655 0.917050655 0.169563502 0.321419658 0.931631699 0.159188263 0.35028264 0.923017426 0.141566845 0.326667185 0.934477062 0.146915761 0.343975625 0.927413893 0.129520116 0.322398841 0.937701193 0.127116897 0.345995678 0.929585007 0.102838219 0.322616803 0.940926511 0.103535965 0.342956789 0.933627841 0.0836134412 0.328672566 0.940735424 0.0929857879 0.336985313 0.936906901 0.0747120995 0.324251816 0.943015833 0.0787721547 0.338690505 0.93759463 0.0522637767 0.325318868 0.944158955 0.0569478883 0.33538141 0.940359637 0.0304670541 0.326722285 0.94462919 0.0343419737 0.332322939 0.942540234 0.00982724836 0.328455469 0.944468332 0.0114285793 0.330023821 0.943903419 0.543236084 0.0513707591 0.838006922 0.554475679 0.0749424237 0.82881865 0.525904907 0.170863807 0.83320441 0.47150082 0.0743250144 0.878727927 0.450488935 0.164875069 0.877425741 0.39867555 0.0944298496 0.912217523 0.414021543 0.143612896 0.898866785 0.36312525 0.0804956286 0.928256703 0.359870316 0.151964568 0.920543386 0.288783065 0.0832058845 0.953772049 0.292349561 0.144079197 0.945395642 0.236919637 0.104032532 0.965943227 0.260794863 0.125964377 0.957141063 0.21009661 0.0906368575 0.973470274 0.22109015 0.133132586 0.966123626 0.146928804 0.0956076265 0.984515672 0.158941364 0.125213618 0.979315676 0.0856903278 0.101193905 0.991169492 0.0953471937 0.117786723 0.98845091 0.0276866906 0.107082512 0.99386457 0.0316234705 0.111825674 0.993224534 0.702030558 0.307222707 0.642469691 0.604125563 0.556556085 0.570331157 0.609925815 0.548180205 0.572266513 0.603600941 0.556668781 0.570776464 0.603602235 0.556598241 0.570843884 0.605335183 0.55528902 0.570283632 0.607751721 0.552401972 0.570517228 0.612289366 0.524387957 0.591708546 0.636884373 0.531135115 0.558814625 0.631293253 0.502223557 0.590965589 0.631776645 0.504131249 0.588820817 0.649712552 0.483542048 0.586566865 0.620421325 0.495389127 0.608002461 0.67247506 0.461419855 0.578678677 0.665874496 0.458697412 0.588394289 0.661389241 0.443558501 0.604830661 0.683455523 0.380682568 0.62287184 0.690484841 0.391350209 0.608338473 0.649360766 0.415525193 0.636921824 0.658639585 0.420497235 0.623999978 0.664756652 0.432658274 0.609020041 0.699400455 0.316510493 0.640827677 0.701039321 0.318504412 0.638042953 0.694514251 0.333201379 0.637672954 0.69546882 0.334316987 0.636046596 0.690745056 0.358141356 0.628176755 0.682131305 0.354871733 0.639345709 0.686244346 0.369891927 0.626297581 0.697289902 0.286322818 0.657119499 0.693736536 0.285785034 0.661102513 0.707065669 0.266583265 0.654974429 0.708867223 0.260451487 0.655493923 0.707476028 0.262374157 0.65622974 0.71072269 0.2489375 0.657953933 0.702775465 0.246956954 0.667172323 0.706847265 0.239849425 0.665461642 0.708317967 0.234869599 0.665674041 0.705408533 0.236558827 0.668160702 0.705030272 0.23466029 0.669228558 0.702571289 0.232400112 0.672594805 0.702216836 0.234855189 0.672112011 0.681856016 0.24470142 0.689342867 0.688151782 0.251463419 0.680597733 0.69192787 0.23870195 0.681364221 0.693612781 0.243287645 0.678020967 0.702409061 0.235773746 0.671589347 0.69984015 0.232512113 0.675397573 0.698367617 0.238906209 0.674689925 0.69364875 0.234062598 0.68122398 0.694117889 0.236489286 0.679906739 -0.645550046 0.241033809 0.72468465 -0.648214846 0.239285381 0.72288313 -0.64939529 0.238040808 0.722234263 -0.653507491 0.235555678 0.719334054 -0.659038367 0.23156923 0.715572584 -0.654725472 0.233229035 0.718984544 -0.653675289 0.236792696 0.718775234 -0.660256229 0.230237676 0.714879237 -0.660923646 0.229426363 0.714523252 -0.661510036 0.231778352 0.71322035 -0.661093032 0.23220075 0.713469561 -0.667757446 0.229782689 0.708025359 -0.666627622 0.231355186 0.708577724 -0.667770767 0.236636435 0.705751656 -0.667525176 0.236769562 0.705939313 -0.669490827 0.241176819 0.702577949 -0.670046399 0.245366346 0.700594875 -0.668820521 0.246452966 0.701384378 -0.673524501 0.259886632 0.69197087 -0.682767874 0.255662464 0.684444837 -0.669467438 0.267593024 0.69296993 -0.66826339 0.280468142 0.689029508 -0.667272205 0.281153602 0.689710415 -0.666902612 0.289120564 0.686767941 -0.664376345 0.305727477 0.682007905 -0.646810089 0.3638304 0.670271698 -0.654231039 0.347671853 0.671644273 -0.656079462 0.337996473 0.674772646 -0.654742277 0.339053831 0.675540561 -0.660667291 0.325899646 0.67624563 -0.66283764 0.323243379 0.675396166 -0.65495793 0.303169729 0.692183664 -0.639096269 0.367601945 0.675592161 -0.645950001 0.388540157 0.657103601 -0.648738548 0.392363375 0.652065394 -0.636178717 0.401091778 0.659091819 -0.633652731 0.41172908 0.654952961 -0.61203461 0.442454985 0.655474807 -0.678890233 0.423850926 0.599548533 -0.634690271 0.447545202 0.629977421 -0.564409645 0.548623748 0.616809319 -0.559802611 0.554946031 0.615350257 -0.560560989 0.554759164 0.614828145 -0.562857326 0.553247078 0.614092258 -0.546872495 0.535330066 0.643701945 -0.56002485 0.555188574 0.614929114 -0.559611031 0.554946308 0.615524239 -0.609579968 0.462008278 0.644174366 -0.605114959 0.488686958 0.628506916 -0.59852 0.48599769 0.636851674 -0.589586841 0.508477049 0.627565493 -0.591269975 0.515105084 0.620537323 -0.553985974 0.534747091 0.638079219 -0.556217256 0.535446501 0.635546543 -0.562956453 0.545500647 0.620893772 -0.606223764 -0.0494274325 0.793756687 -0.674439527 0.0769924353 0.734304766 -0.493471182 0.0456825551 0.868561625 -0.109440846 0.364476961 0.924759021 -0.0195878676 0.404843168 0.914176309 -0.0190793111 0.403012552 0.914995553 -0.24808098 0.281465896 0.926948098 -0.384267293 0.247755476 0.889356999 -0.444754194 0.206667394 0.871482814 -0.555592115 0.0773303878 0.827851082 -0.574969239 0.120280274 0.809285506 -0.500124126 0.123745592 0.857066442 -0.494448821 0.113722913 0.861735146 -0.421478544 0.124945668 0.898189522 -0.424907346 0.129598068 0.895911875 -0.386039018 0.108571464 0.91607102 -0.388223667 0.111276505 0.914822346 -0.329530225 0.122355726 0.936183159 -0.313500176 0.106872605 0.943554919 -0.26286917 0.12273777 0.95699281 -0.2625165 0.122483058 0.957122243 -0.23476995 0.107801249 0.966054844 -0.232564393 0.106264745 0.966758298 -0.195515856 0.120209706 0.973305284 -0.165150391 0.104841816 0.980680142 -0.138810502 0.11865698 0.983184706 -0.0976377178 0.105141852 0.989652498 -0.0826281238 0.115811605 0.989828402 -0.0318657224 0.107757695 0.99366637 -0.0273589845 0.111839751 0.993349564 -0.179000277 0.27175075 0.945574127 -0.208495309 0.338843699 0.917450083 -0.177076787 0.334642291 0.925558398 -0.177900242 0.336091115 0.924875271 -0.147876694 0.335139085 0.930491417 -0.151485591 0.339976706 0.92815298 -0.136149422 0.330638197 0.933885281 -0.13894958 0.334112282 0.932234948 -0.115158033 0.334515374 0.935327799 -0.112301588 0.331763059 0.936654486 -0.091764385 0.334537857 0.937903897 -0.0936964216 0.335923831 0.937217243 -0.0826942635 0.329831816 0.940410885 -0.0835121142 0.330401979 0.940138425 -0.0684452784 0.333514192 0.94025716 -0.0595096168 0.329001333 0.942452507 -0.0487495598 0.332727495 0.941762122 -0.0352879493 0.32831743 0.94390806 -0.0291302737 0.331517695 0.942999175 -0.0115284882 0.328730399 0.944353439 -0.00968376538 0.3300299 0.943920807 -0.200175127 -0.0160651289 0.979628414 -0.675154319 0.00209074566 0.737673555 -0.998827428 0 0.0484124901 -0.988758525 -0.073563329 0.130173024 -0.987844527 -0.0457479985 0.148560796 -0.975609005 0.000366851275 0.219515226 -0.958256417 -0.00024510703 0.285910091 -0.923459034 -0.0301726441 0.382508856 -0.925456412 -0.0365433858 0.377087537 -0.73987109 -0.00147608482 0.672747048 -0.769834753 -0.00748798945 0.638199329 -0.79322567 -0.0179348279 0.608663601 -0.826107949 -0.00280978693 0.56350489 -0.890432578 0.00242893355 0.455108695 -0.391598146 -0.04244764 0.919156728 -0.459459201 0.000806658778 0.888198509 -0.608760101 -0.00215519592 0.793351432 -0.560112246 -0.0668847189 0.825712242 -0.600086363 -0.0254586564 0.799529995 -0.382251533 0.0474918289 0.922837088 -0.331024224 -0.152220115 0.931263657 -0.361236161 -0.0965910713 0.92745814 -0.138966019 -0.144751779 0.979660843 -0.128028184 -0.19469256 0.972472926 -0.0380507263 0 0.999275809 -1 0 0 -1 0 0 0 1 0 -1.38777881e-15 1 -3.13119656e-16 -1.56960169e-15 1 3.73147769e-16 0 1 0 -0.963928444 0.26616093 -0.000561256515 -0.955887663 0.293300835 -0.0159183977 -0.95247279 0.304571596 -0.00563279255 -0.941967834 0.335703142 0 -0.982490568 0.186307644 -0.00132139894 -0.97839074 0.20675431 0.00205329401 -0.974948692 0.222323021 -0.00689363988 -0.971669219 0.236344937 -1.82178325e-06 -0.968063725 0.250704256 -2.82976003e-08 -0.990082206 0.1404838 -0.00123587539 -0.989472514 0.144720085 0.000490054394 -0.987146588 0.159810682 -0.00146953398 -0.986859148 0.161582861 -2.04957889e-05 -0.983095446 0.183093814 1.04329197e-05 -0.989950015 0.141409592 0.00151481084 -0.990567535 0.137025397 2.90584558e-07 -0.990404538 0.138198591 2.39685463e-06 -0.972497339 0.232913988 -6.71355048e-07 -0.977702397 0.209990463 0.00142387913 -0.978506985 0.206177799 0.00384641818 -0.983536895 0.180706718 -0.000508714926 -0.984527482 0.175230242 1.53183567e-06 -0.98544515 0.169993692 -1.52551036e-06 -0.986924542 0.161180639 0.000865725844 -0.988089122 0.153871152 -0.00188549703 -0.990020514 0.140909839 0.00194939741 -0.96923116 0.246152309 2.41853159e-06 -0.963054278 0.269263443 0.00486373862 -0.96068137 0.277651079 0.00108745912 -0.926486624 0.376327698 -1.55005909e-06 -0.936131607 0.351645762 0.00169453121 -0.939522659 0.34244889 0.00509222505 -0.948286619 0.317415326 2.23186034e-06 -0.953619268 0.301015435 -5.0673616e-07 -0.877779771 0.479064373 0 -0.874650862 0.484749581 0.0019268826 -0.877975151 0.47870412 -0.0014141852 -0.887285453 0.461184524 0.00577572164 -0.87418008 0.485585574 0.00397978576 -0.87464057 0.484742047 0.00538708972 -0.874553692 0.484905262 0.00476720005 -0.901650546 0.429937635 0.046689648 -0.909519156 0.415662008 7.50083279e-06 -0.894241415 0.447409078 0.0125462208 -0.907594372 0.419848134 0 -0.883489123 0.468451673 0 -0.873884108 0.486126416 0.00277019011 -0.872871204 0.487948966 0.00129162687 0.9824657 0.186443241 0.000257148215 0.982393305 0.1868245 1.54362628e-05 0.987127353 0.159936201 -2.23762409e-05 0.986349201 0.164568525 -0.00569686377 0.989999629 0.140993835 0.00463393438 0.98236933 0.18621702 0.0165445208 0.989615108 0.143742609 6.66921742e-06 0.99059804 0.13680469 -1.46778665e-08 0.989960686 0.141341113 0.000727295475 0.989519605 0.144371633 -0.00278981108 0.986920161 0.161204247 0.00133620295 0.986059665 0.166392119 -6.98966558e-06 0.98452748 0.175230251 2.83674807e-06 0.97851013 0.206178462 -0.00289259448 0.978339664 0.206977051 0.00346438633 0.973447778 0.228909204 -3.57022734e-06 0.963065669 0.269266628 1.81781785e-05 0.9641397 0.265380523 0.00279569706 0.954298856 0.298853968 -1.44191939e-06 0.939534841 0.34245333 9.86314109e-06 0.94656299 0.322277729 0.0124728533 0.937391833 0.348263156 0.00305365283 0.928218398 0.372035758 -3.47192458e-06 0.907594372 0.419848134 1.25397131e-05 0.912520654 0.408994051 0.00547010857 0.898330214 0.439319981 0.000883920927 0.894292131 0.44748351 0.000304578649 0.874627418 0.484766012 0.00536595777 0.874256063 0.485447423 0.00413953135 0.872880639 0.487932052 0.00130536079 0.886358688 0.462978753 0.00435319592 0.876246529 0.481859524 -0.00184936076 0.874470199 0.485066165 0.00356193596 0.8719817 0.489538471 0 0.877778562 0.479063713 0.00165960569 0.883489123 0.468451673 0 0.891158732 0.453691652 0 0.956008795 0.293338003 0 0.950495304 0.309693902 -0.0254629966 0.963075934 0.269219339 -0.00238596786 0.967238216 0.253870504 1.58258481e-06 0.974971859 0.222328304 -1.15940001e-05 0.971921079 0.234874916 -0.0142544693 0.97755772 0.21066759 -0.000267093319 0 -1 0 0 -1 0 0 -1 0 0 -1 0 0 -1 0 0 -1 0 0 -1 0 0 -1 0 0 -1 0 0 -1 0 0 -1 0 0 -1 0 0 -1 0 0 -1 0 0 -1 0 0 -1 0 0 -1 0 0 -1 0 0 -1 0 0 -1 0 0 -1 0 0 -1 0 0.707106781 -0.707106781 0 0.707106781 -0.707106781 0 -1 0 0 -1 0 0 -0.70710744 -0.707106123 0 -0.70710744 -0.707106123 0</float_array>
          <technique_common>
            <accessor source="#link7-mesh-normals-array" count="2086" stride="3">
              <param name="X" type="float"/>
              <param name="Y" type="float"/>
              <param name="Z" type="float"/>
            </accessor>
          </technique_common>
        </source>
        <vertices id="link7-mesh-vertices">
          <input semantic="POSITION" source="#link7-mesh-positions"/>
        </vertices>
        <triangles count="2086" material="uniform_dark">
          <input semantic="VERTEX" source="#link7-mesh-vertices" offset="0"/>
          <input semantic="NORMAL" source="#link7-mesh-normals" offset="1"/>
          <p>0 0 1 0 2 0 3 1 4 1 5 1 6 2 7 2 8 2 9 3 10 3 11 3 12 4 13 4 14 4 15 5 16 5 17 5 18 6 19 6 20 6 21 7 22 7 23 7 24 8 25 8 26 8 27 9 28 9 29 9 30 10 31 10 32 10 33 11 34 11 35 11 36 12 37 12 38 12 39 13 40 13 41 13 42 14 43 14 44 14 45 15 46 15 47 15 48 16 49 16 50 16 51 17 52 17 53 17 54 18 55 18 56 18 57 19 58 19 59 19 60 20 61 20 62 20 63 21 64 21 65 21 66 22 67 22 68 22 69 23 70 23 71 23 72 24 73 24 74 24 75 25 76 25 77 25 78 26 79 26 80 26 81 27 82 27 83 27 84 28 85 28 86 28 87 29 88 29 89 29 90 30 91 30 92 30 93 31 94 31 95 31 96 32 97 32 98 32 99 33 100 33 101 33 102 34 103 34 104 34 105 35 106 35 107 35 108 36 109 36 110 36 111 37 112 37 113 37 114 38 115 38 116 38 117 39 118 39 119 39 120 40 121 40 122 40 123 41 124 41 125 41 126 42 127 42 128 42 129 43 130 43 131 43 132 44 133 44 134 44 135 45 136 45 137 45 138 46 139 46 140 46 141 47 142 47 143 47 144 48 145 48 146 48 147 49 148 49 149 49 150 50 151 50 152 50 153 51 154 51 155 51 156 52 157 52 158 52 159 53 160 53 161 53 162 54 163 54 164 54 165 55 166 55 167 55 168 56 169 56 170 56 171 57 172 57 173 57 174 58 175 58 176 58 177 59 178 59 179 59 180 60 181 60 182 60 183 61 184 61 185 61 186 62 187 62 188 62 189 63 190 63 191 63 192 64 193 64 194 64 195 65 196 65 197 65 198 66 199 66 200 66 201 67 202 67 203 67 204 68 205 68 206 68 207 69 208 69 209 69 210 70 211 70 212 70 213 71 214 71 215 71 216 72 217 72 218 72 219 73 220 73 221 73 222 74 223 74 224 74 225 75 226 75 227 75 228 76 229 76 230 76 231 77 232 77 233 77 234 78 235 78 236 78 237 79 238 79 239 79 240 80 241 80 242 80 243 81 244 81 245 81 246 82 247 82 248 82 249 83 250 83 251 83 252 84 253 84 254 84 255 85 256 85 257 85 258 86 259 86 260 86 261 87 262 87 263 87 264 88 265 88 266 88 267 89 268 89 269 89 270 90 271 90 272 90 273 91 274 91 275 91 276 92 277 92 278 92 279 93 280 93 281 93 282 94 283 94 284 94 285 95 286 95 287 95 288 96 289 96 290 96 291 97 292 97 293 97 294 98 295 98 296 98 297 99 298 99 299 99 300 100 301 100 302 100 303 101 304 101 305 101 306 102 307 102 308 102 309 103 310 103 311 103 312 104 313 104 314 104 315 105 316 105 317 105 318 106 319 106 320 106 321 107 322 107 323 107 324 108 325 108 326 108 327 109 328 109 329 109 330 110 331 110 332 110 333 111 334 111 335 111 336 112 337 112 338 112 339 113 340 113 341 113 342 114 343 114 344 114 345 115 346 115 347 115 348 116 349 116 350 116 351 117 352 117 353 117 354 118 355 118 356 118 357 119 358 119 359 119 360 120 361 120 362 120 363 121 364 121 365 121 366 122 367 122 368 122 369 123 370 123 371 123 372 124 373 124 374 124 375 125 376 125 377 125 378 126 379 126 380 126 381 127 382 127 383 127 384 128 385 128 386 128 387 129 388 129 389 129 390 130 391 130 392 130 393 131 394 131 395 131 396 132 397 132 398 132 399 133 400 133 401 133 402 134 403 134 404 134 405 135 406 135 407 135 408 136 409 136 410 136 411 137 412 137 413 137 414 138 415 138 416 138 417 139 418 139 419 139 420 140 421 140 422 140 423 141 424 141 425 141 426 142 427 142 428 142 429 143 430 143 431 143 432 144 433 144 434 144 435 145 436 145 437 145 438 146 439 146 440 146 441 147 442 147 443 147 444 148 445 148 446 148 447 149 448 149 449 149 450 150 451 150 452 150 453 151 454 151 455 151 456 152 457 152 458 152 459 153 460 153 461 153 462 154 463 154 464 154 465 155 466 155 467 155 468 156 469 156 470 156 471 157 472 157 473 157 474 158 475 158 476 158 477 159 478 159 479 159 480 160 481 160 482 160 483 161 484 161 485 161 486 162 487 162 488 162 489 163 490 163 491 163 492 164 493 164 494 164 495 165 496 165 497 165 498 166 499 166 500 166 501 167 502 167 503 167 504 168 505 168 506 168 507 169 508 169 509 169 510 170 511 170 512 170 513 171 514 171 515 171 516 172 517 172 518 172 519 173 520 173 521 173 522 174 523 174 524 174 525 175 526 175 527 175 528 176 529 176 530 176 531 177 532 177 533 177 534 178 535 178 536 178 537 179 538 179 539 179 540 180 541 180 542 180 543 181 544 181 545 181 546 182 547 182 548 182 549 183 550 183 551 183 552 184 553 184 554 184 555 185 556 185 557 185 558 186 559 186 560 186 561 187 562 187 563 187 564 188 565 188 566 188 567 189 568 189 569 189 570 190 571 190 572 190 573 191 574 191 575 191 576 192 577 192 578 192 579 193 580 193 581 193 582 194 583 194 584 194 585 195 586 195 587 195 588 196 589 196 590 196 591 197 592 197 593 197 594 198 595 198 596 198 597 199 598 199 599 199 600 200 601 200 602 200 603 201 604 201 605 201 606 202 607 202 608 202 609 203 610 203 611 203 612 204 613 204 614 204 615 205 616 205 617 205 618 206 619 206 620 206 621 207 622 207 623 207 624 208 625 208 626 208 627 209 628 209 629 209 630 210 631 210 632 210 633 211 634 211 635 211 636 212 637 212 638 212 639 213 640 213 641 213 642 214 643 214 644 214 645 215 646 215 647 215 648 216 649 216 650 216 651 217 652 217 653 217 654 218 655 218 656 218 657 219 658 219 659 219 660 220 661 220 662 220 663 221 664 221 665 221 666 222 667 222 668 222 669 223 670 223 671 223 672 224 673 224 674 224 675 225 676 225 677 225 678 226 679 226 680 226 681 227 682 227 683 227 684 228 685 228 686 228 687 229 688 229 689 229 690 230 691 230 692 230 693 231 694 231 695 231 696 232 697 232 698 232 699 233 700 233 701 233 702 234 703 234 704 234 705 235 706 235 707 235 708 236 709 236 710 236 711 237 712 237 713 237 714 238 715 238 716 238 717 239 718 239 719 239 720 240 721 240 722 240 723 241 724 241 725 241 726 242 727 242 728 242 729 243 730 243 731 243 732 244 733 244 734 244 735 245 736 245 737 245 738 246 739 246 740 246 741 247 742 247 743 247 744 248 745 248 746 248 747 249 748 249 749 249 750 250 751 250 752 250 753 251 754 251 755 251 756 252 757 252 758 252 759 253 760 253 761 253 762 254 763 254 764 254 765 255 766 255 767 255 768 256 769 256 770 256 771 257 772 257 773 257 774 258 775 258 776 258 777 259 778 259 779 259 780 260 781 260 782 260 783 261 784 261 785 261 786 262 787 262 788 262 789 263 790 263 791 263 792 264 793 264 794 264 795 265 796 265 797 265 798 266 799 266 800 266 801 267 802 267 803 267 804 268 805 268 806 268 807 269 808 269 809 269 810 270 811 270 812 270 813 271 814 271 815 271 816 272 817 272 818 272 819 273 820 273 821 273 822 274 823 274 824 274 825 275 826 275 827 275 828 276 829 276 830 276 831 277 832 277 833 277 834 278 835 278 836 278 837 279 838 279 839 279 840 280 841 280 842 280 843 281 844 281 845 281 846 282 847 282 848 282 849 283 850 283 851 283 852 284 853 284 854 284 855 285 856 285 857 285 858 286 859 286 860 286 861 287 862 287 863 287 864 288 865 288 866 288 867 289 868 289 869 289 870 290 871 290 872 290 873 291 874 291 875 291 876 292 877 292 878 292 879 293 880 293 881 293 882 294 883 294 884 294 885 295 886 295 887 295 888 296 889 296 890 296 891 297 892 297 893 297 894 298 895 298 896 298 897 299 898 299 899 299 900 300 901 300 902 300 903 301 904 301 905 301 906 302 907 302 908 302 909 303 910 303 911 303 912 304 913 304 914 304 915 305 916 305 917 305 918 306 919 306 920 306 921 307 922 307 923 307 924 308 925 308 926 308 927 309 928 309 929 309 930 310 931 310 932 310 933 311 934 311 935 311 936 312 937 312 938 312 939 313 940 313 941 313 942 314 943 314 944 314 945 315 946 315 947 315 948 316 949 316 950 316 951 317 952 317 953 317 954 318 955 318 956 318 957 319 958 319 959 319 960 320 961 320 962 320 963 321 964 321 965 321 966 322 967 322 968 322 969 323 970 323 971 323 972 324 973 324 974 324 975 325 976 325 977 325 978 326 979 326 980 326 981 327 982 327 983 327 984 328 985 328 986 328 987 329 988 329 989 329 990 330 991 330 992 330 993 331 994 331 995 331 996 332 997 332 998 332 999 333 1000 333 1001 333 1002 334 1003 334 1004 334 1005 335 1006 335 1007 335 1008 336 1009 336 1010 336 1011 337 1012 337 1013 337 1014 338 1015 338 1016 338 1017 339 1018 339 1019 339 1020 340 1021 340 1022 340 1023 341 1024 341 1025 341 1026 342 1027 342 1028 342 1029 343 1030 343 1031 343 1032 344 1033 344 1034 344 1035 345 1036 345 1037 345 1038 346 1039 346 1040 346 1041 347 1042 347 1043 347 1044 348 1045 348 1046 348 1047 349 1048 349 1049 349 1050 350 1051 350 1052 350 1053 351 1054 351 1055 351 1056 352 1057 352 1058 352 1059 353 1060 353 1061 353 1062 354 1063 354 1064 354 1065 355 1066 355 1067 355 1068 356 1069 356 1070 356 1071 357 1072 357 1073 357 1074 358 1075 358 1076 358 1077 359 1078 359 1079 359 1080 360 1081 360 1082 360 1083 361 1084 361 1085 361 1086 362 1087 362 1088 362 1089 363 1090 363 1091 363 1092 364 1093 364 1094 364 1095 365 1096 365 1097 365 1098 366 1099 366 1100 366 1101 367 1102 367 1103 367 1104 368 1105 368 1106 368 1107 369 1108 369 1109 369 1110 370 1111 370 1112 370 1113 371 1114 371 1115 371 1116 372 1117 372 1118 372 1119 373 1120 373 1121 373 1122 374 1123 374 1124 374 1125 375 1126 375 1127 375 1128 376 1129 376 1130 376 1131 377 1132 377 1133 377 1134 378 1135 378 1136 378 1137 379 1138 379 1139 379 1140 380 1141 380 1142 380 1143 381 1144 381 1145 381 1146 382 1147 382 1148 382 1149 383 1150 383 1151 383 1152 384 1153 384 1154 384 1155 385 1156 385 1157 385 1158 386 1159 386 1160 386 1161 387 1162 387 1163 387 1164 388 1165 388 1166 388 1167 389 1168 389 1169 389 1170 390 1171 390 1172 390 1173 391 1174 391 1175 391 1176 392 1177 392 1178 392 1179 393 1180 393 1181 393 1182 394 1183 394 1184 394 1185 395 1186 395 1187 395 1188 396 1189 396 1190 396 1191 397 1192 397 1193 397 1194 398 1195 398 1196 398 1197 399 1198 399 1199 399 1200 400 1201 400 1202 400 1203 401 1204 401 1205 401 1206 402 1207 402 1208 402 1209 403 1210 403 1211 403 1212 404 1213 404 1214 404 1215 405 1216 405 1217 405 1218 406 1219 406 1220 406 1221 407 1222 407 1223 407 1224 408 1225 408 1226 408 1227 409 1228 409 1229 409 1230 410 1231 410 1232 410 1233 411 1234 411 1235 411 1236 412 1237 412 1238 412 1239 413 1240 413 1241 413 1242 414 1243 414 1244 414 1245 415 1246 415 1247 415 1248 416 1249 416 1250 416 1251 417 1252 417 1253 417 1254 418 1255 418 1256 418 1257 419 1258 419 1259 419 1260 420 1261 420 1262 420 1263 421 1264 421 1265 421 1266 422 1267 422 1268 422 1269 423 1270 423 1271 423 1272 424 1273 424 1274 424 1275 425 1276 425 1277 425 1278 426 1279 426 1280 426 1281 427 1282 427 1283 427 1284 428 1285 428 1286 428 1287 429 1288 429 1289 429 1290 430 1291 430 1292 430 1293 431 1294 431 1295 431 1296 432 1297 432 1298 432 1299 433 1300 433 1301 433 1302 434 1303 434 1304 434 1305 435 1306 435 1307 435 1308 436 1309 436 1310 436 1311 437 1312 437 1313 437 1314 438 1315 438 1316 438 1317 439 1318 439 1319 439 1320 440 1321 440 1322 440 1323 441 1324 441 1325 441 1326 442 1327 442 1328 442 1329 443 1330 443 1331 443 1332 444 1333 444 1334 444 1335 445 1336 445 1337 445 1338 446 1339 446 1340 446 1341 447 1342 447 1343 447 1344 448 1345 448 1346 448 1347 449 1348 449 1349 449 1350 450 1351 450 1352 450 1353 451 1354 451 1355 451 1356 452 1357 452 1358 452 1359 453 1360 453 1361 453 1362 454 1363 454 1364 454 1365 455 1366 455 1367 455 1368 456 1369 456 1370 456 1371 457 1372 457 1373 457 1374 458 1375 458 1376 458 1377 459 1378 459 1379 459 1380 460 1381 460 1382 460 1383 461 1384 461 1385 461 1386 462 1387 462 1388 462 1389 463 1390 463 1391 463 1392 464 1393 464 1394 464 1395 465 1396 465 1397 465 1398 466 1399 466 1400 466 1401 467 1402 467 1403 467 1404 468 1405 468 1406 468 1407 469 1408 469 1409 469 1410 470 1411 470 1412 470 1413 471 1414 471 1415 471 1416 472 1417 472 1418 472 1419 473 1420 473 1421 473 1422 474 1423 474 1424 474 1425 475 1426 475 1427 475 1428 476 1429 476 1430 476 1431 477 1432 477 1433 477 1434 478 1435 478 1436 478 1437 479 1438 479 1439 479 1440 480 1441 480 1442 480 1443 481 1444 481 1445 481 1446 482 1447 482 1448 482 1449 483 1450 483 1451 483 1452 484 1453 484 1454 484 1455 485 1456 485 1457 485 1458 486 1459 486 1460 486 1461 487 1462 487 1463 487 1464 488 1465 488 1466 488 1467 489 1468 489 1469 489 1470 490 1471 490 1472 490 1473 491 1474 491 1475 491 1476 492 1477 492 1478 492 1479 493 1480 493 1481 493 1482 494 1483 494 1484 494 1485 495 1486 495 1487 495 1488 496 1489 496 1490 496 1491 497 1492 497 1493 497 1494 498 1495 498 1496 498 1497 499 1498 499 1499 499 1500 500 1501 500 1502 500 1503 501 1504 501 1505 501 1506 502 1507 502 1508 502 1509 503 1510 503 1511 503 1512 504 1513 504 1514 504 1515 505 1516 505 1517 505 1518 506 1519 506 1520 506 1521 507 1522 507 1523 507 1524 508 1525 508 1526 508 1527 509 1528 509 1529 509 1530 510 1531 510 1532 510 1533 511 1534 511 1535 511 1536 512 1537 512 1538 512 1539 513 1540 513 1541 513 1542 514 1543 514 1544 514 1545 515 1546 515 1547 515 1548 516 1549 516 1550 516 1551 517 1552 517 1553 517 1554 518 1555 518 1556 518 1557 519 1558 519 1559 519 1560 520 1561 520 1562 520 1563 521 1564 521 1565 521 1566 522 1567 522 1568 522 1569 523 1570 523 1571 523 1572 524 1573 524 1574 524 1575 525 1576 525 1577 525 1578 526 1579 526 1580 526 1581 527 1582 527 1583 527 1584 528 1585 528 1586 528 1587 529 1588 529 1589 529 1590 530 1591 530 1592 530 1593 531 1594 531 1595 531 1596 532 1597 532 1598 532 1599 533 1600 533 1601 533 1602 534 1603 534 1604 534 1605 535 1606 535 1607 535 1608 536 1609 536 1610 536 1611 537 1612 537 1613 537 1614 538 1615 538 1616 538 1617 539 1618 539 1619 539 1620 540 1621 540 1622 540 1623 541 1624 541 1625 541 1626 542 1627 542 1628 542 1629 543 1630 543 1631 543 1632 544 1633 544 1634 544 1635 545 1636 545 1637 545 1638 546 1639 546 1640 546 1641 547 1642 547 1643 547 1644 548 1645 548 1646 548 1647 549 1648 549 1649 549 1650 550 1651 550 1652 550 1653 551 1654 551 1655 551 1656 552 1657 552 1658 552 1659 553 1660 553 1661 553 1662 554 1663 554 1664 554 1665 555 1666 555 1667 555 1668 556 1669 556 1670 556 1671 557 1672 557 1673 557 1674 558 1675 558 1676 558 1677 559 1678 559 1679 559 1680 560 1681 560 1682 560 1683 561 1684 561 1685 561 1686 562 1687 562 1688 562 1689 563 1690 563 1691 563 1692 564 1693 564 1694 564 1695 565 1696 565 1697 565 1698 566 1699 566 1700 566 1701 567 1702 567 1703 567 1704 568 1705 568 1706 568 1707 569 1708 569 1709 569 1710 570 1711 570 1712 570 1713 571 1714 571 1715 571 1716 572 1717 572 1718 572 1719 573 1720 573 1721 573 1722 574 1723 574 1724 574 1725 575 1726 575 1727 575 1728 576 1729 576 1730 576 1731 577 1732 577 1733 577 1734 578 1735 578 1736 578 1737 579 1738 579 1739 579 1740 580 1741 580 1742 580 1743 581 1744 581 1745 581 1746 582 1747 582 1748 582 1749 583 1750 583 1751 583 1752 584 1753 584 1754 584 1755 585 1756 585 1757 585 1758 586 1759 586 1760 586 1761 587 1762 587 1763 587 1764 588 1765 588 1766 588 1767 589 1768 589 1769 589 1770 590 1771 590 1772 590 1773 591 1774 591 1775 591 1776 592 1777 592 1778 592 1779 593 1780 593 1781 593 1782 594 1783 594 1784 594 1785 595 1786 595 1787 595 1788 596 1789 596 1790 596 1791 597 1792 597 1793 597 1794 598 1795 598 1796 598 1797 599 1798 599 1799 599 1800 600 1801 600 1802 600 1803 601 1804 601 1805 601 1806 602 1807 602 1808 602 1809 603 1810 603 1811 603 1812 604 1813 604 1814 604 1815 605 1816 605 1817 605 1818 606 1819 606 1820 606 1821 607 1822 607 1823 607 1824 608 1825 608 1826 608 1827 609 1828 609 1829 609 1830 610 1831 610 1832 610 1833 611 1834 611 1835 611 1836 612 1837 612 1838 612 1839 613 1840 613 1841 613 1842 614 1843 614 1844 614 1845 615 1846 615 1847 615 1848 616 1849 616 1850 616 1851 617 1852 617 1853 617 1854 618 1855 618 1856 618 1857 619 1858 619 1859 619 1860 620 1861 620 1862 620 1863 621 1864 621 1865 621 1866 622 1867 622 1868 622 1869 623 1870 623 1871 623 1872 624 1873 624 1874 624 1875 625 1876 625 1877 625 1878 626 1879 626 1880 626 1881 627 1882 627 1883 627 1884 628 1885 628 1886 628 1887 629 1888 629 1889 629 1890 630 1891 630 1892 630 1893 631 1894 631 1895 631 1896 632 1897 632 1898 632 1899 633 1900 633 1901 633 1902 634 1903 634 1904 634 1905 635 1906 635 1907 635 1908 636 1909 636 1910 636 1911 637 1912 637 1913 637 1914 638 1915 638 1916 638 1917 639 1918 639 1919 639 1920 640 1921 640 1922 640 1923 641 1924 641 1925 641 1926 642 1927 642 1928 642 1929 643 1930 643 1931 643 1932 644 1933 644 1934 644 1935 645 1936 645 1937 645 1938 646 1939 646 1940 646 1941 647 1942 647 1943 647 1944 648 1945 648 1946 648 1947 649 1948 649 1949 649 1950 650 1951 650 1952 650 1953 651 1954 651 1955 651 1956 652 1957 652 1958 652 1959 653 1960 653 1961 653 1962 654 1963 654 1964 654 1965 655 1966 655 1967 655 1968 656 1969 656 1970 656 1971 657 1972 657 1973 657 1974 658 1975 658 1976 658 1977 659 1978 659 1979 659 1980 660 1981 660 1982 660 1983 661 1984 661 1985 661 1986 662 1987 662 1988 662 1989 663 1990 663 1991 663 1992 664 1993 664 1994 664 1995 665 1996 665 1997 665 1998 666 1999 666 2000 666 2001 667 2002 667 2003 667 2004 668 2005 668 2006 668 2007 669 2008 669 2009 669 2010 670 2011 670 2012 670 2013 671 2014 671 2015 671 2016 672 2017 672 2018 672 2019 673 2020 673 2021 673 2022 674 2023 674 2024 674 2025 675 2026 675 2027 675 2028 676 2029 676 2030 676 2031 677 2032 677 2033 677 2034 678 2035 678 2036 678 2037 679 2038 679 2039 679 2040 680 2041 680 2042 680 2043 681 2044 681 2045 681 2046 682 2047 682 2048 682 2049 683 2050 683 2051 683 2052 684 2053 684 2054 684 2055 685 2056 685 2057 685 2058 686 2059 686 2060 686 2061 687 2062 687 2063 687 2064 688 2065 688 2066 688 2067 689 2068 689 2069 689 2070 690 2071 690 2072 690 2073 691 2074 691 2075 691 2076 692 2077 692 2078 692 2079 693 2080 693 2081 693 2082 694 2083 694 2084 694 2085 695 2086 695 2087 695 2088 696 2089 696 2090 696 2091 697 2092 697 2093 697 2094 698 2095 698 2096 698 2097 699 2098 699 2099 699 2100 700 2101 700 2102 700 2103 701 2104 701 2105 701 2106 702 2107 702 2108 702 2109 703 2110 703 2111 703 2112 704 2113 704 2114 704 2115 705 2116 705 2117 705 2118 706 2119 706 2120 706 2121 707 2122 707 2123 707 2124 708 2125 708 2126 708 2127 709 2128 709 2129 709 2130 710 2131 710 2132 710 2133 711 2134 711 2135 711 2136 712 2137 712 2138 712 2139 713 2140 713 2141 713 2142 714 2143 714 2144 714 2145 715 2146 715 2147 715 2148 716 2149 716 2150 716 2151 717 2152 717 2153 717 2154 718 2155 718 2156 718 2157 719 2158 719 2159 719 2160 720 2161 720 2162 720 2163 721 2164 721 2165 721 2166 722 2167 722 2168 722 2169 723 2170 723 2171 723 2172 724 2173 724 2174 724 2175 725 2176 725 2177 725 2178 726 2179 726 2180 726 2181 727 2182 727 2183 727 2184 728 2185 728 2186 728 2187 729 2188 729 2189 729 2190 730 2191 730 2192 730 2193 731 2194 731 2195 731 2196 732 2197 732 2198 732 2199 733 2200 733 2201 733 2202 734 2203 734 2204 734 2205 735 2206 735 2207 735 2208 736 2209 736 2210 736 2211 737 2212 737 2213 737 2214 738 2215 738 2216 738 2217 739 2218 739 2219 739 2220 740 2221 740 2222 740 2223 741 2224 741 2225 741 2226 742 2227 742 2228 742 2229 743 2230 743 2231 743 2232 744 2233 744 2234 744 2235 745 2236 745 2237 745 2238 746 2239 746 2240 746 2241 747 2242 747 2243 747 2244 748 2245 748 2246 748 2247 749 2248 749 2249 749 2250 750 2251 750 2252 750 2253 751 2254 751 2255 751 2256 752 2257 752 2258 752 2259 753 2260 753 2261 753 2262 754 2263 754 2264 754 2265 755 2266 755 2267 755 2268 756 2269 756 2270 756 2271 757 2272 757 2273 757 2274 758 2275 758 2276 758 2277 759 2278 759 2279 759 2280 760 2281 760 2282 760 2283 761 2284 761 2285 761 2286 762 2287 762 2288 762 2289 763 2290 763 2291 763 2292 764 2293 764 2294 764 2295 765 2296 765 2297 765 2298 766 2299 766 2300 766 2301 767 2302 767 2303 767 2304 768 2305 768 2306 768 2307 769 2308 769 2309 769 2310 770 2311 770 2312 770 2313 771 2314 771 2315 771 2316 772 2317 772 2318 772 2319 773 2320 773 2321 773 2322 774 2323 774 2324 774 2325 775 2326 775 2327 775 2328 776 2329 776 2330 776 2331 777 2332 777 2333 777 2334 778 2335 778 2336 778 2337 779 2338 779 2339 779 2340 780 2341 780 2342 780 2343 781 2344 781 2345 781 2346 782 2347 782 2348 782 2349 783 2350 783 2351 783 2352 784 2353 784 2354 784 2355 785 2356 785 2357 785 2358 786 2359 786 2360 786 2361 787 2362 787 2363 787 2364 788 2365 788 2366 788 2367 789 2368 789 2369 789 2370 790 2371 790 2372 790 2373 791 2374 791 2375 791 2376 792 2377 792 2378 792 2379 793 2380 793 2381 793 2382 794 2383 794 2384 794 2385 795 2386 795 2387 795 2388 796 2389 796 2390 796 2391 797 2392 797 2393 797 2394 798 2395 798 2396 798 2397 799 2398 799 2399 799 2400 800 2401 800 2402 800 2403 801 2404 801 2405 801 2406 802 2407 802 2408 802 2409 803 2410 803 2411 803 2412 804 2413 804 2414 804 2415 805 2416 805 2417 805 2418 806 2419 806 2420 806 2421 807 2422 807 2423 807 2424 808 2425 808 2426 808 2427 809 2428 809 2429 809 2430 810 2431 810 2432 810 2433 811 2434 811 2435 811 2436 812 2437 812 2438 812 2439 813 2440 813 2441 813 2442 814 2443 814 2444 814 2445 815 2446 815 2447 815 2448 816 2449 816 2450 816 2451 817 2452 817 2453 817 2454 818 2455 818 2456 818 2457 819 2458 819 2459 819 2460 820 2461 820 2462 820 2463 821 2464 821 2465 821 2466 822 2467 822 2468 822 2469 823 2470 823 2471 823 2472 824 2473 824 2474 824 2475 825 2476 825 2477 825 2478 826 2479 826 2480 826 2481 827 2482 827 2483 827 2484 828 2485 828 2486 828 2487 829 2488 829 2489 829 2490 830 2491 830 2492 830 2493 831 2494 831 2495 831 2496 832 2497 832 2498 832 2499 833 2500 833 2501 833 2502 834 2503 834 2504 834 2505 835 2506 835 2507 835 2508 836 2509 836 2510 836 2511 837 2512 837 2513 837 2514 838 2515 838 2516 838 2517 839 2518 839 2519 839 2520 840 2521 840 2522 840 2523 841 2524 841 2525 841 2526 842 2527 842 2528 842 2529 843 2530 843 2531 843 2532 844 2533 844 2534 844 2535 845 2536 845 2537 845 2538 846 2539 846 2540 846 2541 847 2542 847 2543 847 2544 848 2545 848 2546 848 2547 849 2548 849 2549 849 2550 850 2551 850 2552 850 2553 851 2554 851 2555 851 2556 852 2557 852 2558 852 2559 853 2560 853 2561 853 2562 854 2563 854 2564 854 2565 855 2566 855 2567 855 2568 856 2569 856 2570 856 2571 857 2572 857 2573 857 2574 858 2575 858 2576 858 2577 859 2578 859 2579 859 2580 860 2581 860 2582 860 2583 861 2584 861 2585 861 2586 862 2587 862 2588 862 2589 863 2590 863 2591 863 2592 864 2593 864 2594 864 2595 865 2596 865 2597 865 2598 866 2599 866 2600 866 2601 867 2602 867 2603 867 2604 868 2605 868 2606 868 2607 869 2608 869 2609 869 2610 870 2611 870 2612 870 2613 871 2614 871 2615 871 2616 872 2617 872 2618 872 2619 873 2620 873 2621 873 2622 874 2623 874 2624 874 2625 875 2626 875 2627 875 2628 876 2629 876 2630 876 2631 877 2632 877 2633 877 2634 878 2635 878 2636 878 2637 879 2638 879 2639 879 2640 880 2641 880 2642 880 2643 881 2644 881 2645 881 2646 882 2647 882 2648 882 2649 883 2650 883 2651 883 2652 884 2653 884 2654 884 2655 885 2656 885 2657 885 2658 886 2659 886 2660 886 2661 887 2662 887 2663 887 2664 888 2665 888 2666 888 2667 889 2668 889 2669 889 2670 890 2671 890 2672 890 2673 891 2674 891 2675 891 2676 892 2677 892 2678 892 2679 893 2680 893 2681 893 2682 894 2683 894 2684 894 2685 895 2686 895 2687 895 2688 896 2689 896 2690 896 2691 897 2692 897 2693 897 2694 898 2695 898 2696 898 2697 899 2698 899 2699 899 2700 900 2701 900 2702 900 2703 901 2704 901 2705 901 2706 902 2707 902 2708 902 2709 903 2710 903 2711 903 2712 904 2713 904 2714 904 2715 905 2716 905 2717 905 2718 906 2719 906 2720 906 2721 907 2722 907 2723 907 2724 908 2725 908 2726 908 2727 909 2728 909 2729 909 2730 910 2731 910 2732 910 2733 911 2734 911 2735 911 2736 912 2737 912 2738 912 2739 913 2740 913 2741 913 2742 914 2743 914 2744 914 2745 915 2746 915 2747 915 2748 916 2749 916 2750 916 2751 917 2752 917 2753 917 2754 918 2755 918 2756 918 2757 919 2758 919 2759 919 2760 920 2761 920 2762 920 2763 921 2764 921 2765 921 2766 922 2767 922 2768 922 2769 923 2770 923 2771 923 2772 924 2773 924 2774 924 2775 925 2776 925 2777 925 2778 926 2779 926 2780 926 2781 927 2782 927 2783 927 2784 928 2785 928 2786 928 2787 929 2788 929 2789 929 2790 930 2791 930 2792 930 2793 931 2794 931 2795 931 2796 932 2797 932 2798 932 2799 933 2800 933 2801 933 2802 934 2803 934 2804 934 2805 935 2806 935 2807 935 2808 936 2809 936 2810 936 2811 937 2812 937 2813 937 2814 938 2815 938 2816 938 2817 939 2818 939 2819 939 2820 940 2821 940 2822 940 2823 941 2824 941 2825 941 2826 942 2827 942 2828 942 2829 943 2830 943 2831 943 2832 944 2833 944 2834 944 2835 945 2836 945 2837 945 2838 946 2839 946 2840 946 2841 947 2842 947 2843 947 2844 948 2845 948 2846 948 2847 949 2848 949 2849 949 2850 950 2851 950 2852 950 2853 951 2854 951 2855 951 2856 952 2857 952 2858 952 2859 953 2860 953 2861 953 2862 954 2863 954 2864 954 2865 955 2866 955 2867 955 2868 956 2869 956 2870 956 2871 957 2872 957 2873 957 2874 958 2875 958 2876 958 2877 959 2878 959 2879 959 2880 960 2881 960 2882 960 2883 961 2884 961 2885 961 2886 962 2887 962 2888 962 2889 963 2890 963 2891 963 2892 964 2893 964 2894 964 2895 965 2896 965 2897 965 2898 966 2899 966 2900 966 2901 967 2902 967 2903 967 2904 968 2905 968 2906 968 2907 969 2908 969 2909 969 2910 970 2911 970 2912 970 2913 971 2914 971 2915 971 2916 972 2917 972 2918 972 2919 973 2920 973 2921 973 2922 974 2923 974 2924 974 2925 975 2926 975 2927 975 2928 976 2929 976 2930 976 2931 977 2932 977 2933 977 2934 978 2935 978 2936 978 2937 979 2938 979 2939 979 2940 980 2941 980 2942 980 2943 981 2944 981 2945 981 2946 982 2947 982 2948 982 2949 983 2950 983 2951 983 2952 984 2953 984 2954 984 2955 985 2956 985 2957 985 2958 986 2959 986 2960 986 2961 987 2962 987 2963 987 2964 988 2965 988 2966 988 2967 989 2968 989 2969 989 2970 990 2971 990 2972 990 2973 991 2974 991 2975 991 2976 992 2977 992 2978 992 2979 993 2980 993 2981 993 2982 994 2983 994 2984 994 2985 995 2986 995 2987 995 2988 996 2989 996 2990 996 2991 997 2992 997 2993 997 2994 998 2995 998 2996 998 2997 999 2998 999 2999 999 3000 1000 3001 1000 3002 1000 3003 1001 3004 1001 3005 1001 3006 1002 3007 1002 3008 1002 3009 1003 3010 1003 3011 1003 3012 1004 3013 1004 3014 1004 3015 1005 3016 1005 3017 1005 3018 1006 3019 1006 3020 1006 3021 1007 3022 1007 3023 1007 3024 1008 3025 1008 3026 1008 3027 1009 3028 1009 3029 1009 3030 1010 3031 1010 3032 1010 3033 1011 3034 1011 3035 1011 3036 1012 3037 1012 3038 1012 3039 1013 3040 1013 3041 1013 3042 1014 3043 1014 3044 1014 3045 1015 3046 1015 3047 1015 3048 1016 3049 1016 3050 1016 3051 1017 3052 1017 3053 1017 3054 1018 3055 1018 3056 1018 3057 1019 3058 1019 3059 1019 3060 1020 3061 1020 3062 1020 3063 1021 3064 1021 3065 1021 3066 1022 3067 1022 3068 1022 3069 1023 3070 1023 3071 1023 3072 1024 3073 1024 3074 1024 3075 1025 3076 1025 3077 1025 3078 1026 3079 1026 3080 1026 3081 1027 3082 1027 3083 1027 3084 1028 3085 1028 3086 1028 3087 1029 3088 1029 3089 1029 3090 1030 3091 1030 3092 1030 3093 1031 3094 1031 3095 1031 3096 1032 3097 1032 3098 1032 3099 1033 3100 1033 3101 1033 3102 1034 3103 1034 3104 1034 3105 1035 3106 1035 3107 1035 3108 1036 3109 1036 3110 1036 3111 1037 3112 1037 3113 1037 3114 1038 3115 1038 3116 1038 3117 1039 3118 1039 3119 1039 3120 1040 3121 1040 3122 1040 3123 1041 3124 1041 3125 1041 3126 1042 3127 1042 3128 1042 3129 1043 3130 1043 3131 1043 3132 1044 3133 1044 3134 1044 3135 1045 3136 1045 3137 1045 3138 1046 3139 1046 3140 1046 3141 1047 3142 1047 3143 1047 3144 1048 3145 1048 3146 1048 3147 1049 3148 1049 3149 1049 3150 1050 3151 1050 3152 1050 3153 1051 3154 1051 3155 1051 3156 1052 3157 1052 3158 1052 3159 1053 3160 1053 3161 1053 3162 1054 3163 1054 3164 1054 3165 1055 3166 1055 3167 1055 3168 1056 3169 1056 3170 1056 3171 1057 3172 1057 3173 1057 3174 1058 3175 1058 3176 1058 3177 1059 3178 1059 3179 1059 3180 1060 3181 1060 3182 1060 3183 1061 3184 1061 3185 1061 3186 1062 3187 1062 3188 1062 3189 1063 3190 1063 3191 1063 3192 1064 3193 1064 3194 1064 3195 1065 3196 1065 3197 1065 3198 1066 3199 1066 3200 1066 3201 1067 3202 1067 3203 1067 3204 1068 3205 1068 3206 1068 3207 1069 3208 1069 3209 1069 3210 1070 3211 1070 3212 1070 3213 1071 3214 1071 3215 1071 3216 1072 3217 1072 3218 1072 3219 1073 3220 1073 3221 1073 3222 1074 3223 1074 3224 1074 3225 1075 3226 1075 3227 1075 3228 1076 3229 1076 3230 1076 3231 1077 3232 1077 3233 1077 3234 1078 3235 1078 3236 1078 3237 1079 3238 1079 3239 1079 3240 1080 3241 1080 3242 1080 3243 1081 3244 1081 3245 1081 3246 1082 3247 1082 3248 1082 3249 1083 3250 1083 3251 1083 3252 1084 3253 1084 3254 1084 3255 1085 3256 1085 3257 1085 3258 1086 3259 1086 3260 1086 3261 1087 3262 1087 3263 1087 3264 1088 3265 1088 3266 1088 3267 1089 3268 1089 3269 1089 3270 1090 3271 1090 3272 1090 3273 1091 3274 1091 3275 1091 3276 1092 3277 1092 3278 1092 3279 1093 3280 1093 3281 1093 3282 1094 3283 1094 3284 1094 3285 1095 3286 1095 3287 1095 3288 1096 3289 1096 3290 1096 3291 1097 3292 1097 3293 1097 3294 1098 3295 1098 3296 1098 3297 1099 3298 1099 3299 1099 3300 1100 3301 1100 3302 1100 3303 1101 3304 1101 3305 1101 3306 1102 3307 1102 3308 1102 3309 1103 3310 1103 3311 1103 3312 1104 3313 1104 3314 1104 3315 1105 3316 1105 3317 1105 3318 1106 3319 1106 3320 1106 3321 1107 3322 1107 3323 1107 3324 1108 3325 1108 3326 1108 3327 1109 3328 1109 3329 1109 3330 1110 3331 1110 3332 1110 3333 1111 3334 1111 3335 1111 3336 1112 3337 1112 3338 1112 3339 1113 3340 1113 3341 1113 3342 1114 3343 1114 3344 1114 3345 1115 3346 1115 3347 1115 3348 1116 3349 1116 3350 1116 3351 1117 3352 1117 3353 1117 3354 1118 3355 1118 3356 1118 3357 1119 3358 1119 3359 1119 3360 1120 3361 1120 3362 1120 3363 1121 3364 1121 3365 1121 3366 1122 3367 1122 3368 1122 3369 1123 3370 1123 3371 1123 3372 1124 3373 1124 3374 1124 3375 1125 3376 1125 3377 1125 3378 1126 3379 1126 3380 1126 3381 1127 3382 1127 3383 1127 3384 1128 3385 1128 3386 1128 3387 1129 3388 1129 3389 1129 3390 1130 3391 1130 3392 1130 3393 1131 3394 1131 3395 1131 3396 1132 3397 1132 3398 1132 3399 1133 3400 1133 3401 1133 3402 1134 3403 1134 3404 1134 3405 1135 3406 1135 3407 1135 3408 1136 3409 1136 3410 1136 3411 1137 3412 1137 3413 1137 3414 1138 3415 1138 3416 1138 3417 1139 3418 1139 3419 1139 3420 1140 3421 1140 3422 1140 3423 1141 3424 1141 3425 1141 3426 1142 3427 1142 3428 1142 3429 1143 3430 1143 3431 1143 3432 1144 3433 1144 3434 1144 3435 1145 3436 1145 3437 1145 3438 1146 3439 1146 3440 1146 3441 1147 3442 1147 3443 1147 3444 1148 3445 1148 3446 1148 3447 1149 3448 1149 3449 1149 3450 1150 3451 1150 3452 1150 3453 1151 3454 1151 3455 1151 3456 1152 3457 1152 3458 1152 3459 1153 3460 1153 3461 1153 3462 1154 3463 1154 3464 1154 3465 1155 3466 1155 3467 1155 3468 1156 3469 1156 3470 1156 3471 1157 3472 1157 3473 1157 3474 1158 3475 1158 3476 1158 3477 1159 3478 1159 3479 1159 3480 1160 3481 1160 3482 1160 3483 1161 3484 1161 3485 1161 3486 1162 3487 1162 3488 1162 3489 1163 3490 1163 3491 1163 3492 1164 3493 1164 3494 1164 3495 1165 3496 1165 3497 1165 3498 1166 3499 1166 3500 1166 3501 1167 3502 1167 3503 1167 3504 1168 3505 1168 3506 1168 3507 1169 3508 1169 3509 1169 3510 1170 3511 1170 3512 1170 3513 1171 3514 1171 3515 1171 3516 1172 3517 1172 3518 1172 3519 1173 3520 1173 3521 1173 3522 1174 3523 1174 3524 1174 3525 1175 3526 1175 3527 1175 3528 1176 3529 1176 3530 1176 3531 1177 3532 1177 3533 1177 3534 1178 3535 1178 3536 1178 3537 1179 3538 1179 3539 1179 3540 1180 3541 1180 3542 1180 3543 1181 3544 1181 3545 1181 3546 1182 3547 1182 3548 1182 3549 1183 3550 1183 3551 1183 3552 1184 3553 1184 3554 1184 3555 1185 3556 1185 3557 1185 3558 1186 3559 1186 3560 1186 3561 1187 3562 1187 3563 1187 3564 1188 3565 1188 3566 1188 3567 1189 3568 1189 3569 1189 3570 1190 3571 1190 3572 1190 3573 1191 3574 1191 3575 1191 3576 1192 3577 1192 3578 1192 3579 1193 3580 1193 3581 1193 3582 1194 3583 1194 3584 1194 3585 1195 3586 1195 3587 1195 3588 1196 3589 1196 3590 1196 3591 1197 3592 1197 3593 1197 3594 1198 3595 1198 3596 1198 3597 1199 3598 1199 3599 1199 3600 1200 3601 1200 3602 1200 3603 1201 3604 1201 3605 1201 3606 1202 3607 1202 3608 1202 3609 1203 3610 1203 3611 1203 3612 1204 3613 1204 3614 1204 3615 1205 3616 1205 3617 1205 3618 1206 3619 1206 3620 1206 3621 1207 3622 1207 3623 1207 3624 1208 3625 1208 3626 1208 3627 1209 3628 1209 3629 1209 3630 1210 3631 1210 3632 1210 3633 1211 3634 1211 3635 1211 3636 1212 3637 1212 3638 1212 3639 1213 3640 1213 3641 1213 3642 1214 3643 1214 3644 1214 3645 1215 3646 1215 3647 1215 3648 1216 3649 1216 3650 1216 3651 1217 3652 1217 3653 1217 3654 1218 3655 1218 3656 1218 3657 1219 3658 1219 3659 1219 3660 1220 3661 1220 3662 1220 3663 1221 3664 1221 3665 1221 3666 1222 3667 1222 3668 1222 3669 1223 3670 1223 3671 1223 3672 1224 3673 1224 3674 1224 3675 1225 3676 1225 3677 1225 3678 1226 3679 1226 3680 1226 3681 1227 3682 1227 3683 1227 3684 1228 3685 1228 3686 1228 3687 1229 3688 1229 3689 1229 3690 1230 3691 1230 3692 1230 3693 1231 3694 1231 3695 1231 3696 1232 3697 1232 3698 1232 3699 1233 3700 1233 3701 1233 3702 1234 3703 1234 3704 1234 3705 1235 3706 1235 3707 1235 3708 1236 3709 1236 3710 1236 3711 1237 3712 1237 3713 1237 3714 1238 3715 1238 3716 1238 3717 1239 3718 1239 3719 1239 3720 1240 3721 1240 3722 1240 3723 1241 3724 1241 3725 1241 3726 1242 3727 1242 3728 1242 3729 1243 3730 1243 3731 1243 3732 1244 3733 1244 3734 1244 3735 1245 3736 1245 3737 1245 3738 1246 3739 1246 3740 1246 3741 1247 3742 1247 3743 1247 3744 1248 3745 1248 3746 1248 3747 1249 3748 1249 3749 1249 3750 1250 3751 1250 3752 1250 3753 1251 3754 1251 3755 1251 3756 1252 3757 1252 3758 1252 3759 1253 3760 1253 3761 1253 3762 1254 3763 1254 3764 1254 3765 1255 3766 1255 3767 1255 3768 1256 3769 1256 3770 1256 3771 1257 3772 1257 3773 1257 3774 1258 3775 1258 3776 1258 3777 1259 3778 1259 3779 1259 3780 1260 3781 1260 3782 1260 3783 1261 3784 1261 3785 1261 3786 1262 3787 1262 3788 1262 3789 1263 3790 1263 3791 1263 3792 1264 3793 1264 3794 1264 3795 1265 3796 1265 3797 1265 3798 1266 3799 1266 3800 1266 3801 1267 3802 1267 3803 1267 3804 1268 3805 1268 3806 1268 3807 1269 3808 1269 3809 1269 3810 1270 3811 1270 3812 1270 3813 1271 3814 1271 3815 1271 3816 1272 3817 1272 3818 1272 3819 1273 3820 1273 3821 1273 3822 1274 3823 1274 3824 1274 3825 1275 3826 1275 3827 1275 3828 1276 3829 1276 3830 1276 3831 1277 3832 1277 3833 1277 3834 1278 3835 1278 3836 1278 3837 1279 3838 1279 3839 1279 3840 1280 3841 1280 3842 1280 3843 1281 3844 1281 3845 1281 3846 1282 3847 1282 3848 1282 3849 1283 3850 1283 3851 1283 3852 1284 3853 1284 3854 1284 3855 1285 3856 1285 3857 1285 3858 1286 3859 1286 3860 1286 3861 1287 3862 1287 3863 1287 3864 1288 3865 1288 3866 1288 3867 1289 3868 1289 3869 1289 3870 1290 3871 1290 3872 1290 3873 1291 3874 1291 3875 1291 3876 1292 3877 1292 3878 1292 3879 1293 3880 1293 3881 1293 3882 1294 3883 1294 3884 1294 3885 1295 3886 1295 3887 1295 3888 1296 3889 1296 3890 1296 3891 1297 3892 1297 3893 1297 3894 1298 3895 1298 3896 1298 3897 1299 3898 1299 3899 1299 3900 1300 3901 1300 3902 1300 3903 1301 3904 1301 3905 1301 3906 1302 3907 1302 3908 1302 3909 1303 3910 1303 3911 1303 3912 1304 3913 1304 3914 1304 3915 1305 3916 1305 3917 1305 3918 1306 3919 1306 3920 1306 3921 1307 3922 1307 3923 1307 3924 1308 3925 1308 3926 1308 3927 1309 3928 1309 3929 1309 3930 1310 3931 1310 3932 1310 3933 1311 3934 1311 3935 1311 3936 1312 3937 1312 3938 1312 3939 1313 3940 1313 3941 1313 3942 1314 3943 1314 3944 1314 3945 1315 3946 1315 3947 1315 3948 1316 3949 1316 3950 1316 3951 1317 3952 1317 3953 1317 3954 1318 3955 1318 3956 1318 3957 1319 3958 1319 3959 1319 3960 1320 3961 1320 3962 1320 3963 1321 3964 1321 3965 1321 3966 1322 3967 1322 3968 1322 3969 1323 3970 1323 3971 1323 3972 1324 3973 1324 3974 1324 3975 1325 3976 1325 3977 1325 3978 1326 3979 1326 3980 1326 3981 1327 3982 1327 3983 1327 3984 1328 3985 1328 3986 1328 3987 1329 3988 1329 3989 1329 3990 1330 3991 1330 3992 1330 3993 1331 3994 1331 3995 1331 3996 1332 3997 1332 3998 1332 3999 1333 4000 1333 4001 1333 4002 1334 4003 1334 4004 1334 4005 1335 4006 1335 4007 1335 4008 1336 4009 1336 4010 1336 4011 1337 4012 1337 4013 1337 4014 1338 4015 1338 4016 1338 4017 1339 4018 1339 4019 1339 4020 1340 4021 1340 4022 1340 4023 1341 4024 1341 4025 1341 4026 1342 4027 1342 4028 1342 4029 1343 4030 1343 4031 1343 4032 1344 4033 1344 4034 1344 4035 1345 4036 1345 4037 1345 4038 1346 4039 1346 4040 1346 4041 1347 4042 1347 4043 1347 4044 1348 4045 1348 4046 1348 4047 1349 4048 1349 4049 1349 4050 1350 4051 1350 4052 1350 4053 1351 4054 1351 4055 1351 4056 1352 4057 1352 4058 1352 4059 1353 4060 1353 4061 1353 4062 1354 4063 1354 4064 1354 4065 1355 4066 1355 4067 1355 4068 1356 4069 1356 4070 1356 4071 1357 4072 1357 4073 1357 4074 1358 4075 1358 4076 1358 4077 1359 4078 1359 4079 1359 4080 1360 4081 1360 4082 1360 4083 1361 4084 1361 4085 1361 4086 1362 4087 1362 4088 1362 4089 1363 4090 1363 4091 1363 4092 1364 4093 1364 4094 1364 4095 1365 4096 1365 4097 1365 4098 1366 4099 1366 4100 1366 4101 1367 4102 1367 4103 1367 4104 1368 4105 1368 4106 1368 4107 1369 4108 1369 4109 1369 4110 1370 4111 1370 4112 1370 4113 1371 4114 1371 4115 1371 4116 1372 4117 1372 4118 1372 4119 1373 4120 1373 4121 1373 4122 1374 4123 1374 4124 1374 4125 1375 4126 1375 4127 1375 4128 1376 4129 1376 4130 1376 4131 1377 4132 1377 4133 1377 4134 1378 4135 1378 4136 1378 4137 1379 4138 1379 4139 1379 4140 1380 4141 1380 4142 1380 4143 1381 4144 1381 4145 1381 4146 1382 4147 1382 4148 1382 4149 1383 4150 1383 4151 1383 4152 1384 4153 1384 4154 1384 4155 1385 4156 1385 4157 1385 4158 1386 4159 1386 4160 1386 4161 1387 4162 1387 4163 1387 4164 1388 4165 1388 4166 1388 4167 1389 4168 1389 4169 1389 4170 1390 4171 1390 4172 1390 4173 1391 4174 1391 4175 1391 4176 1392 4177 1392 4178 1392 4179 1393 4180 1393 4181 1393 4182 1394 4183 1394 4184 1394 4185 1395 4186 1395 4187 1395 4188 1396 4189 1396 4190 1396 4191 1397 4192 1397 4193 1397 4194 1398 4195 1398 4196 1398 4197 1399 4198 1399 4199 1399 4200 1400 4201 1400 4202 1400 4203 1401 4204 1401 4205 1401 4206 1402 4207 1402 4208 1402 4209 1403 4210 1403 4211 1403 4212 1404 4213 1404 4214 1404 4215 1405 4216 1405 4217 1405 4218 1406 4219 1406 4220 1406 4221 1407 4222 1407 4223 1407 4224 1408 4225 1408 4226 1408 4227 1409 4228 1409 4229 1409 4230 1410 4231 1410 4232 1410 4233 1411 4234 1411 4235 1411 4236 1412 4237 1412 4238 1412 4239 1413 4240 1413 4241 1413 4242 1414 4243 1414 4244 1414 4245 1415 4246 1415 4247 1415 4248 1416 4249 1416 4250 1416 4251 1417 4252 1417 4253 1417 4254 1418 4255 1418 4256 1418 4257 1419 4258 1419 4259 1419 4260 1420 4261 1420 4262 1420 4263 1421 4264 1421 4265 1421 4266 1422 4267 1422 4268 1422 4269 1423 4270 1423 4271 1423 4272 1424 4273 1424 4274 1424 4275 1425 4276 1425 4277 1425 4278 1426 4279 1426 4280 1426 4281 1427 4282 1427 4283 1427 4284 1428 4285 1428 4286 1428 4287 1429 4288 1429 4289 1429 4290 1430 4291 1430 4292 1430 4293 1431 4294 1431 4295 1431 4296 1432 4297 1432 4298 1432 4299 1433 4300 1433 4301 1433 4302 1434 4303 1434 4304 1434 4305 1435 4306 1435 4307 1435 4308 1436 4309 1436 4310 1436 4311 1437 4312 1437 4313 1437 4314 1438 4315 1438 4316 1438 4317 1439 4318 1439 4319 1439 4320 1440 4321 1440 4322 1440 4323 1441 4324 1441 4325 1441 4326 1442 4327 1442 4328 1442 4329 1443 4330 1443 4331 1443 4332 1444 4333 1444 4334 1444 4335 1445 4336 1445 4337 1445 4338 1446 4339 1446 4340 1446 4341 1447 4342 1447 4343 1447 4344 1448 4345 1448 4346 1448 4347 1449 4348 1449 4349 1449 4350 1450 4351 1450 4352 1450 4353 1451 4354 1451 4355 1451 4356 1452 4357 1452 4358 1452 4359 1453 4360 1453 4361 1453 4362 1454 4363 1454 4364 1454 4365 1455 4366 1455 4367 1455 4368 1456 4369 1456 4370 1456 4371 1457 4372 1457 4373 1457 4374 1458 4375 1458 4376 1458 4377 1459 4378 1459 4379 1459 4380 1460 4381 1460 4382 1460 4383 1461 4384 1461 4385 1461 4386 1462 4387 1462 4388 1462 4389 1463 4390 1463 4391 1463 4392 1464 4393 1464 4394 1464 4395 1465 4396 1465 4397 1465 4398 1466 4399 1466 4400 1466 4401 1467 4402 1467 4403 1467 4404 1468 4405 1468 4406 1468 4407 1469 4408 1469 4409 1469 4410 1470 4411 1470 4412 1470 4413 1471 4414 1471 4415 1471 4416 1472 4417 1472 4418 1472 4419 1473 4420 1473 4421 1473 4422 1474 4423 1474 4424 1474 4425 1475 4426 1475 4427 1475 4428 1476 4429 1476 4430 1476 4431 1477 4432 1477 4433 1477 4434 1478 4435 1478 4436 1478 4437 1479 4438 1479 4439 1479 4440 1480 4441 1480 4442 1480 4443 1481 4444 1481 4445 1481 4446 1482 4447 1482 4448 1482 4449 1483 4450 1483 4451 1483 4452 1484 4453 1484 4454 1484 4455 1485 4456 1485 4457 1485 4458 1486 4459 1486 4460 1486 4461 1487 4462 1487 4463 1487 4464 1488 4465 1488 4466 1488 4467 1489 4468 1489 4469 1489 4470 1490 4471 1490 4472 1490 4473 1491 4474 1491 4475 1491 4476 1492 4477 1492 4478 1492 4479 1493 4480 1493 4481 1493 4482 1494 4483 1494 4484 1494 4485 1495 4486 1495 4487 1495 4488 1496 4489 1496 4490 1496 4491 1497 4492 1497 4493 1497 4494 1498 4495 1498 4496 1498 4497 1499 4498 1499 4499 1499 4500 1500 4501 1500 4502 1500 4503 1501 4504 1501 4505 1501 4506 1502 4507 1502 4508 1502 4509 1503 4510 1503 4511 1503 4512 1504 4513 1504 4514 1504 4515 1505 4516 1505 4517 1505 4518 1506 4519 1506 4520 1506 4521 1507 4522 1507 4523 1507 4524 1508 4525 1508 4526 1508 4527 1509 4528 1509 4529 1509 4530 1510 4531 1510 4532 1510 4533 1511 4534 1511 4535 1511 4536 1512 4537 1512 4538 1512 4539 1513 4540 1513 4541 1513 4542 1514 4543 1514 4544 1514 4545 1515 4546 1515 4547 1515 4548 1516 4549 1516 4550 1516 4551 1517 4552 1517 4553 1517 4554 1518 4555 1518 4556 1518 4557 1519 4558 1519 4559 1519 4560 1520 4561 1520 4562 1520 4563 1521 4564 1521 4565 1521 4566 1522 4567 1522 4568 1522 4569 1523 4570 1523 4571 1523 4572 1524 4573 1524 4574 1524 4575 1525 4576 1525 4577 1525 4578 1526 4579 1526 4580 1526 4581 1527 4582 1527 4583 1527 4584 1528 4585 1528 4586 1528 4587 1529 4588 1529 4589 1529 4590 1530 4591 1530 4592 1530 4593 1531 4594 1531 4595 1531 4596 1532 4597 1532 4598 1532 4599 1533 4600 1533 4601 1533 4602 1534 4603 1534 4604 1534 4605 1535 4606 1535 4607 1535 4608 1536 4609 1536 4610 1536 4611 1537 4612 1537 4613 1537 4614 1538 4615 1538 4616 1538 4617 1539 4618 1539 4619 1539 4620 1540 4621 1540 4622 1540 4623 1541 4624 1541 4625 1541 4626 1542 4627 1542 4628 1542 4629 1543 4630 1543 4631 1543 4632 1544 4633 1544 4634 1544 4635 1545 4636 1545 4637 1545 4638 1546 4639 1546 4640 1546 4641 1547 4642 1547 4643 1547 4644 1548 4645 1548 4646 1548 4647 1549 4648 1549 4649 1549 4650 1550 4651 1550 4652 1550 4653 1551 4654 1551 4655 1551 4656 1552 4657 1552 4658 1552 4659 1553 4660 1553 4661 1553 4662 1554 4663 1554 4664 1554 4665 1555 4666 1555 4667 1555 4668 1556 4669 1556 4670 1556 4671 1557 4672 1557 4673 1557 4674 1558 4675 1558 4676 1558 4677 1559 4678 1559 4679 1559 4680 1560 4681 1560 4682 1560 4683 1561 4684 1561 4685 1561 4686 1562 4687 1562 4688 1562 4689 1563 4690 1563 4691 1563 4692 1564 4693 1564 4694 1564 4695 1565 4696 1565 4697 1565 4698 1566 4699 1566 4700 1566 4701 1567 4702 1567 4703 1567 4704 1568 4705 1568 4706 1568 4707 1569 4708 1569 4709 1569 4710 1570 4711 1570 4712 1570 4713 1571 4714 1571 4715 1571 4716 1572 4717 1572 4718 1572 4719 1573 4720 1573 4721 1573 4722 1574 4723 1574 4724 1574 4725 1575 4726 1575 4727 1575 4728 1576 4729 1576 4730 1576 4731 1577 4732 1577 4733 1577 4734 1578 4735 1578 4736 1578 4737 1579 4738 1579 4739 1579 4740 1580 4741 1580 4742 1580 4743 1581 4744 1581 4745 1581 4746 1582 4747 1582 4748 1582 4749 1583 4750 1583 4751 1583 4752 1584 4753 1584 4754 1584 4755 1585 4756 1585 4757 1585 4758 1586 4759 1586 4760 1586 4761 1587 4762 1587 4763 1587 4764 1588 4765 1588 4766 1588 4767 1589 4768 1589 4769 1589 4770 1590 4771 1590 4772 1590 4773 1591 4774 1591 4775 1591 4776 1592 4777 1592 4778 1592 4779 1593 4780 1593 4781 1593 4782 1594 4783 1594 4784 1594 4785 1595 4786 1595 4787 1595 4788 1596 4789 1596 4790 1596 4791 1597 4792 1597 4793 1597 4794 1598 4795 1598 4796 1598 4797 1599 4798 1599 4799 1599 4800 1600 4801 1600 4802 1600 4803 1601 4804 1601 4805 1601 4806 1602 4807 1602 4808 1602 4809 1603 4810 1603 4811 1603 4812 1604 4813 1604 4814 1604 4815 1605 4816 1605 4817 1605 4818 1606 4819 1606 4820 1606 4821 1607 4822 1607 4823 1607 4824 1608 4825 1608 4826 1608 4827 1609 4828 1609 4829 1609 4830 1610 4831 1610 4832 1610 4833 1611 4834 1611 4835 1611 4836 1612 4837 1612 4838 1612 4839 1613 4840 1613 4841 1613 4842 1614 4843 1614 4844 1614 4845 1615 4846 1615 4847 1615 4848 1616 4849 1616 4850 1616 4851 1617 4852 1617 4853 1617 4854 1618 4855 1618 4856 1618 4857 1619 4858 1619 4859 1619 4860 1620 4861 1620 4862 1620 4863 1621 4864 1621 4865 1621 4866 1622 4867 1622 4868 1622 4869 1623 4870 1623 4871 1623 4872 1624 4873 1624 4874 1624 4875 1625 4876 1625 4877 1625 4878 1626 4879 1626 4880 1626 4881 1627 4882 1627 4883 1627 4884 1628 4885 1628 4886 1628 4887 1629 4888 1629 4889 1629 4890 1630 4891 1630 4892 1630 4893 1631 4894 1631 4895 1631 4896 1632 4897 1632 4898 1632 4899 1633 4900 1633 4901 1633 4902 1634 4903 1634 4904 1634 4905 1635 4906 1635 4907 1635 4908 1636 4909 1636 4910 1636 4911 1637 4912 1637 4913 1637 4914 1638 4915 1638 4916 1638 4917 1639 4918 1639 4919 1639 4920 1640 4921 1640 4922 1640 4923 1641 4924 1641 4925 1641 4926 1642 4927 1642 4928 1642 4929 1643 4930 1643 4931 1643 4932 1644 4933 1644 4934 1644 4935 1645 4936 1645 4937 1645 4938 1646 4939 1646 4940 1646 4941 1647 4942 1647 4943 1647 4944 1648 4945 1648 4946 1648 4947 1649 4948 1649 4949 1649 4950 1650 4951 1650 4952 1650 4953 1651 4954 1651 4955 1651 4956 1652 4957 1652 4958 1652 4959 1653 4960 1653 4961 1653 4962 1654 4963 1654 4964 1654 4965 1655 4966 1655 4967 1655 4968 1656 4969 1656 4970 1656 4971 1657 4972 1657 4973 1657 4974 1658 4975 1658 4976 1658 4977 1659 4978 1659 4979 1659 4980 1660 4981 1660 4982 1660 4983 1661 4984 1661 4985 1661 4986 1662 4987 1662 4988 1662 4989 1663 4990 1663 4991 1663 4992 1664 4993 1664 4994 1664 4995 1665 4996 1665 4997 1665 4998 1666 4999 1666 5000 1666 5001 1667 5002 1667 5003 1667 5004 1668 5005 1668 5006 1668 5007 1669 5008 1669 5009 1669 5010 1670 5011 1670 5012 1670 5013 1671 5014 1671 5015 1671 5016 1672 5017 1672 5018 1672 5019 1673 5020 1673 5021 1673 5022 1674 5023 1674 5024 1674 5025 1675 5026 1675 5027 1675 5028 1676 5029 1676 5030 1676 5031 1677 5032 1677 5033 1677 5034 1678 5035 1678 5036 1678 5037 1679 5038 1679 5039 1679 5040 1680 5041 1680 5042 1680 5043 1681 5044 1681 5045 1681 5046 1682 5047 1682 5048 1682 5049 1683 5050 1683 5051 1683 5052 1684 5053 1684 5054 1684 5055 1685 5056 1685 5057 1685 5058 1686 5059 1686 5060 1686 5061 1687 5062 1687 5063 1687 5064 1688 5065 1688 5066 1688 5067 1689 5068 1689 5069 1689 5070 1690 5071 1690 5072 1690 5073 1691 5074 1691 5075 1691 5076 1692 5077 1692 5078 1692 5079 1693 5080 1693 5081 1693 5082 1694 5083 1694 5084 1694 5085 1695 5086 1695 5087 1695 5088 1696 5089 1696 5090 1696 5091 1697 5092 1697 5093 1697 5094 1698 5095 1698 5096 1698 5097 1699 5098 1699 5099 1699 5100 1700 5101 1700 5102 1700 5103 1701 5104 1701 5105 1701 5106 1702 5107 1702 5108 1702 5109 1703 5110 1703 5111 1703 5112 1704 5113 1704 5114 1704 5115 1705 5116 1705 5117 1705 5118 1706 5119 1706 5120 1706 5121 1707 5122 1707 5123 1707 5124 1708 5125 1708 5126 1708 5127 1709 5128 1709 5129 1709 5130 1710 5131 1710 5132 1710 5133 1711 5134 1711 5135 1711 5136 1712 5137 1712 5138 1712 5139 1713 5140 1713 5141 1713 5142 1714 5143 1714 5144 1714 5145 1715 5146 1715 5147 1715 5148 1716 5149 1716 5150 1716 5151 1717 5152 1717 5153 1717 5154 1718 5155 1718 5156 1718 5157 1719 5158 1719 5159 1719 5160 1720 5161 1720 5162 1720 5163 1721 5164 1721 5165 1721 5166 1722 5167 1722 5168 1722 5169 1723 5170 1723 5171 1723 5172 1724 5173 1724 5174 1724 5175 1725 5176 1725 5177 1725 5178 1726 5179 1726 5180 1726 5181 1727 5182 1727 5183 1727 5184 1728 5185 1728 5186 1728 5187 1729 5188 1729 5189 1729 5190 1730 5191 1730 5192 1730 5193 1731 5194 1731 5195 1731 5196 1732 5197 1732 5198 1732 5199 1733 5200 1733 5201 1733 5202 1734 5203 1734 5204 1734 5205 1735 5206 1735 5207 1735 5208 1736 5209 1736 5210 1736 5211 1737 5212 1737 5213 1737 5214 1738 5215 1738 5216 1738 5217 1739 5218 1739 5219 1739 5220 1740 5221 1740 5222 1740 5223 1741 5224 1741 5225 1741 5226 1742 5227 1742 5228 1742 5229 1743 5230 1743 5231 1743 5232 1744 5233 1744 5234 1744 5235 1745 5236 1745 5237 1745 5238 1746 5239 1746 5240 1746 5241 1747 5242 1747 5243 1747 5244 1748 5245 1748 5246 1748 5247 1749 5248 1749 5249 1749 5250 1750 5251 1750 5252 1750 5253 1751 5254 1751 5255 1751 5256 1752 5257 1752 5258 1752 5259 1753 5260 1753 5261 1753 5262 1754 5263 1754 5264 1754 5265 1755 5266 1755 5267 1755 5268 1756 5269 1756 5270 1756 5271 1757 5272 1757 5273 1757 5274 1758 5275 1758 5276 1758 5277 1759 5278 1759 5279 1759 5280 1760 5281 1760 5282 1760 5283 1761 5284 1761 5285 1761 5286 1762 5287 1762 5288 1762 5289 1763 5290 1763 5291 1763 5292 1764 5293 1764 5294 1764 5295 1765 5296 1765 5297 1765 5298 1766 5299 1766 5300 1766 5301 1767 5302 1767 5303 1767 5304 1768 5305 1768 5306 1768 5307 1769 5308 1769 5309 1769 5310 1770 5311 1770 5312 1770 5313 1771 5314 1771 5315 1771 5316 1772 5317 1772 5318 1772 5319 1773 5320 1773 5321 1773 5322 1774 5323 1774 5324 1774 5325 1775 5326 1775 5327 1775 5328 1776 5329 1776 5330 1776 5331 1777 5332 1777 5333 1777 5334 1778 5335 1778 5336 1778 5337 1779 5338 1779 5339 1779 5340 1780 5341 1780 5342 1780 5343 1781 5344 1781 5345 1781 5346 1782 5347 1782 5348 1782 5349 1783 5350 1783 5351 1783 5352 1784 5353 1784 5354 1784 5355 1785 5356 1785 5357 1785 5358 1786 5359 1786 5360 1786 5361 1787 5362 1787 5363 1787 5364 1788 5365 1788 5366 1788 5367 1789 5368 1789 5369 1789 5370 1790 5371 1790 5372 1790 5373 1791 5374 1791 5375 1791 5376 1792 5377 1792 5378 1792 5379 1793 5380 1793 5381 1793 5382 1794 5383 1794 5384 1794 5385 1795 5386 1795 5387 1795 5388 1796 5389 1796 5390 1796 5391 1797 5392 1797 5393 1797 5394 1798 5395 1798 5396 1798 5397 1799 5398 1799 5399 1799 5400 1800 5401 1800 5402 1800 5403 1801 5404 1801 5405 1801 5406 1802 5407 1802 5408 1802 5409 1803 5410 1803 5411 1803 5412 1804 5413 1804 5414 1804 5415 1805 5416 1805 5417 1805 5418 1806 5419 1806 5420 1806 5421 1807 5422 1807 5423 1807 5424 1808 5425 1808 5426 1808 5427 1809 5428 1809 5429 1809 5430 1810 5431 1810 5432 1810 5433 1811 5434 1811 5435 1811 5436 1812 5437 1812 5438 1812 5439 1813 5440 1813 5441 1813 5442 1814 5443 1814 5444 1814 5445 1815 5446 1815 5447 1815 5448 1816 5449 1816 5450 1816 5451 1817 5452 1817 5453 1817 5454 1818 5455 1818 5456 1818 5457 1819 5458 1819 5459 1819 5460 1820 5461 1820 5462 1820 5463 1821 5464 1821 5465 1821 5466 1822 5467 1822 5468 1822 5469 1823 5470 1823 5471 1823 5472 1824 5473 1824 5474 1824 5475 1825 5476 1825 5477 1825 5478 1826 5479 1826 5480 1826 5481 1827 5482 1827 5483 1827 5484 1828 5485 1828 5486 1828 5487 1829 5488 1829 5489 1829 5490 1830 5491 1830 5492 1830 5493 1831 5494 1831 5495 1831 5496 1832 5497 1832 5498 1832 5499 1833 5500 1833 5501 1833 5502 1834 5503 1834 5504 1834 5505 1835 5506 1835 5507 1835 5508 1836 5509 1836 5510 1836 5511 1837 5512 1837 5513 1837 5514 1838 5515 1838 5516 1838 5517 1839 5518 1839 5519 1839 5520 1840 5521 1840 5522 1840 5523 1841 5524 1841 5525 1841 5526 1842 5527 1842 5528 1842 5529 1843 5530 1843 5531 1843 5532 1844 5533 1844 5534 1844 5535 1845 5536 1845 5537 1845 5538 1846 5539 1846 5540 1846 5541 1847 5542 1847 5543 1847 5544 1848 5545 1848 5546 1848 5547 1849 5548 1849 5549 1849 5550 1850 5551 1850 5552 1850 5553 1851 5554 1851 5555 1851 5556 1852 5557 1852 5558 1852 5559 1853 5560 1853 5561 1853 5562 1854 5563 1854 5564 1854 5565 1855 5566 1855 5567 1855 5568 1856 5569 1856 5570 1856 5571 1857 5572 1857 5573 1857 5574 1858 5575 1858 5576 1858 5577 1859 5578 1859 5579 1859 5580 1860 5581 1860 5582 1860 5583 1861 5584 1861 5585 1861 5586 1862 5587 1862 5588 1862 5589 1863 5590 1863 5591 1863 5592 1864 5593 1864 5594 1864 5595 1865 5596 1865 5597 1865 5598 1866 5599 1866 5600 1866 5601 1867 5602 1867 5603 1867 5604 1868 5605 1868 5606 1868 5607 1869 5608 1869 5609 1869 5610 1870 5611 1870 5612 1870 5613 1871 5614 1871 5615 1871 5616 1872 5617 1872 5618 1872 5619 1873 5620 1873 5621 1873 5622 1874 5623 1874 5624 1874 5625 1875 5626 1875 5627 1875 5628 1876 5629 1876 5630 1876 5631 1877 5632 1877 5633 1877 5634 1878 5635 1878 5636 1878 5637 1879 5638 1879 5639 1879 5640 1880 5641 1880 5642 1880 5643 1881 5644 1881 5645 1881 5646 1882 5647 1882 5648 1882 5649 1883 5650 1883 5651 1883 5652 1884 5653 1884 5654 1884 5655 1885 5656 1885 5657 1885 5658 1886 5659 1886 5660 1886 5661 1887 5662 1887 5663 1887 5664 1888 5665 1888 5666 1888 5667 1889 5668 1889 5669 1889 5670 1890 5671 1890 5672 1890 5673 1891 5674 1891 5675 1891 5676 1892 5677 1892 5678 1892 5679 1893 5680 1893 5681 1893 5682 1894 5683 1894 5684 1894 5685 1895 5686 1895 5687 1895 5688 1896 5689 1896 5690 1896 5691 1897 5692 1897 5693 1897 5694 1898 5695 1898 5696 1898 5697 1899 5698 1899 5699 1899 5700 1900 5701 1900 5702 1900 5703 1901 5704 1901 5705 1901 5706 1902 5707 1902 5708 1902 5709 1903 5710 1903 5711 1903 5712 1904 5713 1904 5714 1904 5715 1905 5716 1905 5717 1905 5718 1906 5719 1906 5720 1906 5721 1907 5722 1907 5723 1907 5724 1908 5725 1908 5726 1908 5727 1909 5728 1909 5729 1909 5730 1910 5731 1910 5732 1910 5733 1911 5734 1911 5735 1911 5736 1912 5737 1912 5738 1912 5739 1913 5740 1913 5741 1913 5742 1914 5743 1914 5744 1914 5745 1915 5746 1915 5747 1915 5748 1916 5749 1916 5750 1916 5751 1917 5752 1917 5753 1917 5754 1918 5755 1918 5756 1918 5757 1919 5758 1919 5759 1919 5760 1920 5761 1920 5762 1920 5763 1921 5764 1921 5765 1921 5766 1922 5767 1922 5768 1922 5769 1923 5770 1923 5771 1923 5772 1924 5773 1924 5774 1924 5775 1925 5776 1925 5777 1925 5778 1926 5779 1926 5780 1926 5781 1927 5782 1927 5783 1927 5784 1928 5785 1928 5786 1928 5787 1929 5788 1929 5789 1929 5790 1930 5791 1930 5792 1930 5793 1931 5794 1931 5795 1931 5796 1932 5797 1932 5798 1932 5799 1933 5800 1933 5801 1933 5802 1934 5803 1934 5804 1934 5805 1935 5806 1935 5807 1935 5808 1936 5809 1936 5810 1936 5811 1937 5812 1937 5813 1937 5814 1938 5815 1938 5816 1938 5817 1939 5818 1939 5819 1939 5820 1940 5821 1940 5822 1940 5823 1941 5824 1941 5825 1941 5826 1942 5827 1942 5828 1942 5829 1943 5830 1943 5831 1943 5832 1944 5833 1944 5834 1944 5835 1945 5836 1945 5837 1945 5838 1946 5839 1946 5840 1946 5841 1947 5842 1947 5843 1947 5844 1948 5845 1948 5846 1948 5847 1949 5848 1949 5849 1949 5850 1950 5851 1950 5852 1950 5853 1951 5854 1951 5855 1951 5856 1952 5857 1952 5858 1952 5859 1953 5860 1953 5861 1953 5862 1954 5863 1954 5864 1954 5865 1955 5866 1955 5867 1955 5868 1956 5869 1956 5870 1956 5871 1957 5872 1957 5873 1957 5874 1958 5875 1958 5876 1958 5877 1959 5878 1959 5879 1959 5880 1960 5881 1960 5882 1960 5883 1961 5884 1961 5885 1961 5886 1962 5887 1962 5888 1962 5889 1963 5890 1963 5891 1963 5892 1964 5893 1964 5894 1964 5895 1965 5896 1965 5897 1965 5898 1966 5899 1966 5900 1966 5901 1967 5902 1967 5903 1967 5904 1968 5905 1968 5906 1968 5907 1969 5908 1969 5909 1969 5910 1970 5911 1970 5912 1970 5913 1971 5914 1971 5915 1971 5916 1972 5917 1972 5918 1972 5919 1973 5920 1973 5921 1973 5922 1974 5923 1974 5924 1974 5925 1975 5926 1975 5927 1975 5928 1976 5929 1976 5930 1976 5931 1977 5932 1977 5933 1977 5934 1978 5935 1978 5936 1978 5937 1979 5938 1979 5939 1979 5940 1980 5941 1980 5942 1980 5943 1981 5944 1981 5945 1981 5946 1982 5947 1982 5948 1982 5949 1983 5950 1983 5951 1983 5952 1984 5953 1984 5954 1984 5955 1985 5956 1985 5957 1985 5958 1986 5959 1986 5960 1986 5961 1987 5962 1987 5963 1987 5964 1988 5965 1988 5966 1988 5967 1989 5968 1989 5969 1989 5970 1990 5971 1990 5972 1990 5973 1991 5974 1991 5975 1991 5976 1992 5977 1992 5978 1992 5979 1993 5980 1993 5981 1993 5982 1994 5983 1994 5984 1994 5985 1995 5986 1995 5987 1995 5988 1996 5989 1996 5990 1996 5991 1997 5992 1997 5993 1997 5994 1998 5995 1998 5996 1998 5997 1999 5998 1999 5999 1999 6000 2000 6001 2000 6002 2000 6003 2001 6004 2001 6005 2001 6006 2002 6007 2002 6008 2002 6009 2003 6010 2003 6011 2003 6012 2004 6013 2004 6014 2004 6015 2005 6016 2005 6017 2005 6018 2006 6019 2006 6020 2006 6021 2007 6022 2007 6023 2007 6024 2008 6025 2008 6026 2008 6027 2009 6028 2009 6029 2009 6030 2010 6031 2010 6032 2010 6033 2011 6034 2011 6035 2011 6036 2012 6037 2012 6038 2012 6039 2013 6040 2013 6041 2013 6042 2014 6043 2014 6044 2014 6045 2015 6046 2015 6047 2015 6048 2016 6049 2016 6050 2016 6051 2017 6052 2017 6053 2017 6054 2018 6055 2018 6056 2018 6057 2019 6058 2019 6059 2019 6060 2020 6061 2020 6062 2020 6063 2021 6064 2021 6065 2021 6066 2022 6067 2022 6068 2022 6069 2023 6070 2023 6071 2023 6072 2024 6073 2024 6074 2024 6075 2025 6076 2025 6077 2025 6078 2026 6079 2026 6080 2026 6081 2027 6082 2027 6083 2027 6084 2028 6085 2028 6086 2028 6087 2029 6088 2029 6089 2029 6090 2030 6091 2030 6092 2030 6093 2031 6094 2031 6095 2031 6096 2032 6097 2032 6098 2032 6099 2033 6100 2033 6101 2033 6102 2034 6103 2034 6104 2034 6105 2035 6106 2035 6107 2035 6108 2036 6109 2036 6110 2036 6111 2037 6112 2037 6113 2037 6114 2038 6115 2038 6116 2038 6117 2039 6118 2039 6119 2039 6120 2040 6121 2040 6122 2040 6123 2041 6124 2041 6125 2041 6126 2042 6127 2042 6128 2042 6129 2043 6130 2043 6131 2043 6132 2044 6133 2044 6134 2044 6135 2045 6136 2045 6137 2045 6138 2046 6139 2046 6140 2046 6141 2047 6142 2047 6143 2047 6144 2048 6145 2048 6146 2048 6147 2049 6148 2049 6149 2049 6150 2050 6151 2050 6152 2050 6153 2051 6154 2051 6155 2051 6156 2052 6157 2052 6158 2052 6159 2053 6160 2053 6161 2053 6162 2054 6163 2054 6164 2054 6165 2055 6166 2055 6167 2055 6168 2056 6169 2056 6170 2056 6171 2057 6172 2057 6173 2057 6174 2058 6175 2058 6176 2058 6177 2059 6178 2059 6179 2059 6180 2060 6181 2060 6182 2060 6183 2061 6184 2061 6185 2061 6186 2062 6187 2062 6188 2062 6189 2063 6190 2063 6191 2063 6192 2064 6193 2064 6194 2064 6195 2065 6196 2065 6197 2065 6198 2066 6199 2066 6200 2066 6201 2067 6202 2067 6203 2067 6204 2068 6205 2068 6206 2068 6207 2069 6208 2069 6209 2069 6210 2070 6211 2070 6212 2070 6213 2071 6214 2071 6215 2071 6216 2072 6217 2072 6218 2072 6219 2073 6220 2073 6221 2073 6222 2074 6223 2074 6224 2074 6225 2075 6226 2075 6227 2075 6228 2076 6229 2076 6230 2076 6231 2077 6232 2077 6233 2077 6234 2078 6235 2078 6236 2078 6237 2079 6238 2079 6239 2079 6240 2080 6241 2080 6242 2080 6243 2081 6244 2081 6245 2081 6246 2082 6247 2082 6248 2082 6249 2083 6250 2083 6251 2083 6252 2084 6253 2084 6254 2084 6255 2085 6256 2085 6257 2085</p>
        </triangles>
      </mesh>
    </geometry>
  </library_geometries>
  <library_visual_scenes>
    <visual_scene id="Scene" name="Scene">
      <node id="link7" name="link7" type="NODE">
        <instance_geometry url="#link7-mesh" name="link7">
          <bind_material>
            <technique_common>
              <instance_material symbol="uniform_dark" target="#link7-uniform-dark-material"/>
            </technique_common>
          </bind_material>
        </instance_geometry>
      </node>
    </visual_scene>
  </library_visual_scenes>
  <scene>
    <instance_visual_scene url="#Scene"/>
  </scene>
</COLLADA>
